perf_id,position,flag_type,bell,flag_text
1417261,0,simulated-sound,,
1417418,0,simulated-sound,,
1417413,0,simulated-sound,,
1451057,0,automated-ringing,,
1451057,1,simulated-sound,,
1417393,0,simulated-sound,,
1417382,0,simulated-sound,,
1417404,0,simulated-sound,,
1417457,0,simulated-sound,,
1417412,0,simulated-sound,,
1417378,0,simulated-sound,,
1417385,0,simulated-sound,,
1417278,0,simulated-sound,,
1417398,0,simulated-sound,,
1417440,0,simulated-sound,,
1417371,0,simulated-sound,,
1416886,0,simulated-sound,,
1416760,0,simulated-sound,,
1416965,0,simulated-sound,,
1416786,0,simulated-sound,,
1417029,0,simulated-sound,,
1416857,0,simulated-sound,,
1423314,0,simulated-sound,,
1417068,0,simulated-sound,,
1417054,0,simulated-sound,,
1417028,0,simulated-sound,,
1416822,0,simulated-sound,,
1417476,0,simulated-sound,,
1417035,0,simulated-sound,,
1416787,0,simulated-sound,,
1416838,0,simulated-sound,,
1417093,0,simulated-sound,,
1417093,1,first-quarter,1,
1417093,2,first-quarter,2,
1417093,3,first-quarter,3,
1417093,4,first-quarter,4,
1417093,5,first-quarter,7,
1417093,6,first-quarter,8,
1416560,0,simulated-sound,,
1416575,0,simulated-sound,,
1416631,0,simulated-sound,,
1416497,0,simulated-sound,,
1416507,0,simulated-sound,,
1416624,0,simulated-sound,,
1416441,0,simulated-sound,,
1416458,0,simulated-sound,,
1416438,0,simulated-sound,,
1416426,0,simulated-sound,,
1416453,0,simulated-sound,,
1416446,0,simulated-sound,,
1416446,1,first-quarter,6,
1417442,0,simulated-sound,,
1416457,0,simulated-sound,,
1416448,0,simulated-sound,,
1451122,0,automated-ringing,1,Abel
1451122,1,automated-ringing,2,Abel
1451122,2,automated-ringing,3,Abel
1451122,3,automated-ringing,4,Abel
1451122,4,automated-ringing,5,Abel
1451122,5,automated-ringing,6,Abel
1451122,6,automated-ringing,7,Abel
1451122,7,automated-ringing,8,Abel
1451122,8,automated-ringing,10,Abel
1451122,9,simulated-sound,,
1416318,0,automated-ringing,1,Abel
1416318,1,automated-ringing,2,Abel
1416318,2,automated-ringing,3,Abel
1416318,3,automated-ringing,4,Abel
1416318,4,automated-ringing,5,Abel
1416318,5,automated-ringing,6,Abel
1416318,6,automated-ringing,7,Abel
1416318,7,automated-ringing,8,Abel
1416318,8,simulated-sound,,
1485228,0,automated-ringing,1,Abel
1485228,1,automated-ringing,3,Abel
1485228,2,automated-ringing,4,Abel
1485228,3,automated-ringing,5,Abel
1485228,4,automated-ringing,6,Abel
1485228,5,automated-ringing,7,Abel
1485228,6,automated-ringing,8,Abel
1485228,7,simulated-sound,,
1416267,0,automated-ringing,,
1416267,1,simulated-sound,,
1416362,0,simulated-sound,,
1416311,0,simulated-sound,,
1416297,0,simulated-sound,,
1416268,0,simulated-sound,,
1417563,0,simulated-sound,,
1442140,0,simulated-sound,,
1416106,0,simulated-sound,,
1416222,0,simulated-sound,,
1416137,0,simulated-sound,,
1416108,0,simulated-sound,,
1416108,1,first-quarter,1,
1933715,0,simulated-sound,,
1416084,0,simulated-sound,,
1416059,0,simulated-sound,,
1416236,0,simulated-sound,,
1416091,0,simulated-sound,,
1416129,0,simulated-sound,,
1416038,0,simulated-sound,,
1416107,0,simulated-sound,,
1416113,0,simulated-sound,,
1416641,0,simulated-sound,,
1416081,0,simulated-sound,,
1415848,0,simulated-sound,,
1609349,0,automated-ringing,2,Abel
1609349,1,automated-ringing,3,Abel
1609349,2,automated-ringing,4,Abel
1609349,3,automated-ringing,5,Abel
1609349,4,automated-ringing,6,Abel
1609349,5,automated-ringing,7,Abel
1609349,6,automated-ringing,8,Abel
1609349,7,simulated-sound,,
1415788,0,automated-ringing,1,Abel
1415788,1,automated-ringing,2,Abel
1415788,2,automated-ringing,3,Abel
1415788,3,automated-ringing,4,Abel
1415788,4,automated-ringing,5,Abel
1415788,5,automated-ringing,6,Abel
1415788,6,simulated-sound,,
1420768,0,simulated-sound,,Performed on a virtual ringing platform.
1415798,0,simulated-sound,,
1415771,0,simulated-sound,,
1415832,0,simulated-sound,,
1415804,0,simulated-sound,,
1415844,0,simulated-sound,,
1415870,0,simulated-sound,,
1415845,0,simulated-sound,,
1415777,0,simulated-sound,,
1415862,0,simulated-sound,,
1415822,0,simulated-sound,,
1415991,0,simulated-sound,,
1415861,0,simulated-sound,,
1415724,0,simulated-sound,,
1415651,0,automated-ringing,,
1415651,1,simulated-sound,,
1415660,0,simulated-sound,,
1415636,0,simulated-sound,,
1415655,0,simulated-sound,,
1415446,0,simulated-sound,,
1415662,0,simulated-sound,,
1415628,0,simulated-sound,,
1415654,0,simulated-sound,,
1415390,0,simulated-sound,,
1415359,0,simulated-sound,,
1417210,0,simulated-sound,,
1415378,0,simulated-sound,,
1415635,0,simulated-sound,,
1415826,0,simulated-sound,,
1415653,0,simulated-sound,,
1415463,0,simulated-sound,,
1415649,0,simulated-sound,,
1415623,0,simulated-sound,,
1415353,0,simulated-sound,,
1415072,0,first-quarter,1,
1415072,1,first-quarter,2,
1970476,0,simulated-sound,,
1416298,0,simulated-sound,,
1415223,0,simulated-sound,,
1415159,0,simulated-sound,,
1415138,0,simulated-sound,,
1415084,0,simulated-sound,,
1415253,0,simulated-sound,,
1415355,0,simulated-sound,,
1415354,0,simulated-sound,,
1415089,0,simulated-sound,,
1415158,0,simulated-sound,,
1415226,0,simulated-sound,,
1415170,0,simulated-sound,,
1414964,0,simulated-sound,,
1415142,0,simulated-sound,,
1415380,0,simulated-sound,,
1414871,0,simulated-sound,,
1414877,0,simulated-sound,,
1414866,0,simulated-sound,,
1414876,0,simulated-sound,,
1414853,0,simulated-sound,,
1414947,0,simulated-sound,,
1414899,0,simulated-sound,,
1414851,0,simulated-sound,,
1414783,0,simulated-sound,,
1450654,0,automated-ringing,,
1450654,1,simulated-sound,,
1450653,0,automated-ringing,,
1450653,1,simulated-sound,,
1460279,0,simulated-sound,,
1414745,0,simulated-sound,,
1415183,0,simulated-sound,,
1414788,0,simulated-sound,,
1424420,0,simulated-sound,,
1414787,0,simulated-sound,,
1414736,0,simulated-sound,,
1414713,0,simulated-sound,,
1414728,0,simulated-sound,,
1414645,0,simulated-sound,,
1414867,0,simulated-sound,,
1418822,0,simulated-sound,,
1414709,0,simulated-sound,,
1414710,0,simulated-sound,,
1414606,0,simulated-sound,,
1451121,0,automated-ringing,1,Abel
1451121,1,automated-ringing,2,Abel
1451121,2,automated-ringing,3,Abel
1451121,3,automated-ringing,4,Abel
1451121,4,automated-ringing,5,Abel
1451121,5,simulated-sound,,
1451056,0,automated-ringing,,
1451056,1,simulated-sound,,
1414609,0,automated-ringing,1,Abel
1414609,1,automated-ringing,2,Abel
1414609,2,automated-ringing,3,Abel
1414609,3,automated-ringing,4,Abel
1414609,4,automated-ringing,5,Abel
1414609,5,automated-ringing,6,Abel
1414609,6,simulated-sound,,
1414859,0,simulated-sound,,
1414848,0,simulated-sound,,
1587178,0,simulated-sound,,
1415173,0,simulated-sound,,
1415173,1,shift-ringing,,
1414611,0,simulated-sound,,
1414446,0,simulated-sound,,
1414461,0,simulated-sound,,
1414605,0,simulated-sound,,
1414336,0,automated-ringing,,
1414336,1,simulated-sound,,
1460967,0,simulated-sound,,
1460967,1,first-quarter,1,
1414385,0,simulated-sound,,
1933713,0,simulated-sound,,
1414332,0,simulated-sound,,
1414724,0,simulated-sound,,
1414360,0,simulated-sound,,
1414353,0,simulated-sound,,
1414330,0,simulated-sound,,
1414250,0,simulated-sound,,
1609348,0,automated-ringing,2,Abel
1609348,1,automated-ringing,3,Abel
1609348,2,automated-ringing,4,Abel
1609348,3,automated-ringing,5,Abel
1609348,4,automated-ringing,6,Abel
1609348,5,automated-ringing,7,Abel
1609348,6,automated-ringing,8,Abel
1609348,7,simulated-sound,,
1414150,0,automated-ringing,1,Abel
1414150,1,automated-ringing,2,Abel
1414150,2,automated-ringing,3,Abel
1414150,3,automated-ringing,4,Abel
1414150,4,automated-ringing,5,Abel
1414150,5,automated-ringing,6,Abel
1414150,6,simulated-sound,,
1414449,0,simulated-sound,,
1414165,0,simulated-sound,,
1416700,0,simulated-sound,,
1414162,0,simulated-sound,,
1414135,0,simulated-sound,,
1414228,0,simulated-sound,,
1414219,0,simulated-sound,,
1414214,0,simulated-sound,,
1414094,0,simulated-sound,,
1414163,0,simulated-sound,,
1415027,0,simulated-sound,,
1414098,0,simulated-sound,,
1414038,0,simulated-sound,,
1413974,0,simulated-sound,,
1414025,0,simulated-sound,,
1413916,0,simulated-sound,,
1414005,0,simulated-sound,,
1414003,0,simulated-sound,,
1414076,0,simulated-sound,,
1414041,0,simulated-sound,,
1413728,0,simulated-sound,,
1413684,0,simulated-sound,,
1413746,0,simulated-sound,,
1413702,0,simulated-sound,,
1413700,0,simulated-sound,,
1413678,0,simulated-sound,,
1415695,0,simulated-sound,,
1414688,0,simulated-sound,,
1413779,0,simulated-sound,,
1450652,0,automated-ringing,,
1450652,1,simulated-sound,,
1450651,0,automated-ringing,,
1450651,1,simulated-sound,,
1450650,0,automated-ringing,,
1450650,1,simulated-sound,,
1413657,0,simulated-sound,,
1415656,0,simulated-sound,,
1413622,0,simulated-sound,,
1413587,0,simulated-sound,,
1413558,0,simulated-sound,,
1413549,0,simulated-sound,,
1413535,0,simulated-sound,,
1413462,0,simulated-sound,,
1413520,0,automated-ringing,,
1413520,1,simulated-sound,,
1413436,0,simulated-sound,,
1413525,0,simulated-sound,,
1413503,0,simulated-sound,,
1413543,0,simulated-sound,,
1413526,0,simulated-sound,,
1413504,0,simulated-sound,,
1413437,0,simulated-sound,,
1413438,0,simulated-sound,,
1413537,0,simulated-sound,,
1413534,0,simulated-sound,,
1413533,0,simulated-sound,,
1413508,0,simulated-sound,,
1413383,0,automated-ringing,1,Abel
1413383,1,automated-ringing,2,Abel
1413383,2,automated-ringing,3,Abel
1413383,3,automated-ringing,4,Abel
1413383,4,automated-ringing,5,Abel
1413383,5,automated-ringing,6,Abel
1413383,6,simulated-sound,,
1484179,0,automated-ringing,1,Abel
1484179,1,automated-ringing,3,Abel
1484179,2,automated-ringing,4,Abel
1484179,3,automated-ringing,5,Abel
1484179,4,automated-ringing,6,Abel
1484179,5,automated-ringing,7,Abel
1484179,6,automated-ringing,8,Abel
1484179,7,simulated-sound,,
1413431,0,simulated-sound,,
1413433,0,simulated-sound,,
1413360,0,simulated-sound,,
1413434,0,simulated-sound,,
1413334,0,simulated-sound,,
1413399,0,simulated-sound,,
1413361,0,simulated-sound,,
1413439,0,simulated-sound,,
1413306,0,simulated-sound,,
1566431,0,automated-ringing,1,Abel
1566431,1,automated-ringing,2,Abel
1566431,2,automated-ringing,5,Abel
1566431,3,automated-ringing,6,Abel
1566431,4,automated-ringing,7,Abel
1566431,5,automated-ringing,8,Abel
1566431,6,simulated-sound,,
1933709,0,simulated-sound,,
1413330,0,simulated-sound,,
1413330,1,first-quarter,6,
1413293,0,simulated-sound,,
1413307,0,simulated-sound,,
1413304,0,simulated-sound,,
1413251,0,simulated-sound,,
1413213,0,simulated-sound,,
1450659,0,automated-ringing,,
1450659,1,simulated-sound,,
1609347,0,automated-ringing,2,Abel
1609347,1,automated-ringing,3,Abel
1609347,2,automated-ringing,4,Abel
1609347,3,automated-ringing,5,Abel
1609347,4,automated-ringing,6,Abel
1609347,5,automated-ringing,7,Abel
1609347,6,automated-ringing,8,Abel
1609347,7,simulated-sound,,
1451055,0,automated-ringing,,
1451055,1,simulated-sound,,
1413182,0,simulated-sound,,
1413212,0,simulated-sound,,
1413171,0,simulated-sound,,
1413155,0,simulated-sound,,
1413184,0,simulated-sound,,
1413142,0,simulated-sound,,
1415155,0,simulated-sound,,
1413176,0,simulated-sound,,
1413041,0,simulated-sound,,
1413040,0,simulated-sound,,
1412920,0,simulated-sound,,
1413030,0,simulated-sound,,
1412918,0,simulated-sound,,
1413214,0,simulated-sound,,
1413043,0,simulated-sound,,
1413046,0,simulated-sound,,
1413185,0,simulated-sound,,
1413045,0,simulated-sound,,
1412910,0,simulated-sound,,
1413007,0,simulated-sound,,
1413013,0,simulated-sound,,
1412917,0,simulated-sound,,
1412950,0,simulated-sound,,
1413044,0,simulated-sound,,
1413006,0,simulated-sound,,
1413017,0,simulated-sound,,
1412983,0,simulated-sound,,
1562864,0,simulated-sound,,
1412634,0,simulated-sound,,
1412708,0,simulated-sound,,
1412671,0,simulated-sound,,
1412845,0,simulated-sound,,
1412801,0,simulated-sound,,
1435413,0,simulated-sound,,
1413947,0,simulated-sound,,
1412654,0,simulated-sound,,
1412312,0,simulated-sound,,
1484056,0,automated-ringing,1,Abel
1484056,1,automated-ringing,3,Abel
1484056,2,automated-ringing,4,Abel
1484056,3,automated-ringing,5,Abel
1484056,4,automated-ringing,6,Abel
1484056,5,automated-ringing,7,Abel
1484056,6,automated-ringing,8,Abel
1484056,7,simulated-sound,,
1412307,0,simulated-sound,,
1412495,0,simulated-sound,,
1414060,0,simulated-sound,,
1412331,0,simulated-sound,,
1412487,0,simulated-sound,,
1412465,0,simulated-sound,,
1412475,0,simulated-sound,,
1413098,0,simulated-sound,,
1412029,0,automated-ringing,1,Abel
1412029,1,automated-ringing,2,Abel
1412029,2,automated-ringing,3,Abel
1412029,3,automated-ringing,4,Abel
1412029,4,automated-ringing,5,Abel
1412029,5,automated-ringing,6,Abel
1412029,6,simulated-sound,,
1412192,0,simulated-sound,,
1412114,0,simulated-sound,,
1412294,0,simulated-sound,,
1412056,0,simulated-sound,,
1412108,0,simulated-sound,,
1412252,0,simulated-sound,,
1412300,0,simulated-sound,,
1413099,0,simulated-sound,,
1450649,0,automated-ringing,,
1450649,1,simulated-sound,,
1451054,0,automated-ringing,,
1451054,1,simulated-sound,,
1411966,0,simulated-sound,,
1412031,0,simulated-sound,,
1411967,0,simulated-sound,,
1411962,0,simulated-sound,,
1411886,0,simulated-sound,,
1411965,0,simulated-sound,,
1502283,0,simulated-sound,,
1411849,0,simulated-sound,,
1411869,0,simulated-sound,,
1411869,1,first-quarter,1,
1411875,0,simulated-sound,,
1411874,0,simulated-sound,,
1933708,0,simulated-sound,,
1411870,0,simulated-sound,,
1411870,1,first-quarter,4,
1411867,0,simulated-sound,,
1411859,0,simulated-sound,,
1411776,0,simulated-sound,,
1413101,0,simulated-sound,,
1411706,0,simulated-sound,,
1609346,0,automated-ringing,2,Abel
1609346,1,automated-ringing,3,Abel
1609346,2,automated-ringing,4,Abel
1609346,3,automated-ringing,5,Abel
1609346,4,automated-ringing,6,Abel
1609346,5,automated-ringing,7,Abel
1609346,6,automated-ringing,8,Abel
1609346,7,simulated-sound,,
1411789,0,simulated-sound,,
1411708,0,simulated-sound,,
1411711,0,simulated-sound,,
1411696,0,simulated-sound,,
1411578,0,simulated-sound,,
1411772,0,simulated-sound,,
1411701,0,simulated-sound,,
1413102,0,simulated-sound,,
1411455,0,simulated-sound,,
1450648,0,automated-ringing,,
1450648,1,simulated-sound,,
1411399,0,simulated-sound,,
1411824,0,simulated-sound,,
1411515,0,simulated-sound,,
1411484,0,simulated-sound,,
1411768,0,simulated-sound,,
1411366,0,simulated-sound,,
1411436,0,simulated-sound,,
1411364,0,simulated-sound,,
1411259,0,simulated-sound,,
1411254,0,simulated-sound,,
1410772,0,simulated-sound,,
1411114,0,simulated-sound,,
1415657,0,simulated-sound,,
1450647,0,automated-ringing,,
1450647,1,simulated-sound,,
1411169,0,simulated-sound,,
1411118,0,simulated-sound,,
1410809,0,simulated-sound,,
1411627,0,simulated-sound,,
1411038,0,simulated-sound,,
1435414,0,simulated-sound,,
1445143,0,first-quarter,5,
1445143,1,first-quarter,6,
1410611,0,automated-ringing,,
1450645,0,automated-ringing,,
1450645,1,simulated-sound,,
1450644,0,automated-ringing,,
1450644,1,simulated-sound,,
1485583,0,automated-ringing,1,Abel
1485583,1,automated-ringing,3,Abel
1485583,2,automated-ringing,4,Abel
1485583,3,automated-ringing,5,Abel
1485583,4,automated-ringing,6,Abel
1485583,5,automated-ringing,7,Abel
1485583,6,automated-ringing,8,Abel
1485583,7,simulated-sound,,
1423407,0,simulated-sound,,
1410710,0,simulated-sound,,
1410621,0,simulated-sound,,
1410487,0,simulated-sound,,
1410568,0,simulated-sound,,
1410493,0,simulated-sound,,
1410641,0,simulated-sound,,
1410692,0,simulated-sound,,
1411416,0,simulated-sound,,
1410629,0,simulated-sound,,
1410719,0,simulated-sound,,
1410718,0,simulated-sound,,
1410717,0,simulated-sound,,
1410716,0,simulated-sound,,
1410715,0,simulated-sound,,
1410714,0,simulated-sound,,
1410713,0,simulated-sound,,
1410615,0,simulated-sound,,
1559104,0,simulated-sound,,
1410492,0,simulated-sound,,
1435415,0,simulated-sound,,
1410569,0,simulated-sound,,
1413103,0,simulated-sound,,
1411876,0,simulated-sound,,
1422028,0,simulated-sound,,Performed on a virtual ringing platform.
1421977,0,simulated-sound,,Performed on a virtual ringing platform.
1422026,0,simulated-sound,,Performed on a virtual ringing platform.
1451062,0,automated-ringing,1,Abel
1451062,1,automated-ringing,2,Abel
1451062,2,automated-ringing,3,Abel
1451062,3,automated-ringing,4,Abel
1451062,4,automated-ringing,5,Abel
1451062,5,automated-ringing,6,Abel
1451062,6,automated-ringing,7,Abel
1451062,7,automated-ringing,8,Abel
1451062,8,automated-ringing,9,Abel
1451062,9,automated-ringing,10,Abel
1451062,10,automated-ringing,11,Abel
1451062,11,simulated-sound,,
1421974,0,automated-ringing,1,Abel
1421974,1,automated-ringing,2,Abel
1421974,2,automated-ringing,3,Abel
1421974,3,automated-ringing,4,Abel
1421974,4,automated-ringing,5,Abel
1421974,5,automated-ringing,6,Abel
1421974,6,simulated-sound,,
1676402,0,simulated-sound,,Performed on a virtual ringing platform.
1676401,0,simulated-sound,,Performed on a virtual ringing platform.
1676400,0,simulated-sound,,Performed on a virtual ringing platform.
1896040,0,automated-ringing,1,Wheatley
1896040,1,automated-ringing,3,Wheatley
1896040,2,automated-ringing,4,Wheatley
1896040,3,automated-ringing,5,Wheatley
1896040,4,automated-ringing,6,Wheatley
1896040,5,automated-ringing,7,Wheatley
1896040,6,simulated-sound,,Performed on a virtual ringing platform.
1422000,0,simulated-sound,,Performed on a virtual ringing platform.
1421804,0,simulated-sound,,Performed on a virtual ringing platform.
1422004,0,simulated-sound,,Performed on a virtual ringing platform.
1421871,0,simulated-sound,,Performed on a virtual ringing platform.
1421871,1,first-quarter,6,
1421824,0,simulated-sound,,Performed on a virtual ringing platform.
1421825,0,simulated-sound,,Performed on a virtual ringing platform.
1421867,0,simulated-sound,,Performed on a virtual ringing platform.
1421800,0,automated-ringing,1,Wheatley
1421800,1,automated-ringing,2,Wheatley
1421800,2,automated-ringing,3,Wheatley
1421800,3,automated-ringing,4,Wheatley
1421800,4,automated-ringing,6,Wheatley
1421800,5,automated-ringing,7,Wheatley
1421800,6,simulated-sound,,Performed on a virtual ringing platform.
1421982,0,automated-ringing,1,Wheatley
1421982,1,automated-ringing,2,Wheatley
1421982,2,automated-ringing,4,Wheatley
1421982,3,automated-ringing,6,Wheatley
1421982,4,automated-ringing,7,Wheatley
1421982,5,simulated-sound,,Performed on a virtual ringing platform.
1422006,0,simulated-sound,,Performed on a virtual ringing platform.
1422010,0,simulated-sound,,Performed on a virtual ringing platform.
1421847,0,simulated-sound,,Performed on a virtual ringing platform.
1422117,0,simulated-sound,,Performed on a virtual ringing platform.
1422167,0,simulated-sound,,Performed on a virtual ringing platform.
1421735,0,first-quarter,1,
1478047,0,simulated-sound,,
1453815,0,simulated-sound,,
1421719,0,simulated-sound,,Performed on a virtual ringing platform.
1421570,0,simulated-sound,,Performed on a virtual ringing platform.
1421096,0,simulated-sound,,Performed on a virtual ringing platform.
1421086,0,simulated-sound,,Performed on a virtual ringing platform.
1673869,0,simulated-sound,,Performed on a virtual ringing platform.
1421081,0,simulated-sound,,Performed on a virtual ringing platform.
1421667,0,simulated-sound,,Performed on a virtual ringing platform.
1421636,0,simulated-sound,,Performed on a virtual ringing platform.
1421083,0,simulated-sound,,Performed on a virtual ringing platform.
1421082,0,simulated-sound,,Performed on a virtual ringing platform.
1421075,0,simulated-sound,,Performed on a virtual ringing platform.
1422030,0,simulated-sound,,Performed on a virtual ringing platform.
1421284,0,simulated-sound,,Performed on a virtual ringing platform.
1421092,0,simulated-sound,,Performed on a virtual ringing platform.
1852392,0,simulated-sound,,Performed on a virtual ringing platform.
1852392,1,first-quarter,1,
1459968,0,simulated-sound,,Performed on a virtual ringing platform.
1421668,0,automated-ringing,1,Wheatley
1421668,1,automated-ringing,3,Wheatley
1421668,2,automated-ringing,4,Wheatley
1421668,3,automated-ringing,5,Wheatley
1421668,4,automated-ringing,6,Wheatley
1421668,5,automated-ringing,7,Wheatley
1421668,6,simulated-sound,,Performed on a virtual ringing platform.
1421503,0,simulated-sound,,Performed on a virtual ringing platform.
1421060,0,simulated-sound,,Performed on a virtual ringing platform.
1421076,0,simulated-sound,,Performed on a virtual ringing platform.
1421793,0,simulated-sound,,Performed on a virtual ringing platform.
1460656,0,simulated-sound,,Performed on a virtual ringing platform.
1421609,0,simulated-sound,,Performed on a virtual ringing platform.
1423408,0,simulated-sound,,Performed on a virtual ringing platform.
1420963,0,simulated-sound,,Performed on a virtual ringing platform.
1421014,0,simulated-sound,,Performed on a virtual ringing platform.
1421017,0,simulated-sound,,Performed on a virtual ringing platform.
1421038,0,simulated-sound,,Performed on a virtual ringing platform.
1421002,0,simulated-sound,,Performed on a virtual ringing platform.
1421003,0,simulated-sound,,Performed on a virtual ringing platform.
1421028,0,simulated-sound,,Performed on a virtual ringing platform.
1421035,0,simulated-sound,,Performed on a virtual ringing platform.
1420967,0,simulated-sound,,Performed on a virtual ringing platform.
1420880,0,simulated-sound,,Performed on a virtual ringing platform.
1420904,0,simulated-sound,,Performed on a virtual ringing platform.
1420898,0,simulated-sound,,Performed on a virtual ringing platform.
1422637,0,simulated-sound,,Performed on a virtual ringing platform.
1420900,0,simulated-sound,,Performed on a virtual ringing platform.
1420867,0,simulated-sound,,Performed on a virtual ringing platform.
1420865,0,simulated-sound,,Performed on a virtual ringing platform.
1421983,0,automated-ringing,1,Wheatley
1421983,1,automated-ringing,2,Wheatley
1421983,2,automated-ringing,3,Wheatley
1421983,3,automated-ringing,4,Wheatley
1421983,4,automated-ringing,7,Wheatley
1421983,5,simulated-sound,,Performed on a virtual ringing platform.
1420852,0,simulated-sound,,Performed on a virtual ringing platform.
1420853,0,simulated-sound,,Performed on a virtual ringing platform.
1420910,0,simulated-sound,,Performed on a virtual ringing platform.
1420876,0,simulated-sound,,Performed on a virtual ringing platform.
1420868,0,simulated-sound,,Performed on a virtual ringing platform.
1420744,0,simulated-sound,,Performed on a virtual ringing platform.
1834280,0,simulated-sound,,Performed on a virtual ringing platform.
1420788,0,simulated-sound,,Performed on a virtual ringing platform.
1420806,0,simulated-sound,,Performed on a virtual ringing platform.
1420779,0,simulated-sound,,Performed on a virtual ringing platform.
1420770,0,simulated-sound,,Performed on a virtual ringing platform.
1420735,0,simulated-sound,,Performed on a virtual ringing platform.
1420802,0,simulated-sound,,Performed on a virtual ringing platform.
1420774,0,simulated-sound,,Performed on a virtual ringing platform.
1420747,0,simulated-sound,,Performed on a virtual ringing platform.
1420777,0,simulated-sound,,Performed on a virtual ringing platform.
1420787,0,simulated-sound,,Performed on a virtual ringing platform.
1420748,0,simulated-sound,,Performed on a virtual ringing platform.
1420835,0,automated-ringing,1,Virtual Belfry
1420835,1,automated-ringing,2,Virtual Belfry
1420835,2,automated-ringing,3,Virtual Belfry
1420835,3,automated-ringing,4,Virtual Belfry
1420835,4,automated-ringing,5,Virtual Belfry
1420835,5,automated-ringing,7,Virtual Belfry
1420835,6,automated-ringing,8,Virtual Belfry
1420835,7,simulated-sound,,
1420722,0,simulated-sound,,Performed on a virtual ringing platform.
1420730,0,simulated-sound,,Performed on a virtual ringing platform.
1420706,0,simulated-sound,,Performed on a virtual ringing platform.
1420720,0,simulated-sound,,Performed on a virtual ringing platform.
1933718,0,simulated-sound,,Performed on a virtual ringing platform.
1755413,0,simulated-sound,,Performed on a virtual ringing platform.
1755412,0,simulated-sound,,Performed on a virtual ringing platform.
1445111,0,simulated-sound,,
1420650,0,simulated-sound,,Performed on a virtual ringing platform.
1420680,0,simulated-sound,,Performed on a virtual ringing platform.
1420613,0,simulated-sound,,Performed on a virtual ringing platform.
1420709,0,simulated-sound,,Performed on a virtual ringing platform.
1420699,0,simulated-sound,,Performed on a virtual ringing platform.
1420733,0,simulated-sound,,Performed on a virtual ringing platform.
1420705,0,simulated-sound,,Performed on a virtual ringing platform.
1420696,0,simulated-sound,,Performed on a virtual ringing platform.
1420622,0,simulated-sound,,Performed on a virtual ringing platform.
1420620,0,simulated-sound,,Performed on a virtual ringing platform
1420585,0,simulated-sound,,Performed on a virtual ringing platform.
1420576,0,automated-ringing,1,Abel
1420576,1,automated-ringing,2,Abel
1420576,2,automated-ringing,3,Abel
1420576,3,automated-ringing,4,Abel
1420576,4,automated-ringing,5,Abel
1420576,5,automated-ringing,6,Abel
1420576,6,simulated-sound,,
1560687,0,simulated-sound,,Performed on a virtual ringing platform.
1420907,0,simulated-sound,,Performed on a virtual ringing platform.
1420906,0,simulated-sound,,Performed on a virtual ringing platform.
1420600,0,simulated-sound,,Performed on a virtual ringing platform.
1420587,0,simulated-sound,,Performed on a virtual ringing platform.
1420552,0,simulated-sound,,Performed on a virtual ringing platform.
1420547,0,simulated-sound,,Performed on a virtual ringing platform.
1420569,0,simulated-sound,,Performed on a virtual ringing platform.
1420550,0,simulated-sound,,Performed on a virtual ringing platform.
1422066,0,simulated-sound,,Performed on a virtual ringing platform.
1420579,0,simulated-sound,,Performed on a virtual ringing platform.
1420548,0,simulated-sound,,Performed on a virtual ringing platform.
1420544,0,simulated-sound,,
1453814,0,automated-ringing,,
1453814,1,simulated-sound,,
1420437,0,automated-ringing,1,Abel
1420437,1,automated-ringing,2,Abel
1420437,2,automated-ringing,3,Abel
1420437,3,automated-ringing,4,Abel
1420437,4,automated-ringing,5,Abel
1420437,5,automated-ringing,6,Abel
1420437,6,automated-ringing,7,Abel
1420437,7,automated-ringing,8,Abel
1420437,8,automated-ringing,10,Abel
1420437,9,simulated-sound,,
1420503,0,simulated-sound,,Performed on a virtual ringing platform.
1420502,0,simulated-sound,,Performed on a virtual ringing platform.
1420498,0,simulated-sound,,Performed on a virtual ringing platform.
1451060,0,automated-ringing,,
1451060,1,simulated-sound,,
1420472,0,automated-ringing,8,Wheatley
1420472,1,simulated-sound,,Performed on a virtual ringing platform.
1896045,0,automated-ringing,,
1896045,1,simulated-sound,,Performed on a virtual ringing platform.
1420479,0,simulated-sound,,Performed on a virtual ringing platform.
1420499,0,simulated-sound,,Performed on a virtual ringing platform.
1420397,0,simulated-sound,,Performed on a virtual ringing platform.
1420509,0,simulated-sound,,Performed on a virtual ringing platform.
1420507,0,simulated-sound,,Performed on a virtual ringing platform.
1420551,0,simulated-sound,,Performed on a virtual ringing platform.
1420446,0,simulated-sound,,Performed on a virtual ringing platform.
1420446,1,first-quarter,8,
1478821,0,simulated-sound,,Performed on a virtual ringing platform.
1478820,0,simulated-sound,,Performed on a virtual ringing platform.
1420401,0,simulated-sound,,Performed on a virtual ringing platform.
1420390,0,simulated-sound,,Performed on a virtual ringing platform.
1420386,0,simulated-sound,,Performed on a virtual ringing platform.
1420491,0,simulated-sound,,Performed on a virtual ringing platform.
1420396,0,simulated-sound,,Performed on a virtual ringing platform.
1420399,0,simulated-sound,,Performed on a virtual ringing platform.
1421984,0,automated-ringing,1,Wheatley
1421984,1,automated-ringing,3,Wheatley
1421984,2,automated-ringing,4,Wheatley
1421984,3,automated-ringing,6,Wheatley
1421984,4,automated-ringing,7,Wheatley
1421984,5,simulated-sound,,Performed on a virtual ringing platform.
1420419,0,simulated-sound,,Performed on a virtual ringing platform.
1420436,0,simulated-sound,,Performed on a virtual ringing platform.
1435416,0,simulated-sound,,Performed on a virtual ringing platform.
1420475,0,simulated-sound,,Performed on a virtual ringing platform.
1420483,0,simulated-sound,,Performed on a virtual ringing platform.
1420523,0,simulated-sound,,Performed on a virtual ringing platform.
1420523,1,first-quarter,7,
1420511,0,simulated-sound,,Performed on a virtual ringing platform.
1434723,0,simulated-sound,,Performed on a virtual ringing platform.
1452203,0,automated-ringing,1,Abel
1452203,1,automated-ringing,2,Abel
1452203,2,automated-ringing,3,Abel
1452203,3,automated-ringing,4,Abel
1452203,4,automated-ringing,5,Abel
1452203,5,automated-ringing,8,Abel
1452203,6,simulated-sound,,
1420335,0,simulated-sound,,Performed on a virtual ringing platform.
1420259,0,simulated-sound,,Performed on a virtual ringing platform.
1420325,0,simulated-sound,,Performed on a virtual ringing platform.
1420351,0,simulated-sound,,Performed on a virtual ringing platform.
1480608,0,simulated-sound,,Performed on a virtual ringing platform.
1420333,0,simulated-sound,,Performed on a virtual ringing platform.
1420258,0,simulated-sound,,Performed on a virtual ringing platform.
1420255,0,simulated-sound,,Performed on a virtual ringing platform.
1420250,0,simulated-sound,,Performed on a virtual ringing platform.
1420349,0,simulated-sound,,Performed on a virtual ringing platform.
1420347,0,simulated-sound,,Performed on a virtual ringing platform.
1420445,0,simulated-sound,,Performed on a virtual ringing platform.
1420444,0,simulated-sound,,Performed on a virtual ringing platform.
1420364,0,simulated-sound,,Performed on a virtual ringing platform.
1420363,0,simulated-sound,,Performed on a virtual ringing platform.
1420354,0,simulated-sound,,Performed on a virtual ringing platform.
1420350,0,simulated-sound,,Performed on a virtual ringing platform.
1420338,0,simulated-sound,,Performed on a virtual ringing platform.
1420309,0,simulated-sound,,Performed on a virtual ringing platform.
1420308,0,simulated-sound,,Performed on a virtual ringing platform.
1420305,0,simulated-sound,,Performed on a virtual ringing platform.
1420299,0,simulated-sound,,Performed on a virtual ringing platform.
1420298,0,simulated-sound,,Performed on a virtual ringing platform.
1420280,0,simulated-sound,,Performed on a virtual ringing platform.
1420277,0,simulated-sound,,Performed on a virtual ringing platform.
1420274,0,simulated-sound,,Performed on a virtual ringing platform.
1420272,0,simulated-sound,,Performed on a virtual ringing platform.
1420270,0,simulated-sound,,Performed on a virtual ringing platform.
1420268,0,simulated-sound,,Performed on a virtual ringing platform.
1420254,0,simulated-sound,,Performed on a virtual ringing platform.
1420239,0,simulated-sound,,Performed on a virtual ringing platform.
1420238,0,simulated-sound,,Performed on a virtual ringing platform.
1420231,0,simulated-sound,,Performed on a virtual ringing platform.
1420400,0,simulated-sound,,Performed on a virtual ringing platform.
1420726,0,simulated-sound,,Performed on a virtual ringing platform.
1420553,0,simulated-sound,,Performed on a virtual ringing platform.
1420372,0,simulated-sound,,Performed on a virtual ringing platform.
1420371,0,simulated-sound,,Performed on a virtual ringing platform.
1420368,0,simulated-sound,,Performed on a virtual ringing platform.
1420247,0,simulated-sound,,Performed on a virtual ringing platform.
1420357,0,simulated-sound,,Performed on a virtual ringing platform.
1420326,0,simulated-sound,,Performed on a virtual ringing platform.
1420266,0,simulated-sound,,Performed on a virtual ringing platform.
1420353,0,simulated-sound,,Performed on a virtual ringing platform.
1420334,0,simulated-sound,,Performed on a virtual ringing platform.
1420311,0,simulated-sound,,Performed on a virtual ringing platform.
1420328,0,automated-ringing,1,Wheatley
1420328,1,automated-ringing,3,Wheatley
1420328,2,automated-ringing,4,Wheatley
1420328,3,automated-ringing,5,Wheatley
1420328,4,automated-ringing,6,Wheatley
1420328,5,automated-ringing,7,Wheatley
1420328,6,automated-ringing,8,Wheatley
1420328,7,automated-ringing,9,Wheatley
1420328,8,simulated-sound,,Performed on a virtual ringing platform.
1420355,0,simulated-sound,,Performed on a virtual ringing platform.
1420302,0,simulated-sound,,Performed on a virtual ringing platform.
1420275,0,simulated-sound,,Performed on a virtual ringing platform.
1420324,0,simulated-sound,,Performed on a virtual ringing platform.
1420340,0,simulated-sound,,Performed on a virtual ringing platform.
1420261,0,simulated-sound,,Performed on a virtual ringing platform.
1420356,0,simulated-sound,,Performed on a virtual ringing platform.
1420300,0,simulated-sound,,Performed on a virtual ringing platform.
1420312,0,simulated-sound,,Performed on a virtual ringing platform.
1420269,0,simulated-sound,,Performed on a virtual ringing platform.
1453828,0,simulated-sound,,Performed on a virtual ringing platform.
1420392,0,simulated-sound,,Performed on a virtual ringing platform.
1420430,0,simulated-sound,,Performed on a virtual ringing platform.
1420307,0,simulated-sound,,Performed on a virtual ringing platform.
1420278,0,simulated-sound,,Performed on a virtual ringing platform.
1420377,0,simulated-sound,,Performed on a virtual ringing platform.
1420375,0,simulated-sound,,Performed on a virtual ringing platform.
1420432,0,simulated-sound,,
1420155,0,automated-ringing,1,Abel
1420155,1,automated-ringing,2,Abel
1420155,2,automated-ringing,3,Abel
1420155,3,automated-ringing,4,Abel
1420155,4,automated-ringing,5,Abel
1420155,5,automated-ringing,6,Abel
1420155,6,automated-ringing,7,Abel
1420155,7,automated-ringing,8,Abel
1420155,8,simulated-sound,,
1420124,0,automated-ringing,,
1420124,1,simulated-sound,,
1420158,0,simulated-sound,,Performed on a virtual ringing platform.
1420256,0,simulated-sound,,Performed on a virtual ringing platform.
1420115,0,simulated-sound,,Performed on a virtual ringing platform.
1420224,0,simulated-sound,,Performed on a virtual ringing platform.
1420121,0,simulated-sound,,Performed on a virtual ringing platform.
1420241,0,simulated-sound,,Performed on a virtual ringing platform.
1420240,0,simulated-sound,,Performed on a virtual ringing platform.
1420236,0,simulated-sound,,Performed on a virtual ringing platform.
1420146,0,simulated-sound,,Performed on a virtual ringing platform.
1420171,0,simulated-sound,,Performed on a virtual ringing platform.
1420854,0,simulated-sound,,Performed on a virtual ringing platform.
1420154,0,automated-ringing,1,Wheatley
1420154,1,automated-ringing,2,Wheatley
1420154,2,automated-ringing,3,Wheatley
1420154,3,automated-ringing,4,Wheatley
1420154,4,automated-ringing,6,Wheatley
1420154,5,automated-ringing,7,Wheatley
1420154,6,simulated-sound,,Performed on a virtual ringing platform.
1420123,0,simulated-sound,,Performed on a virtual ringing platform.
1834282,0,simulated-sound,,
1420464,0,simulated-sound,,
1420125,0,automated-ringing,,Abel
1420125,1,simulated-sound,,
1420054,0,simulated-sound,,Performed on a virtual ringing platform.
1420064,0,simulated-sound,,Performed on a virtual ringing platform.
1419974,0,simulated-sound,,Performed on a virtual ringing platform.
1420058,0,simulated-sound,,Performed on a virtual ringing platform.
1420074,0,simulated-sound,,Performed on a virtual ringing platform.
1420020,0,simulated-sound,,Performed on a virtual ringing platform.
1419941,0,simulated-sound,,Performed on a virtual ringing platform.
1420050,0,simulated-sound,,Performed on a virtual ringing platform.
1420067,0,simulated-sound,,Performed on a virtual ringing platform.
1445110,0,simulated-sound,,
1419898,0,simulated-sound,,Performed on a virtual ringing platform.
1420075,0,simulated-sound,,Performed on a virtual ringing platform.
1420044,0,automated-ringing,1,Wheatley
1420044,1,automated-ringing,3,Wheatley
1420044,2,automated-ringing,4,Wheatley
1420044,3,automated-ringing,5,Wheatley
1420044,4,automated-ringing,6,Wheatley
1420044,5,automated-ringing,7,Wheatley
1420044,6,simulated-sound,,Performed on a virtual ringing platform.
1419963,0,simulated-sound,,
1419992,0,simulated-sound,,
1419797,0,automated-ringing,1,Abel
1419797,1,automated-ringing,2,Abel
1419797,2,automated-ringing,3,Abel
1419797,3,automated-ringing,4,Abel
1419797,4,automated-ringing,5,Abel
1419797,5,automated-ringing,6,Abel
1419797,6,automated-ringing,7,Abel
1419797,7,automated-ringing,8,Abel
1419797,8,simulated-sound,,
1419773,0,automated-ringing,,
1419773,1,simulated-sound,,
1676399,0,simulated-sound,,Performed on a virtual ringing platform.
1419808,0,simulated-sound,,Performed on a virtual ringing platform.
1419814,0,simulated-sound,,Performed on a virtual ringing platform.
1419810,0,automated-ringing,1,Wheatley
1419810,1,automated-ringing,3,Wheatley
1419810,2,automated-ringing,4,Wheatley
1419810,3,automated-ringing,5,Wheatley
1419810,4,automated-ringing,6,Wheatley
1419810,5,automated-ringing,7,Wheatley
1419810,6,simulated-sound,,Performed on a virtual ringing platform.
1419830,0,simulated-sound,,Performed on a virtual ringing platform.
1419793,0,simulated-sound,,Performed on a virtual ringing platform.
1420147,0,simulated-sound,,Performed on a virtual ringing platform.
1419825,0,simulated-sound,,Performed on a virtual ringing platform.
1420073,0,simulated-sound,,Performed on a virtual ringing platform.
1420072,0,simulated-sound,,Performed on a virtual ringing platform.
1420071,0,simulated-sound,,Performed on a virtual ringing platform.
1420070,0,simulated-sound,,Performed on a virtual ringing platform.
1419782,0,simulated-sound,,Performed on a virtual ringing platform.
1419633,0,simulated-sound,,Performed on a virtual ringing platform.
1907459,0,automated-ringing,,
1907459,1,simulated-sound,,
1424922,0,simulated-sound,,Performed on a virtual ringing platform.
1419640,0,simulated-sound,,Performed on a virtual ringing platform.
1933717,0,simulated-sound,,Performed on a virtual ringing platform.
1419592,0,simulated-sound,,Performed on a virtual ringing platform.
1419582,0,simulated-sound,,Performed on a virtual ringing platform.
1419619,0,simulated-sound,,Performed on a virtual ringing platform.
1419528,0,simulated-sound,,Performed on a virtual ringing platform.
1419583,0,simulated-sound,,Performed on a virtual ringing platform.
1419618,0,simulated-sound,,Performed on a virtual ringing platform.
1419598,0,simulated-sound,,Performed on a virtual ringing platform.
1419641,0,simulated-sound,,Performed on a virtual ringing platform.
1419646,0,simulated-sound,,Performed on a virtual ringing platform.
1419620,0,simulated-sound,,Performed on a virtual ringing platform.
1419823,0,simulated-sound,,Performed on a virtual ringing platform.
1419581,0,simulated-sound,,
1453810,0,automated-ringing,,
1453810,1,simulated-sound,,
1419408,0,simulated-sound,,Performed on a virtual ringing platform.
1420586,0,simulated-sound,,Performed on a virtual ringing platform.
1609352,0,automated-ringing,2,Abel
1609352,1,automated-ringing,3,Abel
1609352,2,automated-ringing,4,Abel
1609352,3,automated-ringing,5,Abel
1609352,4,automated-ringing,6,Abel
1609352,5,automated-ringing,7,Abel
1609352,6,automated-ringing,8,Abel
1609352,7,simulated-sound,,
1419459,0,simulated-sound,,Performed on a virtual ringing platform.
1419444,0,simulated-sound,,Performed on a virtual ringing platform.
1419461,0,simulated-sound,,Performed on a virtual ringing platform.
1443942,0,simulated-sound,,Performed on a virtual ringing platform.
1419509,0,simulated-sound,,Performed on a virtual ringing platform.
1419464,0,simulated-sound,,Performed on a virtual ringing platform.
1419409,0,simulated-sound,,Performed on a virtual ringing platform.
1419419,0,simulated-sound,,Performed on a virtual ringing platform.
1419440,0,simulated-sound,,Performed on a virtual ringing platform.
1419443,0,simulated-sound,,Performed on a virtual ringing platform.
1419367,0,simulated-sound,,Performed on a virtual ringing platform.
1419295,0,simulated-sound,,Performed on a virtual ringing platform.
1419365,0,simulated-sound,,Performed on a virtual ringing platform.
1419364,0,simulated-sound,,Performed on a virtual ringing platform.
1419325,0,simulated-sound,,Performed on a virtual ringing platform.
1419349,0,simulated-sound,,Performed on a virtual ringing platform.
1419297,0,simulated-sound,,Performed on a virtual ringing platform.
1419373,0,simulated-sound,,Performed on a virtual ringing platform.
1419300,0,simulated-sound,,Performed on a virtual ringing platform.
1419291,0,simulated-sound,,Performed on a virtual ringing platform.
1419298,0,simulated-sound,,Performed on a virtual ringing platform.
1419348,0,simulated-sound,,Performed on a virtual ringing platform.
1421986,0,automated-ringing,1,Wheatley
1421986,1,automated-ringing,3,Wheatley
1421986,2,automated-ringing,4,Wheatley
1421986,3,automated-ringing,6,Wheatley
1421986,4,automated-ringing,7,Wheatley
1421986,5,simulated-sound,,Performed on a virtual ringing platform.
1419352,0,simulated-sound,,Performed on a virtual ringing platform.
1419357,0,simulated-sound,,Performed on a virtual ringing platform.
1419397,0,simulated-sound,,Performed on a virtual ringing platform.
1419359,0,simulated-sound,,Performed on a virtual ringing platform.
1419359,1,first-quarter,1,
1419359,2,first-quarter,2,
1419460,0,automated-ringing,,
1419460,1,simulated-sound,,
1419269,0,simulated-sound,,Performed on a virtual ringing platform.
1450656,0,automated-ringing,,
1450656,1,simulated-sound,,
1419281,0,simulated-sound,,Performed on a virtual ringing platform.
1419280,0,simulated-sound,,Performed on a virtual ringing platform.
1419200,0,simulated-sound,,Performed on a virtual ringing platform.
1419227,0,simulated-sound,,Performed on a virtual ringing platform.
1419188,0,simulated-sound,,Performed on a virtual ringing platform.
1420466,0,simulated-sound,,Performed on a virtual ringing platform.
1419211,0,simulated-sound,,Performed on a virtual ringing platform.
1419208,0,simulated-sound,,Performed on a virtual ringing platform.
1419276,0,simulated-sound,,Performed on a virtual ringing platform.
1419239,0,simulated-sound,,Performed on a virtual ringing platform.
1419239,1,first-quarter,6,
1419201,0,simulated-sound,,Performed on a virtual ringing platform.
1419275,0,simulated-sound,,Performed on a virtual ringing platform.
1419189,0,simulated-sound,,Performed on a virtual ringing platform.
1419184,0,simulated-sound,,
1450655,0,automated-ringing,,
1450655,1,simulated-sound,,
1419140,0,automated-ringing,1,Abel
1419140,1,automated-ringing,2,Abel
1419140,2,automated-ringing,3,Abel
1419140,3,automated-ringing,4,Abel
1419140,4,automated-ringing,5,Abel
1419140,5,automated-ringing,6,Abel
1419140,6,simulated-sound,,
1419210,0,simulated-sound,,Performed on a virtual ringing platform.
1419155,0,simulated-sound,,Performed on a virtual ringing platform.
1419378,0,simulated-sound,,Performed on a virtual ringing platform.
1419159,0,simulated-sound,,Performed on a virtual ringing platform.
1419207,0,simulated-sound,,Performed on a virtual ringing platform.
1419209,0,simulated-sound,,Performed on a virtual ringing platform.
1419150,0,simulated-sound,,Performed on a virtual ringing platform.
1419144,0,simulated-sound,,Performed on a virtual ringing platform.
1419068,0,simulated-sound,,Performed on a virtual ringing platform.
1419169,0,simulated-sound,,Performed on a virtual ringing platform.
1419111,0,simulated-sound,,Performed on a virtual ringing platform.
1419129,0,simulated-sound,,Performed on a virtual ringing platform.
1419139,0,simulated-sound,,Performed on a virtual ringing platform.
1420145,0,simulated-sound,,Performed on a virtual ringing platform.
1420343,0,simulated-sound,,Performed on a virtual ringing platform.
1419046,0,simulated-sound,,Performed on a virtual ringing platform.
1419110,0,simulated-sound,,
1419069,0,simulated-sound,,
1419031,0,simulated-sound,,Performed on a virtual ringing platform.
1419109,0,simulated-sound,,Performed on a virtual ringing platform.
1419017,0,simulated-sound,,Performed on a virtual ringing platform.
1419007,0,simulated-sound,,Performed on a virtual ringing platform.
1614104,0,simulated-sound,,Performed on a virtual ringing platform.
1418973,0,simulated-sound,,Performed on a virtual ringing platform.
1418950,0,simulated-sound,,Performed on a virtual ringing platform.
1418972,0,simulated-sound,,Performed on a virtual ringing platform.
1418957,0,simulated-sound,,Performed on a virtual ringing platform.
1419070,0,simulated-sound,,
1418981,0,simulated-sound,,
1418831,0,simulated-sound,,Performed on a virtual ringing platform.
1418900,0,simulated-sound,,Performed on a virtual ringing platform.
1418896,0,simulated-sound,,Performed on a virtual ringing platform.
1418910,0,simulated-sound,,Performed on a virtual ringing platform.
1418895,0,simulated-sound,,Performed on a virtual ringing platform.
1418891,0,simulated-sound,,Performed on a virtual ringing platform.
1418891,1,first-quarter,3,
1418908,0,simulated-sound,,Performed on a virtual ringing platform.
1418892,0,simulated-sound,,Performed on a virtual ringing platform.
1418907,0,simulated-sound,,Performed on a virtual ringing platform.
1418610,0,automated-ringing,1,Abel
1418610,1,automated-ringing,2,Abel
1418610,2,automated-ringing,3,Abel
1418610,3,automated-ringing,4,Abel
1418610,4,automated-ringing,5,Abel
1418610,5,automated-ringing,6,Abel
1418610,6,simulated-sound,,
1460971,0,simulated-sound,,Performed on a virtual ringing platform.
1460970,0,simulated-sound,,Performed on a virtual ringing platform.
1460969,0,simulated-sound,,Performed on a virtual ringing platform.
1460968,0,simulated-sound,,Performed on a virtual ringing platform.
1418735,0,simulated-sound,,Performed on a virtual ringing platform.
1418756,0,simulated-sound,,Performed on a virtual ringing platform.
1418638,0,simulated-sound,,Performed on a virtual ringing platform.
1418739,0,simulated-sound,,Performed on a virtual ringing platform.
1418748,0,simulated-sound,,Performed on a virtual ringing platform.
1418670,0,simulated-sound,,Performed on a virtual ringing platform.
1418620,0,simulated-sound,,Performed on a virtual ringing platform.
1418692,0,simulated-sound,,Performed on a virtual ringing platform.
1420143,0,simulated-sound,,Performed on a virtual ringing platform.
1418607,0,simulated-sound,,Performed on a virtual ringing platform.
1418609,0,simulated-sound,,Performed on a virtual ringing platform.
1418717,0,simulated-sound,,Performed on a virtual ringing platform.
1418724,0,simulated-sound,,Performed on a virtual ringing platform.
1418734,0,simulated-sound,,
1418826,0,simulated-sound,,
1453811,0,automated-ringing,,
1453811,1,simulated-sound,,
1418551,0,simulated-sound,,Performed on a virtual ringing platform.
1418560,0,simulated-sound,,Performed on a virtual ringing platform.
1418552,0,simulated-sound,,Performed on a virtual ringing platform.
1609351,0,automated-ringing,2,Abel
1609351,1,automated-ringing,3,Abel
1609351,2,automated-ringing,4,Abel
1609351,3,automated-ringing,5,Abel
1609351,4,automated-ringing,6,Abel
1609351,5,automated-ringing,7,Abel
1609351,6,automated-ringing,8,Abel
1609351,7,simulated-sound,,
1418532,0,simulated-sound,,Performed on a virtual ringing platform.
1560689,0,simulated-sound,,Performed on a virtual ringing platform.
1418550,0,simulated-sound,,Performed on a virtual ringing platform.
1418546,0,simulated-sound,,Performed on a virtual ringing platform.
1418486,0,simulated-sound,,Performed on a virtual ringing platform.
1418930,0,automated-ringing,,
1418930,1,simulated-sound,,Performed on a virtual ringing platform.
1418519,0,simulated-sound,,Performed on a virtual ringing platform.
1418555,0,simulated-sound,,Performed on a virtual ringing platform.
1418527,0,simulated-sound,,
1418591,0,simulated-sound,,
1418487,0,simulated-sound,,
1418451,0,simulated-sound,,Performed on a virtual ringing platform.
1418466,0,simulated-sound,,Performed on a virtual ringing platform.
1418449,0,simulated-sound,,Performed on a virtual ringing platform.
1418464,0,simulated-sound,,Performed on a virtual ringing platform.
1469321,0,first-peal,5,
1469321,1,first-peal,6,
1418473,0,simulated-sound,,Performed on a virtual ringing platform.
1418398,0,simulated-sound,,Performed on a virtual ringing platform.
1420398,0,simulated-sound,,Performed on a virtual ringing platform.
1418413,0,simulated-sound,,Performed on a virtual ringing platform.
1560696,0,simulated-sound,,Performed on a virtual ringing platform.
1418441,0,simulated-sound,,Performed on a virtual ringing platform.
1418370,0,simulated-sound,,Performed on a virtual ringing platform.
1418445,0,simulated-sound,,Performed on a virtual ringing platform.
1421988,0,automated-ringing,,
1421988,1,simulated-sound,,Performed on a virtual ringing platform.
1418376,0,simulated-sound,,Performed on a virtual ringing platform.
1418462,0,simulated-sound,,Performed on a virtual ringing platform.
1418395,0,simulated-sound,,Performed on a virtual ringing platform.
1418435,0,simulated-sound,,
1865174,0,automated-ringing,1,Abel
1865174,1,automated-ringing,2,Abel
1865174,2,automated-ringing,3,Abel
1865174,3,automated-ringing,4,Abel
1865174,4,simulated-sound,,
1418169,0,simulated-sound,,
1418469,0,simulated-sound,,Performed on a virtual ringing platform.
1418372,0,simulated-sound,,Performed on a virtual ringing platform.
1560695,0,simulated-sound,,
1418231,0,simulated-sound,,Performed on a virtual ringing platform.
1418229,0,simulated-sound,,Performed on a virtual ringing platform.
1418223,0,simulated-sound,,Performed on a virtual ringing platform.
1418203,0,simulated-sound,,Performed on a virtual ringing platform.
1418188,0,simulated-sound,,Performed on a virtual ringing platform.
1418184,0,simulated-sound,,Performed on a virtual ringing platform.
1418168,0,simulated-sound,,
1418164,0,simulated-sound,,
1418337,0,simulated-sound,,Performed on a virtual ringing platform.
1418212,0,simulated-sound,,Performed on a virtual ringing platform.
1418166,0,simulated-sound,,
1418162,0,simulated-sound,,
1418170,0,simulated-sound,,
1418167,0,simulated-sound,,
1451124,0,automated-ringing,1,Abel
1451124,1,automated-ringing,2,Abel
1451124,2,automated-ringing,3,Abel
1451124,3,automated-ringing,4,Abel
1451124,4,automated-ringing,5,Abel
1451124,5,automated-ringing,6,Abel
1451124,6,automated-ringing,7,Abel
1451124,7,automated-ringing,8,Abel
1451124,8,automated-ringing,9,Abel
1451124,9,simulated-sound,,
1418100,0,automated-ringing,1,Abel
1418100,1,automated-ringing,2,Abel
1418100,2,automated-ringing,3,Abel
1418100,3,automated-ringing,4,Abel
1418100,4,automated-ringing,5,Abel
1418100,5,automated-ringing,6,Abel
1418100,6,simulated-sound,,
1418218,0,simulated-sound,,Performed on a virtual ringing platform.
1418215,0,simulated-sound,,Performed on a virtual ringing platform.
1418104,0,simulated-sound,,
1418102,0,simulated-sound,,
1418055,0,simulated-sound,,
1418024,0,simulated-sound,,
1418078,0,simulated-sound,,
1418099,0,automated-ringing,,
1418099,1,simulated-sound,,
1418075,0,simulated-sound,,
1418094,0,simulated-sound,,
1773597,0,simulated-sound,,
1418089,0,simulated-sound,,
1418088,0,simulated-sound,,
1418106,0,simulated-sound,,
1418018,0,simulated-sound,,
1417975,0,simulated-sound,,
1417971,0,simulated-sound,,
1417958,0,simulated-sound,,
1451059,0,automated-ringing,,Rung using a John Norris dumbbell connected to Abel.
1451059,1,simulated-sound,,Rung using a John Norris dumbbell connected to Abel.
1418027,0,simulated-sound,,
1417978,0,simulated-sound,,
1418068,0,simulated-sound,,
1418067,0,simulated-sound,,
1417967,0,simulated-sound,,
1417966,0,simulated-sound,,
1417980,0,simulated-sound,,
1417964,0,automated-ringing,,
1417964,1,simulated-sound,,
1417910,0,simulated-sound,,
1417977,0,simulated-sound,,
1417894,0,simulated-sound,,
1417963,0,simulated-sound,,
1417884,0,simulated-sound,,
1417970,0,simulated-sound,,
1417956,0,simulated-sound,,
1451058,0,automated-ringing,,
1451058,1,simulated-sound,,
1417781,0,automated-ringing,,
1417781,1,simulated-sound,,
1417871,0,simulated-sound,,
1417867,0,simulated-sound,,
1417849,0,simulated-sound,,
1417851,0,simulated-sound,,
1417730,0,simulated-sound,,
1417816,0,automated-ringing,,
1417816,1,simulated-sound,,
1417728,0,simulated-sound,,
1418156,0,simulated-sound,,
1418156,1,first-quarter,1,
1417792,0,simulated-sound,,
1417856,0,automated-ringing,,
1417856,1,simulated-sound,,
1417815,0,simulated-sound,,
1417844,0,simulated-sound,,
1417846,0,simulated-sound,,
1834283,0,simulated-sound,,
1417842,0,simulated-sound,,
1417790,0,simulated-sound,,
1451123,0,automated-ringing,1,Abel
1451123,1,automated-ringing,2,Abel
1451123,2,automated-ringing,3,Abel
1451123,3,automated-ringing,4,Abel
1451123,4,simulated-sound,,
1417862,0,simulated-sound,,
1417862,1,first-quarter,3,
1417862,2,first-quarter,4,
1417862,3,first-quarter,6,
1417693,0,simulated-sound,,
1417634,0,simulated-sound,,
1417717,0,simulated-sound,,
1417695,0,simulated-sound,,
1933716,0,simulated-sound,,
1417711,0,simulated-sound,,
1417658,0,simulated-sound,,
1417656,0,simulated-sound,,
1417594,0,simulated-sound,,
1417661,0,simulated-sound,,
1417698,0,simulated-sound,,
1417618,0,simulated-sound,,
1418588,0,simulated-sound,,
1418754,0,simulated-sound,,
1418751,0,simulated-sound,,
1417720,0,simulated-sound,,
1417719,0,simulated-sound,,
1417718,0,simulated-sound,,
1417592,0,automated-ringing,,
1417592,1,simulated-sound,,
1417532,0,simulated-sound,,
1609350,0,automated-ringing,2,Abel
1609350,1,automated-ringing,3,Abel
1609350,2,automated-ringing,4,Abel
1609350,3,automated-ringing,5,Abel
1609350,4,automated-ringing,6,Abel
1609350,5,automated-ringing,7,Abel
1609350,6,automated-ringing,8,Abel
1609350,7,simulated-sound,,
1417498,0,automated-ringing,1,Abel
1417498,1,automated-ringing,2,Abel
1417498,2,automated-ringing,3,Abel
1417498,3,automated-ringing,4,Abel
1417498,4,automated-ringing,5,Abel
1417498,5,automated-ringing,6,Abel
1417498,6,automated-ringing,7,Abel
1417498,7,automated-ringing,8,Abel
1417498,8,automated-ringing,9,Abel
1417498,9,automated-ringing,10,Abel
1417498,10,simulated-sound,,
1417452,0,simulated-sound,,
1419467,0,simulated-sound,,
1417552,0,simulated-sound,,
1417859,0,simulated-sound,,
1417533,0,simulated-sound,,
1417524,0,simulated-sound,,
1417526,0,simulated-sound,,
1417528,0,simulated-sound,,
1417503,0,simulated-sound,,
1417460,0,simulated-sound,,
1417451,0,simulated-sound,,
1428309,0,simulated-sound,,Performed on a virtual ringing platform.
1428350,0,simulated-sound,,Performed on a virtual ringing platform.
1428320,0,simulated-sound,,Performed on a virtual ringing platform.
1428320,1,first-quarter,3,
1428320,2,first-quarter,4,
1428336,0,simulated-sound,,Performed on a virtual ringing platform.
1428327,0,simulated-sound,,Performed on a virtual ringing platform.
1428286,0,simulated-sound,,Performed on a virtual ringing platform.
1428585,0,simulated-sound,,Performed on a virtual ringing platform.
1428490,0,simulated-sound,,Performed on a virtual ringing platform.
1428489,0,simulated-sound,,Performed on a virtual ringing platform.
1428488,0,simulated-sound,,Performed on a virtual ringing platform.
1428328,0,simulated-sound,,
1428321,0,first-quarter,6,
1428208,0,simulated-sound,,Performed on a virtual ringing platform.
1428136,0,simulated-sound,,Performed on a virtual ringing platform.
1428401,0,simulated-sound,,Performed on a virtual ringing platform.
1428226,0,simulated-sound,,Performed on a virtual ringing platform.
1933721,0,simulated-sound,,Performed on a virtual ringing platform.
1445121,0,simulated-sound,,Performed on a virtual ringing platform.
1428222,0,automated-ringing,2,Wheatley
1428222,1,automated-ringing,3,Wheatley
1428222,2,automated-ringing,4,Wheatley
1428222,3,automated-ringing,5,Wheatley
1428222,4,automated-ringing,6,Wheatley
1428222,5,simulated-sound,,Performed on a virtual ringing platform.
1428150,0,simulated-sound,,Performed on a virtual ringing platform.
1428190,0,simulated-sound,,Performed on a virtual ringing platform.
1428134,0,simulated-sound,,Performed on a virtual ringing platform.
1446352,0,simulated-sound,,Performed on a virtual ringing platform.
1428197,0,simulated-sound,,Performed on a virtual ringing platform.
1428271,0,simulated-sound,,Performed on a virtual ringing platform.
1428138,0,simulated-sound,,Performed on a virtual ringing platform.
1428135,0,simulated-sound,,Performed on a virtual ringing platform.
1428346,0,simulated-sound,,Performed on a virtual ringing platform.
1609358,0,automated-ringing,2,Abel
1609358,1,automated-ringing,3,Abel
1609358,2,automated-ringing,4,Abel
1609358,3,automated-ringing,5,Abel
1609358,4,automated-ringing,6,Abel
1609358,5,automated-ringing,7,Abel
1609358,6,automated-ringing,8,Abel
1609358,7,simulated-sound,,
1428077,0,automated-ringing,1,Abel
1428077,1,automated-ringing,2,Abel
1428077,2,automated-ringing,3,Abel
1428077,3,automated-ringing,4,Abel
1428077,4,automated-ringing,5,Abel
1428077,5,automated-ringing,6,Abel
1428077,6,simulated-sound,,
1428047,0,simulated-sound,,Performed on a virtual ringing platform.
1445120,0,simulated-sound,,Performed on a virtual ringing platform.
1428051,0,simulated-sound,,Performed on a virtual ringing platform.
1427971,0,simulated-sound,,Performed on a virtual ringing platform.
1428038,0,simulated-sound,,Performed on a virtual ringing platform.
1428067,0,simulated-sound,,Performed on a virtual ringing platform.
1428072,0,simulated-sound,,Performed on a virtual ringing platform.
1427974,0,simulated-sound,,Performed on a virtual ringing platform.
1427944,0,simulated-sound,,Performed on a virtual ringing platform.
1427953,0,simulated-sound,,Performed on a virtual ringing platform.
1427952,0,simulated-sound,,Performed on a virtual ringing platform.
1427879,0,simulated-sound,,Performed on a virtual ringing platform.
1427951,0,simulated-sound,,Performed on a virtual ringing platform.
1427880,0,simulated-sound,,Performed on a virtual ringing platform.
1451066,0,automated-ringing,1,Abel
1451066,1,automated-ringing,3,Abel
1451066,2,automated-ringing,4,Abel
1451066,3,automated-ringing,5,Abel
1451066,4,automated-ringing,6,Abel
1451066,5,automated-ringing,7,Abel
1451066,6,automated-ringing,8,Abel
1451066,7,automated-ringing,9,Abel
1451066,8,automated-ringing,10,Abel
1451066,9,simulated-sound,,
1896046,0,automated-ringing,1,Wheatley
1896046,1,automated-ringing,2,Wheatley
1896046,2,automated-ringing,3,Wheatley
1896046,3,automated-ringing,4,Wheatley
1896046,4,automated-ringing,5,Wheatley
1896046,5,automated-ringing,7,Wheatley
1896046,6,simulated-sound,,Performed on a virtual ringing platform.
1427942,0,simulated-sound,,Performed on a virtual ringing platform.
1427942,1,first-quarter,6,
1427909,0,automated-ringing,1,Wheatley
1427909,1,automated-ringing,2,Wheatley
1427909,2,automated-ringing,3,Wheatley
1427909,3,automated-ringing,4,Wheatley
1427909,4,automated-ringing,6,Wheatley
1427909,5,simulated-sound,,Performed on a virtual ringing platform.
1427955,0,simulated-sound,,Performed on a virtual ringing platform.
1427911,0,simulated-sound,,Performed on a virtual ringing platform.
1445119,0,simulated-sound,,Performed on a virtual ringing platform.
1427969,0,simulated-sound,,Performed on a virtual ringing platform.
1427864,0,simulated-sound,,Performed on a virtual ringing platform.
1427922,0,simulated-sound,,Performed on a virtual ringing platform.
1427877,0,simulated-sound,,Performed on a virtual ringing platform.
1427916,0,simulated-sound,,Performed on a virtual ringing platform.
1427933,0,simulated-sound,,Performed on a virtual ringing platform.
1427875,0,simulated-sound,,Performed on a virtual ringing platform.
1435412,0,simulated-sound,,Performed on a virtual ringing platform.
1427949,0,simulated-sound,,Performed on a virtual ringing platform.
1427934,0,simulated-sound,,
1427934,1,first-quarter,6,
1427957,0,automated-ringing,1,Wheatley
1427957,1,automated-ringing,2,Wheatley
1427957,2,automated-ringing,3,Wheatley
1427957,3,automated-ringing,4,Wheatley
1427957,4,automated-ringing,5,Wheatley
1427957,5,automated-ringing,7,Wheatley
1427957,6,automated-ringing,8,Wheatley
1427957,7,automated-ringing,9,Wheatley
1427957,8,simulated-sound,,Performed on a virtual ringing platform.
1427813,0,simulated-sound,,Performed on a virtual ringing platform.
1427699,0,simulated-sound,,Performed on a virtual ringing platform.
1427554,0,simulated-sound,,Performed on a virtual ringing platform.
1427678,0,simulated-sound,,Performed on a virtual ringing platform.
1427738,0,simulated-sound,,Performed on a virtual ringing platform.
1427563,0,automated-ringing,3,Wheatley
1427563,1,automated-ringing,4,Wheatley
1427563,2,automated-ringing,5,Wheatley
1427563,3,automated-ringing,6,Wheatley
1427563,4,simulated-sound,,Performed on a virtual ringing platform.
1427553,0,simulated-sound,,Performed on a virtual ringing platform.
1427851,0,simulated-sound,,Performed on a virtual ringing platform.
1427765,0,simulated-sound,,Performed on a virtual ringing platform.
1427555,0,simulated-sound,,Performed on a virtual ringing platform.
1427679,0,automated-ringing,1,Abel
1427679,1,automated-ringing,2,Abel
1427679,2,automated-ringing,3,Abel
1427679,3,automated-ringing,4,Abel
1427679,4,automated-ringing,5,Abel
1427679,5,automated-ringing,6,Abel
1427679,6,automated-ringing,7,Abel
1427679,7,automated-ringing,8,Abel
1427679,8,automated-ringing,9,Abel
1427679,9,simulated-sound,,
1451129,0,automated-ringing,1,Abel
1451129,1,automated-ringing,2,Abel
1451129,2,automated-ringing,3,Abel
1451129,3,automated-ringing,4,Abel
1451129,4,simulated-sound,,
1427326,0,simulated-sound,,Performed on a virtual ringing platform.
1427323,0,simulated-sound,,Performed on a virtual ringing platform.
1427320,0,simulated-sound,,Performed on a virtual ringing platform.
1427309,0,simulated-sound,,Performed on a virtual ringing platform.
1427290,0,simulated-sound,,Performed on a virtual ringing platform.
1427289,0,simulated-sound,,Performed on a virtual ringing platform.
1427286,0,simulated-sound,,Performed on a virtual ringing platform.
1427270,0,simulated-sound,,Performed on a virtual ringing platform.
1427269,0,simulated-sound,,Performed on a virtual ringing platform.
1427946,0,simulated-sound,,Performed on a virtual ringing platform.
1427943,0,simulated-sound,,Performed on a virtual ringing platform.
1427259,0,simulated-sound,,Performed on a virtual ringing platform.
1427904,0,simulated-sound,,Performed on a virtual ringing platform.
1427532,0,simulated-sound,,Performed on a virtual ringing platform.
1427532,1,first-quarter,7,
1427532,2,first-quarter,8,
1427311,0,simulated-sound,,Performed on a virtual ringing platform.
1427274,0,simulated-sound,,Performed on a virtual ringing platform.
1427295,0,simulated-sound,,Performed on a virtual ringing platform.
1427300,0,simulated-sound,,Performed on a virtual ringing platform.
1427288,0,simulated-sound,,Performed on a virtual ringing platform.
1427244,0,simulated-sound,,Performed on a virtual ringing platform.
1427535,0,simulated-sound,,Performed on a virtual ringing platform.
1427948,0,simulated-sound,,Performed on a virtual ringing platform.
1427947,0,simulated-sound,,Performed on a virtual ringing platform.
1427166,0,simulated-sound,,Performed on a virtual ringing platform.
1427188,0,simulated-sound,,Performed on a virtual ringing platform.
1427907,0,automated-ringing,1,Abel
1427907,1,automated-ringing,2,Abel
1427907,2,automated-ringing,3,Abel
1427907,3,automated-ringing,4,Abel
1427907,4,automated-ringing,5,Abel
1427907,5,automated-ringing,6,Abel
1427907,6,automated-ringing,7,Abel
1427907,7,automated-ringing,8,Abel
1427907,8,simulated-sound,,
1428502,0,simulated-sound,,Performed on a virtual ringing platform.
1427414,0,automated-ringing,1,Wheatley
1427414,1,automated-ringing,5,Wheatley
1427414,2,simulated-sound,,Performed on a virtual ringing platform.
1427186,0,simulated-sound,,Performed on a virtual ringing platform.
1427080,0,simulated-sound,,Performed on a virtual ringing platform.
1427113,0,simulated-sound,,Performed on a virtual ringing platform.
1427078,0,simulated-sound,,Performed on a virtual ringing platform.
1427219,0,simulated-sound,,Performed on a virtual ringing platform.
1427030,0,simulated-sound,,Performed on a virtual ringing platform.
1427149,0,simulated-sound,,Performed on a virtual ringing platform.
1427100,0,simulated-sound,,Performed on a virtual ringing platform.
1426885,0,simulated-sound,,Performed on a virtual ringing platform.
1426988,0,simulated-sound,,Performed on a virtual ringing platform.
1445118,0,simulated-sound,,Performed on a virtual ringing platform.
1426937,0,simulated-sound,,Performed on a virtual ringing platform.
1426914,0,simulated-sound,,Performed on a virtual ringing platform.
1427040,0,simulated-sound,,Performed on a virtual ringing platform.
1427011,0,simulated-sound,,Performed on a virtual ringing platform.
1426939,0,simulated-sound,,Performed on a virtual ringing platform.
1426999,0,simulated-sound,,Performed on a virtual ringing platform.
1426955,0,simulated-sound,,Performed on a virtual ringing platform.
1426893,0,simulated-sound,,Performed on a virtual ringing platform.
1427033,0,simulated-sound,,Performed on a virtual ringing platform.
1427032,0,simulated-sound,,Performed on a virtual ringing platform.
1427031,0,simulated-sound,,Performed on a virtual ringing platform.
1426874,0,simulated-sound,,Performed on a virtual ringing platform.
1426761,0,simulated-sound,,Performed on a virtual ringing platform.
1755414,0,simulated-sound,,Performed on a virtual ringing platform.
1426792,0,simulated-sound,,Performed on a virtual ringing platform.
1426480,0,simulated-sound,,Performed on a virtual ringing platform.
1426600,0,simulated-sound,,Performed on a virtual ringing platform.
1426899,0,simulated-sound,,Performed on a virtual ringing platform.
1426790,0,simulated-sound,,Performed on a virtual ringing platform.
1426653,0,simulated-sound,,Performed on a virtual ringing platform.
1426262,0,simulated-sound,,Performed on a virtual ringing platform.
1426798,0,automated-ringing,3,Wheatley
1426798,1,automated-ringing,4,Wheatley
1426798,2,simulated-sound,,Performed on a virtual ringing platform.
1450200,0,simulated-sound,,Performed on a virtual ringing platform.
1450200,1,false,,Incomplete performance.
1428075,0,simulated-sound,,Performed on a virtual ringing platform.
1426305,0,simulated-sound,,
1426789,0,simulated-sound,,Performed on a virtual ringing platform.
1426445,0,simulated-sound,,Performed on a virtual ringing platform.
1426092,0,automated-ringing,1,Abel
1426092,1,automated-ringing,2,Abel
1426092,2,automated-ringing,3,Abel
1426092,3,automated-ringing,4,Abel
1426092,4,automated-ringing,5,Abel
1426092,5,automated-ringing,6,Abel
1426092,6,automated-ringing,7,Abel
1426092,7,automated-ringing,8,Abel
1426092,8,automated-ringing,10,Abel
1426092,9,simulated-sound,,
1425971,0,simulated-sound,,Performed on a virtual ringing platform.
1426148,0,simulated-sound,,Performed on a virtual ringing platform.
1426153,0,simulated-sound,,Performed on a virtual ringing platform.
1609357,0,automated-ringing,2,Abel
1609357,1,automated-ringing,3,Abel
1609357,2,automated-ringing,4,Abel
1609357,3,automated-ringing,5,Abel
1609357,4,automated-ringing,6,Abel
1609357,5,automated-ringing,7,Abel
1609357,6,automated-ringing,8,Abel
1609357,7,simulated-sound,,
1425993,0,simulated-sound,,Performed on a virtual ringing platform.
1425970,0,simulated-sound,,Performed on a virtual ringing platform.
1426096,0,simulated-sound,,Performed on a virtual ringing platform.
1425919,0,automated-ringing,1,Wheatley
1425919,1,automated-ringing,2,Wheatley
1425919,2,automated-ringing,3,Wheatley
1425919,3,automated-ringing,4,Wheatley
1425919,4,automated-ringing,5,Wheatley
1425919,5,simulated-sound,,Performed on a virtual ringing platform.
1426105,0,simulated-sound,,Performed on a virtual ringing platform.
1426098,0,simulated-sound,,Performed on a virtual ringing platform.
1425988,0,simulated-sound,,Performed on a virtual ringing platform.
1426048,0,simulated-sound,,Performed on a virtual ringing platform.
1425992,0,simulated-sound,,Performed on a virtual ringing platform.
1425995,0,simulated-sound,,Performed on a virtual ringing platform.
1426058,0,simulated-sound,,Performed on a virtual ringing platform.
1441839,0,simulated-sound,,
1562728,0,simulated-sound,,Performed on a virtual ringing platform.
1425972,0,simulated-sound,,Performed on a virtual ringing platform.
1453817,0,automated-ringing,1,Abel
1453817,1,automated-ringing,2,Abel
1453817,2,automated-ringing,4,Abel
1453817,3,automated-ringing,5,Abel
1453817,4,automated-ringing,6,Abel
1453817,5,simulated-sound,,
1425832,0,simulated-sound,,Performed on a virtual ringing platform.
1425864,0,simulated-sound,,Performed on a virtual ringing platform.
1425865,0,simulated-sound,,Performed on a virtual ringing platform.
1451065,0,automated-ringing,1,Abel
1451065,1,automated-ringing,3,Abel
1451065,2,automated-ringing,4,Abel
1451065,3,automated-ringing,5,Abel
1451065,4,automated-ringing,6,Abel
1451065,5,automated-ringing,7,Abel
1451065,6,automated-ringing,8,Abel
1451065,7,simulated-sound,,
1425831,0,automated-ringing,1,Abel
1425831,1,automated-ringing,2,Abel
1425831,2,automated-ringing,3,Abel
1425831,3,automated-ringing,4,Abel
1425831,4,automated-ringing,5,Abel
1425831,5,automated-ringing,6,Abel
1425831,6,automated-ringing,7,Abel
1425831,7,automated-ringing,8,Abel
1425831,8,simulated-sound,,
1425830,0,simulated-sound,,Performed on a virtual ringing platform.
1425796,0,simulated-sound,,Performed on a virtual ringing platform.
1425947,0,simulated-sound,,Performed on a virtual ringing platform.
1425836,0,simulated-sound,,Performed on a virtual ringing platform.
1426214,0,automated-ringing,1,Wheatley
1426214,1,automated-ringing,2,Wheatley
1426214,2,automated-ringing,3,Wheatley
1426214,3,automated-ringing,4,Wheatley
1426214,4,automated-ringing,5,Wheatley
1426214,5,automated-ringing,6,Wheatley
1426214,6,automated-ringing,7,Wheatley
1426214,7,simulated-sound,,Performed on a virtual ringing platform.
1425879,0,automated-ringing,1,Wheatley
1425879,1,automated-ringing,6,Wheatley
1425879,2,simulated-sound,,Performed on a virtual ringing platform.
1425763,0,automated-ringing,1,Wheatley
1425763,1,automated-ringing,2,Wheatley
1425763,2,automated-ringing,3,Wheatley
1425763,3,automated-ringing,4,Wheatley
1425763,4,automated-ringing,5,Wheatley
1425763,5,automated-ringing,6,Wheatley
1425763,6,automated-ringing,7,Wheatley
1425763,7,simulated-sound,,Performed on a virtual ringing platform.
1425824,0,simulated-sound,,Performed on a virtual ringing platform.
1425872,0,simulated-sound,,Performed on a virtual ringing platform.
1425776,0,simulated-sound,,Performed on a virtual ringing platform.
1425886,0,simulated-sound,,Performed on a virtual ringing platform.
1425828,0,simulated-sound,,Performed on a virtual ringing platform.
1425782,0,simulated-sound,,Performed on a virtual ringing platform.
1425812,0,simulated-sound,,Performed on a virtual ringing platform.
1425819,0,simulated-sound,,Performed on a virtual ringing platform.
1425842,0,simulated-sound,,Performed on a virtual ringing platform.
1425918,0,simulated-sound,,Performed on a virtual ringing platform.
1425866,0,simulated-sound,,Performed on a virtual ringing platform.
1425888,0,automated-ringing,1,Abel
1425888,1,automated-ringing,2,Abel
1425888,2,automated-ringing,3,Abel
1425888,3,automated-ringing,4,Abel
1425888,4,automated-ringing,5,Abel
1425888,5,automated-ringing,6,Abel
1425888,6,simulated-sound,,
1425811,0,simulated-sound,,Performed on a virtual ringing platform.
1425741,0,simulated-sound,,Performed on a virtual ringing platform.
1425655,0,simulated-sound,,Performed on a virtual ringing platform.
1425617,0,simulated-sound,,Performed on a virtual ringing platform.
1425567,0,simulated-sound,,Performed on a virtual ringing platform.
1425562,0,simulated-sound,,Performed on a virtual ringing platform.
1425560,0,simulated-sound,,Performed on a virtual ringing platform.
1425578,0,simulated-sound,,Performed on a virtual ringing platform.
1426593,0,simulated-sound,,Performed on a virtual ringing platform.
1425757,0,simulated-sound,,Performed on a virtual ringing platform.
1425762,0,simulated-sound,,
1426270,0,automated-ringing,1,Abel
1426270,1,automated-ringing,2,Abel
1426270,2,automated-ringing,4,Abel
1426270,3,automated-ringing,5,Abel
1426270,4,automated-ringing,6,Abel
1426270,5,automated-ringing,7,Abel
1426270,6,automated-ringing,8,Abel
1426270,7,simulated-sound,,
1425410,0,simulated-sound,,Performed on a virtual ringing platform.
1425457,0,simulated-sound,,Performed on a virtual ringing platform.
1425441,0,simulated-sound,,Performed on a virtual ringing platform.
1425438,0,simulated-sound,,Performed on a virtual ringing platform.
1425405,0,simulated-sound,,Performed on a virtual ringing platform.
1425458,0,simulated-sound,,Performed on a virtual ringing platform.
1425526,0,simulated-sound,,Performed on a virtual ringing platform.
1425413,0,simulated-sound,,Performed on a virtual ringing platform.
1425408,0,simulated-sound,,Performed on a virtual ringing platform.
1425411,0,simulated-sound,,Performed on a virtual ringing platform.
1425459,0,simulated-sound,,Performed on a virtual ringing platform.
1425787,0,simulated-sound,,
1425406,0,simulated-sound,,Performed on a virtual ringing platform.
1425294,0,simulated-sound,,Performed on a virtual ringing platform.
1425347,0,simulated-sound,,Performed on a virtual ringing platform.
1451128,0,automated-ringing,1,Abel
1451128,1,automated-ringing,2,Abel
1451128,2,automated-ringing,3,Abel
1451128,3,automated-ringing,4,Abel
1451128,4,automated-ringing,5,Abel
1451128,5,simulated-sound,,
1425339,0,simulated-sound,,Performed on a virtual ringing platform.
1425351,0,simulated-sound,,Performed on a virtual ringing platform.
1425345,0,simulated-sound,,Performed on a virtual ringing platform.
1427081,0,simulated-sound,,Performed on a virtual ringing platform.
1425361,0,simulated-sound,,Performed on a virtual ringing platform.
1425321,0,automated-ringing,1,Wheatley
1425321,1,automated-ringing,2,Wheatley
1425321,2,automated-ringing,3,Wheatley
1425321,3,automated-ringing,4,Wheatley
1425321,4,automated-ringing,5,Wheatley
1425321,5,automated-ringing,6,Wheatley
1425321,6,simulated-sound,,Performed on a virtual ringing platform.
1427004,0,simulated-sound,,Performed on a virtual ringing platform.
1425315,0,automated-ringing,3,Wheatley
1425315,1,automated-ringing,4,Wheatley
1425315,2,automated-ringing,6,Wheatley
1425315,3,simulated-sound,,Performed on a virtual ringing platform.
1425301,0,simulated-sound,,Performed on a virtual ringing platform.
1441842,0,simulated-sound,,
1425327,0,simulated-sound,,Performed on a virtual ringing platform.
1425326,0,automated-ringing,5,Wheatley
1425326,1,simulated-sound,,Performed on a virtual ringing platform.
1425237,0,automated-ringing,,
1425237,1,simulated-sound,,
1425284,0,simulated-sound,,Performed on a virtual ringing platform.
1425283,0,simulated-sound,,Performed on a virtual ringing platform.
1425228,0,simulated-sound,,Performed on a virtual ringing platform.
1425282,0,simulated-sound,,Performed on a virtual ringing platform.
1425259,0,simulated-sound,,Performed on a virtual ringing platform.
1425287,0,simulated-sound,,Performed on a virtual ringing platform.
1425224,0,simulated-sound,,Performed on a virtual ringing platform.
1425238,0,simulated-sound,,Performed on a virtual ringing platform.
1425232,0,simulated-sound,,Performed on a virtual ringing platform.
1425813,0,simulated-sound,,Performed on a virtual ringing platform.
1425260,0,simulated-sound,,
1425821,0,simulated-sound,,Performed on a virtual ringing platform.
1425211,0,simulated-sound,,Performed on a virtual ringing platform.
1425212,0,simulated-sound,,Performed on a virtual ringing platform.
1425187,0,simulated-sound,,Performed on a virtual ringing platform.
1425184,0,automated-ringing,3,Wheatley
1425184,1,automated-ringing,4,Wheatley
1425184,2,automated-ringing,5,Wheatley
1425184,3,automated-ringing,6,Wheatley
1425184,4,simulated-sound,,Performed on a virtual ringing platform.
1425207,0,simulated-sound,,Performed on a virtual ringing platform.
1425155,0,simulated-sound,,Performed on a virtual ringing platform.
1425018,0,simulated-sound,,Performed on a virtual ringing platform.
1425038,0,simulated-sound,,Performed on a virtual ringing platform.
1425174,0,simulated-sound,,Performed on a virtual ringing platform.
1425221,0,simulated-sound,,Performed on a virtual ringing platform.
1425110,0,simulated-sound,,Performed on a virtual ringing platform.
1425229,0,automated-ringing,1,Wheatley
1425229,1,simulated-sound,,
1424992,0,automated-ringing,3,Beltower
1424992,1,automated-ringing,4,Beltower
1424992,2,simulated-sound,,
1424984,0,simulated-sound,,Performed on a virtual ringing platform.
1424987,0,simulated-sound,,Performed on a virtual ringing platform.
1424995,0,simulated-sound,,Performed on a virtual ringing platform.
1609356,0,automated-ringing,2,Abel
1609356,1,automated-ringing,3,Abel
1609356,2,automated-ringing,4,Abel
1609356,3,automated-ringing,5,Abel
1609356,4,automated-ringing,6,Abel
1609356,5,automated-ringing,7,Abel
1609356,6,automated-ringing,8,Abel
1609356,7,simulated-sound,,
1424988,0,automated-ringing,1,Abel
1424988,1,automated-ringing,2,Abel
1424988,2,automated-ringing,3,Abel
1424988,3,automated-ringing,4,Abel
1424988,4,automated-ringing,5,Abel
1424988,5,automated-ringing,6,Abel
1424988,6,simulated-sound,,
1424952,0,simulated-sound,,Performed on a virtual ringing platform.
1425198,0,simulated-sound,,Performed on a virtual ringing platform.
1424966,0,simulated-sound,,Performed on a virtual ringing platform.
1424982,0,simulated-sound,,Performed on a virtual ringing platform.
1445117,0,simulated-sound,,Performed on a virtual ringing platform.
1424912,0,simulated-sound,,Performed on a virtual ringing platform.
1436838,0,simulated-sound,,Performed on a virtual ringing platform.
1424960,0,simulated-sound,,Performed on a virtual ringing platform.
1424977,0,simulated-sound,,Performed on a virtual ringing platform.
1425028,0,simulated-sound,,Performed on a virtual ringing platform.
1424821,0,simulated-sound,,Performed on a virtual ringing platform.
1424833,0,simulated-sound,,Performed on a virtual ringing platform.
1424796,0,simulated-sound,,Performed on a virtual ringing platform.
1424783,0,simulated-sound,,Performed on a virtual ringing platform.
1424630,0,simulated-sound,,Performed on a virtual ringing platform.
1424910,0,simulated-sound,,Performed on a virtual ringing platform.
1424846,0,simulated-sound,,Performed on a virtual ringing platform.
1425007,0,simulated-sound,,Performed on a virtual ringing platform.
1449014,0,simulated-sound,,Performed on a virtual ringing platform.
1424888,0,simulated-sound,,Performed on a virtual ringing platform.
1424809,0,simulated-sound,,Performed on a virtual ringing platform.
1424662,0,simulated-sound,,Performed on a virtual ringing platform.
1424906,0,simulated-sound,,Performed on a virtual ringing platform.
1424814,0,simulated-sound,,Performed on a virtual ringing platform.
1424654,0,automated-ringing,1,Wheatley
1424654,1,automated-ringing,2,Wheatley
1424654,2,automated-ringing,3,Wheatley
1424654,3,automated-ringing,4,Wheatley
1424654,4,automated-ringing,5,Wheatley
1424654,5,simulated-sound,,
1424627,0,simulated-sound,,
1424474,0,simulated-sound,,Performed on a virtual ringing platform.
1424540,0,automated-ringing,1,Abel
1424540,1,automated-ringing,2,Abel
1424540,2,automated-ringing,3,Abel
1424540,3,automated-ringing,4,Abel
1424540,4,automated-ringing,5,Abel
1424540,5,automated-ringing,6,Abel
1424540,6,simulated-sound,,
1424551,0,simulated-sound,,Performed on a virtual ringing platform.
1424473,0,simulated-sound,,Performed on a virtual ringing platform.
1424520,0,simulated-sound,,Performed on a virtual ringing platform.
1424527,0,simulated-sound,,Performed on a virtual ringing platform.
1424490,0,simulated-sound,,
1424475,0,simulated-sound,,Performed on a virtual ringing platform.
1424467,0,simulated-sound,,Performed on a virtual ringing platform.
1424458,0,simulated-sound,,Performed on a virtual ringing platform.
1425167,0,simulated-sound,,Performed on a virtual ringing platform.
1424440,0,simulated-sound,,Performed on a virtual ringing platform.
1424552,0,simulated-sound,,Performed on a virtual ringing platform.
1424534,0,simulated-sound,,Performed on a virtual ringing platform.
1424396,0,simulated-sound,,Performed on a virtual ringing platform.
1424356,0,automated-ringing,1,Wheatley
1424356,1,automated-ringing,2,Wheatley
1424356,2,automated-ringing,3,Wheatley
1424356,3,automated-ringing,4,Wheatley
1424356,4,automated-ringing,5,Wheatley
1424356,5,automated-ringing,8,Wheatley
1424356,6,simulated-sound,,Performed on a virtual ringing platform.
1424370,0,simulated-sound,,Performed on a virtual ringing platform.
1773600,0,simulated-sound,,Performed on a virtual ringing platform.
1424339,0,simulated-sound,,Performed on a virtual ringing platform.
1424337,0,simulated-sound,,Performed on a virtual ringing platform.
1424335,0,simulated-sound,,Performed on a virtual ringing platform
1455869,0,simulated-sound,,
1426953,0,simulated-sound,,Performed on a virtual ringing platform.
1468857,0,simulated-sound,,Performed on a virtual ringing platform.
1424302,0,simulated-sound,,Performed on a virtual ringing platform.
1424243,0,simulated-sound,,Performed on a virtual ringing platform.
1424277,0,simulated-sound,,Performed on a virtual ringing platform.
1424271,0,simulated-sound,,Performed on a virtual ringing platform.
1424291,0,simulated-sound,,Performed on a virtual ringing platform.
1424232,0,automated-ringing,1,
1424232,1,automated-ringing,2,
1424232,2,automated-ringing,3,
1424232,3,automated-ringing,4,
1424232,4,automated-ringing,5,
1424232,5,automated-ringing,6,
1424232,6,simulated-sound,,Performed on a virtual ringing platform.
1424301,0,simulated-sound,,
1424340,0,simulated-sound,,Performed on a virtual ringing platform.
1424260,0,simulated-sound,,Performed on a virtual ringing platform.
1843496,0,simulated-sound,,Performed on a virtual ringing platform.
1424231,0,simulated-sound,,Performed on a virtual ringing platform.
1453816,0,automated-ringing,1,Abel
1453816,1,automated-ringing,2,Abel
1453816,2,automated-ringing,3,Abel
1453816,3,automated-ringing,4,Abel
1453816,4,automated-ringing,6,Abel
1453816,5,simulated-sound,,
1424122,0,automated-ringing,1,Abel
1424122,1,automated-ringing,2,Abel
1424122,2,automated-ringing,3,Abel
1424122,3,automated-ringing,4,Abel
1424122,4,automated-ringing,5,Abel
1424122,5,automated-ringing,6,Abel
1424122,6,simulated-sound,,
1424127,0,automated-ringing,1,Wheatley
1424127,1,automated-ringing,8,Wheatley
1424127,2,simulated-sound,,Performed on a virtual ringing platform.
1427567,0,simulated-sound,,Performed on a virtual ringing platform.
1424098,0,simulated-sound,,Performed on a virtual ringing platform.
1858997,0,simulated-sound,,Performed on a virtual ringing platform.
1424172,0,simulated-sound,,Performed on a virtual ringing platform.
1424298,0,simulated-sound,,Performed on a virtual ringing platform.
1424169,0,simulated-sound,,Performed on a virtual ringing platform.
1424125,0,simulated-sound,,Performed on a virtual ringing platform.
1423938,0,simulated-sound,,Performed on a virtual ringing platform.
1450658,0,automated-ringing,,
1450658,1,simulated-sound,,
1451126,0,automated-ringing,1,Abel
1451126,1,automated-ringing,3,Abel
1451126,2,automated-ringing,4,Abel
1451126,3,automated-ringing,5,Abel
1451126,4,simulated-sound,,
1423987,0,simulated-sound,,Performed on a virtual ringing platform.
1423958,0,simulated-sound,,Performed on a virtual ringing platform.
1933719,0,simulated-sound,,Performed on a virtual ringing platform.
1445114,0,simulated-sound,,
1423937,0,simulated-sound,,Performed on a virtual ringing platform.
1423916,0,simulated-sound,,Performed on a virtual ringing platform.
1423918,0,simulated-sound,,Performed on a virtual ringing platform.
1423940,0,simulated-sound,,Performed on a virtual ringing platform.
1423842,0,simulated-sound,,Performed on a virtual ringing platform.
1424071,0,simulated-sound,,Performed on a virtual ringing platform.
1425078,0,simulated-sound,,Performed on a virtual ringing platform.
1425074,0,simulated-sound,,Performed on a virtual ringing platform.
1425071,0,simulated-sound,,Performed on a virtual ringing platform.
1425070,0,simulated-sound,,Performed on a virtual ringing platform.
1423922,0,simulated-sound,,Performed on a virtual ringing platform.
1423815,0,simulated-sound,,Performed on a virtual ringing platform.
1423812,0,simulated-sound,,Performed on a virtual ringing platform.
1609355,0,automated-ringing,2,Abel
1609355,1,automated-ringing,3,Abel
1609355,2,automated-ringing,4,Abel
1609355,3,automated-ringing,5,Abel
1609355,4,automated-ringing,6,Abel
1609355,5,automated-ringing,7,Abel
1609355,6,automated-ringing,8,Abel
1609355,7,simulated-sound,,
1451064,0,automated-ringing,1,Abel
1451064,1,automated-ringing,2,Abel
1451064,2,automated-ringing,3,Abel
1451064,3,automated-ringing,4,Abel
1451064,4,automated-ringing,5,Abel
1451064,5,automated-ringing,6,Abel
1451064,6,automated-ringing,7,Abel
1451064,7,automated-ringing,8,Abel
1451064,8,automated-ringing,9,Abel
1451064,9,automated-ringing,10,Abel
1451064,10,automated-ringing,11,Abel
1451064,11,automated-ringing,12,Abel
1451064,12,automated-ringing,14,Abel
1451064,13,simulated-sound,,
1423711,0,automated-ringing,1,Abel
1423711,1,automated-ringing,2,Abel
1423711,2,automated-ringing,3,Abel
1423711,3,automated-ringing,4,Abel
1423711,4,automated-ringing,5,Abel
1423711,5,automated-ringing,6,Abel
1423711,6,simulated-sound,,
1423746,0,simulated-sound,,Performed on a virtual ringing platform.
1445113,0,simulated-sound,,
1423743,0,simulated-sound,,Performed on a virtual ringing platform.
1423821,0,simulated-sound,,Performed on a virtual ringing platform.
1423712,0,simulated-sound,,Performed on a virtual ringing platform.
1423955,0,simulated-sound,,Performed on a virtual ringing platform.
1423549,0,simulated-sound,,Performed on a virtual ringing platform.
1423775,0,simulated-sound,,Performed on a virtual ringing platform.
1423647,0,simulated-sound,,Performed on a virtual ringing platform.
1423543,0,simulated-sound,,Performed on a virtual ringing platform.
1423713,0,simulated-sound,,Performed on a virtual ringing platform.
1423811,0,simulated-sound,,Performed on a virtual ringing platform.
1423810,0,simulated-sound,,Performed on a virtual ringing platform.
1423808,0,simulated-sound,,Performed on a virtual ringing platform.
1423742,0,automated-ringing,3,Wheatley
1423742,1,automated-ringing,4,Wheatley
1423742,2,automated-ringing,5,Wheatley
1423742,3,automated-ringing,6,Wheatley
1423742,4,automated-ringing,7,Wheatley
1423742,5,automated-ringing,8,Wheatley
1423742,6,simulated-sound,,Performed on a virtual ringing platform.
1423718,0,simulated-sound,,
1423325,0,simulated-sound,,Performed on a virtual ringing platform.
1423492,0,simulated-sound,,Performed on a virtual ringing platform.
1423493,0,simulated-sound,,Performed on a virtual ringing platform.
1424150,0,automated-ringing,1,Wheatley
1424150,1,automated-ringing,2,Wheatley
1424150,2,automated-ringing,3,Wheatley
1424150,3,automated-ringing,4,Wheatley
1424150,4,automated-ringing,5,Wheatley
1424150,5,automated-ringing,6,Wheatley
1424150,6,automated-ringing,7,Wheatley
1424150,7,simulated-sound,,Performed on a virtual ringing platform.
1423459,0,simulated-sound,,Performed on a virtual ringing platform.
1423323,0,simulated-sound,,Performed on a virtual ringing platform.
1423514,0,simulated-sound,,Performed on a virtual ringing platform.
1423468,0,simulated-sound,,Performed on a virtual ringing platform.
1423484,0,simulated-sound,,Performed on a virtual ringing platform.
1423478,0,simulated-sound,,Performed on a virtual ringing platform.
1423926,0,simulated-sound,,Performed on a virtual ringing platform.
1451063,0,automated-ringing,1,Abel
1451063,1,automated-ringing,2,Abel
1451063,2,automated-ringing,3,Abel
1451063,3,automated-ringing,4,Abel
1451063,4,automated-ringing,5,Abel
1451063,5,automated-ringing,6,Abel
1451063,6,automated-ringing,7,Abel
1451063,7,automated-ringing,8,Abel
1451063,8,automated-ringing,9,Abel
1451063,9,simulated-sound,,
1423271,0,simulated-sound,,Performed on a virtual ringing platform.
1423313,0,simulated-sound,,Performed on a virtual ringing platform.
1423167,0,simulated-sound,,Performed on a virtual ringing platform.
1423307,0,simulated-sound,,Performed on a virtual ringing platform.
1423267,0,automated-ringing,1,Wheatley
1423267,1,automated-ringing,2,Wheatley
1423267,2,automated-ringing,4,Wheatley
1423267,3,automated-ringing,5,Wheatley
1423267,4,automated-ringing,6,Wheatley
1423267,5,automated-ringing,7,Wheatley
1423267,6,automated-ringing,8,Wheatley
1423267,7,automated-ringing,9,Wheatley
1423267,8,simulated-sound,,Performed on a virtual ringing platform.
1773599,0,simulated-sound,,Performed on a virtual ringing platform.
1423250,0,simulated-sound,,Performed on a virtual ringing platform.
1423276,0,simulated-sound,,Performed on a virtual ringing platform.
1423191,0,automated-ringing,3,Wheatley
1423191,1,automated-ringing,4,Wheatley
1423191,2,automated-ringing,5,Wheatley
1423191,3,automated-ringing,6,Wheatley
1423191,4,simulated-sound,,Performed on a virtual ringing platform.
1423111,0,automated-ringing,2,Abel
1423111,1,automated-ringing,3,Abel
1423111,2,automated-ringing,4,Abel
1423111,3,automated-ringing,6,Abel
1423111,4,automated-ringing,7,Abel
1423111,5,automated-ringing,8,Abel
1423111,6,simulated-sound,,
1423124,0,automated-ringing,1,Abel
1423124,1,automated-ringing,2,Abel
1423124,2,automated-ringing,3,Abel
1423124,3,automated-ringing,4,Abel
1423124,4,automated-ringing,5,Abel
1423124,5,automated-ringing,6,Abel
1423124,6,simulated-sound,,
1423125,0,simulated-sound,,Performed on a virtual ringing platform.
1423150,0,simulated-sound,,Performed on a virtual ringing platform.
1449015,0,simulated-sound,,Performed on a virtual ringing platform.
1423090,0,simulated-sound,,Performed on a virtual ringing platform.
1423154,0,simulated-sound,,Performed on a virtual ringing platform.
1423101,0,simulated-sound,,Performed on a virtual ringing platform.
1423128,0,simulated-sound,,Performed on a virtual ringing platform.
1423115,0,simulated-sound,,Performed on a virtual ringing platform.
1423148,0,simulated-sound,,Performed on a virtual ringing platform.
1423731,0,simulated-sound,,Performed on a virtual ringing platform.
1423728,0,simulated-sound,,Performed on a virtual ringing platform.
1423726,0,simulated-sound,,Performed on a virtual ringing platform.
1423723,0,simulated-sound,,Performed on a virtual ringing platform.
1423094,0,simulated-sound,,Performed on a virtual ringing platform.
1423000,0,simulated-sound,,Performed on a virtual ringing platform.
1422900,0,automated-ringing,2,Abel
1422900,1,automated-ringing,3,Abel
1422900,2,automated-ringing,4,Abel
1422900,3,automated-ringing,5,Abel
1422900,4,automated-ringing,7,Abel
1422900,5,simulated-sound,,
1422992,0,simulated-sound,,Performed on a virtual ringing platform.
1422981,0,simulated-sound,,Performed on a virtual ringing platform.
1422923,0,simulated-sound,,Performed on a virtual ringing platform.
1422899,0,simulated-sound,,Performed on a virtual ringing platform.
1423043,0,simulated-sound,,Performed on a virtual ringing platform.
1422840,0,simulated-sound,,Performed on a virtual ringing platform.
1422964,0,simulated-sound,,Performed on a virtual ringing platform.
1422996,0,simulated-sound,,Performed on a virtual ringing platform.
1422980,0,automated-ringing,1,Wheatley
1422980,1,automated-ringing,3,Wheatley
1422980,2,automated-ringing,4,Wheatley
1422980,3,automated-ringing,6,Wheatley
1422980,4,automated-ringing,7,Wheatley
1422980,5,automated-ringing,8,Wheatley
1422980,6,simulated-sound,,Performed on a virtual ringing platform.
1422653,0,simulated-sound,,Performed on a virtual ringing platform.
1422705,0,simulated-sound,,Performed on a virtual ringing platform.
1422767,0,simulated-sound,,Performed on a virtual ringing platform.
1422743,0,simulated-sound,,Performed on a virtual ringing platform.
1422739,0,automated-ringing,1,Wheatley
1422739,1,automated-ringing,2,Wheatley
1422739,2,automated-ringing,4,Wheatley
1422739,3,automated-ringing,5,Wheatley
1422739,4,automated-ringing,7,Wheatley
1422739,5,simulated-sound,,Performed on a virtual ringing platform.
1422742,0,simulated-sound,,Performed on a virtual ringing platform.
1422732,0,automated-ringing,,
1422732,1,simulated-sound,,Performed on a virtual ringing platform.
1422754,0,simulated-sound,,Performed on a virtual ringing platform.
1422859,0,simulated-sound,,Performed on a virtual ringing platform.
1422858,0,simulated-sound,,Performed on a virtual ringing platform.
1450657,0,automated-ringing,,
1450657,1,simulated-sound,,
1423065,0,simulated-sound,,Performed on a virtual ringing platform.
1460972,0,simulated-sound,,Performed on a virtual ringing platform.
1422548,0,simulated-sound,,Performed on a virtual ringing platform.
1422539,0,simulated-sound,,Performed on a virtual ringing platform.
1422503,0,simulated-sound,,Performed on a virtual ringing platform.
1445112,0,simulated-sound,,
1422458,0,simulated-sound,,Performed on a virtual ringing platform.
1422561,0,simulated-sound,,Performed on a virtual ringing platform.
1422510,0,simulated-sound,,Performed on a virtual ringing platform.
1422517,0,simulated-sound,,Performed on a virtual ringing platform.
1422508,0,simulated-sound,,Performed on a virtual ringing platform.
1422462,0,simulated-sound,,
1422435,0,simulated-sound,,Performed on a virtual ringing platform.
1427834,0,simulated-sound,,Performed on a virtual ringing platform.
1427834,1,first-quarter,6,
1422293,0,simulated-sound,,Performed on a virtual ringing platform.
1609353,0,automated-ringing,2,Abel
1609353,1,automated-ringing,3,Abel
1609353,2,automated-ringing,4,Abel
1609353,3,automated-ringing,5,Abel
1609353,4,automated-ringing,6,Abel
1609353,5,automated-ringing,7,Abel
1609353,6,automated-ringing,8,Abel
1609353,7,simulated-sound,,
1422193,0,simulated-sound,,Performed on a virtual ringing platform.
1422139,0,simulated-sound,,Performed on a virtual ringing platform.
1422236,0,simulated-sound,,Performed on a virtual ringing platform.
1422269,0,simulated-sound,,Performed on a virtual ringing platform.
1422233,0,simulated-sound,,Performed on a virtual ringing platform.
1449016,0,simulated-sound,,Performed on a virtual ringing platform.
1422296,0,simulated-sound,,Performed on a virtual ringing platform.
1422230,0,simulated-sound,,Performed on a virtual ringing platform.
1422248,0,simulated-sound,,Performed on a virtual ringing platform.
1422247,0,simulated-sound,,Performed on a virtual ringing platform.
1422152,0,simulated-sound,,Performed on a virtual ringing platform.
1422515,0,automated-ringing,3,Wheatley
1422515,1,automated-ringing,4,Wheatley
1422515,2,automated-ringing,5,Wheatley
1422515,3,automated-ringing,6,Wheatley
1422515,4,simulated-sound,,Performed on a virtual ringing platform.
1422194,0,simulated-sound,,Performed on a virtual ringing platform.
1599875,0,automated-ringing,1,Wheatley
1599875,1,automated-ringing,3,Wheatley
1599875,2,automated-ringing,4,Wheatley
1599875,3,automated-ringing,5,Wheatley
1599875,4,automated-ringing,6,Wheatley
1599875,5,automated-ringing,7,Wheatley
1599875,6,simulated-sound,,Performed on a virtual ringing platform.
1422203,0,simulated-sound,,Performed on a virtual ringing platform.
1773598,0,simulated-sound,,Performed on a virtual ringing platform.
1422280,0,simulated-sound,,Performed on a virtual ringing platform.
1422121,0,simulated-sound,,performed on a virtual ringing platform.
1440497,0,simulated-sound,,Performed on a virtual ringing platform.
1440516,0,simulated-sound,,Performed on a virtual ringing platform.
1440620,0,simulated-sound,,Performed on a virtual ringing platform.
1440624,0,simulated-sound,,Performed on a virtual ringing platform.
1440604,0,simulated-sound,,Performed on a virtual ringing platform.
1440916,0,simulated-sound,,Performed on a virtual ringing platform.
1440594,0,simulated-sound,,Performed on a virtual ringing platform.
1773603,0,simulated-sound,,Performed on a virtual ringing platform.
1440596,0,simulated-sound,,Performed on a virtual ringing platform.
1440959,0,simulated-sound,,Performed on a virtual ringing platform.
1440958,0,simulated-sound,,Performed on a virtual ringing platform.
1440577,0,simulated-sound,,Performed on a virtual ringing platform.
1440597,0,simulated-sound,,Performed on a virtual ringing platform.
1442020,0,simulated-sound,,Performed on a virtual ringing platform.
1440466,0,simulated-sound,,Performed on a virtual ringing platform.
1440480,0,simulated-sound,,Performed on a virtual ringing platform.
1440419,0,simulated-sound,,Performed on a virtual ringing platform.
1440475,0,simulated-sound,,Performed on a virtual ringing platform.
1445125,0,simulated-sound,,Performed on a virtual ringing platform.
1440395,0,simulated-sound,,Performed on a virtual ringing platform.
1440447,0,simulated-sound,,Performed on a virtual ringing platform.
1440450,0,simulated-sound,,Performed on a virtual ringing platform.
1440470,0,simulated-sound,,Performed on a virtual ringing platform.
1440469,0,simulated-sound,,Performed on a virtual ringing platform.
1440264,0,simulated-sound,,Performed on a virtual ringing platform.
1440316,0,simulated-sound,,Performed on a virtual ringing platform.
1440202,0,simulated-sound,,Performed on a virtual ringing platform.
1440131,0,simulated-sound,,Performed on a virtual ringing platform.
1440298,0,simulated-sound,,Performed on a virtual ringing platform.
1445124,0,simulated-sound,,Performed on a virtual ringing platform.
1440247,0,simulated-sound,,Performed on a virtual ringing platform.
1440180,0,simulated-sound,,Performed on a virtual ringing platform.
1440249,0,simulated-sound,,Performed on a virtual ringing platform.
1440265,0,simulated-sound,,Performed on a virtual ringing platform.
1440235,0,automated-ringing,3,Wheatley
1440235,1,automated-ringing,4,Wheatley
1440235,2,automated-ringing,5,Wheatley
1440235,3,automated-ringing,6,Wheatley
1440235,4,automated-ringing,7,Wheatley
1440235,5,automated-ringing,8,Wheatley
1440235,6,simulated-sound,,Performed on a virtual ringing platform.
1440251,0,simulated-sound,,Performed on a virtual ringing platform.
1440208,0,simulated-sound,,Performed on a virtual ringing platform.
1440049,0,simulated-sound,,Performed on a virtual ringing platform.
1440093,0,simulated-sound,,Performed on a virtual ringing platform.
1440084,0,automated-ringing,1,Wheatley
1440084,1,automated-ringing,2,Wheatley
1440084,2,automated-ringing,3,Wheatley
1440084,3,automated-ringing,5,Wheatley
1440084,4,automated-ringing,6,Wheatley
1440084,5,automated-ringing,7,Wheatley
1440084,6,simulated-sound,,Performed on a virtual ringing platform.
1440098,0,simulated-sound,,Performed on a virtual ringing platform.
1440078,0,simulated-sound,,Performed on a virtual ringing platform.
1440601,0,automated-ringing,1,Wheatley
1440601,1,automated-ringing,2,Wheatley
1440601,2,automated-ringing,3,Wheatley
1440601,3,automated-ringing,5,Wheatley
1440601,4,automated-ringing,6,Wheatley
1440601,5,automated-ringing,7,Wheatley
1440601,6,automated-ringing,8,Wheatley
1440601,7,automated-ringing,9,Wheatley
1440601,8,simulated-sound,,Performed on a virtual ringing platform.
1933723,0,simulated-sound,,Performed on a virtual ringing platform.
1439896,0,simulated-sound,,Performed on a virtual ringing platform.
1440072,0,simulated-sound,,Performed on a virtual ringing platform.
1440044,0,simulated-sound,,Performed on a virtual ringing platform.
1446355,0,simulated-sound,,Performed on a virtual ringing platform.
1440325,0,simulated-sound,,Performed on a virtual ringing platform.
1440064,0,simulated-sound,,Performed on a virtual ringing platform.
1440055,0,simulated-sound,,Performed on a virtual ringing platform.
1440242,0,automated-ringing,3,Wheatley
1440242,1,automated-ringing,4,Wheatley
1440242,2,automated-ringing,5,Wheatley
1440242,3,automated-ringing,6,Wheatley
1440242,4,automated-ringing,7,Wheatley
1440242,5,automated-ringing,8,Wheatley
1440242,6,simulated-sound,,Performed on a virtual ringing platform.
1442087,0,simulated-sound,,Performed on a virtual ringing platform.
1439836,0,simulated-sound,,Performed on a virtual ringing platform.
1609363,0,automated-ringing,2,Abel
1609363,1,automated-ringing,3,Abel
1609363,2,automated-ringing,4,Abel
1609363,3,automated-ringing,5,Abel
1609363,4,automated-ringing,6,Abel
1609363,5,automated-ringing,7,Abel
1609363,6,automated-ringing,8,Abel
1609363,7,simulated-sound,,
1439846,0,automated-ringing,1,Abel
1439846,1,automated-ringing,2,Abel
1439846,2,automated-ringing,3,Abel
1439846,3,automated-ringing,4,Abel
1439846,4,automated-ringing,5,Abel
1439846,5,automated-ringing,6,Abel
1439846,6,simulated-sound,,
1439817,0,simulated-sound,,Performed on a virtual ringing platform.
1439689,0,simulated-sound,,Performed on a virtual ringing platform.
1439823,0,simulated-sound,,Performed on a virtual ringing platform.
1439688,0,simulated-sound,,Performed on a virtual ringing platform.
1439821,0,simulated-sound,,Performed on a virtual ringing platform.
1439841,0,simulated-sound,,Performed on a virtual ringing platform.
1439863,0,simulated-sound,,Performed on a virtual ringing platform.
1439840,0,simulated-sound,,Performed on a virtual ringing platform.
1439679,0,simulated-sound,,Performed on a virtual ringing platform.
1439637,0,simulated-sound,,Performed on a virtual ringing platform.
1439603,0,simulated-sound,,Performed on a virtual ringing platform.
1451133,0,automated-ringing,1,Abel
1451133,1,automated-ringing,2,Abel
1451133,2,automated-ringing,3,Abel
1451133,3,automated-ringing,4,Abel
1451133,4,automated-ringing,5,Abel
1451133,5,automated-ringing,6,Abel
1451133,6,automated-ringing,7,Abel
1451133,7,automated-ringing,8,Abel
1451133,8,automated-ringing,10,Abel
1451133,9,simulated-sound,,
1439654,0,automated-ringing,1,Abel
1439654,1,automated-ringing,3,Abel
1439654,2,automated-ringing,4,Abel
1439654,3,automated-ringing,5,Abel
1439654,4,automated-ringing,6,Abel
1439654,5,automated-ringing,7,Abel
1439654,6,automated-ringing,8,Abel
1439654,7,simulated-sound,,
1439858,0,automated-ringing,3,Wheatley
1439858,1,automated-ringing,4,Wheatley
1439858,2,automated-ringing,5,Wheatley
1439858,3,automated-ringing,6,Wheatley
1439858,4,simulated-sound,,Performed on a virtual ringing platform.
1439657,0,simulated-sound,,Performed on a virtual ringing platform.
1439642,0,simulated-sound,,Performed on a virtual ringing platform.
1439621,0,simulated-sound,,Performed on a virtual ringing platform.
1439549,0,simulated-sound,,Performed on a virtual ringing platform.
1439535,0,simulated-sound,,Performed on a virtual ringing platform.
1439568,0,simulated-sound,,Performed on a virtual ringing platform.
1439599,0,simulated-sound,,Performed on a virtual ringing platform.
1439599,1,first-quarter,6,
1439620,0,simulated-sound,,Performed on a virtual ringing platform.
1439611,0,simulated-sound,,Performed on a virtual ringing platform.
1439583,0,simulated-sound,,Performed on a virtual ringing platform.
1439464,0,simulated-sound,,Performed on a virtual ringing platform.
1439644,0,simulated-sound,,Performed on a virtual ringing platform.
1439367,0,simulated-sound,,Performed on a virtual ringing platform.
1439463,0,simulated-sound,,Performed on a virtual ringing platform.
1439351,0,first-quarter,1,
1439432,0,automated-ringing,1,Abel
1439432,1,automated-ringing,2,Abel
1439432,2,automated-ringing,3,Abel
1439432,3,automated-ringing,4,Abel
1439432,4,automated-ringing,5,Abel
1439432,5,automated-ringing,6,Abel
1439432,6,automated-ringing,7,Abel
1439432,7,automated-ringing,8,Abel
1439432,8,automated-ringing,9,Abel
1439432,9,automated-ringing,10,Abel
1439432,10,automated-ringing,11,Abel
1439432,11,simulated-sound,,
1439272,0,automated-ringing,1,Abel
1439272,1,automated-ringing,2,Abel
1439272,2,automated-ringing,3,Abel
1439272,3,automated-ringing,4,Abel
1439272,4,automated-ringing,5,Abel
1439272,5,automated-ringing,6,Abel
1439272,6,automated-ringing,7,Abel
1439272,7,automated-ringing,8,Abel
1439272,8,automated-ringing,9,Abel
1439272,9,automated-ringing,10,Abel
1439272,10,simulated-sound,,
1439331,0,simulated-sound,,Performed on a virtual ringing platform.
1442287,0,simulated-sound,,Performed on a virtual ringing platform.
1439352,0,simulated-sound,,Performed on a virtual ringing platform.
1439240,0,simulated-sound,,Performed on a virtual ringing platform.
1439239,0,simulated-sound,,Performed on a virtual ringing platform.
1439223,0,simulated-sound,,Performed on a virtual ringing platform.
1439270,0,simulated-sound,,Performed on a virtual ringing platform.
1439508,0,automated-ringing,1,Wheatley
1439508,1,automated-ringing,2,Wheatley
1439508,2,automated-ringing,5,Wheatley
1439508,3,automated-ringing,6,Wheatley
1439508,4,automated-ringing,7,Wheatley
1439508,5,automated-ringing,8,Wheatley
1439508,6,simulated-sound,,Performed on a virtual ringing platform.
1439145,0,simulated-sound,,Performed on a virtual ringing platform.
1439071,0,simulated-sound,,Performed on a virtual ringing platform.
1439052,0,simulated-sound,,Performed on a virtual ringing platform.
1439011,0,simulated-sound,,Performed on a virtual ringing platform.
1439206,0,simulated-sound,,Performed on a virtual ringing platform.
1438915,0,simulated-sound,,Performed on a virtual ringing platform.
1440488,0,simulated-sound,,Performed on a virtual ringing platform.
1438998,0,simulated-sound,,Performed on a virtual ringing platform.
1439001,0,simulated-sound,,Performed on a virtual ringing platform.
1438938,0,simulated-sound,,Performed on a virtual ringing platform.
1439091,0,simulated-sound,,Performed on a virtual ringing platform.
1439009,0,simulated-sound,,Performed on a virtual ringing platform.
1438976,0,simulated-sound,,Performed on a virtual ringing platform.
1451132,0,automated-ringing,1,Abel
1451132,1,automated-ringing,2,Abel
1451132,2,automated-ringing,3,Abel
1451132,3,automated-ringing,4,Abel
1451132,4,automated-ringing,5,Abel
1451132,5,automated-ringing,6,Abel
1451132,6,automated-ringing,7,Abel
1451132,7,automated-ringing,8,Abel
1451132,8,automated-ringing,9,Abel
1451132,9,automated-ringing,10,Abel
1451132,10,automated-ringing,11,Abel
1451132,11,simulated-sound,,
1438783,0,simulated-sound,,Performed on a virtual ringing platform.
1438815,0,automated-ringing,1,Wheatley
1438815,1,automated-ringing,2,Wheatley
1438815,2,automated-ringing,3,Wheatley
1438815,3,automated-ringing,5,Wheatley
1438815,4,automated-ringing,6,Wheatley
1438815,5,simulated-sound,,Performed on a virtual ringing platform.
1438793,0,automated-ringing,2,Wheatley
1438793,1,automated-ringing,4,Wheatley
1438793,2,automated-ringing,5,Wheatley
1438793,3,automated-ringing,6,Wheatley
1438793,4,simulated-sound,,Performed on a virtual ringing platform.
1438855,0,simulated-sound,,Performed on a virtual ringing platform.
1438759,0,simulated-sound,,Performed on a virtual ringing platform.
1438821,0,simulated-sound,,Performed on a virtual ringing platform.
1438612,0,simulated-sound,,Performed on a virtual ringing platform.
1438695,0,simulated-sound,,Performed on a virtual ringing platform.
1438613,0,automated-ringing,1,Wheatley
1438613,1,automated-ringing,2,Wheatley
1438613,2,automated-ringing,3,Wheatley
1438613,3,automated-ringing,4,Wheatley
1438613,4,automated-ringing,6,Wheatley
1438613,5,automated-ringing,7,Wheatley
1438613,6,automated-ringing,8,Wheatley
1438613,7,simulated-sound,,Performed on a virtual ringing platform.
1438790,0,simulated-sound,,Performed on a virtual ringing platform.
1438484,0,simulated-sound,,Performed on a virtual ringing platform.
1438350,0,simulated-sound,,Performed on a virtual ringing platform.
1438320,0,simulated-sound,,Performed on a virtual ringing platform.
1438397,0,simulated-sound,,Performed on a virtual ringing platform.
1438295,0,simulated-sound,,Performed on a virtual ringing platform.
1450678,0,simulated-sound,,Performed on a virtual ringing platform.
1438553,0,simulated-sound,,Performed on a virtual ringing platform.
1438297,0,simulated-sound,,Performed on a virtual ringing platform.
1438468,0,simulated-sound,,Performed on a virtual ringing platform.
1438120,0,simulated-sound,,Performed on a virtual ringing platform.
1609362,0,automated-ringing,2,Abel
1609362,1,automated-ringing,3,Abel
1609362,2,automated-ringing,4,Abel
1609362,3,automated-ringing,5,Abel
1609362,4,automated-ringing,6,Abel
1609362,5,automated-ringing,7,Abel
1609362,6,automated-ringing,8,Abel
1609362,7,simulated-sound,,
1437990,0,automated-ringing,1,Abel
1437990,1,automated-ringing,2,Abel
1437990,2,automated-ringing,3,Abel
1437990,3,automated-ringing,4,Abel
1437990,4,automated-ringing,5,Abel
1437990,5,automated-ringing,6,Abel
1437990,6,automated-ringing,7,Abel
1437990,7,automated-ringing,8,Abel
1437990,8,simulated-sound,,
1614102,0,simulated-sound,,Performed on a virtual ringing platform.
1438228,0,simulated-sound,,Performed on a virtual ringing platform.
1437998,0,simulated-sound,,Performed on a virtual ringing platform.
1437760,0,simulated-sound,,Performed on a virtual ringing platform.
1438001,0,simulated-sound,,Performed on a virtual ringing platform.
1437822,0,simulated-sound,,Performed on a virtual ringing platform.
1438231,0,simulated-sound,,Performed on a virtual ringing platform.
1437838,0,simulated-sound,,Performed on a virtual ringing platform.
1438229,0,automated-ringing,2,Wheatley
1438229,1,automated-ringing,3,Wheatley
1438229,2,automated-ringing,4,Wheatley
1438229,3,simulated-sound,,Performed on a virtual ringing platform.
1437612,0,simulated-sound,,Performed on a virtual ringing platform.
1437620,0,simulated-sound,,Performed on a virtual ringing platform.
1437815,0,automated-ringing,1,Wheatley
1437815,1,automated-ringing,2,Wheatley
1437815,2,automated-ringing,3,Wheatley
1437815,3,automated-ringing,5,Wheatley
1437815,4,automated-ringing,6,Wheatley
1437815,5,automated-ringing,8,Wheatley
1437815,6,simulated-sound,,Performed on a virtual ringing platform.
1437199,0,automated-ringing,1,Wheatley
1437199,1,automated-ringing,8,Wheatley
1437199,2,simulated-sound,,Performed on a virtual ringing platform.
1437872,0,simulated-sound,,Performed on a virtual ringing platform.
1437626,0,simulated-sound,,Performed on a virtual ringing platform.
1437445,0,simulated-sound,,Performed on a virtual ringing platform.
1437347,0,simulated-sound,,Performed on a virtual ringing platform.
1437615,0,simulated-sound,,Performed on a virtual ringing platform.
1437507,0,simulated-sound,,Performed on a virtual ringing platform.
1437180,0,simulated-sound,,Performed on a virtual ringing platform.
1437606,0,simulated-sound,,Performed on a virtual ringing platform.
1437447,0,simulated-sound,,Performed on a virtual ringing platform.
1437447,1,first-quarter,1,
1437849,0,simulated-sound,,Performed on a virtual ringing platform.
1435763,0,simulated-sound,,Performed on a virtual ringing platform.
1435958,0,first-peal,3,
1435736,0,simulated-sound,,Performed on a virtual ringing platform.
1436632,0,simulated-sound,,Performed on a virtual ringing platform.
1460976,0,simulated-sound,,Performed on a virtual ringing platform.
1460975,0,simulated-sound,,Performed on a virtual ringing platform.
1435669,0,simulated-sound,,Performed on a virtual ringing platform.
1435687,0,simulated-sound,,Performed on a virtual ringing platform.
1437300,0,simulated-sound,,Performed on a virtual ringing platform.
1437144,0,simulated-sound,,Performed on a virtual ringing platform.
1437593,0,simulated-sound,,Performed on a virtual ringing platform.
1436976,0,simulated-sound,,Performed on a virtual ringing platform.
1437099,0,simulated-sound,,Performed on a virtual ringing platform.
1435676,0,simulated-sound,,Performed on a virtual ringing platform.
1436882,0,simulated-sound,,Performed on a virtual ringing platform.
1435642,0,simulated-sound,,Performed on a virtual ringing platform.
1435636,0,simulated-sound,,Performed on a virtual ringing platform.
1436677,0,simulated-sound,,Performed on a virtual ringing platform.
1435976,0,simulated-sound,,Performed on a virtual ringing platform.
1437980,0,simulated-sound,,Performed on a virtual ringing platform.
1437980,1,first-quarter,1,
1437161,0,simulated-sound,,Performed on a virtual ringing platform.
1435572,0,automated-ringing,1,Abel
1435572,1,automated-ringing,2,Abel
1435572,2,automated-ringing,3,Abel
1435572,3,automated-ringing,4,Abel
1435572,4,automated-ringing,5,Abel
1435572,5,automated-ringing,6,Abel
1435572,6,automated-ringing,7,Abel
1435572,7,automated-ringing,8,Abel
1435572,8,simulated-sound,,
1435632,0,simulated-sound,,Performed on a virtual ringing platform.
1435577,0,simulated-sound,,Performed on a virtual ringing platform.
1435576,0,simulated-sound,,Performed on a virtual ringing platform.
1435574,0,simulated-sound,,Performed on a virtual ringing platform.
1435555,0,simulated-sound,,Performed on a virtual ringing platform.
1441224,0,simulated-sound,,Performed on a virtual ringing platform.
1435486,0,simulated-sound,,Performed on a virtual ringing platform.
1435601,0,simulated-sound,,Performed on a virtual ringing platform.
1437334,0,simulated-sound,,Performed on a virtual ringing platform.
1435547,0,simulated-sound,,Performed on a virtual ringing platform.
1435409,0,simulated-sound,,Performed on a virtual ringing platform.
1435408,0,simulated-sound,,Performed on a virtual ringing platform.
1676404,0,simulated-sound,,Performed on a virtual ringing platform.
1435284,0,simulated-sound,,Performed on a virtual ringing platform.
1435300,0,simulated-sound,,Performed on a virtual ringing platform.
1435322,0,simulated-sound,,Performed on a virtual ringing platform.
1435320,0,simulated-sound,,Performed on a virtual ringing platform.
1435368,0,simulated-sound,,Performed on a virtual ringing platform.
1435330,0,simulated-sound,,Performed on a virtual ringing platform.
1435240,0,simulated-sound,,Performed on a virtual ringing platform.
1435350,0,simulated-sound,,Performed on a virtual ringing platform.
1440485,0,simulated-sound,,Performed on a virtual ringing platform.
1435298,0,simulated-sound,,Performed on a virtual ringing platform.
1435379,0,simulated-sound,,Performed on a virtual ringing platform.
1435328,0,simulated-sound,,Performed on a virtual ringing platform.
1435427,0,simulated-sound,,Performed on a virtual ringing platform.
1435313,0,simulated-sound,,Performed on a virtual ringing platform.
1435301,0,simulated-sound,,Performed on a virtual ringing platform.
1438792,0,automated-ringing,2,Wheatley
1438792,1,automated-ringing,3,Wheatley
1438792,2,automated-ringing,5,Wheatley
1438792,3,automated-ringing,6,Wheatley
1438792,4,simulated-sound,,Performed on a virtual ringing platform.
1435184,0,simulated-sound,,Performed on a virtual ringing platform.
1435189,0,simulated-sound,,Performed on a virtual ringing platform.
1435133,0,simulated-sound,,Performed on a virtual ringing platform.
1435180,0,simulated-sound,,Performed on a virtual ringing platform.
1435187,0,simulated-sound,,Performed on a virtual ringing platform.
1435128,0,simulated-sound,,Performed on a virtual ringing platform.
1435048,0,simulated-sound,,Performed on a virtual ringing platform.
1435170,0,simulated-sound,,Performed on a virtual ringing platform.
1435168,0,simulated-sound,,Performed on a virtual ringing platform.
1434766,0,first-peal,5,
1434766,1,first-peal,6,
1435002,0,simulated-sound,,Performed on a virtual ringing platform.
1434984,0,automated-ringing,3,Wheatley
1434984,1,automated-ringing,4,Wheatley
1434984,2,automated-ringing,5,Wheatley
1434984,3,automated-ringing,6,Wheatley
1434984,4,simulated-sound,,Performed on a virtual ringing platform.
1435028,0,simulated-sound,,Performed on a virtual ringing platform.
1434992,0,simulated-sound,,Performed on a virtual ringing platform.
1435003,0,simulated-sound,,Performed on a virtual ringing platform.
1434899,0,simulated-sound,,Performed on a virtual ringing platform.
1434731,0,simulated-sound,,Performed on a virtual ringing platform.
1435051,0,simulated-sound,,Performed on a virtual ringing platform.
1434925,0,simulated-sound,,Performed on a virtual ringing platform.
1434932,0,simulated-sound,,Performed on a virtual ringing platform.
1550503,0,simulated-sound,,Performed on a virtual ringing platform.
1434774,0,simulated-sound,,Performed on a virtual ringing platform.
1435639,0,simulated-sound,,Performed on a virtual ringing platform.
1435638,0,simulated-sound,,Performed on a virtual ringing platform.
1435637,0,simulated-sound,,Performed on a virtual ringing platform.
1435635,0,simulated-sound,,Performed on a virtual ringing platform.
1439885,0,simulated-sound,,Performed on a virtual ringing platform.
1439884,0,simulated-sound,,Performed on a virtual ringing platform.
1439883,0,simulated-sound,,Performed on a virtual ringing platform.
1438452,0,simulated-sound,,Performed on a virtual ringing platform.
1438448,0,simulated-sound,,Performed on a virtual ringing platform.
1438446,0,simulated-sound,,Performed on a virtual ringing platform.
1434975,0,simulated-sound,,Performed on a virtual ringing platform.
1434876,0,simulated-sound,,Performed on a virtual ringing platform.
1434929,0,simulated-sound,,Performed on a virtual ringing platform.
1434865,0,simulated-sound,,Performed on a virtual ringing platform.
1434989,0,simulated-sound,,Performed on a virtual ringing platform.
1434687,0,simulated-sound,,Performed on a virtual ringing platform.
1434651,0,simulated-sound,,Performed on a virtual ringing platform.
1434550,0,automated-ringing,1,Handbell Stadium
1434550,1,automated-ringing,2,Handbell Stadium
1434550,2,automated-ringing,3,Handbell Stadium
1434550,3,automated-ringing,4,Handbell Stadium
1434550,4,automated-ringing,5,Handbell Stadium
1434550,5,automated-ringing,6,Handbell Stadium
1434550,6,simulated-sound,,Performed on a virtual ringing platform.
1609360,0,automated-ringing,2,Abel
1609360,1,automated-ringing,3,Abel
1609360,2,automated-ringing,4,Abel
1609360,3,automated-ringing,5,Abel
1609360,4,automated-ringing,6,Abel
1609360,5,automated-ringing,7,Abel
1609360,6,automated-ringing,8,Abel
1609360,7,simulated-sound,,
1434683,0,automated-ringing,1,Abel
1434683,1,automated-ringing,2,Abel
1434683,2,automated-ringing,3,Abel
1434683,3,automated-ringing,4,Abel
1434683,4,automated-ringing,5,Abel
1434683,5,automated-ringing,6,Abel
1434683,6,automated-ringing,7,Abel
1434683,7,automated-ringing,8,Abel
1434683,8,automated-ringing,9,Abel
1434683,9,automated-ringing,10,Abel
1434683,10,simulated-sound,,
1434680,0,simulated-sound,,Performed on a virtual ringing platform.
1434660,0,simulated-sound,,Performed on a virtual ringing platform.
1434697,0,simulated-sound,,Performed on a virtual ringing platform.
1434633,0,simulated-sound,,Performed on a virtual ringing platform.
1434637,0,simulated-sound,,Performed on a virtual ringing platform.
1434521,0,simulated-sound,,Performed on a virtual ringing platform.
1434607,0,simulated-sound,,Performed on a virtual ringing platform.
1434401,0,simulated-sound,,Performed on a virtual ringing platform.
1434559,0,simulated-sound,,Performed on a virtual ringing platform.
1434679,0,automated-ringing,1,Wheatley
1434679,1,automated-ringing,6,Wheatley
1434679,2,simulated-sound,,Performed on a virtual ringing platform.
1434721,0,simulated-sound,,Performed on a virtual ringing platform.
1434676,0,simulated-sound,,Performed on a virtual ringing platform.
1434251,0,simulated-sound,,Performed on a virtual ringing platform.
1434068,0,simulated-sound,,Performed on a virtual ringing platform.
1434235,0,simulated-sound,,Performed on a virtual ringing platform.
1433982,0,simulated-sound,,Performed on a virtual ringing platform.
1434186,0,simulated-sound,,Performed on a virtual ringing platform.
1433803,0,simulated-sound,,Performed on a virtual ringing platform.
1433877,0,simulated-sound,,Performed on a virtual ringing platform.
1434122,0,automated-ringing,1,Wheatley
1434122,1,automated-ringing,2,Wheatley
1434122,2,automated-ringing,3,Wheatley
1434122,3,automated-ringing,6,Wheatley
1434122,4,simulated-sound,,Performed on a virtual ringing platform.
1434020,0,simulated-sound,,Performed on a virtual ringing platform.
1433903,0,simulated-sound,,Performed on a virtual ringing platform.
1434239,0,simulated-sound,,Performed on a virtual ringing platform.
1434409,0,simulated-sound,,Performed on a virtual ringing platform.
1434682,0,simulated-sound,,Performed on a virtual ringing platform.
1433652,0,automated-ringing,14,Ding Bob
1433652,1,automated-ringing,15,Ding Bob
1433652,2,automated-ringing,16,Ding Bob
1433652,3,simulated-sound,,Performed on a virtual ringing platform.
1433573,0,simulated-sound,,Performed on a virtual ringing platform.
1433242,0,simulated-sound,,Performed on a virtual ringing platform.
1433284,0,simulated-sound,,Performed on a virtual ringing platform.
1433124,0,automated-ringing,3,Wheatley
1433124,1,simulated-sound,,Performed on a virtual ringing platform.
1433062,0,simulated-sound,,Performed on a virtual ringing platform.
1434014,0,simulated-sound,,Performed on a virtual ringing platform.
1434013,0,simulated-sound,,Performed on a virtual ringing platform.
1434012,0,simulated-sound,,Performed on a virtual ringing platform.
1434011,0,simulated-sound,,Performed on a virtual ringing platform.
1434010,0,simulated-sound,,Performed on a virtual ringing platform.
1432023,0,simulated-sound,,Performed on a virtual ringing platform.
1432927,0,simulated-sound,,Performed on a virtual ringing platform.
1433227,0,simulated-sound,,Performed on a virtual ringing platform.
1433173,0,simulated-sound,,Performed on a virtual ringing platform.
1433018,0,simulated-sound,,Performed on a virtual ringing platform.
1431957,0,simulated-sound,,Performed on a virtual ringing platform.
1433716,0,simulated-sound,,Performed on a virtual ringing platform.
1433716,1,first-quarter,7,
1433716,2,first-quarter,8,
1432065,0,simulated-sound,,Performed on a virtual ringing platform.
1433372,0,simulated-sound,,Performed on a virtual ringing platform.
1433024,0,simulated-sound,,Performed on a virtual ringing platform.
1773602,0,simulated-sound,,Performed on a virtual ringing platform.
1433491,0,simulated-sound,,Performed on a virtual ringing platform.
1433485,0,simulated-sound,,Performed on a virtual ringing platform.
1432052,0,simulated-sound,,Performed on a virtual ringing platform.
1433230,0,simulated-sound,,Performed on a virtual ringing platform.
1432019,0,automated-ringing,3,Wheatley
1432019,1,automated-ringing,4,Wheatley
1432019,2,automated-ringing,5,Wheatley
1432019,3,automated-ringing,6,Wheatley
1432019,4,automated-ringing,7,Wheatley
1432019,5,automated-ringing,8,Wheatley
1432019,6,automated-ringing,9,Wheatley
1432019,7,automated-ringing,10,Wheatley
1432019,8,simulated-sound,,Performed on a virtual ringing platform.
1830305,0,simulated-sound,,Abel Ringing Simulator
1432261,0,simulated-sound,,Rung on Ringing Room
1431457,0,automated-ringing,1,Abel
1431457,1,automated-ringing,2,Abel
1431457,2,automated-ringing,4,Abel
1431457,3,automated-ringing,5,Abel
1431457,4,automated-ringing,6,Abel
1431457,5,automated-ringing,7,Abel
1431457,6,automated-ringing,8,Abel
1431457,7,simulated-sound,,
1451067,0,automated-ringing,2,Abel
1451067,1,automated-ringing,3,Abel
1451067,2,automated-ringing,4,Abel
1451067,3,automated-ringing,5,Abel
1451067,4,automated-ringing,6,Abel
1451067,5,simulated-sound,,
1431809,0,automated-ringing,1,Abel
1431809,1,automated-ringing,2,Abel
1431809,2,automated-ringing,3,Abel
1431809,3,automated-ringing,4,Abel
1431809,4,automated-ringing,5,Abel
1431809,5,automated-ringing,6,Abel
1431809,6,automated-ringing,7,Abel
1431809,7,automated-ringing,8,Abel
1431809,8,automated-ringing,9,Abel
1431809,9,automated-ringing,10,Abel
1431809,10,simulated-sound,,
1431540,0,automated-ringing,1,Abel
1431540,1,automated-ringing,3,Abel
1431540,2,automated-ringing,4,Abel
1431540,3,automated-ringing,5,Abel
1431540,4,automated-ringing,6,Abel
1431540,5,automated-ringing,7,Abel
1431540,6,automated-ringing,8,Abel
1431540,7,simulated-sound,,
1434666,0,simulated-sound,,Performed on a virtual ringing platform.
1431963,0,automated-ringing,1,Wheatley
1431963,1,automated-ringing,3,Wheatley
1431963,2,automated-ringing,4,Wheatley
1431963,3,automated-ringing,5,Wheatley
1431963,4,automated-ringing,6,Wheatley
1431963,5,simulated-sound,,Performed on a virtual ringing platform.
1431923,0,simulated-sound,,Performed on a virtual ringing platform.
1431599,0,automated-ringing,1,Wheatley
1431599,1,automated-ringing,2,Wheatley
1431599,2,automated-ringing,3,Wheatley
1431599,3,automated-ringing,4,Wheatley
1431599,4,automated-ringing,6,Wheatley
1431599,5,simulated-sound,,Performed on a virtual ringing platform.
1431524,0,automated-ringing,1,Wheatley
1431524,1,automated-ringing,6,Wheatley
1431524,2,simulated-sound,,Performed on a virtual ringing platform.
1431885,0,simulated-sound,,Performed on a virtual ringing platform.
1431409,0,simulated-sound,,Performed on a virtual ringing platform.
1432004,0,simulated-sound,,Performed on a virtual ringing platform.
1431915,0,simulated-sound,,Performed on a virtual ringing platform.
1439166,0,simulated-sound,,Performed on a virtual ringing platform.
1431959,0,simulated-sound,,Performed on a virtual ringing platform.
1431938,0,simulated-sound,,Performed on a virtual ringing platform.
1431895,0,simulated-sound,,Performed on a virtual ringing platform.
1431956,0,simulated-sound,,Performed on a virtual ringing platform.
1431730,0,simulated-sound,,Performed on a virtual ringing platform.
1431700,0,simulated-sound,,Performed on a virtual ringing platform.
1435468,0,simulated-sound,,Performed on a virtual ringing platform.
1902559,0,simulated-sound,,Performed on a virtual ringing platform.
1902558,0,simulated-sound,,Performed on a virtual ringing platform.
1902557,0,simulated-sound,,Performed on a virtual ringing platform.
1902556,0,simulated-sound,,Performed on a virtual ringing platform.
1902555,0,simulated-sound,,Performed on a virtual ringing platform.
1902554,0,simulated-sound,,Performed on a virtual ringing platform.
1902553,0,simulated-sound,,Performed on a virtual ringing platform.
1902552,0,simulated-sound,,Performed on a virtual ringing platform.
1433258,0,simulated-sound,,Performed on a virtual ringing platform.
1431692,0,simulated-sound,,Performed on a virtual ringing platform.
1431436,0,automated-ringing,1,Wheatley
1431436,1,automated-ringing,2,Wheatley
1431436,2,automated-ringing,3,Wheatley
1431436,3,automated-ringing,6,Wheatley
1431436,4,simulated-sound,,Performed on a virtual ringing platform.
1431955,0,simulated-sound,,Performed on a virtual ringing platform.
1431880,0,simulated-sound,,Performed on a virtual ringing platform.
1431848,0,simulated-sound,,Performed on a virtual ringing platform.
1431337,0,simulated-sound,,Performed on a virtual ringing platform.
1431722,0,simulated-sound,,Performed on a virtual ringing platform.
1431626,0,simulated-sound,,Performed on a virtual ringing platform.
1431808,0,simulated-sound,,Performed on a virtual ringing platform.
1432455,0,simulated-sound,,Performed on a virtual ringing platform.
1432422,0,simulated-sound,,Performed on a virtual ringing platform.
1432134,0,simulated-sound,,Performed on a virtual ringing platform.
1432111,0,simulated-sound,,Performed on a virtual ringing platform.
1432096,0,simulated-sound,,Performed on a virtual ringing platform.
1438183,0,automated-ringing,1,Wheatley
1438183,1,automated-ringing,6,Wheatley
1438183,2,simulated-sound,,Performed on a virtual ringing platform.
1431981,0,automated-ringing,5,Wheatley
1431981,1,simulated-sound,,Performed on a virtual ringing platform.
1431636,0,simulated-sound,,Performed on a virtual ringing platform.
1431877,0,simulated-sound,,Performed on a virtual ringing platform.
1449013,0,simulated-sound,,Performed on a virtual ringing platform.
1432017,0,simulated-sound,,Performed on a virtual ringing platform.
1431323,0,simulated-sound,,Performed on a virtual ringing platform.
1431163,0,simulated-sound,,Performed on a virtual ringing platform.
1431190,0,simulated-sound,,Performed on a virtual ringing platform.
1431260,0,automated-ringing,1,Wheatley
1431260,1,automated-ringing,2,Wheatley
1431260,2,automated-ringing,3,Wheatley
1431260,3,automated-ringing,5,Wheatley
1431260,4,automated-ringing,6,Wheatley
1431260,5,simulated-sound,,Performed on a virtual ringing platform.
1431219,0,simulated-sound,,Performed on a virtual ringing platform.
1445123,0,simulated-sound,,Performed on a virtual ringing platform.
1431191,0,simulated-sound,,Performed on a virtual ringing platform.
1431292,0,simulated-sound,,Performed on a virtual ringing platform.
1431310,0,simulated-sound,,Performed on a virtual ringing platform.
1431084,0,simulated-sound,,Performed on a virtual ringing platform.
1431020,0,simulated-sound,,Performed on a virtual ringing platform.
1431197,0,simulated-sound,,Performed on a virtual ringing platform.
1431151,0,simulated-sound,,Performed on a virtual ringing platform.
1431054,0,simulated-sound,,Performed on a virtual ringing platform.
1431106,0,simulated-sound,,Performed on a virtual ringing platform.
1433058,0,automated-ringing,6,Ding Bob
1433058,1,simulated-sound,,
1430966,0,simulated-sound,,Performed on a virtual ringing platform.
1430695,0,simulated-sound,,Performed on a virtual ringing platform.
1430732,0,simulated-sound,,Performed on a virtual ringing platform.
1430716,0,simulated-sound,,Performed on a virtual ringing platform.
1430842,0,simulated-sound,,Performed on a virtual ringing platform.
1430851,0,simulated-sound,,Performed on a virtual ringing platform.
1432076,0,simulated-sound,,Performed on a virtual ringing platform.
1432071,0,simulated-sound,,Performed on a virtual ringing platform.
1432068,0,simulated-sound,,Performed on a virtual ringing platform.
1430850,0,simulated-sound,,Performed on a virtual ringing platform.
1434503,0,simulated-sound,,Performed on a virtual ringing platform.
1430385,0,automated-ringing,1,Abel
1430385,1,automated-ringing,3,Abel
1430385,2,automated-ringing,4,Abel
1430385,3,automated-ringing,5,Abel
1430385,4,automated-ringing,6,Abel
1430385,5,automated-ringing,7,Abel
1430385,6,automated-ringing,8,Abel
1430385,7,simulated-sound,,
1430421,0,simulated-sound,,Performed on a virtual ringing platform.
1430421,1,first-quarter,1,
1430379,0,automated-ringing,3,Wheatley
1430379,1,automated-ringing,4,Wheatley
1430379,2,automated-ringing,5,Wheatley
1430379,3,automated-ringing,6,Wheatley
1430379,4,simulated-sound,,Performed on a virtual ringing platform.
1430376,0,automated-ringing,5,Wheatley
1430376,1,automated-ringing,6,Wheatley
1430376,2,simulated-sound,,Performed on a virtual ringing platform.
1430440,0,simulated-sound,,Performed on a virtual ringing platform.
1659059,0,simulated-sound,,Performed on a virtual ringing platform.
1430994,0,simulated-sound,,Performed on a virtual ringing platform.
1430476,0,simulated-sound,,Performed on a virtual ringing platform.
1430182,0,simulated-sound,,Performed on a virtual ringing platform.
1430156,0,simulated-sound,,Performed on a virtual ringing platform.
1430225,0,simulated-sound,,Performed on a virtual ringing platform.
1430061,0,simulated-sound,,Performed on a virtual ringing platform.
1430310,0,simulated-sound,,Performed on a virtual ringing platform.
1430294,0,simulated-sound,,Performed on a virtual ringing platform.
1430135,0,simulated-sound,,Performed on a virtual ringing platform.
1429946,0,simulated-sound,,Performed on a virtual ringing platform.
1609359,0,automated-ringing,2,Abel
1609359,1,automated-ringing,3,Abel
1609359,2,automated-ringing,4,Abel
1609359,3,automated-ringing,5,Abel
1609359,4,automated-ringing,6,Abel
1609359,5,automated-ringing,7,Abel
1609359,6,automated-ringing,8,Abel
1609359,7,simulated-sound,,
1429927,0,automated-ringing,1,Abel
1429927,1,automated-ringing,2,Abel
1429927,2,automated-ringing,3,Abel
1429927,3,automated-ringing,4,Abel
1429927,4,automated-ringing,5,Abel
1429927,5,automated-ringing,6,Abel
1429927,6,automated-ringing,7,Abel
1429927,7,automated-ringing,8,Abel
1429927,8,automated-ringing,9,Abel
1429927,9,automated-ringing,10,Abel
1429927,10,simulated-sound,,
1429759,0,simulated-sound,,Performed on a virtual ringing platform.
1429759,1,first-quarter,6,
1429957,0,simulated-sound,,Performed on a virtual ringing platform.
1429760,0,simulated-sound,,Performed on a virtual ringing platform.
1429484,0,automated-ringing,1,Wheatley
1429484,1,automated-ringing,3,Wheatley
1429484,2,automated-ringing,4,Wheatley
1429484,3,automated-ringing,5,Wheatley
1429484,4,automated-ringing,6,Wheatley
1429484,5,simulated-sound,,Performed on a virtual ringing platform.
1429811,0,simulated-sound,,Performed on a virtual ringing platform.
1429553,0,simulated-sound,,Performed on a virtual ringing platform.
1429988,0,simulated-sound,,Performed on a virtual ringing platform.
1430003,0,simulated-sound,,Performed on a virtual ringing platform.
1429904,0,simulated-sound,,Performed on a virtual ringing platform.
1429580,0,automated-ringing,3,Wheatley
1429580,1,automated-ringing,4,Wheatley
1429580,2,automated-ringing,5,Wheatley
1429580,3,automated-ringing,6,Wheatley
1429580,4,simulated-sound,,Performed on a virtual ringing platform.
1429735,0,simulated-sound,,Performed on a virtual ringing platform.
1429807,0,simulated-sound,,Performed on a virtual ringing platform.
1429829,0,simulated-sound,,Performed on a virtual ringing platform.
1429961,0,simulated-sound,,Performed on a virtual ringing platform.
1429961,1,first-quarter,2,
1429961,2,first-quarter,3,
1430510,0,first-peal,1,
1430114,0,automated-ringing,1,Abel
1430114,1,automated-ringing,2,Abel
1430114,2,automated-ringing,4,Abel
1430114,3,automated-ringing,5,Abel
1430114,4,automated-ringing,6,Abel
1430114,5,automated-ringing,7,Abel
1430114,6,automated-ringing,8,Abel
1430114,7,simulated-sound,,
1429129,0,first-quarter,1,
1451130,0,automated-ringing,1,Abel
1451130,1,automated-ringing,2,Abel
1451130,2,automated-ringing,3,Abel
1451130,3,automated-ringing,4,Abel
1451130,4,automated-ringing,5,Abel
1451130,5,automated-ringing,6,Abel
1451130,6,automated-ringing,7,Abel
1451130,7,automated-ringing,8,Abel
1451130,8,automated-ringing,9,Abel
1451130,9,automated-ringing,10,Abel
1451130,10,automated-ringing,11,Abel
1451130,11,simulated-sound,,
1429476,0,automated-ringing,1,Wheatley
1429476,1,automated-ringing,3,Wheatley
1429476,2,automated-ringing,4,Wheatley
1429476,3,automated-ringing,5,Wheatley
1429476,4,automated-ringing,6,Wheatley
1429476,5,simulated-sound,,Performed on a virtual ringing platform.
1429964,0,simulated-sound,,Performed on a virtual ringing platform.
1429083,0,simulated-sound,,Performed on a virtual ringing platform.
1429072,0,simulated-sound,,Performed on a virtual ringing platform.
1429469,0,simulated-sound,,Performed on a virtual ringing platform.
1429199,0,simulated-sound,,Performed on a virtual ringing platform.
1430539,0,simulated-sound,,Performed on a virtual ringing platform.
1430536,0,simulated-sound,,Performed on a virtual ringing platform.
1430043,0,first-peal,1,
1430043,1,first-peal,2,
1430269,0,simulated-sound,,Rung on Ringing Room
1428974,0,simulated-sound,,Performed on a virtual ringing platform.
1428879,0,simulated-sound,,Performed on a virtual ringing platform.
1484067,0,automated-ringing,1,Abel
1484067,1,automated-ringing,3,Abel
1484067,2,automated-ringing,4,Abel
1484067,3,automated-ringing,5,Abel
1484067,4,automated-ringing,6,Abel
1484067,5,automated-ringing,7,Abel
1484067,6,simulated-sound,,
1460974,0,simulated-sound,,Performed on a virtual ringing platform.
1428848,0,automated-ringing,1,Wheatley
1428848,1,automated-ringing,2,Wheatley
1428848,2,automated-ringing,3,Wheatley
1428848,3,automated-ringing,4,Wheatley
1428848,4,automated-ringing,5,Wheatley
1428848,5,automated-ringing,6,Wheatley
1428848,6,automated-ringing,7,Wheatley
1428848,7,simulated-sound,,Performed on a virtual ringing platform.
1428903,0,simulated-sound,,Performed on a virtual ringing platform.
1429031,0,simulated-sound,,Performed on a virtual ringing platform.
1428938,0,simulated-sound,,Performed on a virtual ringing platform.
1429035,0,simulated-sound,,Performed on a virtual ringing platform.
1429445,0,simulated-sound,,Performed on a virtual ringing platform.
1429189,0,simulated-sound,,Performed on a virtual ringing platform.
1428855,0,simulated-sound,,Performed on a virtual ringing platform.
1430104,0,simulated-sound,,Performed on a virtual ringing platform.
1429068,0,simulated-sound,,Performed on a virtual ringing platform.
1434712,0,simulated-sound,,Performed on a virtual ringing platform.
1434712,1,first-quarter,7,
1434712,2,first-quarter,8,
1428727,0,simulated-sound,,Performed on a virtual ringing platform.
1428835,0,simulated-sound,,Performed on a virtual ringing platform.
1428839,0,simulated-sound,,Performed on a virtual ringing platform.
1428745,0,simulated-sound,,Performed on a virtual ringing platform.
1428587,0,simulated-sound,,Performed on a virtual ringing platform.
1428738,0,simulated-sound,,Performed on a virtual ringing platform.
1428596,0,simulated-sound,,Performed on a virtual ringing platform.
1428829,0,simulated-sound,,Performed on a virtual ringing platform.
1428831,0,automated-ringing,5,Wheatley
1428831,1,simulated-sound,,Performed on a virtual ringing platform.
1428834,0,simulated-sound,,Performed on a virtual ringing platform.
1428586,0,simulated-sound,,Performed on a virtual ringing platform.
1428497,0,simulated-sound,,Performed on a virtual ringing platform.
1428445,0,automated-ringing,1,Abel
1428445,1,automated-ringing,2,Abel
1428445,2,automated-ringing,3,Abel
1428445,3,automated-ringing,4,Abel
1428445,4,automated-ringing,5,Abel
1428445,5,automated-ringing,6,Abel
1428445,6,automated-ringing,7,Abel
1428445,7,automated-ringing,8,Abel
1428445,8,automated-ringing,9,Abel
1428445,9,automated-ringing,10,Abel
1428445,10,simulated-sound,,
1428523,0,simulated-sound,,Performed on a virtual ringing platform.
1428500,0,simulated-sound,,Performed on a virtual ringing platform.
1445122,0,simulated-sound,,Performed on a virtual ringing platform.
1428404,0,simulated-sound,,Performed on a virtual ringing platform.
1428429,0,simulated-sound,,Performed on a virtual ringing platform.
1428383,0,simulated-sound,,Performed on a virtual ringing platform.
1428481,0,simulated-sound,,Performed on a virtual ringing platform.
1428483,0,simulated-sound,,
1428536,0,simulated-sound,,Performed on a virtual ringing platform.
1447308,0,automated-ringing,1,Abel
1447308,1,automated-ringing,2,Abel
1447308,2,automated-ringing,3,Abel
1447308,3,automated-ringing,4,Abel
1447308,4,automated-ringing,5,Abel
1447308,5,automated-ringing,6,Abel
1447308,6,automated-ringing,7,Abel
1447308,7,automated-ringing,8,Abel
1447308,8,automated-ringing,9,Abel
1447308,9,automated-ringing,10,Abel
1447308,10,automated-ringing,12,Abel
1447308,11,simulated-sound,,
1609373,0,automated-ringing,1,Abel
1609373,1,automated-ringing,2,Abel
1609373,2,automated-ringing,3,Abel
1609373,3,automated-ringing,4,Abel
1609373,4,automated-ringing,5,Abel
1609373,5,automated-ringing,6,Abel
1609373,6,automated-ringing,7,Abel
1609373,7,automated-ringing,8,Abel
1609373,8,automated-ringing,9,Abel
1609373,9,simulated-sound,,
1609370,0,automated-ringing,2,Abel
1609370,1,automated-ringing,3,Abel
1609370,2,automated-ringing,4,Abel
1609370,3,automated-ringing,5,Abel
1609370,4,automated-ringing,6,Abel
1609370,5,automated-ringing,7,Abel
1609370,6,automated-ringing,8,Abel
1609370,7,simulated-sound,,
1447327,0,simulated-sound,,Performed on a ring of dumb bells.
1447309,0,automated-ringing,1,Abel
1447309,1,automated-ringing,2,Abel
1447309,2,automated-ringing,3,Abel
1447309,3,automated-ringing,4,Abel
1447309,4,automated-ringing,5,Abel
1447309,5,automated-ringing,6,Abel
1447309,6,automated-ringing,7,Abel
1447309,7,automated-ringing,8,Abel
1447309,8,simulated-sound,,
1447297,0,simulated-sound,,Performed on a virtual ringing platform.
1447337,0,simulated-sound,,Performed on a virtual ringing platform.
1447336,0,simulated-sound,,Performed on a virtual ringing platform.
1447261,0,simulated-sound,,Performed on a virtual ringing platform.
1447985,0,simulated-sound,,Performed on a virtual ringing platform.
1447264,0,simulated-sound,,Performed on a virtual ringing platform.
1447232,0,simulated-sound,,Performed on a virtual ringing platform.
1447228,0,simulated-sound,,Performed on a virtual ringing platform.
1896038,0,automated-ringing,1,Wheatley
1896038,1,automated-ringing,2,Wheatley
1896038,2,automated-ringing,3,Wheatley
1896038,3,automated-ringing,5,Wheatley
1896038,4,automated-ringing,6,Wheatley
1896038,5,automated-ringing,7,Wheatley
1896038,6,simulated-sound,,Performed on a virtual ringing platform.
1447233,0,automated-ringing,1,Wheatley
1447233,1,automated-ringing,3,Wheatley
1447233,2,automated-ringing,5,Wheatley
1447233,3,automated-ringing,6,Wheatley
1447233,4,simulated-sound,,Performed on a virtual ringing platform.
1447215,0,simulated-sound,,Performed on a virtual ringing platform.
1447213,0,simulated-sound,,Performed on a virtual ringing platform.
1447230,0,simulated-sound,,Performed on a virtual ringing platform.
1447106,0,simulated-sound,,Performed on a virtual ringing platform.
1447047,0,simulated-sound,,Performed on a virtual ringing platform.
1447026,0,simulated-sound,,Performed on a virtual ringing platform.
1447079,0,simulated-sound,,Performed on a virtual ringing platform.
1447086,0,simulated-sound,,Performed on a virtual ringing platform.
1447067,0,simulated-sound,,Performed on a virtual ringing platform.
1447121,0,simulated-sound,,Performed on a virtual ringing platform.
1447120,0,simulated-sound,,Performed on a virtual ringing platform.
1446955,0,simulated-sound,,Performed on a virtual ringing platform.
1446982,0,simulated-sound,,Performed on a virtual ringing platform.
1446882,0,simulated-sound,,Performed on a virtual ringing platform.
1446911,0,simulated-sound,,Performed on a virtual ringing platform.
1471454,0,automated-ringing,5,Wheatley
1471454,1,automated-ringing,6,Wheatley
1471454,2,simulated-sound,,Performed on a virtual ringing platform.
1446977,0,simulated-sound,,Performed on a virtual ringing platform.
1446976,0,simulated-sound,,Performed on a virtual ringing platform.
1446975,0,simulated-sound,,Performed on a virtual ringing platform.
1446974,0,simulated-sound,,Performed on a virtual ringing platform.
1446671,0,simulated-sound,,Performed on a virtual ringing platform.
1446802,0,simulated-sound,,Performed on a virtual ringing platform.
1448858,0,simulated-sound,,Performed on a virtual ringing platform.
1446753,0,simulated-sound,,Performed on a virtual ringing platform.
1446641,0,simulated-sound,,Performed on a virtual ringing platform.
1446684,0,simulated-sound,,Performed on a virtual ringing platform.
1446680,0,simulated-sound,,Performed on a virtual ringing platform.
1446736,0,simulated-sound,,Performed on a virtual ringing platform.
1446789,0,simulated-sound,,Performed on a virtual ringing platform.
1446614,0,simulated-sound,,Performed on a virtual ringing platform.
1446621,0,simulated-sound,,Performed on a virtual ringing platform.
1676405,0,simulated-sound,,Performed on a virtual ringing platform.
1446582,0,simulated-sound,,Performed on a virtual ringing platform.
1446576,0,simulated-sound,,Performed on a virtual ringing platform.
1446636,0,simulated-sound,,Performed on a virtual ringing platform.
1446632,0,simulated-sound,,Performed on a virtual ringing platform.
1446432,0,simulated-sound,,Performed on a virtual ringing platform.
1458036,0,automated-ringing,1,Mobel
1458036,1,automated-ringing,2,Mobel
1458036,2,automated-ringing,3,Mobel
1458036,3,automated-ringing,4,Mobel
1458036,4,automated-ringing,5,Mobel
1458036,5,simulated-sound,,
1446410,0,simulated-sound,,Performed on a virtual ringing platform.
1446620,0,simulated-sound,,Performed on a virtual ringing platform.
1446398,0,simulated-sound,,Performed on a virtual ringing platform.
1446405,0,automated-ringing,1,Wheatley
1446405,1,automated-ringing,2,Wheatley
1446405,2,automated-ringing,3,Wheatley
1446405,3,automated-ringing,4,Wheatley
1446405,4,automated-ringing,5,Wheatley
1446405,5,automated-ringing,6,Wheatley
1446405,6,automated-ringing,8,Wheatley
1446405,7,automated-ringing,9,Wheatley
1446405,8,automated-ringing,10,Wheatley
1446405,9,simulated-sound,,Performed on a virtual ringing platform.
1446338,0,simulated-sound,,Performed on a virtual ringing platform.
1446414,0,simulated-sound,,Performed on a virtual ringing platform.
1446414,1,first-quarter,6,
1446269,0,simulated-sound,,Performed on a virtual ringing platform.
1446188,0,simulated-sound,,Performed on a virtual ringing platform.
1446198,0,simulated-sound,,Performed on a virtual ringing platform.
1609368,0,automated-ringing,2,Abel
1609368,1,automated-ringing,3,Abel
1609368,2,automated-ringing,4,Abel
1609368,3,automated-ringing,5,Abel
1609368,4,automated-ringing,6,Abel
1609368,5,automated-ringing,7,Abel
1609368,6,automated-ringing,8,Abel
1609368,7,simulated-sound,,
1446187,0,simulated-sound,,Performed on a ring of dumb bells.
1446136,0,simulated-sound,,Performed on a virtual ringing platform.
1446180,0,automated-ringing,6,Wheatley
1446180,1,simulated-sound,,Performed on a virtual ringing platform.
1446193,0,automated-ringing,1,Wheatley
1446193,1,automated-ringing,7,Wheatley
1446193,2,automated-ringing,8,Wheatley
1446193,3,simulated-sound,,Performed on a virtual ringing platform.
1446118,0,simulated-sound,,Performed on a virtual ringing platform.
1447341,0,simulated-sound,,Performed on a virtual ringing platform.
1446146,0,simulated-sound,,Performed on a virtual ringing platform.
1446163,0,simulated-sound,,Performed on a virtual ringing platform.
1446158,0,simulated-sound,,Performed on a virtual ringing platform.
1446117,0,simulated-sound,,Performed on a virtual ringing platform.
1446194,0,simulated-sound,,Performed on a virtual ringing platform.
1446190,0,automated-ringing,3,Wheatley
1446190,1,automated-ringing,4,Wheatley
1446190,2,automated-ringing,5,Wheatley
1446190,3,automated-ringing,6,Wheatley
1446190,4,automated-ringing,7,Wheatley
1446190,5,automated-ringing,8,Wheatley
1446190,6,simulated-sound,,Performed on a virtual ringing platform.
1446226,0,simulated-sound,,Performed on a virtual ringing platform.
1446106,0,simulated-sound,,Performed on a virtual ringing platform.
1453818,0,automated-ringing,1,Abel
1453818,1,automated-ringing,2,Abel
1453818,2,automated-ringing,3,Abel
1453818,3,automated-ringing,4,Abel
1453818,4,automated-ringing,6,Abel
1453818,5,simulated-sound,,
1446076,0,first-quarter,6,
1445997,0,simulated-sound,,Performed on a virtual ringing platform.
1446036,0,simulated-sound,,Performed on a virtual ringing platform.
1451134,0,automated-ringing,1,Abel
1451134,1,automated-ringing,2,Abel
1451134,2,automated-ringing,3,Abel
1451134,3,automated-ringing,4,Abel
1451134,4,automated-ringing,5,Abel
1451134,5,simulated-sound,,
1896039,0,automated-ringing,1,Wheatley
1896039,1,automated-ringing,3,Wheatley
1896039,2,automated-ringing,4,Wheatley
1896039,3,automated-ringing,5,Wheatley
1896039,4,automated-ringing,6,Wheatley
1896039,5,automated-ringing,7,Wheatley
1896039,6,simulated-sound,,Performed on a virtual ringing platform.
1446043,0,simulated-sound,,Performed on a virtual ringing platform.
1446073,0,automated-ringing,1,Wheatley
1446073,1,automated-ringing,2,Wheatley
1446073,2,automated-ringing,3,Wheatley
1446073,3,automated-ringing,4,Wheatley
1446073,4,automated-ringing,6,Wheatley
1446073,5,automated-ringing,7,Wheatley
1446073,6,automated-ringing,8,Wheatley
1446073,7,automated-ringing,10,Wheatley
1446073,8,simulated-sound,,Performed on a virtual ringing platform.
1446066,0,simulated-sound,,Performed on a virtual ringing platform.
1446023,0,simulated-sound,,Performed on a virtual ringing platform.
1445872,0,simulated-sound,,Performed on a virtual ringing platform.
1445907,0,simulated-sound,,Performed on a virtual ringing platform.
1446041,0,simulated-sound,,Performed on a virtual ringing platform.
1471456,0,automated-ringing,5,Wheatley
1471456,1,automated-ringing,6,Wheatley
1471456,2,simulated-sound,,Performed on a virtual ringing platform.
1446069,0,simulated-sound,,Performed on a virtual ringing platform.
1445627,0,simulated-sound,,Performed on a virtual ringing platform.
1445626,0,simulated-sound,,Performed on a virtual ringing platform.
1445635,0,simulated-sound,,Performed on a virtual ringing platform.
1896041,0,automated-ringing,1,Wheatley
1896041,1,automated-ringing,2,Wheatley
1896041,2,automated-ringing,4,Wheatley
1896041,3,automated-ringing,5,Wheatley
1896041,4,automated-ringing,6,Wheatley
1896041,5,automated-ringing,7,Wheatley
1896041,6,simulated-sound,,Performed on a virtual ringing platform.
1445734,0,simulated-sound,,Performed on a virtual ringing platform.
1445734,1,first-quarter,2,
1445751,0,simulated-sound,,Performed on a virtual ringing platform.
1445620,0,simulated-sound,,Performed on a virtual ringing platform.
1445790,0,simulated-sound,,Performed on a virtual ringing platform.
1445600,0,simulated-sound,,Performed on a virtual ringing platform.
1445281,0,simulated-sound,,Performed on a virtual ringing platform.
1445520,0,automated-ringing,1,Abel
1445520,1,automated-ringing,3,Abel
1445520,2,automated-ringing,4,Abel
1445520,3,automated-ringing,5,Abel
1445520,4,automated-ringing,6,Abel
1445520,5,automated-ringing,7,Abel
1445520,6,automated-ringing,8,Abel
1445520,7,simulated-sound,,
1445558,0,simulated-sound,,Performed on a virtual ringing platform.
1445559,0,simulated-sound,,Performed on a virtual ringing platform.
1445557,0,automated-ringing,1,Wheatley
1445557,1,automated-ringing,6,Wheatley
1445557,2,simulated-sound,,Performed on a virtual ringing platform.
1445567,0,simulated-sound,,Performed on a virtual ringing platform.
1445556,0,simulated-sound,,Performed on a virtual ringing platform.
1445431,0,simulated-sound,,Performed on a virtual ringing platform.
1445481,0,simulated-sound,,Performed on a virtual ringing platform.
1445525,0,simulated-sound,,Performed on a virtual ringing platform.
1445506,0,automated-ringing,3,Wheatley
1445506,1,automated-ringing,4,Wheatley
1445506,2,automated-ringing,5,Wheatley
1445506,3,automated-ringing,6,Wheatley
1445506,4,automated-ringing,7,Wheatley
1445506,5,automated-ringing,8,Wheatley
1445506,6,simulated-sound,,Performed on a virtual ringing platform.
1445622,0,simulated-sound,,Performed on a virtual ringing platform.
1445603,0,simulated-sound,,Performed on a virtual ringing platform.
1445283,0,simulated-sound,,Performed on a virtual ringing platform.
1445138,0,simulated-sound,,Performed on a virtual ringing platform.
1445150,0,simulated-sound,,Performed on a virtual ringing platform.
1446228,0,simulated-sound,,Performed on a virtual ringing platform.
1445098,0,simulated-sound,,Performed on a virtual ringing platform.
1445097,0,simulated-sound,,Performed on a virtual ringing platform.
1444844,0,simulated-sound,,Performed on a virtual ringing platform.
1896042,0,automated-ringing,1,Wheatley
1896042,1,automated-ringing,2,Wheatley
1896042,2,automated-ringing,3,Wheatley
1896042,3,automated-ringing,4,Wheatley
1896042,4,automated-ringing,6,Wheatley
1896042,5,automated-ringing,7,Wheatley
1896042,6,simulated-sound,,Performed on a virtual ringing platform.
1444786,0,simulated-sound,,Performed on a virtual ringing platform.
1444747,0,simulated-sound,,Performed on a virtual ringing platform.
1444627,0,simulated-sound,,Performed on a virtual ringing platform.
1445604,0,automated-ringing,2,Wheatley
1445604,1,automated-ringing,3,Wheatley
1445604,2,automated-ringing,4,Wheatley
1445604,3,automated-ringing,6,Wheatley
1445604,4,simulated-sound,,Performed on a virtual ringing platform.
1450240,0,simulated-sound,,Performed on a virtual ringing platform.
1444775,0,simulated-sound,,Performed on a virtual ringing platform.
1444569,0,simulated-sound,,Performed on a virtual ringing platform.
1444493,0,simulated-sound,,Performed on a virtual ringing platform.
1933725,0,simulated-sound,,Performed on a virtual ringing platform.
1444459,0,simulated-sound,,Performed on a virtual ringing platform.
1448631,0,simulated-sound,,Performed on a virtual ringing platform.
1448630,0,simulated-sound,,Performed on a virtual ringing platform.
1471457,0,automated-ringing,3,Wheatley
1471457,1,automated-ringing,4,Wheatley
1471457,2,simulated-sound,,Performed on a virtual ringing platform.
1444548,0,simulated-sound,,Performed on a virtual ringing platform.
1444447,0,simulated-sound,,Performed on a virtual ringing platform.
1444587,0,simulated-sound,,Performed on a virtual ringing platform.
1444428,0,simulated-sound,,Performed on a virtual ringing platform.
1444336,0,simulated-sound,,Performed on a virtual ringing platform.
1609367,0,automated-ringing,2,Abel
1609367,1,automated-ringing,3,Abel
1609367,2,automated-ringing,4,Abel
1609367,3,automated-ringing,5,Abel
1609367,4,automated-ringing,6,Abel
1609367,5,automated-ringing,7,Abel
1609367,6,automated-ringing,8,Abel
1609367,7,simulated-sound,,
1444326,0,simulated-sound,,Performed on a virtual ringing platform.
1444388,0,simulated-sound,,Performed on a virtual ringing platform.
1444351,0,simulated-sound,,Performed on a virtual ringing platform.
1444355,0,simulated-sound,,Performed on a virtual ringing platform.
1444246,0,simulated-sound,,Performed on a virtual ringing platform.
1444322,0,simulated-sound,,Performed on a virtual ringing platform.
1444377,0,simulated-sound,,Performed on a virtual ringing platform.
1444335,0,simulated-sound,,Performed on a virtual ringing platform.
1444233,0,simulated-sound,,Performed on a virtual ringing platform.
1444030,0,simulated-sound,,Performed on a virtual ringing platform.
1444159,0,simulated-sound,,Performed on a virtual ringing platform.
1444124,0,simulated-sound,,Performed on a virtual ringing platform.
1444162,0,simulated-sound,,Performed on a virtual ringing platform.
1444126,0,simulated-sound,,Performed on a virtual ringing platform.
1444123,0,automated-ringing,1,Abel
1444123,1,automated-ringing,2,Abel
1444123,2,automated-ringing,3,Abel
1444123,3,automated-ringing,4,Abel
1444123,4,automated-ringing,5,Abel
1444123,5,automated-ringing,6,Abel
1444123,6,automated-ringing,7,Abel
1444123,7,automated-ringing,8,Abel
1444123,8,automated-ringing,9,Abel
1444123,9,automated-ringing,10,Abel
1444123,10,simulated-sound,,
1444122,0,simulated-sound,,Performed on a virtual ringing platform.
1444054,0,simulated-sound,,Performed on a virtual ringing platform.
1444147,0,simulated-sound,,Performed on a virtual ringing platform.
1443943,0,simulated-sound,,Performed on a virtual ringing platform.
1443857,0,simulated-sound,,Performed on a virtual ringing platform.
1443857,1,first-quarter,1,
1445129,0,simulated-sound,,Performed on a virtual ringing platform.
1443950,0,simulated-sound,,Performed on a virtual ringing platform.
1443869,0,simulated-sound,,Performed on a virtual ringing platform.
1443869,1,first-quarter,1,
1443869,2,first-quarter,2,
1443869,3,first-quarter,6,
1444001,0,simulated-sound,,Performed on a virtual ringing platform.
1638784,0,simulated-sound,,Performed on a virtual ringing platform.
1443956,0,simulated-sound,,Performed on a virtual ringing platform.
1443984,0,automated-ringing,1,Abel
1443984,1,automated-ringing,2,Abel
1443984,2,automated-ringing,3,Abel
1443984,3,automated-ringing,4,Abel
1443984,4,automated-ringing,5,Abel
1443984,5,automated-ringing,6,Abel
1443984,6,automated-ringing,7,Abel
1443984,7,automated-ringing,8,Abel
1443984,8,automated-ringing,9,Abel
1443984,9,automated-ringing,10,Abel
1443984,10,automated-ringing,11,Abel
1443984,11,simulated-sound,,
1443855,0,automated-ringing,1,Abel
1443855,1,automated-ringing,2,Abel
1443855,2,automated-ringing,3,Abel
1443855,3,automated-ringing,4,Abel
1443855,4,automated-ringing,5,Abel
1443855,5,automated-ringing,6,Abel
1443855,6,simulated-sound,,Performed on a virtual ringing platform.
1443854,0,automated-ringing,1,Abel
1443854,1,automated-ringing,2,Abel
1443854,2,automated-ringing,3,Abel
1443854,3,automated-ringing,4,Abel
1443854,4,simulated-sound,,Performed on a virtual ringing platform.
1443793,0,automated-ringing,1,Abel
1443793,1,automated-ringing,2,Abel
1443793,2,automated-ringing,3,Abel
1443793,3,automated-ringing,4,Abel
1443793,4,automated-ringing,5,Abel
1443793,5,automated-ringing,6,Abel
1443793,6,automated-ringing,7,Abel
1443793,7,automated-ringing,8,Abel
1443793,8,automated-ringing,9,Abel
1443793,9,automated-ringing,10,Abel
1443793,10,simulated-sound,,
1443805,0,simulated-sound,,Performed on a virtual ringing platform.
1443835,0,simulated-sound,,Performed on a virtual ringing platform.
1443790,0,simulated-sound,,Performed on a virtual ringing platform.
1443768,0,simulated-sound,,Performed on a virtual ringing platform.
1443778,0,simulated-sound,,Performed on a virtual ringing platform.
1443893,0,automated-ringing,5,Wheatley
1443893,1,simulated-sound,,Performed on a virtual ringing platform.
1443892,0,automated-ringing,5,Wheatley
1443892,1,simulated-sound,,Performed on a virtual ringing platform.
1443891,0,automated-ringing,2,Wheatley
1443891,1,simulated-sound,,Performed on a virtual ringing platform.
1443890,0,automated-ringing,2,Wheatley
1443890,1,simulated-sound,,Performed on a virtual ringing platform.
1443887,0,simulated-sound,,Performed on a virtual ringing platform.
1443885,0,simulated-sound,,Performed on a virtual ringing platform.
1445606,0,simulated-sound,,Performed on a virtual ringing platform.
1443723,0,simulated-sound,,Performed on a virtual ringing platform.
1444258,0,simulated-sound,,Performed on a virtual ringing platform.
1443608,0,simulated-sound,,Performed on a virtual ringing platform.
1443572,0,simulated-sound,,Performed on a virtual ringing platform.
1443346,0,simulated-sound,,Performed on a virtual ringing platform.
1443585,0,simulated-sound,,Performed on a virtual ringing platform.
1443588,0,simulated-sound,,Performed on a virtual ringing platform.
1445101,0,simulated-sound,,Performed on a virtual ringing platform.
1443327,0,simulated-sound,,Performed on a virtual ringing platform.
1443344,0,simulated-sound,,Performed on a virtual ringing platform.
1443467,0,simulated-sound,,Performed on a virtual ringing platform.
1443314,0,simulated-sound,,Performed on a virtual ringing platform.
1443756,0,automated-ringing,3,Wheatley
1443756,1,automated-ringing,4,Wheatley
1443756,2,automated-ringing,5,Wheatley
1443756,3,automated-ringing,6,Wheatley
1443756,4,simulated-sound,,Performed on a virtual ringing platform.
1443222,0,simulated-sound,,Performed on a virtual ringing platform.
1896049,0,automated-ringing,1,Wheatley
1896049,1,automated-ringing,3,Wheatley
1896049,2,automated-ringing,4,Wheatley
1896049,3,automated-ringing,5,Wheatley
1896049,4,automated-ringing,6,Wheatley
1896049,5,automated-ringing,7,Wheatley
1896049,6,simulated-sound,,Performed on a virtual ringing platform.
1443201,0,simulated-sound,,Performed on a virtual ringing platform.
1443203,0,simulated-sound,,Performed on a virtual ringing platform.
1443135,0,simulated-sound,,Performed on a virtual ringing platform.
1443400,0,automated-ringing,5,Wheatley
1443400,1,simulated-sound,,Performed on a virtual ringing platform.
1443202,0,simulated-sound,,Performed on a virtual ringing platform.
1443046,0,simulated-sound,,Performed on a virtual ringing platform.
1442977,0,simulated-sound,,Performed on a virtual ringing platform.
1443366,0,simulated-sound,,Performed on a virtual ringing platform.
1443057,0,simulated-sound,,Performed on a virtual ringing platform.
1442897,0,simulated-sound,,Performed on a virtual ringing platform.
1443451,0,automated-ringing,2,Wheatley
1443451,1,simulated-sound,,Performed on a virtual ringing platform.
1443043,0,simulated-sound,,Performed on a virtual ringing platform.
1442854,0,simulated-sound,,Performed on a virtual ringing platform.
1609365,0,automated-ringing,2,Abel
1609365,1,automated-ringing,3,Abel
1609365,2,automated-ringing,4,Abel
1609365,3,automated-ringing,5,Abel
1609365,4,automated-ringing,6,Abel
1609365,5,automated-ringing,7,Abel
1609365,6,automated-ringing,8,Abel
1609365,7,simulated-sound,,
1442836,0,automated-ringing,1,Abel
1442836,1,automated-ringing,2,Abel
1442836,2,automated-ringing,3,Abel
1442836,3,automated-ringing,4,Abel
1442836,4,automated-ringing,5,Abel
1442836,5,automated-ringing,6,Abel
1442836,6,simulated-sound,,
1442912,0,simulated-sound,,Performed on a virtual ringing platform.
1442749,0,simulated-sound,,Performed on a virtual ringing platform.
1442838,0,simulated-sound,,Performed on a virtual ringing platform.
1443007,0,simulated-sound,,Performed on a virtual ringing platform.
1442860,0,simulated-sound,,Performed on a virtual ringing platform.
1442746,0,simulated-sound,,Performed on a virtual ringing platform.
1442800,0,simulated-sound,,Performed on a virtual ringing platform.
1442726,0,simulated-sound,,Performed on a virtual ringing platform.
1444036,0,simulated-sound,,Performed on a virtual ringing platform.
1442523,0,simulated-sound,,Performed on a virtual ringing platform.
1442524,0,simulated-sound,,Performed on a virtual ringing platform.
1442548,0,simulated-sound,,Performed on a virtual ringing platform.
1442550,0,automated-ringing,1,Wheatley
1442550,1,automated-ringing,2,Wheatley
1442550,2,automated-ringing,3,Wheatley
1442550,3,automated-ringing,4,Wheatley
1442550,4,automated-ringing,6,Wheatley
1442550,5,automated-ringing,7,Wheatley
1442550,6,automated-ringing,8,Wheatley
1442550,7,automated-ringing,10,Wheatley
1442550,8,simulated-sound,,Performed on a virtual ringing platform.
1445127,0,simulated-sound,,Performed on a virtual ringing platform.
1442400,0,simulated-sound,,Performed on a virtual ringing platform.
1442525,0,simulated-sound,,Performed on a virtual ringing platform.
1442525,1,first-quarter,5,
1442525,2,first-quarter,6,
1442539,0,simulated-sound,,Performed on a virtual ringing platform.
1442529,0,simulated-sound,,Performed on a virtual ringing platform.
1442397,0,first-peal,4,
1442243,0,simulated-sound,,Performed on a ring of dumb bells.
1442262,0,simulated-sound,,Performed on a virtual ringing platform.
1442173,0,simulated-sound,,Performed on a virtual ringing platform.
1442378,0,simulated-sound,,Performed on a virtual ringing platform.
1445126,0,simulated-sound,,Performed on a virtual ringing platform.
1442392,0,simulated-sound,,Performed on a virtual ringing platform.
1442377,0,simulated-sound,,Performed on a virtual ringing platform.
1442376,0,simulated-sound,,Performed on a virtual ringing platform.
1442463,0,automated-ringing,3,Wheatley
1442463,1,automated-ringing,4,Wheatley
1442463,2,simulated-sound,,Performed on a virtual ringing platform.
1442442,0,automated-ringing,3,Wheatley
1442442,1,automated-ringing,4,Wheatley
1442442,2,simulated-sound,,Performed on a virtual ringing platform.
1442239,0,simulated-sound,,Performed on a virtual ringing platform.
1442326,0,simulated-sound,,Performed on a virtual ringing platform.
1441954,0,simulated-sound,,Performed on a virtual ringing platform.
1442106,0,automated-ringing,1,Abel
1442106,1,automated-ringing,2,Abel
1442106,2,automated-ringing,3,Abel
1442106,3,automated-ringing,4,Abel
1442106,4,automated-ringing,5,Abel
1442106,5,automated-ringing,6,Abel
1442106,6,simulated-sound,,
1442108,0,automated-ringing,1,Wheatley
1442108,1,automated-ringing,3,Wheatley
1442108,2,automated-ringing,5,Wheatley
1442108,3,automated-ringing,7,Wheatley
1442108,4,simulated-sound,,Performed on a virtual ringing platform.
1442111,0,simulated-sound,,Performed on a virtual ringing platform.
1441984,0,simulated-sound,,Performed on a virtual ringing platform.
1442033,0,simulated-sound,,Performed on a virtual ringing platform.
1442130,0,simulated-sound,,Performed on a virtual ringing platform.
1442066,0,simulated-sound,,Performed on a virtual ringing platform.
1443257,0,simulated-sound,,Performed on a virtual ringing platform.
1443256,0,automated-ringing,1,Wheatley
1443256,1,simulated-sound,,Performed on a virtual ringing platform.
1442067,0,simulated-sound,,Performed on a virtual ringing platform.
1441999,0,simulated-sound,,Performed on a virtual ringing platform.
1441906,0,simulated-sound,,Performed on a virtual ringing platform.
1441904,0,simulated-sound,,Performed on a virtual ringing platform.
1441898,0,simulated-sound,,Performed on a virtual ringing platform.
1441857,0,simulated-sound,,Performed on a virtual ringing platform.
1441852,0,simulated-sound,,Performed on a virtual ringing platform.
1441865,0,simulated-sound,,Performed on a virtual ringing platform.
1442517,0,simulated-sound,,Performed on a virtual ringing platform.
1441803,0,simulated-sound,,Performed on a virtual ringing platform.
1441858,0,simulated-sound,,Performed on a virtual ringing platform.
1441900,0,simulated-sound,,Performed on a virtual ringing platform.
1441859,0,simulated-sound,,Performed on a virtual ringing platform.
1441763,0,simulated-sound,,Performed on a virtual ringing platform.
1441738,0,automated-ringing,1,Abel
1441738,1,automated-ringing,2,Abel
1441738,2,automated-ringing,3,Abel
1441738,3,automated-ringing,4,Abel
1441738,4,automated-ringing,5,Abel
1441738,5,automated-ringing,6,Abel
1441738,6,simulated-sound,,
1441759,0,simulated-sound,,Performed on a virtual ringing platform.
1441768,0,automated-ringing,1,Wheatley
1441768,1,automated-ringing,2,Wheatley
1441768,2,automated-ringing,3,Wheatley
1441768,3,automated-ringing,5,Wheatley
1441768,4,automated-ringing,6,Wheatley
1441768,5,automated-ringing,7,Wheatley
1441768,6,automated-ringing,8,Wheatley
1441768,7,automated-ringing,9,Wheatley
1441768,8,simulated-sound,,Performed on a virtual ringing platform.
1441698,0,automated-ringing,1,Wheatley
1441698,1,automated-ringing,2,Wheatley
1441698,2,automated-ringing,3,Wheatley
1441698,3,automated-ringing,4,Wheatley
1441698,4,automated-ringing,6,Wheatley
1441698,5,simulated-sound,,Performed on a virtual ringing platform.
1441728,0,simulated-sound,,Performed on a virtual ringing platform.
1441756,0,simulated-sound,,Performed on a virtual ringing platform.
1441820,0,simulated-sound,,Performed on a virtual ringing platform.
1441818,0,simulated-sound,,Performed on a virtual ringing platform.
1441816,0,simulated-sound,,Performed on a virtual ringing platform.
1441770,0,automated-ringing,1,Abel
1441770,1,automated-ringing,2,Abel
1441770,2,automated-ringing,3,Abel
1441770,3,automated-ringing,4,Abel
1441770,4,automated-ringing,5,Abel
1441770,5,automated-ringing,6,Abel
1441770,6,automated-ringing,7,Abel
1441770,7,automated-ringing,8,Abel
1441770,8,automated-ringing,9,Abel
1441770,9,simulated-sound,,
1441367,0,simulated-sound,,Performed on a virtual ringing platform.
1441419,0,simulated-sound,,Performed on a virtual ringing platform.
1441413,0,simulated-sound,,Performed on a virtual ringing platform.
1441421,0,simulated-sound,,Performed on a virtual ringing platform.
1441421,1,first-quarter,1,
1441421,2,first-quarter,2,
1933724,0,simulated-sound,,Performed on a virtual ringing platform.
1441301,0,simulated-sound,,Performed on a virtual ringing platform.
1441423,0,simulated-sound,,Performed on a virtual ringing platform.
1441211,0,simulated-sound,,Performed on a virtual ringing platform.
1441362,0,simulated-sound,,Performed on a virtual ringing platform.
1441374,0,simulated-sound,,Performed on a virtual ringing platform.
1441402,0,simulated-sound,,Performed on a virtual ringing platform.
1441360,0,simulated-sound,,Performed on a virtual ringing platform.
1443838,0,simulated-sound,,Performed on a virtual ringing platform.
1834279,0,simulated-sound,,Performed on a virtual ringing platform.
1441242,0,automated-ringing,1,Wheatley
1441242,1,automated-ringing,5,Wheatley
1441242,2,simulated-sound,,Performed on a virtual ringing platform.
1441420,0,automated-ringing,1,Wheatley
1441420,1,automated-ringing,3,Wheatley
1441420,2,automated-ringing,4,Wheatley
1441420,3,automated-ringing,5,Wheatley
1441420,4,automated-ringing,6,Wheatley
1441420,5,automated-ringing,7,Wheatley
1441420,6,automated-ringing,8,Wheatley
1441420,7,simulated-sound,,Performed on a virtual ringing platform.
1609364,0,automated-ringing,2,Abel
1609364,1,automated-ringing,3,Abel
1609364,2,automated-ringing,4,Abel
1609364,3,automated-ringing,5,Abel
1609364,4,automated-ringing,6,Abel
1609364,5,automated-ringing,7,Abel
1609364,6,automated-ringing,8,Abel
1609364,7,simulated-sound,,
1896043,0,automated-ringing,3,Wheatley
1896043,1,automated-ringing,4,Wheatley
1896043,2,automated-ringing,5,Wheatley
1896043,3,simulated-sound,,Performed on a virtual ringing platform.
1441102,0,simulated-sound,,Performed on a virtual ringing platform.
1441071,0,simulated-sound,,Performed on a virtual ringing platform.
1443681,0,simulated-sound,,Performed on a virtual ringing platform.
1441041,0,simulated-sound,,Performed on a virtual ringing platform.
1441074,0,simulated-sound,,Performed on a virtual ringing platform.
1441091,0,simulated-sound,,Performed on a virtual ringing platform.
1441029,0,simulated-sound,,Performed on a virtual ringing platform.
1441080,0,simulated-sound,,Performed on a virtual ringing platform.
1441053,0,simulated-sound,,Performed on a virtual ringing platform.
1440989,0,simulated-sound,,Performed on a virtual ringing platform.
1440991,0,simulated-sound,,Performed on a virtual ringing platform.
1441077,0,automated-ringing,1,Wheatley
1441077,1,automated-ringing,2,Wheatley
1441077,2,automated-ringing,3,Wheatley
1441077,3,automated-ringing,4,Wheatley
1441077,4,automated-ringing,5,Wheatley
1441077,5,simulated-sound,,Performed on a virtual ringing platform.
1441769,0,automated-ringing,1,Abel
1441769,1,automated-ringing,2,Abel
1441769,2,automated-ringing,3,Abel
1441769,3,automated-ringing,4,Abel
1441769,4,automated-ringing,5,Abel
1441769,5,automated-ringing,6,Abel
1441769,6,automated-ringing,7,Abel
1441769,7,automated-ringing,8,Abel
1441769,8,automated-ringing,9,Abel
1441769,9,simulated-sound,,
1440960,0,simulated-sound,,Performed on a virtual ringing platform.
1440941,0,simulated-sound,,Performed on a virtual ringing platform.
1440858,0,simulated-sound,,Performed on a virtual ringing platform.
1440920,0,simulated-sound,,Performed on a virtual ringing platform.
1440939,0,simulated-sound,,Performed on a virtual ringing platform.
1440855,0,simulated-sound,,Performed on a virtual ringing platform.
1440961,0,simulated-sound,,Performed on a virtual ringing platform.
1442804,0,first-quarter,1,
1440687,0,simulated-sound,,Performed on a virtual ringing platform.
1440816,0,automated-ringing,1,Abel
1440816,1,automated-ringing,2,Abel
1440816,2,automated-ringing,3,Abel
1440816,3,automated-ringing,4,Abel
1440816,4,automated-ringing,5,Abel
1440816,5,automated-ringing,6,Abel
1440816,6,automated-ringing,7,Abel
1440816,7,automated-ringing,8,Abel
1440816,8,automated-ringing,9,Abel
1440816,9,automated-ringing,10,Abel
1440816,10,simulated-sound,,
1440833,0,simulated-sound,,Performed on a virtual ringing platform.
1442960,0,simulated-sound,,Performed on a virtual ringing platform.
1440843,0,simulated-sound,,Performed on a virtual ringing platform.
1440725,0,simulated-sound,,Performed on a virtual ringing platform.
1440674,0,simulated-sound,,Performed on a virtual ringing platform.
1440695,0,simulated-sound,,Performed on a virtual ringing platform.
1440746,0,simulated-sound,,Performed on a virtual ringing platform.
1440800,0,simulated-sound,,Performed on a virtual ringing platform.
1440684,0,simulated-sound,,Performed on a virtual ringing platform.
1450915,0,automated-ringing,1,Abel
1450915,1,automated-ringing,2,Abel
1450915,2,automated-ringing,3,Abel
1450915,3,automated-ringing,4,Abel
1450915,4,automated-ringing,5,Abel
1450915,5,automated-ringing,6,Abel
1450915,6,automated-ringing,7,Abel
1450915,7,automated-ringing,8,Abel
1450915,8,automated-ringing,9,Abel
1450915,9,automated-ringing,10,Abel
1450915,10,automated-ringing,11,Abel
1450915,11,automated-ringing,12,Abel
1450915,12,simulated-sound,,
1450945,0,simulated-sound,,Performed on a virtual ringing platform.
1450926,0,simulated-sound,,Performed on a virtual ringing platform.
1450922,0,simulated-sound,,Performed on a virtual ringing platform.
1450919,0,simulated-sound,,Performed on a virtual ringing platform.
1450794,0,simulated-sound,,Performed on a virtual ringing platform.
1933728,0,simulated-sound,,Performed on a virtual ringing platform.
1450725,0,simulated-sound,,Performed on a virtual ringing platform.
1450802,0,simulated-sound,,Performed on a virtual ringing platform.
1450765,0,simulated-sound,,Performed on a virtual ringing platform.
1450785,0,automated-ringing,1,Wheatley
1450785,1,automated-ringing,2,Wheatley
1450785,2,simulated-sound,,Performed on a virtual ringing platform.
1450784,0,automated-ringing,1,Wheatley
1450784,1,automated-ringing,6,Wheatley
1450784,2,simulated-sound,,Performed on a virtual ringing platform.
1450695,0,simulated-sound,,Performed on a virtual ringing platform.
1450672,0,automated-ringing,1,Abel
1450672,1,automated-ringing,2,Abel
1450672,2,automated-ringing,3,Abel
1450672,3,automated-ringing,4,Abel
1450672,4,automated-ringing,5,Abel
1450672,5,automated-ringing,6,Abel
1450672,6,automated-ringing,7,Abel
1450672,7,automated-ringing,8,Abel
1450672,8,simulated-sound,,
1450692,0,simulated-sound,,Performed on a ring of dumb bells.
1450673,0,simulated-sound,,Performed on a ring of dumb bells.
1450682,0,automated-ringing,1,Abel
1450682,1,automated-ringing,2,Abel
1450682,2,automated-ringing,3,Abel
1450682,3,automated-ringing,4,Abel
1450682,4,automated-ringing,5,Abel
1450682,5,automated-ringing,6,Abel
1450682,6,automated-ringing,7,Abel
1450682,7,automated-ringing,8,Abel
1450682,8,automated-ringing,9,Abel
1450682,9,automated-ringing,10,Abel
1450682,10,simulated-sound,,
1450662,0,simulated-sound,,Performed on a virtual ringing platform.
1599873,0,automated-ringing,1,Wheatley
1599873,1,automated-ringing,3,Wheatley
1599873,2,automated-ringing,5,Wheatley
1599873,3,automated-ringing,7,Wheatley
1599873,4,simulated-sound,,Performed on a virtual ringing platform.
1451688,0,simulated-sound,,Performed on a virtual ringing platform.
1450690,0,simulated-sound,,Performed on a virtual ringing platform.
1450639,0,simulated-sound,,Performed on a virtual ringing platform.
1450689,0,simulated-sound,,Performed on a virtual ringing platform.
1450694,0,simulated-sound,,Performed on a virtual ringing platform.
1450640,0,simulated-sound,,Performed on a virtual ringing platform.
1959783,0,first-quarter,1,
1450520,0,simulated-sound,,Performed on a virtual ringing platform.
1450535,0,first-quarter,1,
1450661,0,automated-ringing,1,Wheatley
1450661,1,automated-ringing,2,Wheatley
1450661,2,automated-ringing,3,Wheatley
1450661,3,automated-ringing,4,Wheatley
1450661,4,automated-ringing,6,Wheatley
1450661,5,automated-ringing,7,Wheatley
1450661,6,automated-ringing,8,Wheatley
1450661,7,automated-ringing,10,Wheatley
1450661,8,simulated-sound,,Performed on a virtual ringing platform.
1450606,0,simulated-sound,,Performed on a virtual ringing platform.
1450604,0,simulated-sound,,Performed on a virtual ringing platform.
1450609,0,simulated-sound,,Performed on a virtual ringing platform.
1450596,0,simulated-sound,,Performed on a virtual ringing platform.
1450553,0,simulated-sound,,Performed on a virtual ringing platform.
1450539,0,first-quarter,6,
1450796,0,automated-ringing,1,Virtual Belfry
1450796,1,automated-ringing,2,Virtual Belfry
1450796,2,automated-ringing,3,Virtual Belfry
1450796,3,automated-ringing,5,Virtual Belfry
1450796,4,automated-ringing,6,Virtual Belfry
1450796,5,simulated-sound,,Performed on a virtual ringing platform.
1450320,0,simulated-sound,,Performed on a virtual ringing platform.
1450334,0,automated-ringing,4,Wheatley
1450334,1,automated-ringing,6,Wheatley
1450334,2,simulated-sound,,Performed on a virtual ringing platform.
1450512,0,simulated-sound,,
1450637,0,automated-ringing,1,Abel
1450637,1,automated-ringing,2,Abel
1450637,2,automated-ringing,3,Abel
1450637,3,automated-ringing,4,Abel
1450637,4,automated-ringing,5,Abel
1450637,5,automated-ringing,6,Abel
1450637,6,simulated-sound,,
1450226,0,simulated-sound,,Performed on a virtual ringing platform.
1450205,0,simulated-sound,,Performed on a virtual ringing platform.
1450207,0,automated-ringing,1,Wheatley
1450207,1,automated-ringing,2,Wheatley
1450207,2,automated-ringing,5,Wheatley
1450207,3,automated-ringing,6,Wheatley
1450207,4,automated-ringing,7,Wheatley
1450207,5,automated-ringing,8,Wheatley
1450207,6,automated-ringing,9,Wheatley
1450207,7,simulated-sound,,Performed on a virtual ringing platform.
1450107,0,simulated-sound,,Performed on a virtual ringing platform.
1450213,0,simulated-sound,,Performed on a virtual ringing platform.
1450193,0,simulated-sound,,Performed on a virtual ringing platform.
1450163,0,simulated-sound,,Performed on a virtual ringing platform.
1450127,0,simulated-sound,,Performed on a virtual ringing platform.
1450176,0,simulated-sound,,Performed on a virtual ringing platform.
1450105,0,simulated-sound,,Performed on a virtual ringing platform.
1450355,0,simulated-sound,,Performed on a virtual ringing platform.
1450081,0,simulated-sound,,Performed on a virtual ringing platform.
1450044,0,simulated-sound,,Performed on a virtual ringing platform.
1450080,0,simulated-sound,,Performed on a virtual ringing platform.
1450075,0,simulated-sound,,Performed on a virtual ringing platform.
1450070,0,simulated-sound,,Performed on a virtual ringing platform.
1450069,0,simulated-sound,,Performed on a virtual ringing platform.
1449922,0,simulated-sound,,Performed on a virtual ringing platform.
1449989,0,simulated-sound,,Performed on a virtual ringing platform.
1449977,0,simulated-sound,,Performed on a virtual ringing platform.
1449893,0,simulated-sound,,Performed on a virtual ringing platform.
1933727,0,simulated-sound,,Performed on a virtual ringing platform.
1449866,0,simulated-sound,,Performed on a virtual ringing platform.
1449836,0,simulated-sound,,Performed on a virtual ringing platform.
1449906,0,simulated-sound,,Performed on a virtual ringing platform.
1449877,0,simulated-sound,,Performed on a virtual ringing platform.
1449876,0,simulated-sound,,Performed on a virtual ringing platform.
1449905,0,automated-ringing,1,Wheatley
1449905,1,automated-ringing,2,Wheatley
1449905,2,automated-ringing,5,Wheatley
1449905,3,automated-ringing,6,Wheatley
1449905,4,simulated-sound,,Performed on a virtual ringing platform.
1449861,0,simulated-sound,,Performed on a virtual ringing platform.
1449813,0,simulated-sound,,Performed on a virtual ringing platform.
1451139,0,automated-ringing,1,Virtual Belfry Ringing Simulator
1451139,1,automated-ringing,3,Virtual Belfry Ringing Simulator
1451139,2,automated-ringing,4,Virtual Belfry Ringing Simulator
1451139,3,automated-ringing,5,Virtual Belfry Ringing Simulator
1451139,4,automated-ringing,6,Virtual Belfry Ringing Simulator
1451139,5,simulated-sound,,
1449823,0,simulated-sound,,Performed on a ring of dumb bells.
1449761,0,automated-ringing,1,Abel
1449761,1,automated-ringing,2,Abel
1449761,2,automated-ringing,3,Abel
1449761,3,automated-ringing,4,Abel
1449761,4,automated-ringing,5,Abel
1449761,5,automated-ringing,6,Abel
1449761,6,simulated-sound,,
1449973,0,simulated-sound,,Performed on a virtual ringing platform.
1449973,1,first-quarter,1,
1449973,2,first-quarter,2,
1449973,3,first-quarter,6,
1449762,0,simulated-sound,,Performed on a virtual ringing platform.
1449749,0,simulated-sound,,Performed on a virtual ringing platform.
1449726,0,simulated-sound,,Performed on a virtual ringing platform.
1449869,0,simulated-sound,,Performed on a virtual ringing platform.
1449838,0,simulated-sound,,Performed on a virtual ringing platform.
1449716,0,simulated-sound,,Performed on a virtual ringing platform.
1449752,0,simulated-sound,,Performed on a virtual ringing platform.
1449758,0,simulated-sound,,Performed on a virtual ringing platform.
1449768,0,simulated-sound,,Performed on a virtual ringing platform.
1449750,0,simulated-sound,,Performed on a virtual ringing platform.
1449710,0,simulated-sound,,Performed on a virtual ringing platform.
1449672,0,simulated-sound,,Performed on a virtual ringing platform.
1449571,0,simulated-sound,,Performed on a virtual ringing platform.
1449678,0,simulated-sound,,Performed on a virtual ringing platform.
1449685,0,simulated-sound,,Performed on a virtual ringing platform.
1449480,0,simulated-sound,,Performed on a virtual ringing platform.
1449600,0,simulated-sound,,Performed on a virtual ringing platform.
1512816,0,simulated-sound,,Performed on a virtual ringing platform.
1449575,0,simulated-sound,,Performed on a virtual ringing platform.
1449612,0,automated-ringing,1,Virtual Belfry
1449612,1,automated-ringing,2,Virtual Belfry
1449612,2,automated-ringing,4,Virtual Belfry
1449612,3,automated-ringing,5,Virtual Belfry
1449612,4,automated-ringing,6,Virtual Belfry
1449612,5,simulated-sound,,
1449274,0,simulated-sound,,Performed on a virtual ringing platform.
1449332,0,automated-ringing,1,Abel
1449332,1,automated-ringing,2,Abel
1449332,2,automated-ringing,3,Abel
1449332,3,automated-ringing,4,Abel
1449332,4,automated-ringing,5,Abel
1449332,5,automated-ringing,6,Abel
1449332,6,automated-ringing,7,Abel
1449332,7,automated-ringing,8,Abel
1449332,8,simulated-sound,,
1449367,0,automated-ringing,1,Abel
1449367,1,automated-ringing,3,Abel
1449367,2,automated-ringing,4,Abel
1449367,3,automated-ringing,5,Abel
1449367,4,automated-ringing,6,Abel
1449367,5,automated-ringing,7,Abel
1449367,6,automated-ringing,8,Abel
1449367,7,automated-ringing,9,Abel
1449367,8,automated-ringing,10,Abel
1449367,9,simulated-sound,,
1449437,0,simulated-sound,,Performed on a virtual ringing platform.
1449436,0,simulated-sound,,Performed on a virtual ringing platform.
1449448,0,simulated-sound,,Performed on a virtual ringing platform.
1449481,0,simulated-sound,,Performed on a virtual ringing platform.
1449462,0,simulated-sound,,Performed on a virtual ringing platform.
1449460,0,simulated-sound,,Performed on a virtual ringing platform.
1449459,0,simulated-sound,,Performed on a virtual ringing platform.
1449458,0,simulated-sound,,Performed on a virtual ringing platform.
1449457,0,simulated-sound,,Performed on a virtual ringing platform.
1449261,0,simulated-sound,,Performed on a virtual ringing platform.
1449104,0,simulated-sound,,Performed on a virtual ringing platform.
1449068,0,simulated-sound,,Performed on a virtual ringing platform.
1449093,0,simulated-sound,,Performed on a virtual ringing platform.
1449067,0,automated-ringing,1,Wheatley
1449067,1,automated-ringing,3,Wheatley
1449067,2,simulated-sound,,Performed on a virtual ringing platform.
1449230,0,first-quarter,6,
1449040,0,simulated-sound,,Performed on a virtual ringing platform.
1705996,0,automated-ringing,1,Virtual Belfry Ringing Simulator
1705996,1,automated-ringing,2,Virtual Belfry Ringing Simulator
1705996,2,automated-ringing,3,Virtual Belfry Ringing Simulator
1705996,3,automated-ringing,4,Virtual Belfry Ringing Simulator
1705996,4,automated-ringing,5,Virtual Belfry Ringing Simulator
1705996,5,automated-ringing,6,Virtual Belfry Ringing Simulator
1705996,6,automated-ringing,7,Virtual Belfry Ringing Simulator
1705996,7,automated-ringing,8,Virtual Belfry Ringing Simulator
1705996,8,automated-ringing,9,Virtual Belfry Ringing Simulator
1705996,9,simulated-sound,,
1449050,0,simulated-sound,,Performed on a virtual ringing platform.
1448995,0,simulated-sound,,Performed on a virtual ringing platform.
1448979,0,simulated-sound,,Performed on a virtual ringing platform.
1448996,0,simulated-sound,,Performed on a virtual ringing platform.
1448874,0,simulated-sound,,Performed on a virtual ringing platform.
1448892,0,automated-ringing,1,Abel
1448892,1,automated-ringing,2,Abel
1448892,2,automated-ringing,3,Abel
1448892,3,automated-ringing,4,Abel
1448892,4,automated-ringing,5,Abel
1448892,5,automated-ringing,6,Abel
1448892,6,simulated-sound,,
1448913,0,simulated-sound,,Performed on a virtual ringing platform.
1448861,0,simulated-sound,,Performed on a virtual ringing platform.
1448918,0,simulated-sound,,Performed on a virtual ringing platform.
1448829,0,simulated-sound,,Performed on a virtual ringing platform.
1448888,0,simulated-sound,,Performed on a virtual ringing platform.
1449095,0,first-quarter,6,
1448724,0,simulated-sound,,
1448792,0,simulated-sound,,Performed on a ring of dumb bells.
1448766,0,simulated-sound,,Performed on a virtual ringing platform.
1448754,0,simulated-sound,,Performed on a virtual ringing platform.
1448802,0,simulated-sound,,Performed on a virtual ringing platform.
1449008,0,simulated-sound,,Performed on a virtual ringing platform.
1448762,0,simulated-sound,,Performed on a virtual ringing platform.
1448773,0,simulated-sound,,Performed on a virtual ringing platform.
1448731,0,simulated-sound,,Performed on a virtual ringing platform.
1448717,0,simulated-sound,,Performed on a virtual ringing platform.
1451494,0,automated-ringing,1,Wheatley
1451494,1,automated-ringing,2,Wheatley
1451494,2,automated-ringing,3,Wheatley
1451494,3,automated-ringing,4,Wheatley
1451494,4,automated-ringing,6,Wheatley
1451494,5,automated-ringing,7,Wheatley
1451494,6,automated-ringing,8,Wheatley
1451494,7,automated-ringing,10,Wheatley
1451494,8,simulated-sound,,Performed on a virtual ringing platform.
1448508,0,simulated-sound,,Performed on a virtual ringing platform.
1448604,0,automated-ringing,1,Abel
1448604,1,automated-ringing,2,Abel
1448604,2,automated-ringing,3,Abel
1448604,3,automated-ringing,4,Abel
1448604,4,automated-ringing,5,Abel
1448604,5,automated-ringing,6,Abel
1448604,6,automated-ringing,7,Abel
1448604,7,automated-ringing,8,Abel
1448604,8,automated-ringing,9,Abel
1448604,9,automated-ringing,10,Abel
1448604,10,simulated-sound,,
1448623,0,simulated-sound,,Performed on a virtual ringing platform.
1471451,0,automated-ringing,5,Wheatley
1471451,1,automated-ringing,6,Wheatley
1471451,2,simulated-sound,,Performed on a virtual ringing platform.
1448502,0,simulated-sound,,Performed on a virtual ringing platform.
1448439,0,simulated-sound,,Performed on a virtual ringing platform.
1448488,0,first-quarter,6,
1448444,0,simulated-sound,,Performed on a virtual ringing platform.
1448495,0,simulated-sound,,Performed on a virtual ringing platform.
1448481,0,simulated-sound,,Performed on a virtual ringing platform.
1448493,0,simulated-sound,,Performed on a virtual ringing platform.
1448466,0,simulated-sound,,Performed on a virtual ringing platform.
1448525,0,simulated-sound,,Performed on a virtual ringing platform.
1448374,0,simulated-sound,,Performed on a virtual ringing platform.
1448384,0,simulated-sound,,Performed on a virtual ringing platform.
1448331,0,simulated-sound,,Performed on a virtual ringing platform.
1448326,0,simulated-sound,,Performed on a virtual ringing platform.
1448373,0,simulated-sound,,Performed on a virtual ringing platform.
1448345,0,simulated-sound,,Performed on a virtual ringing platform.
1448344,0,simulated-sound,,Performed on a virtual ringing platform.
1448390,0,simulated-sound,,Performed on a virtual ringing platform.
1448278,0,simulated-sound,,Performed on a virtual ringing platform.
1448275,0,automated-ringing,1,Abel
1448275,1,automated-ringing,2,Abel
1448275,2,automated-ringing,3,Abel
1448275,3,automated-ringing,4,Abel
1448275,4,automated-ringing,5,Abel
1448275,5,automated-ringing,6,Abel
1448275,6,automated-ringing,7,Abel
1448275,7,automated-ringing,8,Abel
1448275,8,automated-ringing,9,Abel
1448275,9,automated-ringing,10,Abel
1448275,10,automated-ringing,11,Abel
1448275,11,automated-ringing,12,Abel
1448275,12,simulated-sound,,
1448302,0,simulated-sound,,Performed on a virtual ringing platform.
1448281,0,simulated-sound,,Performed on a virtual ringing platform.
1448246,0,simulated-sound,,Performed on a virtual ringing platform.
1448277,0,simulated-sound,,Performed on a virtual ringing platform.
1451131,0,simulated-sound,,Performed on a virtual ringing platform.
1448249,0,simulated-sound,,Performed on a virtual ringing platform.
1448293,0,simulated-sound,,Performed on a virtual ringing platform.
1448236,0,simulated-sound,,Performed on a virtual ringing platform.
1448209,0,simulated-sound,,Performed on a virtual ringing platform.
1448269,0,simulated-sound,,Performed on a virtual ringing platform.
1448185,0,simulated-sound,,Performed on a virtual ringing platform.
1448199,0,simulated-sound,,Performed on a virtual ringing platform.
1448204,0,simulated-sound,,Performed on a virtual ringing platform.
1448206,0,simulated-sound,,Performed on a virtual ringing platform.
1448182,0,simulated-sound,,Performed on a virtual ringing platform.
1448108,0,simulated-sound,,Performed on a virtual ringing platform.
1448132,0,simulated-sound,,Performed on a ring of dumb bells.
1448124,0,automated-ringing,1,Abel
1448124,1,automated-ringing,2,Abel
1448124,2,automated-ringing,3,Abel
1448124,3,automated-ringing,4,Abel
1448124,4,automated-ringing,5,Abel
1448124,5,automated-ringing,6,Abel
1448124,6,simulated-sound,,
1448244,0,simulated-sound,,Performed on a virtual ringing platform.
1448099,0,simulated-sound,,Performed on a virtual ringing platform.
1448140,0,simulated-sound,,Performed on a virtual ringing platform.
1448102,0,simulated-sound,,Performed on a virtual ringing platform.
1448126,0,simulated-sound,,Performed on a virtual ringing platform.
1448054,0,simulated-sound,,Performed on a virtual ringing platform.
1448105,0,simulated-sound,,Performed on a virtual ringing platform.
1448053,0,simulated-sound,,Performed on a virtual ringing platform.
1448040,0,automated-ringing,1,Abel
1448040,1,automated-ringing,2,Abel
1448040,2,automated-ringing,3,Abel
1448040,3,automated-ringing,4,Abel
1448040,4,automated-ringing,5,Abel
1448040,5,automated-ringing,6,Abel
1448040,6,automated-ringing,8,Abel
1448040,7,simulated-sound,,
1447992,0,simulated-sound,,Performed on a virtual ringing platform.
1448017,0,simulated-sound,,Performed on a virtual ringing platform.
1450660,0,automated-ringing,,
1450660,1,simulated-sound,,
1451136,0,automated-ringing,1,Virtual Belfry Ringing Simulator
1451136,1,automated-ringing,3,Virtual Belfry Ringing Simulator
1451136,2,automated-ringing,4,Virtual Belfry Ringing Simulator
1451136,3,automated-ringing,5,Virtual Belfry Ringing Simulator
1451136,4,automated-ringing,6,Virtual Belfry Ringing Simulator
1451136,5,automated-ringing,7,Virtual Belfry Ringing Simulator
1451136,6,automated-ringing,8,Virtual Belfry Ringing Simulator
1451136,7,simulated-sound,,
1448138,0,simulated-sound,,Performed on a virtual ringing platform.
1448022,0,automated-ringing,3,Wheatley
1448022,1,automated-ringing,4,Wheatley
1448022,2,automated-ringing,6,Wheatley
1448022,3,automated-ringing,7,Wheatley
1448022,4,simulated-sound,,Performed on a virtual ringing platform.
1447959,0,simulated-sound,,Performed on a virtual ringing platform.
1447991,0,simulated-sound,,Performed on a virtual ringing platform.
1448018,0,simulated-sound,,Performed on a virtual ringing platform.
1448002,0,simulated-sound,,Performed on a virtual ringing platform.
1447960,0,automated-ringing,1,Wheatley
1447960,1,automated-ringing,2,Wheatley
1447960,2,automated-ringing,3,Wheatley
1447960,3,automated-ringing,4,Wheatley
1447960,4,automated-ringing,5,Wheatley
1447960,5,simulated-sound,,
1447901,0,simulated-sound,,Performed on a virtual ringing platform.
1447866,0,simulated-sound,,Performed on a virtual ringing platform.
1447918,0,simulated-sound,,Performed on a virtual ringing platform.
1447897,0,simulated-sound,,Performed on a virtual ringing platform.
1447903,0,simulated-sound,,Performed on a virtual ringing platform.
1447875,0,simulated-sound,,Performed on a virtual ringing platform.
1447836,0,automated-ringing,1,Abel
1447836,1,automated-ringing,2,Abel
1447836,2,automated-ringing,3,Abel
1447836,3,automated-ringing,4,Abel
1447836,4,automated-ringing,5,Abel
1447836,5,automated-ringing,6,Abel
1447836,6,automated-ringing,7,Abel
1447836,7,automated-ringing,8,Abel
1447836,8,automated-ringing,9,Abel
1447836,9,automated-ringing,10,Abel
1447836,10,simulated-sound,,
1447851,0,simulated-sound,,Performed on a virtual ringing platform.
1447818,0,simulated-sound,,Performed on a virtual ringing platform.
1447853,0,simulated-sound,,Performed on a virtual ringing platform.
1447837,0,simulated-sound,,Performed on a virtual ringing platform.
1447816,0,simulated-sound,,Performed on a virtual ringing platform.
1449456,0,simulated-sound,,Performed on a virtual ringing platform.
1449455,0,simulated-sound,,Performed on a virtual ringing platform.
1447854,0,simulated-sound,,Performed on a virtual ringing platform.
1447804,0,simulated-sound,,Performed on a virtual ringing platform.
1447671,0,first-quarter,1,
1447671,1,first-quarter,6,
1447677,0,simulated-sound,,Performed on a virtual ringing platform.
1447753,0,simulated-sound,,Performed on a virtual ringing platform.
1447751,0,simulated-sound,,Performed on a virtual ringing platform.
1447722,0,simulated-sound,,Performed on a virtual ringing platform.
1447701,0,simulated-sound,,Performed on a virtual ringing platform.
1447724,0,simulated-sound,,Performed on a virtual ringing platform.
1447592,0,first-quarter,6,
1447549,0,automated-ringing,1,Abel
1447549,1,automated-ringing,2,Abel
1447549,2,automated-ringing,3,Abel
1447549,3,automated-ringing,4,Abel
1447549,4,automated-ringing,5,Abel
1447549,5,automated-ringing,6,Abel
1447549,6,automated-ringing,7,Abel
1447549,7,automated-ringing,8,Abel
1447549,8,automated-ringing,9,Abel
1447549,9,automated-ringing,10,Abel
1447549,10,automated-ringing,11,Abel
1447549,11,automated-ringing,12,Abel
1447549,12,simulated-sound,,
1447565,0,simulated-sound,,Performed on a virtual ringing platform.
1447590,0,simulated-sound,,Performed on a virtual ringing platform.
1676406,0,simulated-sound,,Performed on a virtual ringing platform.
1447484,0,simulated-sound,,Performed on a virtual ringing platform.
1447555,0,simulated-sound,,Performed on a virtual ringing platform.
1447343,0,simulated-sound,,Performed on a virtual ringing platform.
1447440,0,simulated-sound,,Performed on a virtual ringing platform.
1447414,0,simulated-sound,,Performed on a virtual ringing platform.
1447415,0,simulated-sound,,Performed on a virtual ringing platform.
1447953,0,simulated-sound,,Performed on a virtual ringing platform.
1447402,0,simulated-sound,,Performed on a virtual ringing platform.
1447402,1,first-quarter,6,
1454793,0,simulated-sound,,Performed on a virtual ringing platform.
1454869,0,simulated-sound,,Performed on a virtual ringing platform.
1454834,0,automated-ringing,1,Wheatley
1454834,1,automated-ringing,2,Wheatley
1454834,2,automated-ringing,4,Wheatley
1454834,3,automated-ringing,5,Wheatley
1454834,4,simulated-sound,,Performed on a virtual ringing platform.
1454912,0,simulated-sound,,Performed on a virtual ringing platform.
1454928,0,simulated-sound,,Performed on a virtual ringing platform.
1454710,0,automated-ringing,1,Abel
1454710,1,automated-ringing,2,Abel
1454710,2,automated-ringing,3,Abel
1454710,3,automated-ringing,4,Abel
1454710,4,automated-ringing,5,Abel
1454710,5,automated-ringing,6,Abel
1454710,6,automated-ringing,7,Abel
1454710,7,automated-ringing,8,Abel
1454710,8,automated-ringing,9,Abel
1454710,9,automated-ringing,10,Abel
1454710,10,simulated-sound,,
1455100,0,simulated-sound,,Performed on a virtual ringing platform.
1454754,0,simulated-sound,,Performed on a virtual ringing platform.
1454659,0,simulated-sound,,Performed on a virtual ringing platform.
1454934,0,simulated-sound,,Performed on a virtual ringing platform.
1454737,0,simulated-sound,,Performed on a virtual ringing platform.
1454726,0,simulated-sound,,Performed on a virtual ringing platform.
1454706,0,simulated-sound,,Performed on a virtual ringing platform.
1454778,0,first-quarter,6,
1454544,0,simulated-sound,,Performed on a ring of dumb bells.
1454615,0,simulated-sound,,Performed on a virtual ringing platform.
1454649,0,automated-ringing,2,Wheatley
1454649,1,automated-ringing,3,Wheatley
1454649,2,automated-ringing,4,Wheatley
1454649,3,automated-ringing,5,Wheatley
1454649,4,automated-ringing,6,Wheatley
1454649,5,automated-ringing,7,Wheatley
1454649,6,simulated-sound,,Performed on a virtual ringing platform.
1454757,0,simulated-sound,,Performed on a virtual ringing platform.
1454660,0,simulated-sound,,Performed on a virtual ringing platform.
1454607,0,simulated-sound,,Performed on a virtual ringing platform.
1454639,0,automated-ringing,3,Wheatley
1454639,1,automated-ringing,4,Wheatley
1454639,2,automated-ringing,5,Wheatley
1454639,3,automated-ringing,6,Wheatley
1454639,4,simulated-sound,,Performed on a virtual ringing platform.
1454538,0,first-quarter,6,
1540238,0,automated-ringing,2,Virtual Belfry Ringing Simulator
1540238,1,automated-ringing,3,Virtual Belfry Ringing Simulator
1540238,2,automated-ringing,4,Virtual Belfry Ringing Simulator
1540238,3,automated-ringing,5,Virtual Belfry Ringing Simulator
1540238,4,automated-ringing,6,Virtual Belfry Ringing Simulator
1540238,5,automated-ringing,7,Virtual Belfry Ringing Simulator
1540238,6,automated-ringing,8,Virtual Belfry Ringing Simulator
1540238,7,simulated-sound,,
1454442,0,simulated-sound,,Performed on a virtual ringing platform.
1454471,0,simulated-sound,,Performed on a virtual ringing platform.
1455343,0,simulated-sound,,Performed on a virtual ringing platform.
1454476,0,automated-ringing,3,Wheatley
1454476,1,automated-ringing,4,Wheatley
1454476,2,automated-ringing,5,Wheatley
1454476,3,automated-ringing,6,Wheatley
1454476,4,automated-ringing,7,Wheatley
1454476,5,automated-ringing,8,Wheatley
1454476,6,simulated-sound,,Performed on a virtual ringing platform.
1454401,0,automated-ringing,1,Abel
1454401,1,automated-ringing,2,Abel
1454401,2,automated-ringing,3,Abel
1454401,3,automated-ringing,4,Abel
1454401,4,automated-ringing,5,Abel
1454401,5,automated-ringing,6,Abel
1454401,6,simulated-sound,,
1455225,0,simulated-sound,,Performed on a virtual ringing platform.
1454443,0,simulated-sound,,Performed on a virtual ringing platform.
1454499,0,simulated-sound,,Performed on a ring of dumb bells.
1454313,0,automated-ringing,1,Wheatley
1454313,1,automated-ringing,3,Wheatley
1454313,2,automated-ringing,4,Wheatley
1454313,3,automated-ringing,5,Wheatley
1454313,4,simulated-sound,,Performed on a virtual ringing platform.
1897930,0,simulated-sound,,Performed on a virtual ringing platform.
1454302,0,simulated-sound,,Performed on a virtual ringing platform.
1454287,0,simulated-sound,,Performed on a virtual ringing platform.
1454322,0,simulated-sound,,Performed on a virtual ringing platform.
1454299,0,simulated-sound,,Performed on a virtual ringing platform.
1454308,0,automated-ringing,3,Wheatley
1454308,1,automated-ringing,4,Wheatley
1454308,2,automated-ringing,5,Wheatley
1454308,3,automated-ringing,6,Wheatley
1454308,4,automated-ringing,7,Wheatley
1454308,5,automated-ringing,8,Wheatley
1454308,6,simulated-sound,,Performed on a virtual ringing platform.
1454284,0,simulated-sound,,Performed on a virtual ringing platform.
1454242,0,automated-ringing,1,Abel
1454242,1,automated-ringing,2,Abel
1454242,2,automated-ringing,3,Abel
1454242,3,automated-ringing,4,Abel
1454242,4,automated-ringing,5,Abel
1454242,5,automated-ringing,6,Abel
1454242,6,automated-ringing,7,Abel
1454242,7,automated-ringing,8,Abel
1454242,8,automated-ringing,9,Abel
1454242,9,automated-ringing,10,Abel
1454242,10,simulated-sound,,
1455235,0,first-quarter,1,
1454275,0,simulated-sound,,Performed on a virtual ringing platform.
1454199,0,simulated-sound,,Performed on a virtual ringing platform.
1454241,0,simulated-sound,,Performed on a virtual ringing platform.
1454225,0,simulated-sound,,Performed on a virtual ringing platform.
1454273,0,automated-ringing,3,Wheatley
1454273,1,automated-ringing,4,Wheatley
1454273,2,automated-ringing,5,Wheatley
1454273,3,automated-ringing,6,Wheatley
1454273,4,automated-ringing,7,Wheatley
1454273,5,automated-ringing,8,Wheatley
1454273,6,simulated-sound,,Performed on a virtual ringing platform.
1454246,0,automated-ringing,1,Virtual Belfry
1454246,1,automated-ringing,2,Virtual Belfry
1454246,2,automated-ringing,3,Virtual Belfry
1454246,3,automated-ringing,4,Virtual Belfry
1454246,4,automated-ringing,6,Virtual Belfry
1454246,5,simulated-sound,,Performed on a virtual ringing platform.
1454070,0,first-quarter,6,
1454013,0,simulated-sound,,Performed on a virtual ringing platform.
1454009,0,simulated-sound,,Performed on a virtual ringing platform.
1454027,0,simulated-sound,,Performed on a virtual ringing platform.
1454015,0,automated-ringing,3,Wheatley
1454015,1,automated-ringing,4,Wheatley
1454015,2,automated-ringing,5,Wheatley
1454015,3,automated-ringing,6,Wheatley
1454015,4,simulated-sound,,Performed on a virtual ringing platform.
1453968,0,automated-ringing,1,Abel
1453968,1,automated-ringing,2,Abel
1453968,2,automated-ringing,3,Abel
1453968,3,automated-ringing,4,Abel
1453968,4,automated-ringing,5,Abel
1453968,5,automated-ringing,6,Abel
1453968,6,simulated-sound,,
1453983,0,simulated-sound,,Performed on a virtual ringing platform.
1453951,0,simulated-sound,,Performed on a virtual ringing platform.
1453975,0,simulated-sound,,Performed on a virtual ringing platform.
1453964,0,simulated-sound,,Performed on a virtual ringing platform.
1453960,0,simulated-sound,,Performed on a virtual ringing platform.
1453970,0,simulated-sound,,Performed on a virtual ringing platform.
1454836,0,simulated-sound,,Performed on a virtual ringing platform.
1454835,0,simulated-sound,,Performed on a virtual ringing platform.
1453971,0,simulated-sound,,Performed on a virtual ringing platform.
1453918,0,simulated-sound,,Performed on a virtual ringing platform.
1453912,0,simulated-sound,,Performed on a virtual ringing platform.
1453904,0,simulated-sound,,Performed on a virtual ringing platform.
1458017,0,simulated-sound,,Performed on a virtual ringing platform.
1453920,0,simulated-sound,,Performed on a virtual ringing platform.
1453941,0,simulated-sound,,Performed on a virtual ringing platform.
1453911,0,simulated-sound,,Performed on a virtual ringing platform.
1453855,0,automated-ringing,1,Abel
1453855,1,automated-ringing,2,Abel
1453855,2,automated-ringing,3,Abel
1453855,3,automated-ringing,4,Abel
1453855,4,automated-ringing,5,Abel
1453855,5,automated-ringing,6,Abel
1453855,6,automated-ringing,7,Abel
1453855,7,automated-ringing,8,Abel
1453855,8,simulated-sound,,
1453859,0,simulated-sound,,Performed on a virtual ringing platform.
1453851,0,simulated-sound,,Performed on a virtual ringing platform.
1453826,0,simulated-sound,,Performed on a virtual ringing platform.
1453659,0,first-quarter,2,
1453646,0,simulated-sound,,Performed on a virtual ringing platform.
1453658,0,simulated-sound,,Performed on a virtual ringing platform.
1453625,0,simulated-sound,,Performed on a virtual ringing platform.
1647571,0,first-quarter,8,
1498282,0,automated-ringing,1,Handbell Stadium
1498282,1,automated-ringing,2,Handbell Stadium
1498282,2,automated-ringing,3,Handbell Stadium
1498282,3,automated-ringing,4,Handbell Stadium
1498282,4,automated-ringing,5,Handbell Stadium
1498282,5,automated-ringing,6,Handbell Stadium
1498282,6,simulated-sound,,Performed on a virtual ringing platform.
1453636,0,simulated-sound,,Performed on a ring of dumb bells.
1453514,0,simulated-sound,,Performed on a virtual ringing platform.
1453391,0,simulated-sound,,Performed on a virtual ringing platform.
1453465,0,simulated-sound,,Performed on a virtual ringing platform.
1453437,0,simulated-sound,,Performed on a virtual ringing platform.
1453436,0,simulated-sound,,Performed on a virtual ringing platform.
1453384,0,automated-ringing,1,Abel
1453384,1,automated-ringing,3,Abel
1453384,2,automated-ringing,4,Abel
1453384,3,automated-ringing,5,Abel
1453384,4,automated-ringing,6,Abel
1453384,5,automated-ringing,7,Abel
1453384,6,automated-ringing,8,Abel
1453384,7,simulated-sound,,
1453378,0,simulated-sound,,Performed on a virtual ringing platform.
1453373,0,simulated-sound,,Performed on a virtual ringing platform.
1921532,0,automated-ringing,3,Abel
1921532,1,automated-ringing,4,Abel
1921532,2,automated-ringing,5,Abel
1921532,3,automated-ringing,6,Abel
1921532,4,automated-ringing,7,Abel
1921532,5,automated-ringing,8,Abel
1921532,6,simulated-sound,,
1453252,0,automated-ringing,1,Abel
1453252,1,automated-ringing,3,Abel
1453252,2,automated-ringing,4,Abel
1453252,3,automated-ringing,5,Abel
1453252,4,automated-ringing,6,Abel
1453252,5,automated-ringing,7,Abel
1453252,6,automated-ringing,8,Abel
1453252,7,simulated-sound,,
1933729,0,simulated-sound,,Performed on a virtual ringing platform.
1933729,1,jump-changes,,
1453244,0,simulated-sound,,Performed on a virtual ringing platform.
1453176,0,automated-ringing,3,Wheatley
1453176,1,automated-ringing,4,Wheatley
1453176,2,automated-ringing,5,Wheatley
1453176,3,automated-ringing,6,Wheatley
1453176,4,automated-ringing,7,Wheatley
1453176,5,automated-ringing,8,Wheatley
1453176,6,simulated-sound,,Performed on a virtual ringing platform.
1453256,0,automated-ringing,1,Wheatley
1453256,1,automated-ringing,2,Wheatley
1453256,2,automated-ringing,3,Wheatley
1453256,3,automated-ringing,4,Wheatley
1453256,4,automated-ringing,6,Wheatley
1453256,5,simulated-sound,,Performed on a virtual ringing platform.
1454954,0,simulated-sound,,
1452966,0,simulated-sound,,Performed on a virtual ringing platform.
1453012,0,automated-ringing,1,Abel
1453012,1,automated-ringing,2,Abel
1453012,2,automated-ringing,3,Abel
1453012,3,automated-ringing,4,Abel
1453012,4,automated-ringing,5,Abel
1453012,5,automated-ringing,6,Abel
1453012,6,simulated-sound,,
1453033,0,automated-ringing,1,Wheatley
1453033,1,automated-ringing,3,Wheatley
1453033,2,automated-ringing,4,Wheatley
1453033,3,automated-ringing,5,Wheatley
1453033,4,simulated-sound,,Performed on a virtual ringing platform.
1453043,0,simulated-sound,,Performed on a virtual ringing platform.
1453452,0,simulated-sound,,Performed on a virtual ringing platform.
1452934,0,simulated-sound,,Performed on a virtual ringing platform.
1453051,0,simulated-sound,,Performed on a virtual ringing platform.
1453028,0,simulated-sound,,Performed on a virtual ringing platform.
1452968,0,simulated-sound,,Performed on a virtual ringing platform.
1452969,0,simulated-sound,,Performed on a virtual ringing platform.
1452900,0,simulated-sound,,Performed on a virtual ringing platform.
1452892,0,simulated-sound,,Performed on a virtual ringing platform.
1455953,0,simulated-sound,,Performed on a virtual ringing platform.
1452904,0,simulated-sound,,Performed on a virtual ringing platform.
1452846,0,simulated-sound,,Performed on a virtual ringing platform.
1452908,0,simulated-sound,,Performed on a virtual ringing platform.
1453366,0,automated-ringing,1,Wheatley
1453366,1,simulated-sound,,Performed on a virtual ringing platform.
1452906,0,simulated-sound,,Performed on a virtual ringing platform.
1452828,0,automated-ringing,1,Abel
1452828,1,automated-ringing,2,Abel
1452828,2,automated-ringing,3,Abel
1452828,3,automated-ringing,4,Abel
1452828,4,automated-ringing,5,Abel
1452828,5,automated-ringing,6,Abel
1452828,6,simulated-sound,,
1452827,0,simulated-sound,,Performed on a virtual ringing platform.
1453027,0,simulated-sound,,Performed on a virtual ringing platform.
1452832,0,simulated-sound,,Performed on a virtual ringing platform.
1452753,0,simulated-sound,,Performed on a virtual ringing platform.
1452645,0,simulated-sound,,Performed on a virtual ringing platform.
1452631,0,automated-ringing,1,Abel
1452631,1,automated-ringing,3,Abel
1452631,2,automated-ringing,4,Abel
1452631,3,automated-ringing,5,Abel
1452631,4,automated-ringing,6,Abel
1452631,5,automated-ringing,7,Abel
1452631,6,automated-ringing,8,Abel
1452631,7,simulated-sound,,
1452633,0,simulated-sound,,Performed on a virtual ringing platform.
1452592,0,automated-ringing,1,Wheatley
1452592,1,automated-ringing,2,Wheatley
1452592,2,automated-ringing,3,Wheatley
1452592,3,automated-ringing,5,Wheatley
1452592,4,automated-ringing,6,Wheatley
1452592,5,automated-ringing,7,Wheatley
1452592,6,simulated-sound,,Performed on a virtual ringing platform.
1858995,0,simulated-sound,,Performed on a virtual ringing platform.
1453052,0,simulated-sound,,Performed on a virtual ringing platform.
1452665,0,simulated-sound,,Performed on a virtual ringing platform.
1452630,0,simulated-sound,,Performed on a virtual ringing platform.
1452498,0,simulated-sound,,Performed on a virtual ringing platform.
1452591,0,automated-ringing,1,Abel
1452591,1,automated-ringing,2,Abel
1452591,2,automated-ringing,3,Abel
1452591,3,automated-ringing,4,Abel
1452591,4,automated-ringing,5,Abel
1452591,5,automated-ringing,6,Abel
1452591,6,simulated-sound,,
1452510,0,simulated-sound,,Performed on a ring of dumb bells.
1452984,0,automated-ringing,1,Abel
1452984,1,automated-ringing,2,Abel
1452984,2,automated-ringing,3,Abel
1452984,3,automated-ringing,4,Abel
1452984,4,automated-ringing,5,Abel
1452984,5,automated-ringing,6,Abel
1452984,6,automated-ringing,7,Abel
1452984,7,automated-ringing,8,Abel
1452984,8,automated-ringing,9,Abel
1452984,9,automated-ringing,10,Abel
1452984,10,automated-ringing,11,Abel
1452984,11,automated-ringing,12,Abel
1452984,12,simulated-sound,,
1452458,0,automated-ringing,1,Abel
1452458,1,automated-ringing,2,Abel
1452458,2,automated-ringing,4,Abel
1452458,3,automated-ringing,5,Abel
1452458,4,automated-ringing,6,Abel
1452458,5,automated-ringing,7,Abel
1452458,6,automated-ringing,8,Abel
1452458,7,simulated-sound,,
1452517,0,simulated-sound,,Performed on a virtual ringing platform.
1452469,0,simulated-sound,,Performed on a virtual ringing platform.
1452497,0,simulated-sound,,Performed on a virtual ringing platform.
1452467,0,simulated-sound,,Performed on a virtual ringing platform.
1676408,0,simulated-sound,,Performed on a virtual ringing platform.
1452446,0,simulated-sound,,Performed on a virtual ringing platform.
1452356,0,automated-ringing,1,Wheatley
1452356,1,automated-ringing,4,Wheatley
1452356,2,automated-ringing,5,Wheatley
1452356,3,simulated-sound,,Performed on a virtual ringing platform.
1452364,0,simulated-sound,,Performed on a virtual ringing platform.
1452348,0,simulated-sound,,Performed on a virtual ringing platform.
1452344,0,automated-ringing,2,Virtual Belfry
1452344,1,automated-ringing,3,Virtual Belfry
1452344,2,automated-ringing,4,Virtual Belfry
1452344,3,automated-ringing,5,Virtual Belfry
1452344,4,automated-ringing,6,Virtual Belfry
1452344,5,simulated-sound,,Performed on a virtual ringing platform.
1452186,0,simulated-sound,,Performed on a virtual ringing platform.
1452208,0,automated-ringing,1,Abel
1452208,1,automated-ringing,3,Abel
1452208,2,automated-ringing,4,Abel
1452208,3,automated-ringing,5,Abel
1452208,4,automated-ringing,6,Abel
1452208,5,automated-ringing,7,Abel
1452208,6,automated-ringing,8,Abel
1452208,7,simulated-sound,,
1452180,0,simulated-sound,,Performed on a virtual ringing platform.
1452212,0,automated-ringing,1,Abel
1452212,1,automated-ringing,2,Abel
1452212,2,automated-ringing,5,Abel
1452212,3,automated-ringing,6,Abel
1452212,4,automated-ringing,7,Abel
1452212,5,automated-ringing,8,Abel
1452212,6,simulated-sound,,
1896035,0,automated-ringing,1,Wheatley
1896035,1,automated-ringing,3,Wheatley
1896035,2,automated-ringing,4,Wheatley
1896035,3,automated-ringing,5,Wheatley
1896035,4,simulated-sound,,Performed on a virtual ringing platform.
1452141,0,simulated-sound,,Performed on a virtual ringing platform.
1452414,0,automated-ringing,1,Wheatley
1452414,1,automated-ringing,5,Wheatley
1452414,2,simulated-sound,,Performed on a virtual ringing platform.
1452144,0,simulated-sound,,Performed on a virtual ringing platform.
1452116,0,simulated-sound,,Performed on a virtual ringing platform.
1453367,0,automated-ringing,1,Wheatley
1453367,1,simulated-sound,,Performed on a virtual ringing platform.
1453365,0,automated-ringing,1,Wheatley
1453365,1,simulated-sound,,Performed on a virtual ringing platform.
1452097,0,simulated-sound,,Performed on a virtual ringing platform.
1452095,0,automated-ringing,1,Abel
1452095,1,automated-ringing,2,Abel
1452095,2,automated-ringing,3,Abel
1452095,3,automated-ringing,4,Abel
1452095,4,automated-ringing,6,Abel
1452095,5,simulated-sound,,
1452059,0,simulated-sound,,Performed on a virtual ringing platform.
1452041,0,simulated-sound,,Performed on a virtual ringing platform.
1452052,0,automated-ringing,1,Abel
1452052,1,automated-ringing,2,Abel
1452052,2,automated-ringing,3,Abel
1452052,3,automated-ringing,4,Abel
1452052,4,automated-ringing,5,Abel
1452052,5,automated-ringing,6,Abel
1452052,6,simulated-sound,,
1452058,0,automated-ringing,1,Abel
1452058,1,automated-ringing,2,Abel
1452058,2,automated-ringing,3,Abel
1452058,3,automated-ringing,4,Abel
1452058,4,automated-ringing,5,Abel
1452058,5,automated-ringing,6,Abel
1452058,6,automated-ringing,7,Abel
1452058,7,automated-ringing,8,Abel
1452058,8,simulated-sound,,
1452018,0,simulated-sound,,Performed on a virtual ringing platform.
1452080,0,automated-ringing,1,Wheatley
1452080,1,automated-ringing,2,Wheatley
1452080,2,automated-ringing,3,Wheatley
1452080,3,automated-ringing,5,Wheatley
1452080,4,automated-ringing,6,Wheatley
1452080,5,automated-ringing,8,Wheatley
1452080,6,simulated-sound,,Performed on a virtual ringing platform.
1452077,0,simulated-sound,,Performed on a virtual ringing platform.
1578989,0,simulated-sound,,Performed on a virtual ringing platform.
1452061,0,simulated-sound,,Performed on a virtual ringing platform.
1452088,0,simulated-sound,,Performed on a virtual ringing platform.
1452045,0,simulated-sound,,Performed on a virtual ringing platform.
1452017,0,simulated-sound,,Performed on a virtual ringing platform.
1452078,0,simulated-sound,,Performed on a virtual ringing platform.
1452089,0,simulated-sound,,
1451907,0,jump-changes,,
1451908,0,automated-ringing,1,Abel
1451908,1,automated-ringing,2,Abel
1451908,2,automated-ringing,3,Abel
1451908,3,automated-ringing,4,Abel
1451908,4,simulated-sound,,
1451909,0,simulated-sound,,Performed on a virtual ringing platform.
1451934,0,simulated-sound,,Performed on a virtual ringing platform.
1451889,0,simulated-sound,,Performed on a virtual ringing platform.
1451921,0,simulated-sound,,Performed on a virtual ringing platform.
1451768,0,automated-ringing,1,Abel
1451768,1,automated-ringing,2,Abel
1451768,2,automated-ringing,3,Abel
1451768,3,automated-ringing,4,Abel
1451768,4,automated-ringing,5,Abel
1451768,5,automated-ringing,6,Abel
1451768,6,automated-ringing,7,Abel
1451768,7,automated-ringing,8,Abel
1451768,8,simulated-sound,,
1451888,0,simulated-sound,,Performed on a virtual ringing platform.
1451770,0,simulated-sound,,Performed on a virtual ringing platform.
1451720,0,simulated-sound,,Performed on a virtual ringing platform.
1451780,0,simulated-sound,,Performed on a virtual ringing platform.
1451737,0,automated-ringing,1,Wheatley
1451737,1,automated-ringing,2,Wheatley
1451737,2,automated-ringing,3,Wheatley
1451737,3,automated-ringing,6,Wheatley
1451737,4,simulated-sound,,Performed on a virtual ringing platform.
1451580,0,first-quarter,6,
1451553,0,first-quarter,7,
1451418,0,simulated-sound,,Performed on a virtual ringing platform.
1451501,0,simulated-sound,,Performed on a virtual ringing platform.
1451391,0,simulated-sound,,Performed on a virtual ringing platform.
1451687,0,simulated-sound,,Performed on a virtual ringing platform.
1451492,0,simulated-sound,,Performed on a virtual ringing platform.
1451411,0,simulated-sound,,Performed on a virtual ringing platform.
1451410,0,simulated-sound,,Performed on a virtual ringing platform.
1451597,0,first-quarter,6,
1451527,0,simulated-sound,,
1896037,0,automated-ringing,1,Wheatley
1896037,1,automated-ringing,3,Wheatley
1896037,2,automated-ringing,4,Wheatley
1896037,3,automated-ringing,5,Wheatley
1896037,4,simulated-sound,,Performed on a virtual ringing platform.
1451387,0,simulated-sound,,Performed on a virtual ringing platform.
1451241,0,simulated-sound,,Performed on a virtual ringing platform.
1451373,0,simulated-sound,,Performed on a virtual ringing platform.
1451321,0,automated-ringing,1,Virtual Belfry
1451321,1,automated-ringing,3,Virtual Belfry
1451321,2,automated-ringing,4,Virtual Belfry
1451321,3,automated-ringing,5,Virtual Belfry
1451321,4,automated-ringing,6,Virtual Belfry
1451321,5,simulated-sound,,Performed on a virtual ringing platform.
1451419,0,automated-ringing,1,Abel
1451419,1,automated-ringing,2,Abel
1451419,2,automated-ringing,3,Abel
1451419,3,automated-ringing,4,Abel
1451419,4,automated-ringing,5,Abel
1451419,5,automated-ringing,6,Abel
1451419,6,automated-ringing,7,Abel
1451419,7,automated-ringing,8,Abel
1451419,8,simulated-sound,,
1451198,0,simulated-sound,,Performed on a virtual ringing platform.
1451223,0,simulated-sound,,Performed on a virtual ringing platform.
1471450,0,automated-ringing,3,Wheatley
1471450,1,automated-ringing,4,Wheatley
1471450,2,automated-ringing,7,Wheatley
1471450,3,automated-ringing,8,Wheatley
1471450,4,simulated-sound,,Performed on a virtual ringing platform.
1451163,0,simulated-sound,,
1451042,0,automated-ringing,1,Abel
1451042,1,automated-ringing,3,Abel
1451042,2,automated-ringing,4,Abel
1451042,3,automated-ringing,5,Abel
1451042,4,automated-ringing,6,Abel
1451042,5,automated-ringing,7,Abel
1451042,6,simulated-sound,,
1451181,0,simulated-sound,,Performed on a virtual ringing platform.
1451160,0,simulated-sound,,Performed on a virtual ringing platform.
1451071,0,simulated-sound,,Performed on a virtual ringing platform.
1451127,0,simulated-sound,,Performed on a virtual ringing platform.
1451034,0,simulated-sound,,Performed on a virtual ringing platform.
1451016,0,first-quarter,6,
1451141,0,automated-ringing,1,Virtual Belfry Ringing Simulator
1451141,1,automated-ringing,2,Virtual Belfry Ringing Simulator
1451141,2,automated-ringing,3,Virtual Belfry Ringing Simulator
1451141,3,automated-ringing,4,Virtual Belfry Ringing Simulator
1451141,4,automated-ringing,5,Virtual Belfry Ringing Simulator
1451141,5,automated-ringing,6,Virtual Belfry Ringing Simulator
1451141,6,automated-ringing,7,Virtual Belfry Ringing Simulator
1451141,7,automated-ringing,8,Virtual Belfry Ringing Simulator
1451141,8,automated-ringing,9,Virtual Belfry Ringing Simulator
1451141,9,automated-ringing,10,Virtual Belfry Ringing Simulator
1451141,10,automated-ringing,11,Virtual Belfry Ringing Simulator
1451141,11,simulated-sound,,
1450972,0,simulated-sound,,Performed on a virtual ringing platform.
1451008,0,simulated-sound,,Performed on a virtual ringing platform.
1450988,0,simulated-sound,,Performed on a virtual ringing platform.
1451013,0,simulated-sound,,Performed on a virtual ringing platform.
1450968,0,simulated-sound,,Performed on a virtual ringing platform.
1450987,0,simulated-sound,,Performed on a virtual ringing platform.
1450989,0,simulated-sound,,Performed on a virtual ringing platform.
1458452,0,simulated-sound,,Performed on a ring of dumb bells.
1458461,0,simulated-sound,,Performed on a virtual ringing platform.
1458487,0,simulated-sound,,Performed on a virtual ringing platform.
1459518,0,simulated-sound,,Performed on a virtual ringing platform.
1458463,0,simulated-sound,,Performed on a virtual ringing platform.
1458453,0,simulated-sound,,Performed on a virtual ringing platform.
1458410,0,simulated-sound,,Performed on a virtual ringing platform.
1458397,0,automated-ringing,1,Abel
1458397,1,automated-ringing,2,Abel
1458397,2,automated-ringing,3,Abel
1458397,3,automated-ringing,4,Abel
1458397,4,automated-ringing,5,Abel
1458397,5,automated-ringing,6,Abel
1458397,6,simulated-sound,,
1458339,0,automated-ringing,1,Virtual Belfry
1458339,1,automated-ringing,2,Virtual Belfry
1458339,2,automated-ringing,4,Virtual Belfry
1458339,3,automated-ringing,5,Virtual Belfry
1458339,4,automated-ringing,6,Virtual Belfry
1458339,5,automated-ringing,7,Virtual Belfry
1458339,6,automated-ringing,8,Virtual Belfry
1458339,7,automated-ringing,9,Virtual Belfry
1458339,8,automated-ringing,10,Virtual Belfry
1458339,9,simulated-sound,,
1458424,0,simulated-sound,,Performed on a ring of dumb bells.
1458391,0,simulated-sound,,Performed on a virtual ringing platform.
1458442,0,simulated-sound,,Performed on a virtual ringing platform.
1458406,0,simulated-sound,,Performed on a virtual ringing platform.
1458411,0,simulated-sound,,Performed on a virtual ringing platform.
1458347,0,simulated-sound,,Performed on a virtual ringing platform.
1458432,0,automated-ringing,1,Wheatley
1458432,1,automated-ringing,2,Wheatley
1458432,2,automated-ringing,4,Wheatley
1458432,3,simulated-sound,,Performed on a virtual ringing platform.
1458349,0,simulated-sound,,Performed on a virtual ringing platform.
1458289,0,automated-ringing,1,Abel
1458289,1,automated-ringing,2,Abel
1458289,2,automated-ringing,3,Abel
1458289,3,automated-ringing,4,Abel
1458289,4,automated-ringing,5,Abel
1458289,5,automated-ringing,6,Abel
1458289,6,simulated-sound,,
1458428,0,simulated-sound,,Performed on a virtual ringing platform.
1458322,0,simulated-sound,,Performed on a virtual ringing platform.
1458205,0,automated-ringing,1,Abel
1458205,1,automated-ringing,2,Abel
1458205,2,automated-ringing,3,Abel
1458205,3,automated-ringing,4,Abel
1458205,4,automated-ringing,5,Abel
1458205,5,automated-ringing,6,Abel
1458205,6,automated-ringing,7,Abel
1458205,7,automated-ringing,8,Abel
1458205,8,automated-ringing,9,Abel
1458205,9,automated-ringing,10,Abel
1458205,10,simulated-sound,,
1458200,0,automated-ringing,1,Abel
1458200,1,automated-ringing,2,Abel
1458200,2,automated-ringing,3,Abel
1458200,3,automated-ringing,4,Abel
1458200,4,simulated-sound,,
1458250,0,simulated-sound,,Performed on a virtual ringing platform.
1458165,0,first-quarter,6,
1458137,0,simulated-sound,,Performed on a ring of dumb bells.
1458148,0,automated-ringing,1,Abel
1458148,1,automated-ringing,2,Abel
1458148,2,automated-ringing,3,Abel
1458148,3,automated-ringing,4,Abel
1458148,4,automated-ringing,5,Abel
1458148,5,automated-ringing,6,Abel
1458148,6,automated-ringing,7,Abel
1458148,7,automated-ringing,8,Abel
1458148,8,automated-ringing,9,Abel
1458148,9,automated-ringing,10,Abel
1458148,10,simulated-sound,,
1458179,0,simulated-sound,,Performed on a virtual ringing platform.
1458151,0,simulated-sound,,Performed on a virtual ringing platform.
1458169,0,simulated-sound,,
1458128,0,simulated-sound,,Performed on a virtual ringing platform.
1458029,0,automated-ringing,1,Mobel
1458029,1,automated-ringing,2,Mobel
1458029,2,automated-ringing,3,Mobel
1458029,3,automated-ringing,4,Mobel
1458029,4,automated-ringing,5,Mobel
1458029,5,automated-ringing,6,Mobel
1458029,6,automated-ringing,7,Mobel
1458029,7,simulated-sound,,
1458106,0,first-quarter,6,
1458047,0,simulated-sound,,Performed on a virtual ringing platform.
1473445,0,simulated-sound,,Performed on a virtual ringing platform.
1458072,0,simulated-sound,,Performed on a virtual ringing platform.
1458015,0,simulated-sound,,Performed on a virtual ringing platform.
1457967,0,simulated-sound,,Performed on a virtual ringing platform.
1458007,0,automated-ringing,1,Abel
1458007,1,automated-ringing,2,Abel
1458007,2,automated-ringing,3,Abel
1458007,3,automated-ringing,4,Abel
1458007,4,simulated-sound,,
1530897,0,simulated-sound,,Performed on a virtual ringing platform.
1458009,0,simulated-sound,,Performed on a virtual ringing platform.
1458010,0,simulated-sound,,Performed on a virtual ringing platform.
1458003,0,simulated-sound,,Performed on a virtual ringing platform.
1457944,0,first-quarter,4,
1457881,0,automated-ringing,1,Abel
1457881,1,automated-ringing,2,Abel
1457881,2,automated-ringing,3,Abel
1457881,3,automated-ringing,4,Abel
1457881,4,simulated-sound,,
1457914,0,simulated-sound,,Performed on a virtual ringing platform.
1457901,0,simulated-sound,,Performed on a virtual ringing platform.
1457836,0,simulated-sound,,Performed on a virtual ringing platform.
1457862,0,simulated-sound,,Performed on a virtual ringing platform.
1457749,0,simulated-sound,,Performed on a ring of dumb bells.
1457744,0,automated-ringing,1,Abel
1457744,1,automated-ringing,2,Abel
1457744,2,automated-ringing,3,Abel
1457744,3,automated-ringing,4,Abel
1457744,4,automated-ringing,5,Abel
1457744,5,automated-ringing,6,Abel
1457744,6,automated-ringing,7,Abel
1457744,7,automated-ringing,8,Abel
1457744,8,automated-ringing,9,Abel
1457744,9,automated-ringing,10,Abel
1457744,10,automated-ringing,11,Abel
1457744,11,automated-ringing,12,Abel
1457744,12,simulated-sound,,
1457750,0,automated-ringing,1,Wheatley
1457750,1,automated-ringing,4,Wheatley
1457750,2,automated-ringing,5,Wheatley
1457750,3,simulated-sound,,Performed on a virtual ringing platform.
1457733,0,simulated-sound,,Performed on a virtual ringing platform.
1457817,0,simulated-sound,,Performed on a virtual ringing platform.
1457746,0,simulated-sound,,Performed on a virtual ringing platform.
1457698,0,simulated-sound,,Performed on a virtual ringing platform.
1457840,0,first-quarter,6,
1458030,0,automated-ringing,1,Mobel
1458030,1,automated-ringing,2,Mobel
1458030,2,automated-ringing,3,Mobel
1458030,3,automated-ringing,4,Mobel
1458030,4,automated-ringing,5,Mobel
1458030,5,automated-ringing,6,Mobel
1458030,6,automated-ringing,7,Mobel
1458030,7,automated-ringing,8,Mobel
1458030,8,automated-ringing,9,Mobel
1458030,9,automated-ringing,11,Mobel
1458030,10,simulated-sound,,
1457671,0,automated-ringing,1,Wheatley
1457671,1,automated-ringing,2,Wheatley
1457671,2,automated-ringing,3,Wheatley
1457671,3,automated-ringing,4,Wheatley
1457671,4,automated-ringing,6,Wheatley
1457671,5,automated-ringing,7,Wheatley
1457671,6,automated-ringing,8,Wheatley
1457671,7,automated-ringing,9,Wheatley
1457671,8,automated-ringing,10,Wheatley
1457671,9,automated-ringing,12,Wheatley
1457671,10,simulated-sound,,Performed on a virtual ringing platform.
1457654,0,simulated-sound,,Performed on a virtual ringing platform.
1457681,0,first-quarter,6,
1458032,0,automated-ringing,1,Mobel
1458032,1,automated-ringing,2,Mobel
1458032,2,automated-ringing,3,Mobel
1458032,3,automated-ringing,4,Mobel
1458032,4,automated-ringing,5,Mobel
1458032,5,automated-ringing,6,Mobel
1458032,6,automated-ringing,7,Mobel
1458032,7,automated-ringing,8,Mobel
1458032,8,automated-ringing,10,Mobel
1458032,9,simulated-sound,,
1457450,0,simulated-sound,,Performed on a virtual ringing platform.
1457476,0,automated-ringing,1,Virtual Belfry
1457476,1,automated-ringing,3,Virtual Belfry
1457476,2,automated-ringing,4,Virtual Belfry
1457476,3,automated-ringing,5,Virtual Belfry
1457476,4,automated-ringing,6,Virtual Belfry
1457476,5,automated-ringing,7,Virtual Belfry
1457476,6,automated-ringing,8,Virtual Belfry
1457476,7,simulated-sound,,
1473276,0,automated-ringing,1,Mobel
1473276,1,automated-ringing,2,Mobel
1473276,2,automated-ringing,3,Mobel
1473276,3,automated-ringing,4,Mobel
1473276,4,automated-ringing,5,Mobel
1473276,5,simulated-sound,,
1457444,0,automated-ringing,1,Abel
1457444,1,automated-ringing,2,Abel
1457444,2,automated-ringing,3,Abel
1457444,3,automated-ringing,4,Abel
1457444,4,automated-ringing,5,Abel
1457444,5,automated-ringing,6,Abel
1457444,6,automated-ringing,7,Abel
1457444,7,automated-ringing,8,Abel
1457444,8,automated-ringing,9,Abel
1457444,9,automated-ringing,10,Abel
1457444,10,simulated-sound,,
1458503,0,simulated-sound,,Performed on a virtual ringing platform.
1457465,0,simulated-sound,,Performed on a virtual ringing platform.
1457322,0,simulated-sound,,Performed on a virtual ringing platform.
1457355,0,simulated-sound,,Performed on a virtual ringing platform.
1457362,0,simulated-sound,,Performed on a virtual ringing platform.
1457326,0,simulated-sound,,Performed on a virtual ringing platform.
1457642,0,first-quarter,1,
1457279,0,automated-ringing,1,Abel
1457279,1,automated-ringing,2,Abel
1457279,2,automated-ringing,3,Abel
1457279,3,automated-ringing,4,Abel
1457279,4,automated-ringing,5,Abel
1457279,5,automated-ringing,6,Abel
1457279,6,automated-ringing,7,Abel
1457279,7,automated-ringing,8,Abel
1457279,8,automated-ringing,9,Abel
1457279,9,automated-ringing,10,Abel
1457279,10,simulated-sound,,
1457281,0,simulated-sound,,Performed on a virtual ringing platform.
1457253,0,simulated-sound,,Performed on a virtual ringing platform.
1457315,0,simulated-sound,,Performed on a ring of dumb bells.
1457302,0,first-quarter,6,
1457193,0,first-quarter,1,
1457202,0,simulated-sound,,Performed on a virtual ringing platform.
1457186,0,simulated-sound,,Performed on a virtual ringing platform.
1457223,0,first-quarter,6,
1457119,0,simulated-sound,,Performed on a virtual ringing platform.
1457142,0,simulated-sound,,Performed on a virtual ringing platform.
1457122,0,simulated-sound,,Performed on a virtual ringing platform.
1457031,0,simulated-sound,,Performed on a virtual ringing platform.
1458033,0,automated-ringing,1,Mobel
1458033,1,automated-ringing,2,Mobel
1458033,2,automated-ringing,3,Mobel
1458033,3,automated-ringing,4,Mobel
1458033,4,automated-ringing,5,Mobel
1458033,5,automated-ringing,6,Mobel
1458033,6,automated-ringing,7,Mobel
1458033,7,simulated-sound,,
1456927,0,simulated-sound,,Performed on a ring of dumb bells.
1456906,0,automated-ringing,6,Wheatley
1456906,1,simulated-sound,,Performed on a virtual ringing platform.
1456934,0,simulated-sound,,Performed on a virtual ringing platform.
1456902,0,simulated-sound,,Performed on a virtual ringing platform.
1456903,0,automated-ringing,3,Wheatley
1456903,1,automated-ringing,4,Wheatley
1456903,2,automated-ringing,5,Wheatley
1456903,3,automated-ringing,6,Wheatley
1456903,4,simulated-sound,,Performed on a virtual ringing platform.
1456834,0,simulated-sound,,Performed on a virtual ringing platform.
1456724,0,automated-ringing,1,Virtual Belfry Ringing Simulator
1456724,1,automated-ringing,2,Virtual Belfry Ringing Simulator
1456724,2,automated-ringing,3,Virtual Belfry Ringing Simulator
1456724,3,automated-ringing,4,Virtual Belfry Ringing Simulator
1456724,4,automated-ringing,5,Virtual Belfry Ringing Simulator
1456724,5,automated-ringing,6,Virtual Belfry Ringing Simulator
1456724,6,automated-ringing,7,Virtual Belfry Ringing Simulator
1456724,7,automated-ringing,8,Virtual Belfry Ringing Simulator
1456724,8,automated-ringing,9,Virtual Belfry Ringing Simulator
1456724,9,simulated-sound,,
1456670,0,automated-ringing,1,Abel
1456670,1,automated-ringing,2,Abel
1456670,2,automated-ringing,3,Abel
1456670,3,automated-ringing,4,Abel
1456670,4,automated-ringing,5,Abel
1456670,5,automated-ringing,6,Abel
1456670,6,simulated-sound,,
1456714,0,simulated-sound,,Performed on a virtual ringing platform.
1456677,0,simulated-sound,,Performed on a virtual ringing platform.
1471447,0,automated-ringing,1,Wheatley
1471447,1,automated-ringing,2,Wheatley
1471447,2,simulated-sound,,Performed on a virtual ringing platform.
1456606,0,first-quarter,8,
1456577,0,first-quarter,6,
1456599,0,first-quarter,1,
1456547,0,simulated-sound,,Performed on a virtual ringing platform.
1456614,0,automated-ringing,3,Wheatley
1456614,1,simulated-sound,,Performed on a virtual ringing platform.
1456520,0,simulated-sound,,Rung on silenced bells
1456534,0,simulated-sound,,
1456524,0,simulated-sound,,Performed on a virtual ringing platform.
1456510,0,automated-ringing,1,Wheatley
1456510,1,automated-ringing,3,Wheatley
1456510,2,automated-ringing,4,Wheatley
1456510,3,automated-ringing,5,Wheatley
1456510,4,automated-ringing,6,Wheatley
1456510,5,automated-ringing,7,Wheatley
1456510,6,automated-ringing,9,Wheatley
1456510,7,automated-ringing,10,Wheatley
1456510,8,simulated-sound,,Performed on a virtual ringing platform.
1456530,0,simulated-sound,,Performed on a virtual ringing platform.
1456496,0,simulated-sound,,Performed on a virtual ringing platform.
1456497,0,simulated-sound,,Performed on a virtual ringing platform.
1471448,0,automated-ringing,3,Wheatley
1471448,1,automated-ringing,4,Wheatley
1471448,2,simulated-sound,,Performed on a virtual ringing platform.
1456482,0,simulated-sound,,Performed on a virtual ringing platform.
1456452,0,simulated-sound,,Performed on a virtual ringing platform.
1456446,0,first-peal,1,
1456457,0,simulated-sound,,Performed on a virtual ringing platform.
1456375,0,simulated-sound,,Performed on a virtual ringing platform.
1456450,0,simulated-sound,,Performed on a virtual ringing platform.
1456443,0,simulated-sound,,Performed on a virtual ringing platform.
1456451,0,automated-ringing,3,Wheatley
1456451,1,automated-ringing,4,Wheatley
1456451,2,automated-ringing,5,Wheatley
1456451,3,automated-ringing,6,Wheatley
1456451,4,automated-ringing,7,Wheatley
1456451,5,automated-ringing,8,Wheatley
1456451,6,simulated-sound,,Performed on a virtual ringing platform.
1456477,0,simulated-sound,,Performed on a virtual ringing platform.
1458034,0,automated-ringing,1,Mobel
1458034,1,automated-ringing,2,Mobel
1458034,2,automated-ringing,3,Mobel
1458034,3,automated-ringing,4,Mobel
1458034,4,automated-ringing,5,Mobel
1458034,5,automated-ringing,6,Mobel
1458034,6,automated-ringing,7,Mobel
1458034,7,automated-ringing,8,Mobel
1458034,8,automated-ringing,9,Mobel
1458034,9,simulated-sound,,
1456347,0,simulated-sound,,Performed on a virtual ringing platform.
1456280,0,simulated-sound,,Performed on a virtual ringing platform.
1456279,0,simulated-sound,,Performed on a virtual ringing platform.
1456373,0,automated-ringing,2,Wheatley
1456373,1,automated-ringing,3,Wheatley
1456373,2,automated-ringing,5,Wheatley
1456373,3,automated-ringing,7,Wheatley
1456373,4,automated-ringing,8,Wheatley
1456373,5,automated-ringing,9,Wheatley
1456373,6,simulated-sound,,Performed on a virtual ringing platform.
1456135,0,automated-ringing,1,Abel
1456135,1,automated-ringing,2,Abel
1456135,2,automated-ringing,3,Abel
1456135,3,automated-ringing,4,Abel
1456135,4,automated-ringing,5,Abel
1456135,5,automated-ringing,6,Abel
1456135,6,simulated-sound,,
1456205,0,simulated-sound,,Performed on a virtual ringing platform.
1456200,0,simulated-sound,,Performed on a virtual ringing platform.
1456168,0,simulated-sound,,Performed on a virtual ringing platform.
1456087,0,simulated-sound,,Performed on a virtual ringing platform.
1456090,0,simulated-sound,,Performed on a virtual ringing platform.
1456174,0,simulated-sound,,Performed on a virtual ringing platform.
1456137,0,simulated-sound,,Performed on a virtual ringing platform.
1456234,0,simulated-sound,,Performed on a virtual ringing platform.
1456112,0,simulated-sound,,Performed on a virtual ringing platform.
1456037,0,simulated-sound,,Performed on a ring of dumb bells.
1538348,0,simulated-sound,,Performed on a virtual ringing platform.
1456025,0,simulated-sound,,Performed on a virtual ringing platform.
1456023,0,simulated-sound,,Performed on a virtual ringing platform.
1455969,0,simulated-sound,,Performed on a virtual ringing platform.
1456059,0,simulated-sound,,Performed on a virtual ringing platform.
1455976,0,simulated-sound,,Performed on a virtual ringing platform.
1455991,0,simulated-sound,,Performed on a virtual ringing platform.
1456024,0,simulated-sound,,Performed on a virtual ringing platform.
1455993,0,simulated-sound,,Performed on a virtual ringing platform.
1458035,0,automated-ringing,1,Mobel
1458035,1,automated-ringing,2,Mobel
1458035,2,automated-ringing,3,Mobel
1458035,3,automated-ringing,4,Mobel
1458035,4,automated-ringing,5,Mobel
1458035,5,automated-ringing,6,Mobel
1458035,6,automated-ringing,7,Mobel
1458035,7,automated-ringing,8,Mobel
1458035,8,automated-ringing,9,Mobel
1458035,9,simulated-sound,,
1456012,0,simulated-sound,,Performed on a virtual ringing platform.
1455852,0,automated-ringing,1,Abel
1455852,1,automated-ringing,2,Abel
1455852,2,automated-ringing,3,Abel
1455852,3,automated-ringing,4,Abel
1455852,4,automated-ringing,5,Abel
1455852,5,automated-ringing,6,Abel
1455852,6,automated-ringing,7,Abel
1455852,7,automated-ringing,8,Abel
1455852,8,simulated-sound,,
1455951,0,simulated-sound,,Performed on a virtual ringing platform.
1455939,0,simulated-sound,,Performed on a virtual ringing platform.
1457316,0,simulated-sound,,Performed on a virtual ringing platform.
1455943,0,simulated-sound,,Performed on a virtual ringing platform.
1455664,0,simulated-sound,,Performed on a ring of dumb bells.
1455652,0,simulated-sound,,Performed on a virtual ringing platform.
1455644,0,automated-ringing,3,Wheatley
1455644,1,automated-ringing,4,Wheatley
1455644,2,automated-ringing,5,Wheatley
1455644,3,automated-ringing,6,Wheatley
1455644,4,automated-ringing,7,Wheatley
1455644,5,automated-ringing,8,Wheatley
1455644,6,simulated-sound,,Performed on a virtual ringing platform.
1455608,0,simulated-sound,,Performed on a virtual ringing platform.
1455567,0,simulated-sound,,Performed on a virtual ringing platform.
1455618,0,automated-ringing,3,Wheatley
1455618,1,automated-ringing,4,Wheatley
1455618,2,automated-ringing,5,Wheatley
1455618,3,automated-ringing,6,Wheatley
1455618,4,simulated-sound,,Performed on a virtual ringing platform.
1455590,0,simulated-sound,,Performed on a virtual ringing platform.
1455498,0,automated-ringing,1,Abel
1455498,1,automated-ringing,2,Abel
1455498,2,automated-ringing,3,Abel
1455498,3,automated-ringing,4,Abel
1455498,4,automated-ringing,5,Abel
1455498,5,automated-ringing,6,Abel
1455498,6,automated-ringing,7,Abel
1455498,7,automated-ringing,8,Abel
1455498,8,simulated-sound,,
1455496,0,automated-ringing,2,Wheatley
1455496,1,simulated-sound,,Performed on a virtual ringing platform.
1455455,0,simulated-sound,,Performed on a virtual ringing platform.
1455638,0,simulated-sound,,Performed on a virtual ringing platform.
1455482,0,simulated-sound,,Performed on a virtual ringing platform.
1455452,0,simulated-sound,,Performed on a virtual ringing platform.
1455471,0,simulated-sound,,Performed on a virtual ringing platform.
1455401,0,first-peal,3,
1455401,1,first-peal,4,
1455402,0,simulated-sound,,Performed on a virtual ringing platform.
1455380,0,simulated-sound,,Performed on a virtual ringing platform.
1455344,0,simulated-sound,,Performed on a virtual ringing platform.
1456898,0,automated-ringing,2,Wheatley
1456898,1,automated-ringing,3,Wheatley
1456898,2,simulated-sound,,Performed on a virtual ringing platform.
1455354,0,simulated-sound,,Performed on a virtual ringing platform.
1907011,0,first-peal,8,
1455492,0,simulated-sound,,Performed on a virtual ringing platform.
1471571,0,simulated-sound,,Performed on a virtual ringing platform.
1455254,0,simulated-sound,,Performed on a virtual ringing platform.
1455219,0,simulated-sound,,Performed on a virtual ringing platform.
1455178,0,simulated-sound,,Performed on a ring of dumb bells.
1455173,0,automated-ringing,1,Abel
1455173,1,automated-ringing,2,Abel
1455173,2,automated-ringing,3,Abel
1455173,3,automated-ringing,4,Abel
1455173,4,automated-ringing,5,Abel
1455173,5,automated-ringing,6,Abel
1455173,6,automated-ringing,7,Abel
1455173,7,automated-ringing,8,Abel
1455173,8,automated-ringing,9,Abel
1455173,9,automated-ringing,10,Abel
1455173,10,simulated-sound,,
1455179,0,automated-ringing,6,Wheatley
1455179,1,simulated-sound,,Performed on a virtual ringing platform.
1455186,0,automated-ringing,1,Wheatley
1455186,1,automated-ringing,2,Wheatley
1455186,2,automated-ringing,3,Wheatley
1455186,3,automated-ringing,4,Wheatley
1455186,4,automated-ringing,6,Wheatley
1455186,5,automated-ringing,7,Wheatley
1455186,6,automated-ringing,8,Wheatley
1455186,7,automated-ringing,10,Wheatley
1455186,8,simulated-sound,,Performed on a virtual ringing platform.
1455102,0,simulated-sound,,Performed on a virtual ringing platform.
1455202,0,simulated-sound,,Performed on a virtual ringing platform.
1455172,0,simulated-sound,,Performed on a virtual ringing platform.
1458217,0,automated-ringing,1,Wheatley
1458217,1,simulated-sound,,Performed on a virtual ringing platform.
1455130,0,simulated-sound,,Performed on a virtual ringing platform.
1455213,0,simulated-sound,,Performed on a virtual ringing platform.
1455094,0,simulated-sound,,Performed on a virtual ringing platform.
1455072,0,simulated-sound,,Performed on a virtual ringing platform.
1462162,0,automated-ringing,1,Mobel
1462162,1,automated-ringing,2,Mobel
1462162,2,automated-ringing,3,Mobel
1462162,3,automated-ringing,4,Mobel
1462162,4,automated-ringing,5,Mobel
1462162,5,automated-ringing,6,Mobel
1462162,6,automated-ringing,8,Mobel
1462162,7,simulated-sound,,
1462318,0,simulated-sound,,Performed on a virtual ringing platform.
1462159,0,simulated-sound,,Performed on a virtual ringing platform.
1462164,0,simulated-sound,,Performed on a virtual ringing platform.
1461914,0,automated-ringing,1,Mobel
1461914,1,automated-ringing,2,Mobel
1461914,2,automated-ringing,3,Mobel
1461914,3,automated-ringing,4,Mobel
1461914,4,automated-ringing,5,Mobel
1461914,5,simulated-sound,,
1461996,0,simulated-sound,,Performed on a virtual ringing platform.
1462082,0,simulated-sound,,Performed on a virtual ringing platform.
1563630,0,simulated-sound,,Performed on a virtual ringing platform.
1461884,0,simulated-sound,,Performed on a virtual ringing platform.
1461961,0,simulated-sound,,Performed on a virtual ringing platform.
1461955,0,simulated-sound,,Performed on a virtual ringing platform.
1461802,0,simulated-sound,,Performed on a ring of dumb bells.
1461874,0,simulated-sound,,Performed on a virtual ringing platform.
1461771,0,simulated-sound,,Performed on a virtual ringing platform.
1462025,0,simulated-sound,,Performed on a virtual ringing platform.
1471386,0,simulated-sound,,Performed on a virtual ringing platform.
1461790,0,automated-ringing,1,Abel
1461790,1,automated-ringing,2,Abel
1461790,2,automated-ringing,3,Abel
1461790,3,automated-ringing,4,Abel
1461790,4,simulated-sound,,
1461736,0,first-quarter,6,
1461554,0,automated-ringing,1,Abel
1461554,1,automated-ringing,2,Abel
1461554,2,automated-ringing,3,Abel
1461554,3,automated-ringing,4,Abel
1461554,4,automated-ringing,5,Abel
1461554,5,automated-ringing,6,Abel
1461554,6,automated-ringing,7,Abel
1461554,7,automated-ringing,8,Abel
1461554,8,automated-ringing,9,Abel
1461554,9,automated-ringing,10,Abel
1461554,10,automated-ringing,11,Abel
1461554,11,automated-ringing,12,Abel
1461554,12,simulated-sound,,
1461881,0,simulated-sound,,Performed on a virtual ringing platform.
1461682,0,simulated-sound,,Performed on a virtual ringing platform.
1461633,0,simulated-sound,,Performed on a virtual ringing platform.
1461594,0,simulated-sound,,Performed on a virtual ringing platform.
1461664,0,automated-ringing,1,Wheatley
1461664,1,automated-ringing,3,Wheatley
1461664,2,automated-ringing,5,Wheatley
1461664,3,automated-ringing,7,Wheatley
1461664,4,automated-ringing,8,Wheatley
1461664,5,automated-ringing,10,Wheatley
1461664,6,simulated-sound,,Performed on a virtual ringing platform.
1461663,0,automated-ringing,1,Wheatley
1461663,1,automated-ringing,3,Wheatley
1461663,2,automated-ringing,5,Wheatley
1461663,3,automated-ringing,7,Wheatley
1461663,4,simulated-sound,,Performed on a virtual ringing platform.
1461426,0,simulated-sound,,Performed on a virtual ringing platform.
1481673,0,first-peal,1,
1461286,0,simulated-sound,,Performed on a virtual ringing platform.
1461336,0,simulated-sound,,Performed on a virtual ringing platform.
1461307,0,simulated-sound,,Performed on a virtual ringing platform.
1461334,0,simulated-sound,,Performed on a virtual ringing platform.
1461316,0,simulated-sound,,Performed on a virtual ringing platform.
1461315,0,simulated-sound,,Performed on a virtual ringing platform.
1471388,0,simulated-sound,,Performed on a virtual ringing platform.
1461259,0,simulated-sound,,Performed on a virtual ringing platform.
1461235,0,simulated-sound,,Performed on a virtual ringing platform.
1463939,0,simulated-sound,,Performed on a virtual ringing platform.
1461220,0,simulated-sound,,Performed on a virtual ringing platform.
1461221,0,simulated-sound,,Performed on a virtual ringing platform.
1461300,0,first-quarter,1,
1461160,0,simulated-sound,,Performed on a virtual ringing platform.
1461106,0,simulated-sound,,Performed on a virtual ringing platform.
1461096,0,simulated-sound,,Performed on a virtual ringing platform.
1461013,0,first-quarter,6,
1461017,0,simulated-sound,,Performed on a virtual ringing platform.
1473385,0,automated-ringing,1,Wheatley
1473385,1,automated-ringing,2,Wheatley
1473385,2,automated-ringing,3,Wheatley
1473385,3,automated-ringing,4,Wheatley
1473385,4,automated-ringing,6,Wheatley
1473385,5,automated-ringing,7,Wheatley
1473385,6,automated-ringing,8,Wheatley
1473385,7,automated-ringing,9,Wheatley
1473385,8,simulated-sound,,Performed on a virtual ringing platform.
1460989,0,simulated-sound,,Performed on a virtual ringing platform.
1460979,0,simulated-sound,,Performed on a virtual ringing platform.
1461022,0,first-quarter,1,
1461022,1,first-quarter,6,
1460861,0,simulated-sound,,Performed on a virtual ringing platform.
1460838,0,automated-ringing,1,Mobel
1460838,1,automated-ringing,2,Mobel
1460838,2,automated-ringing,3,Mobel
1460838,3,automated-ringing,4,Mobel
1460838,4,automated-ringing,5,Mobel
1460838,5,simulated-sound,,
1460859,0,automated-ringing,1,Abel
1460859,1,automated-ringing,2,Abel
1460859,2,automated-ringing,3,Abel
1460859,3,automated-ringing,4,Abel
1460859,4,automated-ringing,5,Abel
1460859,5,automated-ringing,6,Abel
1460859,6,automated-ringing,7,Abel
1460859,7,automated-ringing,8,Abel
1460859,8,simulated-sound,,
1460887,0,simulated-sound,,Performed on a virtual ringing platform.
1460990,0,simulated-sound,,Performed on a virtual ringing platform.
1460857,0,automated-ringing,3,Wheatley
1460857,1,automated-ringing,4,Wheatley
1460857,2,automated-ringing,5,Wheatley
1460857,3,automated-ringing,6,Wheatley
1460857,4,simulated-sound,,Performed on a virtual ringing platform.
1463169,0,simulated-sound,,Performed on a virtual ringing platform.
1460833,0,simulated-sound,,Performed on a virtual ringing platform.
1460789,0,simulated-sound,,Performed on a virtual ringing platform.
1460743,0,simulated-sound,,Performed on a virtual ringing platform.
1460776,0,simulated-sound,,Performed on a virtual ringing platform.
1471440,0,automated-ringing,3,Wheatley
1471440,1,automated-ringing,4,Wheatley
1471440,2,simulated-sound,,Performed on a virtual ringing platform.
1460723,0,simulated-sound,,
1523613,0,first-peal,2,
1523613,1,first-peal,3,
1460728,0,first-quarter,2,
1460728,1,first-quarter,4,
1460636,0,first-peal,6,
1460736,0,simulated-sound,,Performed on a virtual ringing platform.
1460668,0,automated-ringing,3,Wheatley
1460668,1,automated-ringing,4,Wheatley
1460668,2,automated-ringing,5,Wheatley
1460668,3,automated-ringing,6,Wheatley
1460668,4,automated-ringing,7,Wheatley
1460668,5,automated-ringing,8,Wheatley
1460668,6,simulated-sound,,Performed on a virtual ringing platform.
1460466,0,automated-ringing,1,Abel
1460466,1,automated-ringing,2,Abel
1460466,2,automated-ringing,3,Abel
1460466,3,automated-ringing,4,Abel
1460466,4,automated-ringing,5,Abel
1460466,5,automated-ringing,6,Abel
1460466,6,simulated-sound,,
1462321,0,simulated-sound,,Performed on a virtual ringing platform.
1460446,0,simulated-sound,,Performed on a virtual ringing platform.
1460453,0,simulated-sound,,Performed on a virtual ringing platform.
1460361,0,automated-ringing,1,Mobel
1460361,1,automated-ringing,2,Mobel
1460361,2,automated-ringing,3,Mobel
1460361,3,automated-ringing,4,Mobel
1460361,4,automated-ringing,5,Mobel
1460361,5,automated-ringing,6,Mobel
1460361,6,automated-ringing,7,Mobel
1460361,7,automated-ringing,8,Mobel
1460361,8,automated-ringing,9,Mobel
1460361,9,simulated-sound,,
1460396,0,simulated-sound,,Performed on a virtual ringing platform.
1460395,0,simulated-sound,,Performed on a virtual ringing platform.
1460383,0,simulated-sound,,Performed on a virtual ringing platform.
1460219,0,automated-ringing,1,Mobel
1460219,1,automated-ringing,2,Mobel
1460219,2,automated-ringing,3,Mobel
1460219,3,automated-ringing,4,Mobel
1460219,4,automated-ringing,5,Mobel
1460219,5,simulated-sound,,
1460831,0,new-method,,
1460246,0,simulated-sound,,Performed on a virtual ringing platform.
1460225,0,simulated-sound,,Performed on a virtual ringing platform.
1460090,0,automated-ringing,1,Mobel
1460090,1,automated-ringing,2,Mobel
1460090,2,automated-ringing,3,Mobel
1460090,3,automated-ringing,4,Mobel
1460090,4,automated-ringing,5,Mobel
1460090,5,simulated-sound,,
1508326,0,automated-ringing,1,Virtual Belfry
1508326,1,automated-ringing,2,Virtual Belfry
1508326,2,automated-ringing,3,Virtual Belfry
1508326,3,automated-ringing,4,Virtual Belfry
1508326,4,automated-ringing,5,Virtual Belfry
1508326,5,simulated-sound,,
1460180,0,automated-ringing,2,Wheatley
1460180,1,automated-ringing,3,Wheatley
1460180,2,automated-ringing,4,Wheatley
1460180,3,automated-ringing,5,Wheatley
1460180,4,simulated-sound,,Performed on a virtual ringing platform.
1676410,0,automated-ringing,1,Wheatley
1676410,1,simulated-sound,,Performed on a virtual ringing platform.
1460097,0,simulated-sound,,Performed on a virtual ringing platform.
1460107,0,simulated-sound,,Performed on a virtual ringing platform.
1459990,0,automated-ringing,1,Virtual Belfry
1459990,1,automated-ringing,2,Virtual Belfry
1459990,2,automated-ringing,3,Virtual Belfry
1459990,3,automated-ringing,4,Virtual Belfry
1459990,4,automated-ringing,5,Virtual Belfry
1459990,5,automated-ringing,6,Virtual Belfry
1459990,6,automated-ringing,7,Virtual Belfry
1459990,7,automated-ringing,8,Virtual Belfry
1459990,8,simulated-sound,,
1459995,0,automated-ringing,1,Abel
1459995,1,automated-ringing,2,Abel
1459995,2,automated-ringing,3,Abel
1459995,3,automated-ringing,4,Abel
1459995,4,automated-ringing,5,Abel
1459995,5,automated-ringing,6,Abel
1459995,6,automated-ringing,7,Abel
1459995,7,automated-ringing,8,Abel
1459995,8,automated-ringing,9,Abel
1459995,9,automated-ringing,10,Abel
1459995,10,automated-ringing,11,Abel
1459995,11,automated-ringing,12,Abel
1459995,12,simulated-sound,,
1459994,0,simulated-sound,,Performed on a virtual ringing platform.
1460035,0,simulated-sound,,Performed on a virtual ringing platform.
1460004,0,simulated-sound,,Performed on a virtual ringing platform.
1459871,0,simulated-sound,,Performed on a virtual ringing platform.
1459920,0,automated-ringing,1,Wheatley
1459920,1,automated-ringing,2,Wheatley
1459920,2,automated-ringing,3,Wheatley
1459920,3,automated-ringing,4,Wheatley
1459920,4,automated-ringing,5,Wheatley
1459920,5,automated-ringing,6,Wheatley
1459920,6,automated-ringing,7,Wheatley
1459920,7,automated-ringing,9,Wheatley
1459920,8,simulated-sound,,Performed on a virtual ringing platform.
1459933,0,simulated-sound,,Performed on a virtual ringing platform.
1459747,0,simulated-sound,,Performed on a virtual ringing platform.
1459594,0,first-quarter,6,
1459591,0,simulated-sound,,Performed on a virtual ringing platform.
1459617,0,automated-ringing,1,Abel
1459617,1,automated-ringing,2,Abel
1459617,2,automated-ringing,3,Abel
1459617,3,automated-ringing,4,Abel
1459617,4,automated-ringing,5,Abel
1459617,5,automated-ringing,6,Abel
1459617,6,simulated-sound,,
1459748,0,simulated-sound,,Performed on a virtual ringing platform.
1459640,0,simulated-sound,,Performed on a virtual ringing platform.
1459611,0,simulated-sound,,Performed on a virtual ringing platform.
1459619,0,simulated-sound,,Performed on a virtual ringing platform.
1459585,0,simulated-sound,,Performed on a virtual ringing platform.
1459565,0,automated-ringing,1,Mobel
1459565,1,automated-ringing,2,Mobel
1459565,2,automated-ringing,3,Mobel
1459565,3,automated-ringing,4,Mobel
1459565,4,automated-ringing,5,Mobel
1459565,5,automated-ringing,6,Mobel
1459565,6,automated-ringing,7,Mobel
1459565,7,automated-ringing,8,Mobel
1459565,8,automated-ringing,9,Mobel
1459565,9,simulated-sound,,
1459557,0,first-quarter,1,
1459533,0,automated-ringing,1,Abel
1459533,1,automated-ringing,2,Abel
1459533,2,automated-ringing,3,Abel
1459533,3,automated-ringing,4,Abel
1459533,4,automated-ringing,5,Abel
1459533,5,automated-ringing,6,Abel
1459533,6,automated-ringing,7,Abel
1459533,7,automated-ringing,8,Abel
1459533,8,simulated-sound,,
1459573,0,simulated-sound,,Performed on a virtual ringing platform.
1459540,0,simulated-sound,,Performed on a virtual ringing platform.
1459532,0,simulated-sound,,Performed on a virtual ringing platform.
1459526,0,simulated-sound,,Performed on a virtual ringing platform.
1459441,0,first-quarter,6,
1459362,0,automated-ringing,1,Mobel
1459362,1,automated-ringing,2,Mobel
1459362,2,automated-ringing,3,Mobel
1459362,3,automated-ringing,4,Mobel
1459362,4,automated-ringing,5,Mobel
1459362,5,automated-ringing,6,Mobel
1459362,6,automated-ringing,7,Mobel
1459362,7,automated-ringing,8,Mobel
1459362,8,automated-ringing,9,Mobel
1459362,9,simulated-sound,,
1459465,0,automated-ringing,1,Abel
1459465,1,automated-ringing,2,Abel
1459465,2,automated-ringing,3,Abel
1459465,3,automated-ringing,4,Abel
1459465,4,automated-ringing,5,Abel
1459465,5,automated-ringing,6,Abel
1459465,6,simulated-sound,,
1459489,0,simulated-sound,,Performed on a virtual ringing platform.
1459502,0,simulated-sound,,Performed on a virtual ringing platform.
1459374,0,simulated-sound,,Performed on a virtual ringing platform.
1459429,0,simulated-sound,,Performed on a virtual ringing platform.
1459382,0,simulated-sound,,Performed on a virtual ringing platform.
1459209,0,automated-ringing,1,Abel
1459209,1,automated-ringing,2,Abel
1459209,2,automated-ringing,3,Abel
1459209,3,automated-ringing,4,Abel
1459209,4,automated-ringing,5,Abel
1459209,5,automated-ringing,6,Abel
1459209,6,automated-ringing,7,Abel
1459209,7,automated-ringing,8,Abel
1459209,8,automated-ringing,9,Abel
1459209,9,automated-ringing,10,Abel
1459209,10,simulated-sound,,
1459259,0,simulated-sound,,Performed on a virtual ringing platform.
1459264,0,simulated-sound,,Performed on a virtual ringing platform.
1459202,0,simulated-sound,,Performed on a virtual ringing platform.
1459191,0,first-quarter,6,
1459147,0,simulated-sound,,Performed on a virtual ringing platform.
1459152,0,simulated-sound,,Performed on a ring of dumb bells.
1459144,0,automated-ringing,1,Abel
1459144,1,automated-ringing,2,Abel
1459144,2,automated-ringing,3,Abel
1459144,3,automated-ringing,4,Abel
1459144,4,automated-ringing,5,Abel
1459144,5,automated-ringing,6,Abel
1459144,6,automated-ringing,7,Abel
1459144,7,automated-ringing,8,Abel
1459144,8,automated-ringing,9,Abel
1459144,9,automated-ringing,10,Abel
1459144,10,simulated-sound,,
1459159,0,automated-ringing,1,Wheatley
1459159,1,automated-ringing,3,Wheatley
1459159,2,automated-ringing,4,Wheatley
1459159,3,automated-ringing,5,Wheatley
1459159,4,simulated-sound,,Performed on a virtual ringing platform.
1459189,0,simulated-sound,,Performed on a virtual ringing platform.
1459142,0,simulated-sound,,Performed on a virtual ringing platform.
1459113,0,simulated-sound,,Performed on a virtual ringing platform.
1459105,0,simulated-sound,,Performed on a virtual ringing platform.
1459162,0,simulated-sound,,Performed on a virtual ringing platform.
1459013,0,automated-ringing,1,Abel
1459013,1,automated-ringing,2,Abel
1459013,2,automated-ringing,3,Abel
1459013,3,automated-ringing,4,Abel
1459013,4,automated-ringing,5,Abel
1459013,5,automated-ringing,6,Abel
1459013,6,simulated-sound,,
1458996,0,simulated-sound,,Performed on a virtual ringing platform.
1458889,0,simulated-sound,,Performed on a virtual ringing platform.
1459114,0,simulated-sound,,Performed on a virtual ringing platform.
1458915,0,first-peal,1,
1458785,0,automated-ringing,1,Virtual Belfry
1458785,1,automated-ringing,2,Virtual Belfry
1458785,2,automated-ringing,3,Virtual Belfry
1458785,3,automated-ringing,4,Virtual Belfry
1458785,4,automated-ringing,5,Virtual Belfry
1458785,5,automated-ringing,6,Virtual Belfry
1458785,6,automated-ringing,7,Virtual Belfry
1458785,7,simulated-sound,,
1458812,0,automated-ringing,1,Abel
1458812,1,automated-ringing,2,Abel
1458812,2,automated-ringing,3,Abel
1458812,3,automated-ringing,4,Abel
1458812,4,automated-ringing,5,Abel
1458812,5,automated-ringing,6,Abel
1458812,6,automated-ringing,7,Abel
1458812,7,automated-ringing,8,Abel
1458812,8,simulated-sound,,
1458811,0,simulated-sound,,Performed on a virtual ringing platform.
1458845,0,simulated-sound,,Performed on a virtual ringing platform.
1458871,0,automated-ringing,1,Wheatley
1458871,1,automated-ringing,2,Wheatley
1458871,2,automated-ringing,4,Wheatley
1458871,3,automated-ringing,5,Wheatley
1458871,4,simulated-sound,,Performed on a virtual ringing platform.
1458732,0,simulated-sound,,Performed on a virtual ringing platform.
1458729,0,simulated-sound,,Performed on a virtual ringing platform.
1458687,0,simulated-sound,,Performed on a virtual ringing platform.
1458698,0,simulated-sound,,Performed on a virtual ringing platform.
1458656,0,simulated-sound,,Performed on a virtual ringing platform.
1458652,0,simulated-sound,,Performed on a virtual ringing platform.
1458597,0,simulated-sound,,Performed on a virtual ringing platform.
1458613,0,simulated-sound,,Performed on a virtual ringing platform.
1459138,0,simulated-sound,,Performed on a virtual ringing platform.
1458602,0,simulated-sound,,Performed on a virtual ringing platform.
1458585,0,first-quarter,6,
1458594,0,first-quarter,1,
1458594,1,first-quarter,2,
1458587,0,simulated-sound,,Performed on a virtual ringing platform.
1458526,0,simulated-sound,,Performed on a virtual ringing platform.
1458534,0,simulated-sound,,Performed on a virtual ringing platform.
1458505,0,simulated-sound,,Performed on a virtual ringing platform.
1458528,0,simulated-sound,,Performed on a virtual ringing platform.
1459436,0,simulated-sound,,Performed on a virtual ringing platform.
1468700,0,automated-ringing,1,Abel
1468700,1,automated-ringing,2,Abel
1468700,2,automated-ringing,3,Abel
1468700,3,automated-ringing,4,Abel
1468700,4,automated-ringing,5,Abel
1468700,5,automated-ringing,6,Abel
1468700,6,simulated-sound,,
1468836,0,simulated-sound,,Performed on a virtual ringing platform.
1468838,0,simulated-sound,,Performed on a virtual ringing platform.
1468794,0,simulated-sound,,Performed on a virtual ringing platform.
1471432,0,automated-ringing,5,Wheatley
1471432,1,automated-ringing,6,Wheatley
1471432,2,simulated-sound,,Performed on a virtual ringing platform.
1468146,0,first-quarter,6,
1467919,0,first-quarter,6,
1467719,0,simulated-sound,,
1467566,0,automated-ringing,1,Mobel
1467566,1,automated-ringing,2,Mobel
1467566,2,automated-ringing,3,Mobel
1467566,3,automated-ringing,4,Mobel
1467566,4,automated-ringing,5,Mobel
1467566,5,automated-ringing,6,Mobel
1467566,6,automated-ringing,7,Mobel
1467566,7,simulated-sound,,
1467605,0,first-quarter,6,
1471005,0,simulated-sound,,Performed on a virtual ringing platform.
1469003,0,simulated-sound,,Performed on a virtual ringing platform.
1467609,0,simulated-sound,,Performed on a virtual ringing platform.
1467414,0,simulated-sound,,Performed on a virtual ringing platform.
1467217,0,first-peal,3,
1467251,0,simulated-sound,,Performed on a virtual ringing platform.
1470072,0,first-quarter,1,
1467159,0,simulated-sound,,
1468865,0,first-quarter,1,
1467255,0,automated-ringing,1,Abel
1467255,1,automated-ringing,2,Abel
1467255,2,automated-ringing,3,Abel
1467255,3,automated-ringing,4,Abel
1467255,4,automated-ringing,5,Abel
1467255,5,automated-ringing,6,Abel
1467255,6,simulated-sound,,
1467196,0,simulated-sound,,Performed on a virtual ringing platform.
1467131,0,simulated-sound,,Performed on a virtual ringing platform.
1467318,0,simulated-sound,,Performed on a virtual ringing platform.
1477017,0,simulated-sound,,Performed on a virtual ringing platform.
1467202,0,simulated-sound,,Performed on a virtual ringing platform.
1467222,0,simulated-sound,,Performed on a virtual ringing platform.
1467404,0,automated-ringing,3,Wheatley
1467404,1,automated-ringing,4,Wheatley
1467404,2,automated-ringing,5,Wheatley
1467404,3,automated-ringing,6,Wheatley
1467404,4,automated-ringing,7,Wheatley
1467404,5,automated-ringing,8,Wheatley
1467404,6,simulated-sound,,Performed on a virtual ringing platform.
1467204,0,automated-ringing,2,Wheatley
1467204,1,automated-ringing,3,Wheatley
1467204,2,simulated-sound,,Performed on a virtual ringing platform.
1467199,0,simulated-sound,,Performed on a virtual ringing platform.
1466983,0,automated-ringing,1,Abel
1466983,1,automated-ringing,2,Abel
1466983,2,automated-ringing,3,Abel
1466983,3,automated-ringing,4,Abel
1466983,4,automated-ringing,5,Abel
1466983,5,automated-ringing,6,Abel
1466983,6,automated-ringing,7,Abel
1466983,7,automated-ringing,8,Abel
1466983,8,simulated-sound,,
1467042,0,simulated-sound,,Performed on a virtual ringing platform.
1466982,0,simulated-sound,,Performed on a virtual ringing platform.
1466824,0,first-quarter,6,
1466879,0,simulated-sound,,Performed on a virtual ringing platform.
1466848,0,simulated-sound,,Performed on a virtual ringing platform.
1467168,0,first-quarter,1,
1466667,0,simulated-sound,,Performed on a virtual ringing platform.
1466641,0,simulated-sound,,Performed on a virtual ringing platform.
1466672,0,automated-ringing,1,Wheatley
1466672,1,automated-ringing,2,Wheatley
1466672,2,automated-ringing,3,Wheatley
1466672,3,automated-ringing,4,Wheatley
1466672,4,simulated-sound,,Performed on a virtual ringing platform.
1466592,0,simulated-sound,,Performed on a virtual ringing platform.
1466284,0,automated-ringing,1,Abel
1466284,1,automated-ringing,2,Abel
1466284,2,automated-ringing,3,Abel
1466284,3,automated-ringing,4,Abel
1466284,4,automated-ringing,5,Abel
1466284,5,automated-ringing,6,Abel
1466284,6,simulated-sound,,
1466260,0,automated-ringing,1,Abel
1466260,1,automated-ringing,2,Abel
1466260,2,automated-ringing,3,Abel
1466260,3,automated-ringing,4,Abel
1466260,4,automated-ringing,5,Abel
1466260,5,automated-ringing,6,Abel
1466260,6,simulated-sound,,
1466648,0,first-quarter,1,
1466228,0,first-quarter,1,
1466642,0,first-quarter,1,
1466160,0,automated-ringing,1,Abel
1466160,1,automated-ringing,2,Abel
1466160,2,automated-ringing,3,Abel
1466160,3,automated-ringing,4,Abel
1466160,4,automated-ringing,5,Abel
1466160,5,automated-ringing,6,Abel
1466160,6,automated-ringing,7,Abel
1466160,7,automated-ringing,8,Abel
1466160,8,automated-ringing,9,Abel
1466160,9,automated-ringing,10,Abel
1466160,10,simulated-sound,,
1472220,0,simulated-sound,,Performed on a virtual ringing platform.
1467276,0,simulated-sound,,Performed on a virtual ringing platform.
1466159,0,simulated-sound,,Performed on a virtual ringing platform.
1477545,0,first-quarter,1,
1465739,0,automated-ringing,1,Virtual Belfry
1465739,1,automated-ringing,3,Virtual Belfry
1465739,2,automated-ringing,4,Virtual Belfry
1465739,3,automated-ringing,5,Virtual Belfry
1465739,4,automated-ringing,6,Virtual Belfry
1465739,5,simulated-sound,,
1465383,0,simulated-sound,,
1465359,0,simulated-sound,,
1465321,0,automated-ringing,1,Abel
1465321,1,automated-ringing,2,Abel
1465321,2,automated-ringing,3,Abel
1465321,3,automated-ringing,4,Abel
1465321,4,automated-ringing,5,Abel
1465321,5,automated-ringing,6,Abel
1465321,6,simulated-sound,,
1465379,0,simulated-sound,,Performed on a virtual ringing platform.
1465835,0,simulated-sound,,Performed on a virtual ringing platform.
1465318,0,simulated-sound,,Performed on a virtual ringing platform.
1465271,0,simulated-sound,,Performed on a virtual ringing platform.
1612320,0,first-quarter,1,
1468862,0,first-quarter,6,
1465216,0,simulated-sound,,Performed on a virtual ringing platform.
1465223,0,simulated-sound,,Performed on a virtual ringing platform.
1465181,0,simulated-sound,,Performed on a virtual ringing platform.
1465197,0,simulated-sound,,Performed on a virtual ringing platform.
1465221,0,simulated-sound,,Performed on a virtual ringing platform.
1465083,0,automated-ringing,1,Virtual Belfry
1465083,1,automated-ringing,2,Virtual Belfry
1465083,2,automated-ringing,3,Virtual Belfry
1465083,3,automated-ringing,4,Virtual Belfry
1465083,4,simulated-sound,,
1465118,0,simulated-sound,,Performed on a virtual ringing platform.
1464995,0,simulated-sound,,Performed on a virtual ringing platform.
1465033,0,automated-ringing,1,Wheatley
1465033,1,automated-ringing,2,Wheatley
1465033,2,automated-ringing,3,Wheatley
1465033,3,automated-ringing,5,Wheatley
1465033,4,automated-ringing,6,Wheatley
1465033,5,automated-ringing,8,Wheatley
1465033,6,simulated-sound,,Performed on a virtual ringing platform.
1468426,0,simulated-sound,,Performed on a virtual ringing platform.
1465136,0,simulated-sound,,Performed on a virtual ringing platform.
1465008,0,simulated-sound,,Performed on a virtual ringing platform.
1468887,0,first-quarter,1,
1468849,0,first-quarter,1,
1465301,0,first-quarter,8,
1464874,0,simulated-sound,,Performed on a virtual ringing platform.
1464881,0,simulated-sound,,Performed on a ring of dumb bells.
1464825,0,automated-ringing,1,Abel
1464825,1,automated-ringing,2,Abel
1464825,2,automated-ringing,3,Abel
1464825,3,automated-ringing,4,Abel
1464825,4,automated-ringing,5,Abel
1464825,5,automated-ringing,6,Abel
1464825,6,automated-ringing,7,Abel
1464825,7,automated-ringing,8,Abel
1464825,8,automated-ringing,9,Abel
1464825,9,automated-ringing,10,Abel
1464825,10,automated-ringing,11,Abel
1464825,11,automated-ringing,12,Abel
1464825,12,simulated-sound,,
1464993,0,simulated-sound,,Performed on a virtual ringing platform.
1464884,0,simulated-sound,,Performed on a virtual ringing platform.
1464819,0,simulated-sound,,Performed on a virtual ringing platform.
1464975,0,simulated-sound,,Performed on a virtual ringing platform.
1464704,0,simulated-sound,,Performed on a virtual ringing platform.
1464767,0,automated-ringing,1,Abel
1464767,1,automated-ringing,2,Abel
1464767,2,automated-ringing,5,Abel
1464767,3,automated-ringing,6,Abel
1464767,4,simulated-sound,,
1464543,0,first-quarter,1,
1464576,0,automated-ringing,1,Abel
1464576,1,automated-ringing,2,Abel
1464576,2,automated-ringing,3,Abel
1464576,3,automated-ringing,4,Abel
1464576,4,simulated-sound,,
1464545,0,automated-ringing,1,Abel
1464545,1,automated-ringing,2,Abel
1464545,2,automated-ringing,3,Abel
1464545,3,automated-ringing,4,Abel
1464545,4,automated-ringing,5,Abel
1464545,5,automated-ringing,6,Abel
1464545,6,automated-ringing,7,Abel
1464545,7,automated-ringing,8,Abel
1464545,8,simulated-sound,,
1464506,0,automated-ringing,1,Abel
1464506,1,automated-ringing,2,Abel
1464506,2,automated-ringing,3,Abel
1464506,3,automated-ringing,4,Abel
1464506,4,automated-ringing,5,Abel
1464506,5,automated-ringing,6,Abel
1464506,6,simulated-sound,,
1464472,0,simulated-sound,,Performed on a virtual ringing platform.
1464647,0,automated-ringing,2,Wheatley
1464647,1,automated-ringing,3,Wheatley
1464647,2,automated-ringing,4,Wheatley
1464647,3,automated-ringing,5,Wheatley
1464647,4,automated-ringing,6,Wheatley
1464647,5,automated-ringing,7,Wheatley
1464647,6,simulated-sound,,Performed on a virtual ringing platform.
1464589,0,simulated-sound,,Performed on a virtual ringing platform.
1464443,0,simulated-sound,,Performed on a virtual ringing platform.
1464629,0,simulated-sound,,Performed on a virtual ringing platform.
1464438,0,first-quarter,6,
1745138,0,first-quarter,1,
1464440,0,automated-ringing,1,Abel
1464440,1,automated-ringing,2,Abel
1464440,2,automated-ringing,3,Abel
1464440,3,automated-ringing,4,Abel
1464440,4,automated-ringing,5,Abel
1464440,5,automated-ringing,6,Abel
1464440,6,simulated-sound,,
1464416,0,automated-ringing,1,Abel
1464416,1,automated-ringing,2,Abel
1464416,2,automated-ringing,3,Abel
1464416,3,automated-ringing,4,Abel
1464416,4,automated-ringing,5,Abel
1464416,5,automated-ringing,6,Abel
1464416,6,simulated-sound,,
1464405,0,automated-ringing,1,Abel
1464405,1,automated-ringing,2,Abel
1464405,2,automated-ringing,3,Abel
1464405,3,automated-ringing,4,Abel
1464405,4,automated-ringing,5,Abel
1464405,5,automated-ringing,6,Abel
1464405,6,simulated-sound,,
1464342,0,automated-ringing,1,Virtual Belfry
1464342,1,automated-ringing,2,Virtual Belfry
1464342,2,automated-ringing,3,Virtual Belfry
1464342,3,automated-ringing,4,Virtual Belfry
1464342,4,automated-ringing,5,Virtual Belfry
1464342,5,automated-ringing,6,Virtual Belfry
1464342,6,automated-ringing,7,Virtual Belfry
1464342,7,simulated-sound,,
1464432,0,first-quarter,1,
1464399,0,automated-ringing,1,Abel
1464399,1,automated-ringing,2,Abel
1464399,2,automated-ringing,5,Abel
1464399,3,automated-ringing,6,Abel
1464399,4,simulated-sound,,
1470245,0,first-quarter,4,
1464301,0,simulated-sound,,Performed on a virtual ringing platform.
1464267,0,simulated-sound,,Performed on a virtual ringing platform.
1464325,0,simulated-sound,,Performed on a virtual ringing platform.
1464135,0,simulated-sound,,Performed on a virtual ringing platform.
1464176,0,automated-ringing,1,Abel
1464176,1,automated-ringing,2,Abel
1464176,2,automated-ringing,3,Abel
1464176,3,automated-ringing,4,Abel
1464176,4,automated-ringing,5,Abel
1464176,5,automated-ringing,6,Abel
1464176,6,simulated-sound,,
1464148,0,simulated-sound,,Performed on a virtual ringing platform.
1464183,0,simulated-sound,,Performed on a virtual ringing platform.
1464178,0,simulated-sound,,Performed on a virtual ringing platform.
1464166,0,simulated-sound,,Performed on a virtual ringing platform.
1464106,0,first-quarter,1,
1464110,0,automated-ringing,1,Wheatley
1464110,1,automated-ringing,4,Wheatley
1464110,2,simulated-sound,,Performed on a virtual ringing platform.
1464089,0,simulated-sound,,Performed on a virtual ringing platform.
1464005,0,simulated-sound,,Performed on a virtual ringing platform.
1471436,0,simulated-sound,,Performed on a virtual ringing platform.
1464023,0,simulated-sound,,Performed on a virtual ringing platform.
1464185,0,first-quarter,6,
1463952,0,first-quarter,1,
1463937,0,automated-ringing,1,Virtual Belfry
1463937,1,automated-ringing,2,Virtual Belfry
1463937,2,automated-ringing,3,Virtual Belfry
1463937,3,automated-ringing,4,Virtual Belfry
1463937,4,automated-ringing,5,Virtual Belfry
1463937,5,simulated-sound,,
1463942,0,simulated-sound,,Performed on a virtual ringing platform.
1463932,0,simulated-sound,,Performed on a virtual ringing platform.
1463954,0,simulated-sound,,Performed on a virtual ringing platform.
1463861,0,simulated-sound,,Rung on the simulator.
1463868,0,simulated-sound,,Performed on a ring of dumb bells.
1465257,0,simulated-sound,,Performed on a virtual ringing platform.
1463858,0,simulated-sound,,Performed on a virtual ringing platform.
1463823,0,simulated-sound,,Performed on a virtual ringing platform.
1463820,0,simulated-sound,,Performed on a virtual ringing platform.
1469559,0,first-quarter,3,
1786119,0,first-quarter,6,
1463639,0,automated-ringing,1,Abel
1463639,1,automated-ringing,2,Abel
1463639,2,automated-ringing,3,Abel
1463639,3,automated-ringing,4,Abel
1463639,4,automated-ringing,5,Abel
1463639,5,automated-ringing,6,Abel
1463639,6,automated-ringing,7,Abel
1463639,7,automated-ringing,8,Abel
1463639,8,automated-ringing,9,Abel
1463639,9,automated-ringing,10,Abel
1463639,10,simulated-sound,,
1463632,0,automated-ringing,3,Wheatley
1463632,1,automated-ringing,4,Wheatley
1463632,2,automated-ringing,5,Wheatley
1463632,3,simulated-sound,,Performed on a virtual ringing platform.
1463737,0,simulated-sound,,Performed on a virtual ringing platform.
1463553,0,simulated-sound,,Performed on a virtual ringing platform.
1512818,0,simulated-sound,,Performed on a virtual ringing platform.
1463703,0,simulated-sound,,Performed on a virtual ringing platform.
1463602,0,first-quarter,1,
1463732,0,simulated-sound,,Performed on a virtual ringing platform.
1463366,0,simulated-sound,,Performed on a virtual ringing platform.
1463394,0,automated-ringing,1,Wheatley
1463394,1,automated-ringing,2,Wheatley
1463394,2,automated-ringing,5,Wheatley
1463394,3,automated-ringing,6,Wheatley
1463394,4,simulated-sound,,Performed on a virtual ringing platform.
1463496,0,first-quarter,6,
1463517,0,simulated-sound,,
1463333,0,simulated-sound,,Performed on a virtual ringing platform.
1463350,0,simulated-sound,,Performed on a virtual ringing platform.
1463319,0,simulated-sound,,Performed on a virtual ringing platform.
1463289,0,simulated-sound,,Performed on a virtual ringing platform.
1463359,0,simulated-sound,,Performed on a virtual ringing platform.
1463295,0,simulated-sound,,Performed on a virtual ringing platform.
1463290,0,simulated-sound,,Performed on a virtual ringing platform.
1463302,0,simulated-sound,,Performed on a virtual ringing platform.
1463285,0,simulated-sound,,Performed on a virtual ringing platform.
1463185,0,simulated-sound,,
1464149,0,simulated-sound,,Performed on a virtual ringing platform.
1463177,0,simulated-sound,,Performed on a virtual ringing platform.
1463358,0,simulated-sound,,Performed on a virtual ringing platform.
1463094,0,simulated-sound,,Performed on a virtual ringing platform.
1463078,0,simulated-sound,,Performed on a virtual ringing platform.
1463042,0,simulated-sound,,Performed on a virtual ringing platform.
1463085,0,simulated-sound,,Performed on a virtual ringing platform.
1463080,0,first-quarter,6,
1462892,0,simulated-sound,,Performed on a virtual ringing platform.
1471439,0,automated-ringing,3,Wheatley
1471439,1,automated-ringing,4,Wheatley
1471439,2,simulated-sound,,Performed on a virtual ringing platform.
1462910,0,simulated-sound,,Performed on a virtual ringing platform.
1462799,0,simulated-sound,,Performed on a virtual ringing platform.
1462798,0,simulated-sound,,Performed on a virtual ringing platform.
1462714,0,simulated-sound,,Performed on a virtual ringing platform.
1462883,0,simulated-sound,,Performed on a virtual ringing platform.
1462825,0,simulated-sound,,Performed on a virtual ringing platform.
1587177,0,automated-ringing,2,Wheatley
1587177,1,automated-ringing,3,Wheatley
1587177,2,automated-ringing,4,Wheatley
1587177,3,simulated-sound,,Performed on a virtual ringing platform.
1587177,4,first-quarter,1,
1469553,0,simulated-sound,,Performed on a virtual ringing platform.
1462875,0,automated-ringing,1,Abel
1462875,1,automated-ringing,2,Abel
1462875,2,automated-ringing,4,Abel
1462875,3,automated-ringing,5,Abel
1462875,4,simulated-sound,,
1462490,0,automated-ringing,1,Mobel
1462490,1,automated-ringing,2,Mobel
1462490,2,automated-ringing,3,Mobel
1462490,3,automated-ringing,4,Mobel
1462490,4,automated-ringing,5,Mobel
1462490,5,automated-ringing,6,Mobel
1462490,6,automated-ringing,8,Mobel
1462490,7,simulated-sound,,
1598770,0,first-quarter,1,
1598770,1,first-quarter,6,
1598769,0,first-quarter,1,
1598769,1,first-quarter,6,
1462700,0,automated-ringing,1,Abel
1462700,1,automated-ringing,2,Abel
1462700,2,automated-ringing,3,Abel
1462700,3,automated-ringing,4,Abel
1462700,4,automated-ringing,5,Abel
1462700,5,automated-ringing,6,Abel
1462700,6,simulated-sound,,
1462699,0,automated-ringing,1,Abel
1462699,1,automated-ringing,2,Abel
1462699,2,automated-ringing,3,Abel
1462699,3,automated-ringing,4,Abel
1462699,4,simulated-sound,,
1462698,0,automated-ringing,1,Abel
1462698,1,automated-ringing,2,Abel
1462698,2,automated-ringing,3,Abel
1462698,3,automated-ringing,4,Abel
1462698,4,automated-ringing,5,Abel
1462698,5,automated-ringing,6,Abel
1462698,6,simulated-sound,,
1462521,0,first-quarter,1,
1462666,0,first-quarter,1,
1462641,0,simulated-sound,,Performed on a virtual ringing platform.
1462721,0,first-quarter,1,
1462626,0,simulated-sound,,
1462626,1,first-quarter,6,
1462651,0,first-quarter,6,
1462887,0,automated-ringing,3,Wheatley
1462887,1,automated-ringing,4,Wheatley
1462887,2,automated-ringing,5,Wheatley
1462887,3,automated-ringing,6,Wheatley
1462887,4,simulated-sound,,Performed on a virtual ringing platform.
1512817,0,simulated-sound,,Performed on a virtual ringing platform.
1462401,0,first-peal,3,
1462325,0,automated-ringing,1,Handbell Stadium
1462325,1,automated-ringing,2,Handbell Stadium
1462325,2,automated-ringing,3,Handbell Stadium
1462325,3,automated-ringing,4,Handbell Stadium
1462325,4,automated-ringing,5,Handbell Stadium
1462325,5,automated-ringing,6,Handbell Stadium
1462325,6,simulated-sound,,Performed on a virtual ringing platform.
1462304,0,automated-ringing,1,Wheatley
1462304,1,automated-ringing,2,Wheatley
1462304,2,automated-ringing,3,Wheatley
1462304,3,automated-ringing,4,Wheatley
1462304,4,automated-ringing,6,Wheatley
1462304,5,automated-ringing,7,Wheatley
1462304,6,automated-ringing,8,Wheatley
1462304,7,automated-ringing,9,Wheatley
1462304,8,simulated-sound,,Performed on a virtual ringing platform.
1462322,0,simulated-sound,,Performed on a virtual ringing platform.
1462230,0,simulated-sound,,Performed on a virtual ringing platform.
1462266,0,simulated-sound,,Performed on a virtual ringing platform.
1462267,0,automated-ringing,3,Wheatley
1462267,1,automated-ringing,4,Wheatley
1462267,2,automated-ringing,5,Wheatley
1462267,3,automated-ringing,6,Wheatley
1462267,4,automated-ringing,7,Wheatley
1462267,5,automated-ringing,8,Wheatley
1462267,6,simulated-sound,,Performed on a virtual ringing platform.
1463172,0,simulated-sound,,Performed on a virtual ringing platform.
1463171,0,simulated-sound,,Performed on a virtual ringing platform.
1462222,0,simulated-sound,,Performed on a virtual ringing platform.
1474405,0,simulated-sound,,Performed on a virtual ringing platform.
1474341,0,simulated-sound,,Performed on a virtual ringing platform.
1474359,0,simulated-sound,,Performed on a virtual ringing platform.
1474220,0,automated-ringing,3,Wheatley
1474220,1,automated-ringing,5,Wheatley
1474220,2,simulated-sound,,Performed on a virtual ringing platform.
1474051,0,simulated-sound,,Performed on a virtual ringing platform.
1474036,0,automated-ringing,1,Abel
1474036,1,automated-ringing,2,Abel
1474036,2,automated-ringing,3,Abel
1474036,3,automated-ringing,4,Abel
1474036,4,automated-ringing,5,Abel
1474036,5,automated-ringing,6,Abel
1474036,6,automated-ringing,7,Abel
1474036,7,automated-ringing,8,Abel
1474036,8,simulated-sound,,
1483574,0,simulated-sound,,Performed on a virtual ringing platform.
1474134,0,simulated-sound,,Performed on a virtual ringing platform.
1474069,0,simulated-sound,,Performed on a virtual ringing platform.
1474360,0,simulated-sound,,Performed on a virtual ringing platform.
1473966,0,simulated-sound,,Performed on a virtual ringing platform.
1473893,0,simulated-sound,,Performed on a virtual ringing platform.
1473895,0,first-quarter,6,
1473745,0,first-quarter,6,
1473928,0,first-quarter,1,
1473928,1,first-quarter,2,
1473989,0,simulated-sound,,Performed on a virtual ringing platform.
1473926,0,simulated-sound,,Performed on a virtual ringing platform.
1473877,0,simulated-sound,,Performed on a virtual ringing platform.
1473781,0,first-quarter,1,
1473760,0,automated-ringing,1,Abel
1473760,1,automated-ringing,2,Abel
1473760,2,automated-ringing,3,Abel
1473760,3,automated-ringing,4,Abel
1473760,4,automated-ringing,5,Abel
1473760,5,automated-ringing,6,Abel
1473760,6,simulated-sound,,
1477955,0,new-method,,
1473513,0,first-quarter,2,
1473685,0,first-quarter,6,
1473994,0,first-quarter,6,
1473648,0,first-quarter,1,
1473648,1,first-quarter,6,
1473520,0,simulated-sound,,Performed on a virtual ringing platform.
1473963,0,simulated-sound,,Performed on a virtual ringing platform.
1473816,0,automated-ringing,3,Wheatley
1473816,1,automated-ringing,4,Wheatley
1473816,2,automated-ringing,5,Wheatley
1473816,3,automated-ringing,6,Wheatley
1473816,4,automated-ringing,7,Wheatley
1473816,5,automated-ringing,8,Wheatley
1473816,6,simulated-sound,,Performed on a virtual ringing platform.
1473612,0,first-quarter,1,
1474217,0,first-quarter,6,
1473458,0,first-quarter,1,
1473487,0,automated-ringing,1,Wheatley
1473487,1,automated-ringing,2,Wheatley
1473487,2,automated-ringing,3,Wheatley
1473487,3,automated-ringing,5,Wheatley
1473487,4,automated-ringing,6,Wheatley
1473487,5,automated-ringing,8,Wheatley
1473487,6,simulated-sound,,Performed on a virtual ringing platform.
1473494,0,simulated-sound,,Performed on a virtual ringing platform.
1473489,0,simulated-sound,,Performed on a virtual ringing platform.
1473444,0,simulated-sound,,Performed on a virtual ringing platform.
1473463,0,simulated-sound,,
1473356,0,first-quarter,1,
1473342,0,simulated-sound,,Performed on a virtual ringing platform.
1473264,0,simulated-sound,,Performed on a virtual ringing platform.
1473322,0,simulated-sound,,Performed on a virtual ringing platform.
1473302,0,simulated-sound,,Performed on a virtual ringing platform.
1473328,0,simulated-sound,,
1473194,0,automated-ringing,1,Abel
1473194,1,automated-ringing,2,Abel
1473194,2,automated-ringing,3,Abel
1473194,3,automated-ringing,4,Abel
1473194,4,automated-ringing,5,Abel
1473194,5,automated-ringing,6,Abel
1473194,6,automated-ringing,7,Abel
1473194,7,automated-ringing,8,Abel
1473194,8,automated-ringing,9,Abel
1473194,9,automated-ringing,10,Abel
1473194,10,automated-ringing,11,Abel
1473194,11,automated-ringing,12,Abel
1473194,12,simulated-sound,,
1473002,0,simulated-sound,,Performed on a virtual ringing platform.
1472902,0,automated-ringing,1,Abel
1472902,1,automated-ringing,2,Abel
1472902,2,automated-ringing,3,Abel
1472902,3,automated-ringing,4,Abel
1472902,4,automated-ringing,5,Abel
1472902,5,automated-ringing,6,Abel
1472902,6,automated-ringing,7,Abel
1472902,7,automated-ringing,8,Abel
1472902,8,automated-ringing,9,Abel
1472902,9,simulated-sound,,
1472928,0,simulated-sound,,Performed on a virtual ringing platform.
1561603,0,simulated-sound,,
1536599,0,automated-ringing,1,Abel
1536599,1,automated-ringing,2,Abel
1536599,2,automated-ringing,3,Abel
1536599,3,automated-ringing,4,Abel
1536599,4,automated-ringing,5,Abel
1536599,5,automated-ringing,6,Abel
1536599,6,automated-ringing,7,Abel
1536599,7,automated-ringing,8,Abel
1536599,8,simulated-sound,,
1472960,0,simulated-sound,,Performed on a virtual ringing platform.
1472983,0,simulated-sound,,Performed on a virtual ringing platform.
1472855,0,simulated-sound,,Performed on a virtual ringing platform.
1473228,0,automated-ringing,3,Wheatley
1473228,1,automated-ringing,4,Wheatley
1473228,2,simulated-sound,,Performed on a virtual ringing platform.
1472912,0,simulated-sound,,Performed on a virtual ringing platform.
1472869,0,simulated-sound,,Performed on a virtual ringing platform.
1472796,0,simulated-sound,,Performed on a virtual ringing platform.
1472981,0,simulated-sound,,Performed on a virtual ringing platform.
1472838,0,first-quarter,6,
1774228,0,automated-ringing,2,Virtual Belfry
1774228,1,automated-ringing,3,Virtual Belfry
1774228,2,automated-ringing,4,Virtual Belfry
1774228,3,automated-ringing,5,Virtual Belfry
1774228,4,automated-ringing,6,Virtual Belfry
1774228,5,automated-ringing,7,Virtual Belfry
1774228,6,automated-ringing,8,Virtual Belfry
1774228,7,automated-ringing,9,Virtual Belfry
1774228,8,automated-ringing,10,Virtual Belfry
1774228,9,automated-ringing,11,Virtual Belfry
1774228,10,automated-ringing,12,Virtual Belfry
1774228,11,simulated-sound,,
1472614,0,automated-ringing,1,Abel
1472614,1,automated-ringing,2,Abel
1472614,2,automated-ringing,3,Abel
1472614,3,automated-ringing,4,Abel
1472614,4,automated-ringing,5,Abel
1472614,5,automated-ringing,6,Abel
1472614,6,automated-ringing,7,Abel
1472614,7,automated-ringing,8,Abel
1472614,8,simulated-sound,,
1472852,0,simulated-sound,,Performed on a virtual ringing platform.
1472821,0,simulated-sound,,Performed on a virtual ringing platform.
1472653,0,simulated-sound,,Performed on a virtual ringing platform.
1579595,0,first-quarter,6,
1473237,0,first-quarter,1,
1472749,0,first-peal,3,
1472749,1,first-peal,4,
1526787,0,first-quarter,6,
1472483,0,first-quarter,6,
1472415,0,automated-ringing,3,Wheatley
1472415,1,automated-ringing,4,Wheatley
1472415,2,automated-ringing,5,Wheatley
1472415,3,automated-ringing,6,Wheatley
1472415,4,simulated-sound,,Performed on a virtual ringing platform.
1472398,0,first-peal,6,
1472507,0,first-quarter,6,
1472521,0,automated-ringing,1,Abel
1472521,1,automated-ringing,2,Abel
1472521,2,automated-ringing,3,Abel
1472521,3,automated-ringing,4,Abel
1472521,4,automated-ringing,5,Abel
1472521,5,automated-ringing,6,Abel
1472521,6,automated-ringing,7,Abel
1472521,7,automated-ringing,8,Abel
1472521,8,simulated-sound,,
1472321,0,simulated-sound,,
1472262,0,automated-ringing,1,Abel
1472262,1,automated-ringing,2,Abel
1472262,2,automated-ringing,3,Abel
1472262,3,automated-ringing,4,Abel
1472262,4,automated-ringing,5,Abel
1472262,5,automated-ringing,6,Abel
1472262,6,automated-ringing,7,Abel
1472262,7,automated-ringing,8,Abel
1472262,8,automated-ringing,9,Abel
1472262,9,automated-ringing,10,Abel
1472262,10,simulated-sound,,
1472339,0,automated-ringing,2,Wheatley
1472339,1,automated-ringing,3,Wheatley
1472339,2,automated-ringing,4,Wheatley
1472339,3,automated-ringing,5,Wheatley
1472339,4,automated-ringing,6,Wheatley
1472339,5,automated-ringing,7,Wheatley
1472339,6,simulated-sound,,Performed on a virtual ringing platform.
1472844,0,simulated-sound,,Performed on a virtual ringing platform.
1472296,0,simulated-sound,,Performed on a virtual ringing platform.
1472328,0,simulated-sound,,Performed on a virtual ringing platform.
1472261,0,simulated-sound,,Performed on a virtual ringing platform.
1472265,0,simulated-sound,,Performed on a virtual ringing platform.
1472248,0,simulated-sound,,Performed on a virtual ringing platform.
1472413,0,simulated-sound,,Performed on a virtual ringing platform.
1472093,0,automated-ringing,1,Mobel
1472093,1,automated-ringing,2,Mobel
1472093,2,automated-ringing,3,Mobel
1472093,3,automated-ringing,4,Mobel
1472093,4,automated-ringing,5,Mobel
1472093,5,simulated-sound,,
1472068,0,simulated-sound,,Performed on a virtual ringing platform.
1472157,0,simulated-sound,,Performed on a virtual ringing platform.
1472113,0,simulated-sound,,Performed on a virtual ringing platform.
1472214,0,first-quarter,1,
1471961,0,simulated-sound,,Performed on a virtual ringing platform.
1472021,0,simulated-sound,,Performed on a virtual ringing platform.
1471996,0,simulated-sound,,Performed on a virtual ringing platform.
1471944,0,simulated-sound,,Performed on a virtual ringing platform.
1471984,0,simulated-sound,,Performed on a virtual ringing platform.
1472070,0,automated-ringing,1,Abel
1472070,1,automated-ringing,2,Abel
1472070,2,automated-ringing,3,Abel
1472070,3,automated-ringing,4,Abel
1472070,4,automated-ringing,5,Abel
1472070,5,automated-ringing,6,Abel
1472070,6,simulated-sound,,
1472069,0,first-quarter,3,
1471836,0,automated-ringing,1,Mobel
1471836,1,automated-ringing,2,Mobel
1471836,2,automated-ringing,3,Mobel
1471836,3,automated-ringing,4,Mobel
1471836,4,automated-ringing,5,Mobel
1471836,5,automated-ringing,6,Mobel
1471836,6,automated-ringing,7,Mobel
1471836,7,simulated-sound,,
1483575,0,simulated-sound,,Performed on a virtual ringing platform.
1471862,0,simulated-sound,,Performed on a virtual ringing platform.
1471812,0,simulated-sound,,Performed on a virtual ringing platform.
1471825,0,simulated-sound,,Performed on a virtual ringing platform.
1471733,0,automated-ringing,1,Abel
1471733,1,automated-ringing,2,Abel
1471733,2,automated-ringing,3,Abel
1471733,3,automated-ringing,4,Abel
1471733,4,automated-ringing,5,Abel
1471733,5,automated-ringing,6,Abel
1471733,6,automated-ringing,7,Abel
1471733,7,automated-ringing,8,Abel
1471733,8,automated-ringing,9,Abel
1471733,9,automated-ringing,10,Abel
1471733,10,simulated-sound,,
1471784,0,simulated-sound,,Performed on a virtual ringing platform.
1988622,0,simulated-sound,,Performed on a virtual ringing platform.
1471675,0,simulated-sound,,Performed on a virtual ringing platform.
1471674,0,simulated-sound,,Performed on a virtual ringing platform.
1471294,0,first-quarter,6,
1471597,0,simulated-sound,,Performed on a virtual ringing platform.
1471494,0,first-quarter,1,
1471400,0,simulated-sound,,Performed on a virtual ringing platform.
1471651,0,simulated-sound,,Performed on a virtual ringing platform.
1471489,0,automated-ringing,3,Wheatley
1471489,1,automated-ringing,4,Wheatley
1471489,2,simulated-sound,,Performed on a virtual ringing platform.
1471538,0,first-quarter,8,
1471364,0,first-quarter,8,
1471643,0,first-quarter,1,
1471643,1,first-quarter,6,
1471646,0,first-quarter,1,
1471646,1,first-quarter,6,
1471214,0,first-peal,3,
1471068,0,first-quarter,1,
1471025,0,simulated-sound,,Performed on a virtual ringing platform.
1470969,0,first-peal,2,
1470894,0,simulated-sound,,Performed on a virtual ringing platform.
1471008,0,simulated-sound,,Performed on a virtual ringing platform.
1470870,0,simulated-sound,,Performed on a virtual ringing platform.
1470897,0,simulated-sound,,Performed on a virtual ringing platform.
1470926,0,simulated-sound,,Performed on a virtual ringing platform.
1470882,0,simulated-sound,,Performed on a virtual ringing platform.
1470878,0,simulated-sound,,Performed on a virtual ringing platform.
1470822,0,simulated-sound,,Performed on a virtual ringing platform.
1470972,0,first-quarter,1,
1470972,1,first-quarter,3,
1470804,0,first-quarter,6,
1470791,0,first-quarter,1,
1470737,0,first-quarter,6,
1470789,0,simulated-sound,,Performed on a virtual ringing platform.
1470729,0,simulated-sound,,Performed on a virtual ringing platform.
1470689,0,simulated-sound,,Performed on a virtual ringing platform.
1470796,0,simulated-sound,,Performed on a virtual ringing platform.
1470813,0,simulated-sound,,Performed on a virtual ringing platform.
1470739,0,simulated-sound,,Performed on a virtual ringing platform.
1470725,0,simulated-sound,,Performed on a virtual ringing platform.
1470728,0,simulated-sound,,Performed on a virtual ringing platform.
1470680,0,automated-ringing,1,Wheatley
1470680,1,automated-ringing,3,Wheatley
1470680,2,simulated-sound,,Performed on a virtual ringing platform.
1470592,0,simulated-sound,,Performed on a virtual ringing platform.
1470587,0,automated-ringing,1,Abel
1470587,1,automated-ringing,2,Abel
1470587,2,automated-ringing,3,Abel
1470587,3,automated-ringing,4,Abel
1470587,4,automated-ringing,5,Abel
1470587,5,automated-ringing,6,Abel
1470587,6,automated-ringing,7,Abel
1470587,7,automated-ringing,8,Abel
1470587,8,automated-ringing,9,Abel
1470587,9,automated-ringing,10,Abel
1470587,10,simulated-sound,,
1470653,0,simulated-sound,,Performed on a virtual ringing platform.
1470583,0,simulated-sound,,Performed on a virtual ringing platform.
1470544,0,simulated-sound,,Performed on a virtual ringing platform.
1470726,0,simulated-sound,,Performed on a virtual ringing platform.
1471641,0,simulated-sound,,Performed on a virtual ringing platform.
1470469,0,simulated-sound,,Performed on a virtual ringing platform.
1470486,0,simulated-sound,,Performed on a virtual ringing platform.
1470450,0,simulated-sound,,Performed on a virtual ringing platform.
1470465,0,first-quarter,1,
1470300,0,simulated-sound,,Performed on a virtual ringing platform.
1470379,0,simulated-sound,,Performed on a virtual ringing platform.
1470452,0,simulated-sound,,Performed on a virtual ringing platform.
1470320,0,simulated-sound,,Performed on a virtual ringing platform.
1470326,0,automated-ringing,3,Wheatley
1470326,1,automated-ringing,4,Wheatley
1470326,2,automated-ringing,5,Wheatley
1470326,3,automated-ringing,6,Wheatley
1470326,4,simulated-sound,,Performed on a virtual ringing platform.
1470049,0,automated-ringing,1,Abel
1470049,1,automated-ringing,2,Abel
1470049,2,automated-ringing,3,Abel
1470049,3,automated-ringing,4,Abel
1470049,4,automated-ringing,5,Abel
1470049,5,automated-ringing,6,Abel
1470049,6,automated-ringing,7,Abel
1470049,7,simulated-sound,,
1470212,0,first-quarter,6,
1470119,0,simulated-sound,,Performed on a virtual ringing platform.
1470048,0,automated-ringing,1,Virtual Belfry
1470048,1,automated-ringing,2,Virtual Belfry
1470048,2,automated-ringing,3,Virtual Belfry
1470048,3,automated-ringing,4,Virtual Belfry
1470048,4,simulated-sound,,
1518071,0,first-quarter,3,
1470155,0,automated-ringing,1,Abel
1470155,1,automated-ringing,2,Abel
1470155,2,automated-ringing,3,Abel
1470155,3,automated-ringing,4,Abel
1470155,4,automated-ringing,5,Abel
1470155,5,automated-ringing,6,Abel
1470155,6,automated-ringing,7,Abel
1470155,7,automated-ringing,8,Abel
1470155,8,simulated-sound,,
1470178,0,simulated-sound,,Performed on a virtual ringing platform.
1470146,0,simulated-sound,,Performed on a virtual ringing platform.
1470127,0,simulated-sound,,Performed on a virtual ringing platform.
1470021,0,simulated-sound,,Performed on a virtual ringing platform.
1470149,0,simulated-sound,,Performed on a virtual ringing platform.
1470173,0,simulated-sound,,Performed on a virtual ringing platform.
1470108,0,first-quarter,6,
1676411,0,first-quarter,1,
1676411,1,first-quarter,6,
1469931,0,first-peal,3,
1469814,0,automated-ringing,1,Virtual Belfry
1469814,1,automated-ringing,2,Virtual Belfry
1469814,2,automated-ringing,3,Virtual Belfry
1469814,3,automated-ringing,4,Virtual Belfry
1469814,4,automated-ringing,5,Virtual Belfry
1469814,5,automated-ringing,6,Virtual Belfry
1469814,6,automated-ringing,8,Virtual Belfry
1469814,7,simulated-sound,,
1469861,0,automated-ringing,3,Wheatley
1469861,1,automated-ringing,4,Wheatley
1469861,2,automated-ringing,5,Wheatley
1469861,3,automated-ringing,6,Wheatley
1469861,4,simulated-sound,,Performed on a virtual ringing platform.
1469542,0,simulated-sound,,Performed on a virtual ringing platform.
1469580,0,automated-ringing,1,Abel
1469580,1,automated-ringing,2,Abel
1469580,2,automated-ringing,3,Abel
1469580,3,automated-ringing,4,Abel
1469580,4,automated-ringing,5,Abel
1469580,5,automated-ringing,6,Abel
1469580,6,automated-ringing,7,Abel
1469580,7,automated-ringing,8,Abel
1469580,8,simulated-sound,,
1469650,0,simulated-sound,,Performed on a virtual ringing platform.
1469585,0,simulated-sound,,Performed on a virtual ringing platform.
1469516,0,simulated-sound,,Performed on a virtual ringing platform.
1469631,0,simulated-sound,,Performed on a virtual ringing platform.
1469519,0,simulated-sound,,Performed on a virtual ringing platform.
1469384,0,simulated-sound,,Performed on a virtual ringing platform.
1482759,0,simulated-sound,,
1469543,0,first-quarter,1,
1469448,0,simulated-sound,,Performed on a virtual ringing platform.
1469461,0,simulated-sound,,Performed on a virtual ringing platform.
1469443,0,simulated-sound,,Performed on a virtual ringing platform.
1469278,0,simulated-sound,,Performed on a virtual ringing platform.
1469252,0,simulated-sound,,Performed on a virtual ringing platform.
1469311,0,simulated-sound,,Performed on a virtual ringing platform.
1469340,0,automated-ringing,1,Abel
1469340,1,automated-ringing,2,Abel
1469340,2,automated-ringing,3,Abel
1469340,3,automated-ringing,4,Abel
1469340,4,automated-ringing,6,Abel
1469340,5,simulated-sound,,
1469111,0,automated-ringing,1,Virtual Belfry
1469111,1,automated-ringing,2,Virtual Belfry
1469111,2,automated-ringing,3,Virtual Belfry
1469111,3,automated-ringing,4,Virtual Belfry
1469111,4,automated-ringing,5,Virtual Belfry
1469111,5,simulated-sound,,
1469155,0,automated-ringing,1,Abel
1469155,1,automated-ringing,2,Abel
1469155,2,automated-ringing,3,Abel
1469155,3,automated-ringing,4,Abel
1469155,4,automated-ringing,5,Abel
1469155,5,automated-ringing,6,Abel
1469155,6,automated-ringing,7,Abel
1469155,7,automated-ringing,8,Abel
1469155,8,simulated-sound,,
1469246,0,simulated-sound,,Performed on a virtual ringing platform.
1469110,0,simulated-sound,,Performed on a virtual ringing platform.
1469106,0,simulated-sound,,Performed on a virtual ringing platform.
1469163,0,simulated-sound,,Performed on a virtual ringing platform.
1469234,0,first-peal,8,
1469207,0,first-quarter,6,
1469085,0,automated-ringing,1,Virtual Belfry
1469085,1,automated-ringing,2,Virtual Belfry
1469085,2,automated-ringing,3,Virtual Belfry
1469085,3,automated-ringing,4,Virtual Belfry
1469085,4,automated-ringing,5,Virtual Belfry
1469085,5,automated-ringing,6,Virtual Belfry
1469085,6,automated-ringing,7,Virtual Belfry
1469085,7,automated-ringing,8,Virtual Belfry
1469085,8,automated-ringing,9,Virtual Belfry
1469085,9,simulated-sound,,
1468899,0,first-quarter,1,
1468899,1,first-quarter,6,
1522341,0,first-quarter,6,
1483576,0,simulated-sound,,Performed on a virtual ringing platform.
1469095,0,simulated-sound,,Performed on a virtual ringing platform.
1469019,0,simulated-sound,,Performed on a virtual ringing platform.
1468886,0,simulated-sound,,Performed on a virtual ringing platform.
1468996,0,simulated-sound,,Performed on a virtual ringing platform.
1468872,0,simulated-sound,,Performed on a virtual ringing platform.
1472724,0,simulated-sound,,
1472724,1,first-quarter,6,
1468998,0,first-peal,2,
1480789,0,first-quarter,1,
1481200,0,automated-ringing,1,Abel
1481200,1,automated-ringing,2,Abel
1481200,2,automated-ringing,3,Abel
1481200,3,automated-ringing,4,Abel
1481200,4,automated-ringing,5,Abel
1481200,5,automated-ringing,6,Abel
1481200,6,automated-ringing,7,Abel
1481200,7,simulated-sound,,
1481099,0,first-peal,1,
1480733,0,first-quarter,1,
1480733,1,first-quarter,6,
1480715,0,automated-ringing,1,Virtual Belfry
1480715,1,automated-ringing,2,Virtual Belfry
1480715,2,automated-ringing,3,Virtual Belfry
1480715,3,automated-ringing,4,Virtual Belfry
1480715,4,automated-ringing,5,Virtual Belfry
1480715,5,automated-ringing,6,Virtual Belfry
1480715,6,automated-ringing,7,Virtual Belfry
1480715,7,automated-ringing,8,Virtual Belfry
1480715,8,automated-ringing,10,Virtual Belfry
1480715,9,simulated-sound,,
1480744,0,first-peal,7,
1480744,1,first-peal,8,
1480810,0,first-quarter,3,
1480810,1,first-quarter,4,
1483573,0,simulated-sound,,Performed on a virtual ringing platform.
1480710,0,simulated-sound,,Performed on a virtual ringing platform.
1480775,0,simulated-sound,,Performed on a virtual ringing platform.
1480571,0,simulated-sound,,Performed on a virtual ringing platform.
1480722,0,simulated-sound,,Performed on a virtual ringing platform.
1506796,0,simulated-sound,,Performed on a virtual ringing platform.
1480711,0,simulated-sound,,Performed on a virtual ringing platform.
1480683,0,automated-ringing,1,Wheatley
1480683,1,automated-ringing,2,Wheatley
1480683,2,automated-ringing,3,Wheatley
1480683,3,automated-ringing,4,Wheatley
1480683,4,automated-ringing,7,Wheatley
1480683,5,automated-ringing,8,Wheatley
1480683,6,simulated-sound,,Performed on a virtual ringing platform.
1607969,0,simulated-sound,,Performed on a ring of dumb bells.
1480612,0,automated-ringing,1,Abel
1480612,1,automated-ringing,2,Abel
1480612,2,automated-ringing,3,Abel
1480612,3,automated-ringing,4,Abel
1480612,4,automated-ringing,5,Abel
1480612,5,automated-ringing,6,Abel
1480612,6,simulated-sound,,
1480603,0,automated-ringing,1,Abel
1480603,1,automated-ringing,2,Abel
1480603,2,automated-ringing,3,Abel
1480603,3,automated-ringing,4,Abel
1480603,4,automated-ringing,5,Abel
1480603,5,automated-ringing,6,Abel
1480603,6,simulated-sound,,
1480814,0,first-quarter,1,
1480487,0,simulated-sound,,Performed on a virtual ringing platform.
1480365,0,simulated-sound,,Performed on a virtual ringing platform.
1480481,0,simulated-sound,,Performed on a virtual ringing platform.
1481492,0,simulated-sound,,Performed on a virtual ringing platform.
1480108,0,first-quarter,1,
1480338,0,first-quarter,6,
1480106,0,automated-ringing,1,Abel
1480106,1,automated-ringing,2,Abel
1480106,2,automated-ringing,3,Abel
1480106,3,automated-ringing,4,Abel
1480106,4,automated-ringing,5,Abel
1480106,5,automated-ringing,6,Abel
1480106,6,simulated-sound,,
1480150,0,simulated-sound,,Performed on a virtual ringing platform.
1480135,0,simulated-sound,,Performed on a virtual ringing platform.
1480275,0,automated-ringing,1,Abel
1480275,1,automated-ringing,2,Abel
1480275,2,automated-ringing,3,Abel
1480275,3,automated-ringing,4,Abel
1480275,4,automated-ringing,5,Abel
1480275,5,automated-ringing,6,Abel
1480275,6,simulated-sound,,
1480025,0,first-peal,2,
1480087,0,first-quarter,1,
1480087,1,first-quarter,6,
1479944,0,automated-ringing,1,Abel
1479944,1,automated-ringing,2,Abel
1479944,2,automated-ringing,3,Abel
1479944,3,automated-ringing,4,Abel
1479944,4,automated-ringing,5,Abel
1479944,5,automated-ringing,6,Abel
1479944,6,automated-ringing,7,Abel
1479944,7,automated-ringing,8,Abel
1479944,8,automated-ringing,9,Abel
1479944,9,automated-ringing,10,Abel
1479944,10,simulated-sound,,
1480041,0,automated-ringing,2,Wheatley
1480041,1,automated-ringing,3,Wheatley
1480041,2,automated-ringing,4,Wheatley
1480041,3,automated-ringing,5,Wheatley
1480041,4,automated-ringing,6,Wheatley
1480041,5,automated-ringing,7,Wheatley
1480041,6,simulated-sound,,Performed on a virtual ringing platform.
1479894,0,simulated-sound,,Performed on a virtual ringing platform.
1480067,0,simulated-sound,,Performed on a virtual ringing platform.
1480009,0,simulated-sound,,Performed on a virtual ringing platform.
1479941,0,simulated-sound,,Performed on a virtual ringing platform.
1479897,0,simulated-sound,,Performed on a virtual ringing platform.
1479775,0,first-quarter,6,
1479843,0,simulated-sound,,Performed on a virtual ringing platform.
1479650,0,simulated-sound,,Performed on a virtual ringing platform.
1479735,0,simulated-sound,,Performed on a virtual ringing platform.
1479643,0,automated-ringing,1,Abel
1479643,1,automated-ringing,2,Abel
1479643,2,automated-ringing,3,Abel
1479643,3,automated-ringing,4,Abel
1479643,4,automated-ringing,5,Abel
1479643,5,automated-ringing,6,Abel
1479643,6,simulated-sound,,
1479635,0,automated-ringing,1,Abel
1479635,1,automated-ringing,2,Abel
1479635,2,automated-ringing,3,Abel
1479635,3,automated-ringing,4,Abel
1479635,4,simulated-sound,,
1481677,0,first-peal,1,
1479562,0,automated-ringing,1,Abel
1479562,1,automated-ringing,2,Abel
1479562,2,automated-ringing,3,Abel
1479562,3,automated-ringing,4,Abel
1479562,4,automated-ringing,5,Abel
1479562,5,automated-ringing,6,Abel
1479562,6,simulated-sound,,
1479596,0,simulated-sound,,Performed on a virtual ringing platform.
1480102,0,simulated-sound,,Performed on a virtual ringing platform.
1479395,0,automated-ringing,1,Abel
1479395,1,automated-ringing,2,Abel
1479395,2,automated-ringing,3,Abel
1479395,3,automated-ringing,4,Abel
1479395,4,automated-ringing,5,Abel
1479395,5,automated-ringing,6,Abel
1479395,6,simulated-sound,,
1479329,0,first-quarter,6,
1479454,0,simulated-sound,,Performed on a virtual ringing platform.
1479349,0,simulated-sound,,Performed on a virtual ringing platform.
1479576,0,automated-ringing,3,Wheatley
1479576,1,automated-ringing,4,Wheatley
1479576,2,automated-ringing,7,Wheatley
1479576,3,automated-ringing,8,Wheatley
1479576,4,simulated-sound,,Performed on a virtual ringing platform.
1479320,0,simulated-sound,,Performed on a ring of dumb bells.
1479302,0,automated-ringing,1,Abel
1479302,1,automated-ringing,2,Abel
1479302,2,automated-ringing,3,Abel
1479302,3,automated-ringing,4,Abel
1479302,4,automated-ringing,5,Abel
1479302,5,automated-ringing,6,Abel
1479302,6,simulated-sound,,
1479245,0,simulated-sound,,Performed on a virtual ringing platform.
1479171,0,automated-ringing,1,Abel
1479171,1,automated-ringing,2,Abel
1479171,2,automated-ringing,3,Abel
1479171,3,automated-ringing,4,Abel
1479171,4,automated-ringing,5,Abel
1479171,5,automated-ringing,6,Abel
1479171,6,simulated-sound,,
1479117,0,simulated-sound,,Performed on a virtual ringing platform.
1479075,0,simulated-sound,,Performed on a virtual ringing platform.
1479220,0,simulated-sound,,Performed on a virtual ringing platform.
1479109,0,simulated-sound,,Performed on a virtual ringing platform.
1479111,0,simulated-sound,,Performed on a virtual ringing platform.
1479286,0,first-peal,1,
1479286,1,first-peal,6,
1478923,0,first-quarter,1,
1478916,0,simulated-sound,,Performed on a virtual ringing platform.
1478992,0,simulated-sound,,Performed on a virtual ringing platform.
1478981,0,simulated-sound,,Performed on a virtual ringing platform.
1478984,0,automated-ringing,3,Wheatley
1478984,1,automated-ringing,4,Wheatley
1478984,2,simulated-sound,,Performed on a virtual ringing platform.
1479022,0,first-quarter,1,
1478796,0,automated-ringing,2,Virtual Belfry
1478796,1,automated-ringing,3,Virtual Belfry
1478796,2,automated-ringing,4,Virtual Belfry
1478796,3,automated-ringing,5,Virtual Belfry
1478796,4,automated-ringing,6,Virtual Belfry
1478796,5,automated-ringing,7,Virtual Belfry
1478796,6,automated-ringing,8,Virtual Belfry
1478796,7,automated-ringing,9,Virtual Belfry
1478796,8,automated-ringing,10,Virtual Belfry
1478796,9,simulated-sound,,
1478867,0,automated-ringing,1,Abel
1478867,1,automated-ringing,2,Abel
1478867,2,automated-ringing,3,Abel
1478867,3,automated-ringing,4,Abel
1478867,4,automated-ringing,5,Abel
1478867,5,automated-ringing,6,Abel
1478867,6,automated-ringing,7,Abel
1478867,7,automated-ringing,8,Abel
1478867,8,simulated-sound,,
1478893,0,simulated-sound,,Performed on a virtual ringing platform.
1486027,0,simulated-sound,,Performed on a virtual ringing platform.
1478794,0,simulated-sound,,Performed on a virtual ringing platform.
1478908,0,simulated-sound,,Performed on a virtual ringing platform.
1478878,0,simulated-sound,,Performed on a virtual ringing platform.
1478879,0,simulated-sound,,Performed on a virtual ringing platform.
1478759,0,simulated-sound,,Performed on a virtual ringing platform.
1478745,0,simulated-sound,,Performed on a virtual ringing platform.
1478795,0,simulated-sound,,Performed on a virtual ringing platform.
1478753,0,simulated-sound,,Performed on a virtual ringing platform.
1478769,0,simulated-sound,,Performed on a virtual ringing platform.
1478752,0,simulated-sound,,Performed on a virtual ringing platform.
1478743,0,simulated-sound,,Performed on a virtual ringing platform.
1478668,0,simulated-sound,,Performed on a virtual ringing platform.
1478747,0,first-quarter,6,
1478701,0,simulated-sound,,Performed on a virtual ringing platform.
1478539,0,simulated-sound,,Performed on a virtual ringing platform.
1478521,0,automated-ringing,3,Wheatley
1478521,1,automated-ringing,4,Wheatley
1478521,2,automated-ringing,5,Wheatley
1478521,3,automated-ringing,6,Wheatley
1478521,4,automated-ringing,7,Wheatley
1478521,5,automated-ringing,8,Wheatley
1478521,6,simulated-sound,,Performed on a virtual ringing platform.
1478691,0,first-quarter,6,
1478587,0,first-quarter,1,
1478790,0,first-quarter,6,
1478544,0,automated-ringing,1,Abel
1478544,1,automated-ringing,2,Abel
1478544,2,automated-ringing,3,Abel
1478544,3,automated-ringing,4,Abel
1478544,4,automated-ringing,5,Abel
1478544,5,automated-ringing,6,Abel
1478544,6,simulated-sound,,
1478479,0,first-peal,6,
1478409,0,automated-ringing,1,Abel
1478409,1,automated-ringing,2,Abel
1478409,2,automated-ringing,3,Abel
1478409,3,automated-ringing,4,Abel
1478409,4,automated-ringing,5,Abel
1478409,5,automated-ringing,6,Abel
1478409,6,automated-ringing,7,Abel
1478409,7,automated-ringing,8,Abel
1478409,8,automated-ringing,9,Abel
1478409,9,automated-ringing,10,Abel
1478409,10,simulated-sound,,
1478426,0,simulated-sound,,Performed on a virtual ringing platform.
1478436,0,automated-ringing,2,Wheatley
1478436,1,automated-ringing,6,Wheatley
1478436,2,simulated-sound,,Performed on a virtual ringing platform.
1478338,0,automated-ringing,1,Abel
1478338,1,automated-ringing,2,Abel
1478338,2,automated-ringing,3,Abel
1478338,3,automated-ringing,4,Abel
1478338,4,automated-ringing,5,Abel
1478338,5,automated-ringing,6,Abel
1478338,6,simulated-sound,,
1478227,0,first-quarter,1,
1493240,0,first-quarter,1,
1478300,0,simulated-sound,,Performed on a virtual ringing platform.
1478243,0,simulated-sound,,Performed on a virtual ringing platform.
1478158,0,simulated-sound,,Performed on a virtual ringing platform.
1485359,0,simulated-sound,,Performed on a virtual ringing platform.
1478237,0,simulated-sound,,Performed on a virtual ringing platform.
1478159,0,simulated-sound,,Performed on a virtual ringing platform.
1477925,0,automated-ringing,1,Handbell Stadium
1477925,1,automated-ringing,2,Handbell Stadium
1477925,2,automated-ringing,3,Handbell Stadium
1477925,3,automated-ringing,4,Handbell Stadium
1477925,4,automated-ringing,5,Handbell Stadium
1477925,5,automated-ringing,6,Handbell Stadium
1477925,6,simulated-sound,,Performed on a virtual ringing platform.
1612319,0,first-quarter,6,
1477928,0,simulated-sound,,Performed on a ring of dumb bells.
1477974,0,automated-ringing,1,Abel
1477974,1,automated-ringing,2,Abel
1477974,2,automated-ringing,3,Abel
1477974,3,automated-ringing,4,Abel
1477974,4,automated-ringing,5,Abel
1477974,5,automated-ringing,6,Abel
1477974,6,simulated-sound,,
1478029,0,simulated-sound,,Performed on a virtual ringing platform.
1477979,0,simulated-sound,,Performed on a virtual ringing platform.
1477919,0,simulated-sound,,Performed on a virtual ringing platform.
1477973,0,automated-ringing,1,Wheatley
1477973,1,automated-ringing,5,Wheatley
1477973,2,automated-ringing,6,Wheatley
1477973,3,simulated-sound,,Performed on a virtual ringing platform.
1477966,0,simulated-sound,,Performed on a virtual ringing platform.
1477902,0,simulated-sound,,Performed on a virtual ringing platform.
1478705,0,simulated-sound,,Performed on a virtual ringing platform.
1477788,0,simulated-sound,,Performed on a virtual ringing platform.
1477882,0,automated-ringing,1,Wheatley
1477882,1,automated-ringing,2,Wheatley
1477882,2,simulated-sound,,Performed on a virtual ringing platform.
1477784,0,first-quarter,1,
1477717,0,automated-ringing,1,Virtual Belfry
1477717,1,automated-ringing,2,Virtual Belfry
1477717,2,automated-ringing,3,Virtual Belfry
1477717,3,automated-ringing,4,Virtual Belfry
1477717,4,automated-ringing,5,Virtual Belfry
1477717,5,simulated-sound,,
1477688,0,simulated-sound,,Performed on a virtual ringing platform.
1493742,0,first-quarter,6,
1477715,0,first-quarter,5,
1477558,0,jump-changes,,
1477621,0,automated-ringing,1,Abel
1477621,1,automated-ringing,2,Abel
1477621,2,automated-ringing,3,Abel
1477621,3,automated-ringing,4,Abel
1477621,4,automated-ringing,5,Abel
1477621,5,automated-ringing,6,Abel
1477621,6,automated-ringing,7,Abel
1477621,7,automated-ringing,8,Abel
1477621,8,automated-ringing,9,Abel
1477621,9,automated-ringing,10,Abel
1477621,10,simulated-sound,,
1477681,0,simulated-sound,,Performed on a virtual ringing platform.
1477613,0,simulated-sound,,Performed on a virtual ringing platform.
1477616,0,simulated-sound,,Performed on a virtual ringing platform.
1477628,0,automated-ringing,3,Wheatley
1477628,1,automated-ringing,4,Wheatley
1477628,2,automated-ringing,5,Wheatley
1477628,3,automated-ringing,6,Wheatley
1477628,4,automated-ringing,7,Wheatley
1477628,5,automated-ringing,8,Wheatley
1477628,6,automated-ringing,9,Wheatley
1477628,7,automated-ringing,10,Wheatley
1477628,8,simulated-sound,,Performed on a virtual ringing platform.
1477490,0,simulated-sound,,Performed on a virtual ringing platform.
1477379,0,first-quarter,6,
1477538,0,simulated-sound,,Performed on a virtual ringing platform.
1477478,0,simulated-sound,,Performed on a virtual ringing platform.
1477488,0,simulated-sound,,Performed on a virtual ringing platform.
1477289,0,simulated-sound,,
1477255,0,first-peal,5,
1477266,0,first-quarter,6,
1477227,0,first-quarter,6,
1477130,0,simulated-sound,,
1478725,0,first-quarter,6,
1477144,0,simulated-sound,,Performed on a virtual ringing platform.
1477135,0,automated-ringing,2,Wheatley
1477135,1,automated-ringing,3,Wheatley
1477135,2,automated-ringing,4,Wheatley
1477135,3,automated-ringing,5,Wheatley
1477135,4,automated-ringing,6,Wheatley
1477135,5,automated-ringing,7,Wheatley
1477135,6,simulated-sound,,Performed on a virtual ringing platform.
1477119,0,simulated-sound,,Performed on a virtual ringing platform.
1477019,0,simulated-sound,,Performed on a virtual ringing platform.
1476949,0,simulated-sound,,Performed on a virtual ringing platform.
1476913,0,automated-ringing,1,Abel
1476913,1,automated-ringing,2,Abel
1476913,2,automated-ringing,3,Abel
1476913,3,automated-ringing,4,Abel
1476913,4,automated-ringing,5,Abel
1476913,5,automated-ringing,6,Abel
1476913,6,automated-ringing,7,Abel
1476913,7,automated-ringing,8,Abel
1476913,8,simulated-sound,,
1476999,0,simulated-sound,,Performed on a virtual ringing platform.
1476964,0,simulated-sound,,Performed on a virtual ringing platform.
1476905,0,simulated-sound,,Performed on a virtual ringing platform.
1476871,0,simulated-sound,,Performed on a virtual ringing platform.
1476805,0,simulated-sound,,Performed on a virtual ringing platform.
1476928,0,simulated-sound,,Performed on a virtual ringing platform.
1476990,0,automated-ringing,1,Virtual Belfry
1476990,1,automated-ringing,2,Virtual Belfry
1476990,2,automated-ringing,3,Virtual Belfry
1476990,3,simulated-sound,,
1476587,0,simulated-sound,,Performed on a virtual ringing platform.
1476849,0,simulated-sound,,Performed on a virtual ringing platform.
1476702,0,first-quarter,1,
1480037,0,simulated-sound,,Performed on a virtual ringing platform.
1476375,0,simulated-sound,,Performed on a virtual ringing platform.
1479878,0,simulated-sound,,Performed on a virtual ringing platform.
1558031,0,first-quarter,6,
1476336,0,simulated-sound,,Performed on a virtual ringing platform.
1476018,0,automated-ringing,3,Wheatley
1476018,1,automated-ringing,4,Wheatley
1476018,2,automated-ringing,5,Wheatley
1476018,3,automated-ringing,6,Wheatley
1476018,4,automated-ringing,7,Wheatley
1476018,5,automated-ringing,8,Wheatley
1476018,6,simulated-sound,,Performed on a virtual ringing platform.
1475957,0,automated-ringing,1,Wheatley
1475957,1,automated-ringing,5,Wheatley
1475957,2,automated-ringing,6,Wheatley
1475957,3,simulated-sound,,Performed on a virtual ringing platform.
1475925,0,simulated-sound,,Performed on a virtual ringing platform.
1475780,0,first-quarter,6,
1475903,0,first-quarter,1,
1475983,0,simulated-sound,,Performed on a virtual ringing platform.
1475819,0,simulated-sound,,Performed on a virtual ringing platform.
1475691,0,automated-ringing,1,Abel
1475691,1,automated-ringing,2,Abel
1475691,2,automated-ringing,3,Abel
1475691,3,automated-ringing,4,Abel
1475691,4,automated-ringing,5,Abel
1475691,5,automated-ringing,6,Abel
1475691,6,automated-ringing,7,Abel
1475691,7,automated-ringing,8,Abel
1475691,8,automated-ringing,9,Abel
1475691,9,automated-ringing,10,Abel
1475691,10,automated-ringing,11,Abel
1475691,11,automated-ringing,12,Abel
1475691,12,simulated-sound,,
1475751,0,simulated-sound,,Performed on a virtual ringing platform.
1475664,0,simulated-sound,,Performed on a virtual ringing platform.
1475452,0,simulated-sound,,Performed on a virtual ringing platform.
1478877,0,simulated-sound,,Performed on a virtual ringing platform.
1475593,0,automated-ringing,1,Wheatley
1475593,1,automated-ringing,2,Wheatley
1475593,2,simulated-sound,,Performed on a virtual ringing platform.
1475084,0,first-peal,1,
1475221,0,first-quarter,6,
1475251,0,first-quarter,6,
1474857,0,first-quarter,5,
1628855,0,simulated-sound,,
1474855,0,simulated-sound,,Performed on a virtual ringing platform.
1474945,0,automated-ringing,1,Abel
1474945,1,automated-ringing,2,Abel
1474945,2,automated-ringing,3,Abel
1474945,3,automated-ringing,4,Abel
1474945,4,automated-ringing,5,Abel
1474945,5,automated-ringing,6,Abel
1474945,6,simulated-sound,,
1474882,0,simulated-sound,,Performed on a virtual ringing platform.
1475024,0,automated-ringing,1,Wheatley
1475024,1,automated-ringing,2,Wheatley
1475024,2,automated-ringing,3,Wheatley
1475024,3,automated-ringing,5,Wheatley
1475024,4,automated-ringing,6,Wheatley
1475024,5,automated-ringing,8,Wheatley
1475024,6,simulated-sound,,Performed on a virtual ringing platform.
1475576,0,simulated-sound,,Performed on a virtual ringing platform.
1474858,0,simulated-sound,,Performed on a virtual ringing platform.
1474813,0,first-quarter,6,
1474774,0,simulated-sound,,Performed on a virtual ringing platform.
1587159,0,simulated-sound,,Performed on a virtual ringing platform.
1474722,0,simulated-sound,,Performed on a virtual ringing platform.
1474567,0,simulated-sound,,Performed on a virtual ringing platform.
1476352,0,new-method,,
