perf_id,position,flag_type,bell,flag_text
1487960,0,automated-ringing,1,Virtual Belfry
1487960,1,automated-ringing,2,Virtual Belfry
1487960,2,automated-ringing,3,Virtual Belfry
1487960,3,automated-ringing,4,Virtual Belfry
1487960,4,automated-ringing,5,Virtual Belfry
1487960,5,simulated-sound,,
1488059,0,automated-ringing,1,Abel
1488059,1,automated-ringing,2,Abel
1488059,2,automated-ringing,3,Abel
1488059,3,automated-ringing,4,Abel
1488059,4,automated-ringing,5,Abel
1488059,5,automated-ringing,6,Abel
1488059,6,automated-ringing,7,Abel
1488059,7,automated-ringing,8,Abel
1488059,8,simulated-sound,,
1487953,0,simulated-sound,,Performed on a virtual ringing platform.
1487916,0,simulated-sound,,Performed on a virtual ringing platform.
1488319,0,simulated-sound,,Performed on a virtual ringing platform.
1487930,0,simulated-sound,,Performed on a virtual ringing platform.
1488030,0,automated-ringing,1,Abel
1488030,1,automated-ringing,2,Abel
1488030,2,automated-ringing,3,Abel
1488030,3,automated-ringing,4,Abel
1488030,4,automated-ringing,5,Abel
1488030,5,automated-ringing,6,Abel
1488030,6,simulated-sound,,
1487997,0,automated-ringing,1,Abel
1487997,1,automated-ringing,2,Abel
1487997,2,automated-ringing,3,Abel
1487997,3,automated-ringing,4,Abel
1487997,4,automated-ringing,5,Abel
1487997,5,automated-ringing,6,Abel
1487997,6,simulated-sound,,
1487895,0,simulated-sound,,Performed on a virtual ringing platform.
1487879,0,first-quarter,6,
1487907,0,simulated-sound,,Performed on a virtual ringing platform.
1487918,0,simulated-sound,,Performed on a virtual ringing platform.
1487863,0,simulated-sound,,Performed on a virtual ringing platform.
1487685,0,automated-ringing,1,Abel
1487685,1,automated-ringing,2,Abel
1487685,2,automated-ringing,3,Abel
1487685,3,automated-ringing,4,Abel
1487685,4,automated-ringing,5,Abel
1487685,5,automated-ringing,6,Abel
1487685,6,simulated-sound,,
1487683,0,automated-ringing,1,Abel
1487683,1,automated-ringing,2,Abel
1487683,2,automated-ringing,3,Abel
1487683,3,automated-ringing,4,Abel
1487683,4,automated-ringing,5,Abel
1487683,5,automated-ringing,6,Abel
1487683,6,simulated-sound,,
1487681,0,automated-ringing,1,Abel
1487681,1,automated-ringing,2,Abel
1487681,2,automated-ringing,3,Abel
1487681,3,automated-ringing,4,Abel
1487681,4,automated-ringing,5,Abel
1487681,5,automated-ringing,6,Abel
1487681,6,automated-ringing,7,Abel
1487681,7,automated-ringing,8,Abel
1487681,8,simulated-sound,,
1487595,0,automated-ringing,2,Abel
1487595,1,automated-ringing,4,Abel
1487595,2,automated-ringing,6,Abel
1487595,3,automated-ringing,8,Abel
1487595,4,simulated-sound,,
1487582,0,first-quarter,2,
1487594,0,automated-ringing,2,Virtual Belfry
1487594,1,automated-ringing,3,Virtual Belfry
1487594,2,automated-ringing,4,Virtual Belfry
1487594,3,automated-ringing,5,Virtual Belfry
1487594,4,automated-ringing,6,Virtual Belfry
1487594,5,automated-ringing,7,Virtual Belfry
1487594,6,automated-ringing,8,Virtual Belfry
1487594,7,automated-ringing,9,Virtual Belfry
1487594,8,automated-ringing,10,Virtual Belfry
1487594,9,automated-ringing,11,Virtual Belfry
1487594,10,automated-ringing,12,Virtual Belfry
1487594,11,simulated-sound,,
1487538,0,automated-ringing,1,Abel
1487538,1,automated-ringing,2,Abel
1487538,2,automated-ringing,3,Abel
1487538,3,automated-ringing,4,Abel
1487538,4,automated-ringing,5,Abel
1487538,5,automated-ringing,6,Abel
1487538,6,automated-ringing,7,Abel
1487538,7,automated-ringing,8,Abel
1487538,8,simulated-sound,,
1487598,0,simulated-sound,,Performed on a virtual ringing platform.
1487592,0,simulated-sound,,Performed on a virtual ringing platform.
1487490,0,automated-ringing,3,Wheatley
1487490,1,automated-ringing,4,Wheatley
1487490,2,automated-ringing,5,Wheatley
1487490,3,automated-ringing,6,Wheatley
1487490,4,automated-ringing,7,Wheatley
1487490,5,automated-ringing,8,Wheatley
1487490,6,simulated-sound,,Performed on a virtual ringing platform.
1510670,0,simulated-sound,,
1487505,0,automated-ringing,1,Abel
1487505,1,automated-ringing,2,Abel
1487505,2,automated-ringing,3,Abel
1487505,3,automated-ringing,4,Abel
1487505,4,automated-ringing,5,Abel
1487505,5,automated-ringing,6,Abel
1487505,6,automated-ringing,7,Abel
1487505,7,automated-ringing,8,Abel
1487505,8,simulated-sound,,
1487440,0,automated-ringing,1,Abel
1487440,1,automated-ringing,2,Abel
1487440,2,automated-ringing,3,Abel
1487440,3,automated-ringing,4,Abel
1487440,4,automated-ringing,5,Abel
1487440,5,automated-ringing,6,Abel
1487440,6,simulated-sound,,
1487419,0,automated-ringing,1,Abel
1487419,1,automated-ringing,2,Abel
1487419,2,automated-ringing,3,Abel
1487419,3,automated-ringing,4,Abel
1487419,4,automated-ringing,5,Abel
1487419,5,automated-ringing,6,Abel
1487419,6,simulated-sound,,
1487402,0,simulated-sound,,Performed on a virtual ringing platform.
1487365,0,simulated-sound,,Performed on a virtual ringing platform.
1487269,0,simulated-sound,,Performed on a virtual ringing platform.
1487353,0,simulated-sound,,Performed on a virtual ringing platform.
1487312,0,simulated-sound,,Performed on a virtual ringing platform.
1487189,0,simulated-sound,,Performed on a virtual ringing platform.
1487392,0,automated-ringing,1,Abel
1487392,1,automated-ringing,2,Abel
1487392,2,automated-ringing,3,Abel
1487392,3,automated-ringing,4,Abel
1487392,4,automated-ringing,5,Abel
1487392,5,automated-ringing,6,Abel
1487392,6,simulated-sound,,
1487292,0,automated-ringing,1,Abel
1487292,1,automated-ringing,2,Abel
1487292,2,automated-ringing,3,Abel
1487292,3,automated-ringing,4,Abel
1487292,4,automated-ringing,5,Abel
1487292,5,automated-ringing,6,Abel
1487292,6,simulated-sound,,
1487282,0,automated-ringing,1,Abel
1487282,1,automated-ringing,2,Abel
1487282,2,automated-ringing,3,Abel
1487282,3,automated-ringing,4,Abel
1487282,4,automated-ringing,5,Abel
1487282,5,automated-ringing,6,Abel
1487282,6,simulated-sound,,
1487114,0,automated-ringing,1,Abel
1487114,1,automated-ringing,2,Abel
1487114,2,automated-ringing,3,Abel
1487114,3,automated-ringing,4,Abel
1487114,4,automated-ringing,5,Abel
1487114,5,simulated-sound,,
1798487,0,automated-ringing,1,Virtual Belfry
1798487,1,automated-ringing,2,Virtual Belfry
1798487,2,automated-ringing,3,Virtual Belfry
1798487,3,automated-ringing,4,Virtual Belfry
1798487,4,automated-ringing,5,Virtual Belfry
1798487,5,simulated-sound,,
1487092,0,simulated-sound,,
1487094,0,automated-ringing,1,Abel
1487094,1,automated-ringing,2,Abel
1487094,2,automated-ringing,3,Abel
1487094,3,automated-ringing,4,Abel
1487094,4,automated-ringing,5,Abel
1487094,5,automated-ringing,6,Abel
1487094,6,automated-ringing,7,Abel
1487094,7,automated-ringing,8,Abel
1487094,8,automated-ringing,9,Abel
1487094,9,automated-ringing,10,Abel
1487094,10,simulated-sound,,
1487178,0,simulated-sound,,Performed on a virtual ringing platform.
1487390,0,automated-ringing,1,Wheatley
1487390,1,automated-ringing,3,Wheatley
1487390,2,automated-ringing,5,Wheatley
1487390,3,automated-ringing,6,Wheatley
1487390,4,automated-ringing,7,Wheatley
1487390,5,simulated-sound,,Performed on a virtual ringing platform.
1487046,0,simulated-sound,,Performed on a virtual ringing platform.
1487078,0,simulated-sound,,Performed on a virtual ringing platform.
1487107,0,simulated-sound,,Performed on a virtual ringing platform.
1487106,0,simulated-sound,,Performed on a virtual ringing platform.
1487183,0,automated-ringing,3,Wheatley
1487183,1,automated-ringing,4,Wheatley
1487183,2,simulated-sound,,Performed on a virtual ringing platform.
1487081,0,automated-ringing,1,Abel
1487081,1,automated-ringing,2,Abel
1487081,2,automated-ringing,3,Abel
1487081,3,automated-ringing,4,Abel
1487081,4,automated-ringing,5,Abel
1487081,5,automated-ringing,6,Abel
1487081,6,simulated-sound,,
1486992,0,automated-ringing,1,Abel
1486992,1,automated-ringing,2,Abel
1486992,2,automated-ringing,3,Abel
1486992,3,automated-ringing,4,Abel
1486992,4,automated-ringing,5,Abel
1486992,5,automated-ringing,6,Abel
1486992,6,automated-ringing,7,Abel
1486992,7,automated-ringing,8,Abel
1486992,8,automated-ringing,9,Abel
1486992,9,simulated-sound,,
1487003,0,first-quarter,3,
1486982,0,automated-ringing,1,Virtual Belfry
1486982,1,automated-ringing,2,Virtual Belfry
1486982,2,automated-ringing,3,Virtual Belfry
1486982,3,automated-ringing,4,Virtual Belfry
1486982,4,automated-ringing,5,Virtual Belfry
1486982,5,automated-ringing,6,Virtual Belfry
1486982,6,automated-ringing,7,Virtual Belfry
1486982,7,automated-ringing,8,Virtual Belfry
1486982,8,automated-ringing,9,Virtual Belfry
1486982,9,automated-ringing,10,Virtual Belfry
1486982,10,automated-ringing,12,Virtual Belfry
1486982,11,simulated-sound,,
1487028,0,simulated-sound,,Performed on a virtual ringing platform.
1486924,0,simulated-sound,,Performed on a virtual ringing platform.
1486941,0,simulated-sound,,Performed on a virtual ringing platform.
1486976,0,simulated-sound,,Performed on a virtual ringing platform.
1486747,0,first-quarter,6,
1486641,0,simulated-sound,,Performed on a virtual ringing platform.
1486719,0,simulated-sound,,Performed on a virtual ringing platform.
1486670,0,simulated-sound,,Performed on a virtual ringing platform.
1486652,0,simulated-sound,,Performed on a virtual ringing platform.
1486679,0,simulated-sound,,Performed on a virtual ringing platform.
1486642,0,simulated-sound,,Performed on a virtual ringing platform.
1486587,0,simulated-sound,,Performed on a ring of dumb bells.
1486513,0,automated-ringing,1,Abel
1486513,1,automated-ringing,2,Abel
1486513,2,automated-ringing,3,Abel
1486513,3,automated-ringing,4,Abel
1486513,4,automated-ringing,5,Abel
1486513,5,automated-ringing,6,Abel
1486513,6,simulated-sound,,
1486413,0,simulated-sound,,Performed on a virtual ringing platform.
1486609,0,simulated-sound,,Performed on a virtual ringing platform.
1486586,0,simulated-sound,,Performed on a virtual ringing platform.
1486633,0,first-quarter,6,
1486387,0,automated-ringing,1,Abel
1486387,1,automated-ringing,2,Abel
1486387,2,automated-ringing,3,Abel
1486387,3,automated-ringing,4,Abel
1486387,4,automated-ringing,5,Abel
1486387,5,automated-ringing,6,Abel
1486387,6,automated-ringing,7,Abel
1486387,7,automated-ringing,8,Abel
1486387,8,automated-ringing,9,Abel
1486387,9,automated-ringing,10,Abel
1486387,10,automated-ringing,11,Abel
1486387,11,simulated-sound,,
1486292,0,first-quarter,6,
1486489,0,automated-ringing,1,Virtual Belfry
1486489,1,automated-ringing,2,Virtual Belfry
1486489,2,automated-ringing,3,Virtual Belfry
1486489,3,automated-ringing,4,Virtual Belfry
1486489,4,automated-ringing,5,Virtual Belfry
1486489,5,automated-ringing,6,Virtual Belfry
1486489,6,automated-ringing,8,Virtual Belfry
1486489,7,simulated-sound,,
1486252,0,simulated-sound,,Performed on a virtual ringing platform.
1486414,0,simulated-sound,,Performed on a virtual ringing platform.
1486364,0,simulated-sound,,Performed on a virtual ringing platform.
1807498,0,simulated-sound,,Performed on a virtual ringing platform.
1486261,0,automated-ringing,1,Abel
1486261,1,automated-ringing,2,Abel
1486261,2,automated-ringing,3,Abel
1486261,3,automated-ringing,4,Abel
1486261,4,automated-ringing,5,Abel
1486261,5,automated-ringing,6,Abel
1486261,6,simulated-sound,,
1486071,0,automated-ringing,1,Abel
1486071,1,automated-ringing,2,Abel
1486071,2,automated-ringing,3,Abel
1486071,3,automated-ringing,4,Abel
1486071,4,simulated-sound,,
1486055,0,automated-ringing,2,Virtual Belfry
1486055,1,automated-ringing,3,Virtual Belfry
1486055,2,automated-ringing,4,Virtual Belfry
1486055,3,automated-ringing,5,Virtual Belfry
1486055,4,automated-ringing,6,Virtual Belfry
1486055,5,automated-ringing,7,Virtual Belfry
1486055,6,automated-ringing,8,Virtual Belfry
1486055,7,automated-ringing,9,Virtual Belfry
1486055,8,automated-ringing,10,Virtual Belfry
1486055,9,simulated-sound,,
1486307,0,first-quarter,6,
1486180,0,simulated-sound,,Performed on a virtual ringing platform.
1486146,0,simulated-sound,,Performed on a virtual ringing platform.
1486019,0,automated-ringing,1,Abel
1486019,1,automated-ringing,2,Abel
1486019,2,automated-ringing,3,Abel
1486019,3,automated-ringing,4,Abel
1486019,4,automated-ringing,5,Abel
1486019,5,automated-ringing,6,Abel
1486019,6,simulated-sound,,
1628853,0,simulated-sound,,
1485681,0,first-quarter,5,
1485681,1,first-quarter,6,
1485790,0,automated-ringing,1,Abel
1485790,1,automated-ringing,2,Abel
1485790,2,automated-ringing,3,Abel
1485790,3,automated-ringing,4,Abel
1485790,4,automated-ringing,5,Abel
1485790,5,automated-ringing,6,Abel
1485790,6,automated-ringing,7,Abel
1485790,7,automated-ringing,8,Abel
1485790,8,simulated-sound,,
1486016,0,simulated-sound,,Performed on a virtual ringing platform.
1485684,0,simulated-sound,,Performed on a virtual ringing platform.
1485903,0,simulated-sound,,Performed on a virtual ringing platform.
1485879,0,simulated-sound,,Performed on a virtual ringing platform.
1487283,0,automated-ringing,6,Wheatley
1487283,1,simulated-sound,,Performed on a virtual ringing platform.
1485728,0,simulated-sound,,Performed on a virtual ringing platform.
1485668,0,simulated-sound,,Performed on a virtual ringing platform.
1485725,0,automated-ringing,1,Abel
1485725,1,automated-ringing,2,Abel
1485725,2,automated-ringing,3,Abel
1485725,3,automated-ringing,4,Abel
1485725,4,automated-ringing,5,Abel
1485725,5,automated-ringing,6,Abel
1485725,6,simulated-sound,,
1485700,0,automated-ringing,1,Abel
1485700,1,automated-ringing,2,Abel
1485700,2,automated-ringing,3,Abel
1485700,3,automated-ringing,4,Abel
1485700,4,automated-ringing,5,Abel
1485700,5,automated-ringing,6,Abel
1485700,6,simulated-sound,,
1485602,0,simulated-sound,,Performed on a virtual ringing platform.
1485620,0,first-peal,1,
1485945,0,automated-ringing,1,Wheatley
1485945,1,automated-ringing,3,Wheatley
1485945,2,automated-ringing,5,Wheatley
1485945,3,automated-ringing,6,Wheatley
1485945,4,automated-ringing,7,Wheatley
1485945,5,simulated-sound,,Performed on a virtual ringing platform.
1485567,0,simulated-sound,,Performed on a virtual ringing platform.
1485566,0,simulated-sound,,Performed on a virtual ringing platform.
1485542,0,simulated-sound,,Performed on a virtual ringing platform.
1485474,0,simulated-sound,,Performed on a virtual ringing platform.
1485463,0,simulated-sound,,Performed on a virtual ringing platform.
1485438,0,simulated-sound,,Performed on a virtual ringing platform.
1485358,0,simulated-sound,,Performed on a virtual ringing platform.
1485184,0,automated-ringing,1,Abel
1485184,1,automated-ringing,2,Abel
1485184,2,automated-ringing,3,Abel
1485184,3,automated-ringing,4,Abel
1485184,4,automated-ringing,5,Abel
1485184,5,automated-ringing,6,Abel
1485184,6,automated-ringing,7,Abel
1485184,7,automated-ringing,8,Abel
1485184,8,automated-ringing,9,Abel
1485184,9,automated-ringing,10,Abel
1485184,10,simulated-sound,,
1485182,0,simulated-sound,,Performed on a virtual ringing platform.
1485187,0,simulated-sound,,Performed on a virtual ringing platform.
1485151,0,simulated-sound,,Performed on a virtual ringing platform.
1485090,0,first-quarter,1,
1492948,0,jump-changes,,
1485900,0,simulated-sound,,Performed on a virtual ringing platform.
1484942,0,simulated-sound,,Performed on a virtual ringing platform.
1484959,0,simulated-sound,,Performed on a virtual ringing platform.
1485082,0,simulated-sound,,Performed on a virtual ringing platform.
1484952,0,simulated-sound,,Performed on a virtual ringing platform.
1485044,0,automated-ringing,1,Abel
1485044,1,automated-ringing,2,Abel
1485044,2,automated-ringing,5,Abel
1485044,3,automated-ringing,6,Abel
1485044,4,automated-ringing,7,Abel
1485044,5,automated-ringing,8,Abel
1485044,6,simulated-sound,,
1485072,0,automated-ringing,1,Abel
1485072,1,automated-ringing,2,Abel
1485072,2,automated-ringing,3,Abel
1485072,3,automated-ringing,4,Abel
1485072,4,automated-ringing,5,Abel
1485072,5,automated-ringing,6,Abel
1485072,6,simulated-sound,,
1485046,0,automated-ringing,1,Abel
1485046,1,automated-ringing,2,Abel
1485046,2,automated-ringing,3,Abel
1485046,3,automated-ringing,4,Abel
1485046,4,automated-ringing,5,Abel
1485046,5,automated-ringing,6,Abel
1485046,6,simulated-sound,,
1484580,0,first-quarter,3,
1484741,0,first-quarter,6,
1484907,0,automated-ringing,2,Virtual Belfry
1484907,1,automated-ringing,3,Virtual Belfry
1484907,2,automated-ringing,4,Virtual Belfry
1484907,3,automated-ringing,5,Virtual Belfry
1484907,4,automated-ringing,6,Virtual Belfry
1484907,5,automated-ringing,7,Virtual Belfry
1484907,6,automated-ringing,8,Virtual Belfry
1484907,7,automated-ringing,9,Virtual Belfry
1484907,8,automated-ringing,10,Virtual Belfry
1484907,9,simulated-sound,,
1485242,0,simulated-sound,,Performed on a virtual ringing platform.
1484905,0,automated-ringing,1,Wheatley
1484905,1,automated-ringing,2,Wheatley
1484905,2,automated-ringing,3,Wheatley
1484905,3,automated-ringing,4,Wheatley
1484905,4,automated-ringing,6,Wheatley
1484905,5,automated-ringing,7,Wheatley
1484905,6,automated-ringing,8,Wheatley
1484905,7,automated-ringing,9,Wheatley
1484905,8,automated-ringing,10,Wheatley
1484905,9,automated-ringing,12,Wheatley
1484905,10,simulated-sound,,Performed on a virtual ringing platform.
1484919,0,simulated-sound,,Performed on a virtual ringing platform.
1484887,0,simulated-sound,,Performed on a virtual ringing platform.
1484790,0,simulated-sound,,Performed on a virtual ringing platform.
1484624,0,simulated-sound,,Performed on a virtual ringing platform.
1640897,0,first-quarter,6,
1484823,0,first-quarter,6,
1484462,0,first-quarter,6,
1484560,0,first-peal,4,
1484560,1,first-peal,10,
1979783,0,first-quarter,1,
1979783,1,first-quarter,5,
1494921,0,simulated-sound,,Performed on a virtual ringing platform.
1495382,0,first-peal,2,
1484490,0,simulated-sound,,Performed on a virtual ringing platform.
1484558,0,automated-ringing,1,Abel
1484558,1,automated-ringing,2,Abel
1484558,2,automated-ringing,3,Abel
1484558,3,automated-ringing,4,Abel
1484558,4,simulated-sound,,
1484553,0,automated-ringing,1,Abel
1484553,1,automated-ringing,2,Abel
1484553,2,automated-ringing,3,Abel
1484553,3,automated-ringing,4,Abel
1484553,4,automated-ringing,5,Abel
1484553,5,automated-ringing,6,Abel
1484553,6,simulated-sound,,
1484464,0,automated-ringing,1,Abel
1484464,1,automated-ringing,2,Abel
1484464,2,automated-ringing,3,Abel
1484464,3,automated-ringing,4,Abel
1484464,4,automated-ringing,5,Abel
1484464,5,automated-ringing,6,Abel
1484464,6,simulated-sound,,
1484389,0,automated-ringing,1,Abel
1484389,1,automated-ringing,3,Abel
1484389,2,automated-ringing,4,Abel
1484389,3,automated-ringing,5,Abel
1484389,4,automated-ringing,6,Abel
1484389,5,simulated-sound,,
1484330,0,automated-ringing,1,Abel
1484330,1,automated-ringing,2,Abel
1484330,2,automated-ringing,3,Abel
1484330,3,automated-ringing,4,Abel
1484330,4,automated-ringing,5,Abel
1484330,5,automated-ringing,6,Abel
1484330,6,automated-ringing,7,Abel
1484330,7,automated-ringing,8,Abel
1484330,8,automated-ringing,9,Abel
1484330,9,automated-ringing,10,Abel
1484330,10,automated-ringing,11,Abel
1484330,11,automated-ringing,12,Abel
1484330,12,simulated-sound,,
1484410,0,simulated-sound,,Performed on a virtual ringing platform.
1484384,0,simulated-sound,,Performed on a virtual ringing platform.
1484383,0,simulated-sound,,Performed on a virtual ringing platform.
1484326,0,simulated-sound,,Performed on a virtual ringing platform.
1484355,0,simulated-sound,,Performed on a virtual ringing platform.
1609646,0,simulated-sound,,Performed on a virtual ringing platform.
1484387,0,simulated-sound,,Performed on a virtual ringing platform.
1484055,0,first-quarter,6,
1484132,0,simulated-sound,,Performed on a virtual ringing platform.
1561604,0,simulated-sound,,
1561604,1,first-quarter,6,
1484176,0,simulated-sound,,Performed on a virtual ringing platform.
1484115,0,simulated-sound,,Performed on a virtual ringing platform.
1484128,0,simulated-sound,,Performed on a virtual ringing platform.
1484104,0,simulated-sound,,Performed on a virtual ringing platform.
1485152,0,simulated-sound,,Performed on a virtual ringing platform.
1484552,0,automated-ringing,1,Abel
1484552,1,automated-ringing,2,Abel
1484552,2,automated-ringing,3,Abel
1484552,3,automated-ringing,4,Abel
1484552,4,automated-ringing,5,Abel
1484552,5,automated-ringing,6,Abel
1484552,6,simulated-sound,,
1484171,0,automated-ringing,1,Abel
1484171,1,automated-ringing,2,Abel
1484171,2,automated-ringing,3,Abel
1484171,3,automated-ringing,4,Abel
1484171,4,automated-ringing,5,Abel
1484171,5,automated-ringing,6,Abel
1484171,6,simulated-sound,,
1484136,0,automated-ringing,1,Abel
1484136,1,automated-ringing,2,Abel
1484136,2,automated-ringing,3,Abel
1484136,3,automated-ringing,4,Abel
1484136,4,automated-ringing,5,Abel
1484136,5,automated-ringing,6,Abel
1484136,6,simulated-sound,,
1484106,0,automated-ringing,1,Abel
1484106,1,automated-ringing,2,Abel
1484106,2,automated-ringing,3,Abel
1484106,3,automated-ringing,4,Abel
1484106,4,automated-ringing,5,Abel
1484106,5,automated-ringing,6,Abel
1484106,6,simulated-sound,,
1484100,0,automated-ringing,1,Abel
1484100,1,automated-ringing,2,Abel
1484100,2,automated-ringing,3,Abel
1484100,3,automated-ringing,4,Abel
1484100,4,automated-ringing,5,Abel
1484100,5,automated-ringing,6,Abel
1484100,6,simulated-sound,,
1484007,0,automated-ringing,1,Virtual Belfry
1484007,1,automated-ringing,3,Virtual Belfry
1484007,2,automated-ringing,4,Virtual Belfry
1484007,3,automated-ringing,5,Virtual Belfry
1484007,4,automated-ringing,6,Virtual Belfry
1484007,5,simulated-sound,,
1483963,0,automated-ringing,1,Mobel
1483963,1,automated-ringing,2,Mobel
1483963,2,automated-ringing,3,Mobel
1483963,3,automated-ringing,4,Mobel
1483963,4,automated-ringing,5,Mobel
1483963,5,automated-ringing,6,Mobel
1483963,6,automated-ringing,7,Mobel
1483963,7,automated-ringing,8,Mobel
1483963,8,automated-ringing,9,Mobel
1483963,9,simulated-sound,,
1484037,0,simulated-sound,,Performed on a ring of dumb bells.
1483922,0,automated-ringing,1,Abel
1483922,1,automated-ringing,2,Abel
1483922,2,automated-ringing,3,Abel
1483922,3,automated-ringing,4,Abel
1483922,4,automated-ringing,5,Abel
1483922,5,automated-ringing,6,Abel
1483922,6,simulated-sound,,
1601049,0,automated-ringing,1,Abel
1601049,1,automated-ringing,3,Abel
1601049,2,automated-ringing,4,Abel
1601049,3,automated-ringing,5,Abel
1601049,4,automated-ringing,6,Abel
1601049,5,simulated-sound,,
1483917,0,simulated-sound,,Performed on a virtual ringing platform.
1483901,0,simulated-sound,,Performed on a virtual ringing platform.
1484027,0,simulated-sound,,Performed on a virtual ringing platform.
1484021,0,simulated-sound,,Performed on a virtual ringing platform.
1483953,0,simulated-sound,,Performed on a virtual ringing platform.
1483960,0,simulated-sound,,Performed on a virtual ringing platform.
1484093,0,simulated-sound,,Performed on a virtual ringing platform.
1484091,0,simulated-sound,,Performed on a virtual ringing platform.
1483876,0,automated-ringing,1,Virtual Belfry
1483876,1,automated-ringing,2,Virtual Belfry
1483876,2,automated-ringing,3,Virtual Belfry
1483876,3,automated-ringing,4,Virtual Belfry
1483876,4,automated-ringing,5,Virtual Belfry
1483876,5,simulated-sound,,
1483846,0,simulated-sound,,
1483886,0,simulated-sound,,Performed on a virtual ringing platform.
1483874,0,simulated-sound,,Performed on a virtual ringing platform.
1483784,0,simulated-sound,,Performed on a virtual ringing platform.
1483914,0,automated-ringing,3,Wheatley
1483914,1,automated-ringing,4,Wheatley
1483914,2,simulated-sound,,Performed on a virtual ringing platform.
1483694,0,simulated-sound,,Performed on a virtual ringing platform.
1483866,0,automated-ringing,1,Abel
1483866,1,automated-ringing,2,Abel
1483866,2,automated-ringing,3,Abel
1483866,3,automated-ringing,4,Abel
1483866,4,automated-ringing,5,Abel
1483866,5,automated-ringing,6,Abel
1483866,6,simulated-sound,,
1483568,0,automated-ringing,1,Virtual Belfry
1483568,1,automated-ringing,2,Virtual Belfry
1483568,2,automated-ringing,3,Virtual Belfry
1483568,3,automated-ringing,4,Virtual Belfry
1483568,4,automated-ringing,5,Virtual Belfry
1483568,5,simulated-sound,,
1483915,0,simulated-sound,,Performed on a virtual ringing platform.
1483370,0,simulated-sound,,Performed on a virtual ringing platform.
1483482,0,simulated-sound,,Performed on a virtual ringing platform.
1483393,0,simulated-sound,,Performed on a virtual ringing platform.
1483367,0,simulated-sound,,Performed on a virtual ringing platform.
1483457,0,automated-ringing,1,Abel
1483457,1,automated-ringing,2,Abel
1483457,2,automated-ringing,3,Abel
1483457,3,automated-ringing,4,Abel
1483457,4,automated-ringing,5,Abel
1483457,5,automated-ringing,6,Abel
1483457,6,simulated-sound,,
1483282,0,automated-ringing,1,Abel
1483282,1,automated-ringing,3,Abel
1483282,2,automated-ringing,4,Abel
1483282,3,automated-ringing,5,Abel
1483282,4,automated-ringing,6,Abel
1483282,5,simulated-sound,,
1483165,0,first-quarter,1,
1483274,0,simulated-sound,,Performed on a virtual ringing platform.
1483289,0,automated-ringing,1,Virtual Belfry
1483289,1,automated-ringing,3,Virtual Belfry
1483289,2,automated-ringing,4,Virtual Belfry
1483289,3,automated-ringing,5,Virtual Belfry
1483289,4,automated-ringing,6,Virtual Belfry
1483289,5,simulated-sound,,
1490163,0,first-quarter,6,
1483330,0,automated-ringing,1,Wheatley
1483330,1,automated-ringing,2,Wheatley
1483330,2,automated-ringing,3,Wheatley
1483330,3,automated-ringing,4,Wheatley
1483330,4,automated-ringing,5,Wheatley
1483330,5,automated-ringing,7,Wheatley
1483330,6,simulated-sound,,Performed on a virtual ringing platform.
1558897,0,simulated-sound,,Performed on a virtual ringing platform.
1483279,0,simulated-sound,,Performed on a virtual ringing platform.
1483078,0,simulated-sound,,Performed on a virtual ringing platform.
1483258,0,simulated-sound,,Performed on a virtual ringing platform.
1656914,0,automated-ringing,1,Wheatley
1656914,1,automated-ringing,3,Wheatley
1656914,2,automated-ringing,4,Wheatley
1656914,3,automated-ringing,6,Wheatley
1656914,4,automated-ringing,7,Wheatley
1656914,5,automated-ringing,8,Wheatley
1656914,6,automated-ringing,10,Wheatley
1656914,7,automated-ringing,11,Wheatley
1656914,8,simulated-sound,,Performed on a virtual ringing platform.
1483242,0,first-quarter,1,
1483332,0,automated-ringing,1,Abel
1483332,1,automated-ringing,2,Abel
1483332,2,automated-ringing,3,Abel
1483332,3,automated-ringing,4,Abel
1483332,4,automated-ringing,5,Abel
1483332,5,automated-ringing,6,Abel
1483332,6,simulated-sound,,
1534438,0,automated-ringing,1,Abel
1534438,1,automated-ringing,2,Abel
1534438,2,automated-ringing,3,Abel
1534438,3,automated-ringing,4,Abel
1534438,4,automated-ringing,5,Abel
1534438,5,automated-ringing,6,Abel
1534438,6,automated-ringing,7,Abel
1534438,7,automated-ringing,8,Abel
1534438,8,simulated-sound,,
1482652,0,automated-ringing,1,Abel
1482652,1,automated-ringing,2,Abel
1482652,2,automated-ringing,3,Abel
1482652,3,automated-ringing,4,Abel
1482652,4,automated-ringing,5,Abel
1482652,5,automated-ringing,6,Abel
1482652,6,simulated-sound,,
1482635,0,automated-ringing,1,Abel
1482635,1,automated-ringing,2,Abel
1482635,2,automated-ringing,3,Abel
1482635,3,automated-ringing,4,Abel
1482635,4,automated-ringing,5,Abel
1482635,5,automated-ringing,6,Abel
1482635,6,simulated-sound,,
1523670,0,simulated-sound,,Performed on a virtual ringing platform.
1482097,0,simulated-sound,,Performed on a virtual ringing platform.
1482501,0,simulated-sound,,Performed on a virtual ringing platform.
1482235,0,simulated-sound,,Performed on a virtual ringing platform.
1482257,0,simulated-sound,,Performed on a virtual ringing platform.
1483076,0,simulated-sound,,Performed on a virtual ringing platform.
1482276,0,automated-ringing,3,Wheatley
1482276,1,automated-ringing,4,Wheatley
1482276,2,simulated-sound,,Performed on a virtual ringing platform.
1482110,0,simulated-sound,,Performed on a virtual ringing platform.
1482232,0,automated-ringing,1,Abel
1482232,1,automated-ringing,2,Abel
1482232,2,automated-ringing,3,Abel
1482232,3,automated-ringing,4,Abel
1482232,4,automated-ringing,5,Abel
1482232,5,automated-ringing,6,Abel
1482232,6,simulated-sound,,
1481973,0,automated-ringing,2,Virtual Belfry
1481973,1,automated-ringing,3,Virtual Belfry
1481973,2,automated-ringing,4,Virtual Belfry
1481973,3,automated-ringing,5,Virtual Belfry
1481973,4,automated-ringing,6,Virtual Belfry
1481973,5,automated-ringing,7,Virtual Belfry
1481973,6,automated-ringing,8,Virtual Belfry
1481973,7,simulated-sound,,
1482042,0,simulated-sound,,
1481978,0,automated-ringing,1,Abel
1481978,1,automated-ringing,2,Abel
1481978,2,automated-ringing,3,Abel
1481978,3,automated-ringing,4,Abel
1481978,4,automated-ringing,5,Abel
1481978,5,automated-ringing,6,Abel
1481978,6,automated-ringing,7,Abel
1481978,7,automated-ringing,8,Abel
1481978,8,simulated-sound,,
1483955,0,simulated-sound,,Performed on a virtual ringing platform.
1482098,0,simulated-sound,,Performed on a virtual ringing platform.
1481971,0,simulated-sound,,Performed on a virtual ringing platform.
1481998,0,simulated-sound,,Performed on a virtual ringing platform.
1481994,0,simulated-sound,,Performed on a virtual ringing platform.
1481979,0,automated-ringing,3,Wheatley
1481979,1,automated-ringing,4,Wheatley
1481979,2,automated-ringing,7,Wheatley
1481979,3,automated-ringing,8,Wheatley
1481979,4,simulated-sound,,Performed on a virtual ringing platform.
1481947,0,automated-ringing,1,Wheatley
1481947,1,automated-ringing,5,Wheatley
1481947,2,automated-ringing,6,Wheatley
1481947,3,simulated-sound,,Performed on a virtual ringing platform.
1481976,0,simulated-sound,,Performed on a virtual ringing platform.
1481791,0,simulated-sound,,Performed on a virtual ringing platform.
1481886,0,simulated-sound,,Performed on a virtual ringing platform.
1481713,0,simulated-sound,,Performed on a virtual ringing platform.
1481660,0,simulated-sound,,Performed on a virtual ringing platform.
1481637,0,simulated-sound,,Performed on a virtual ringing platform.
1481643,0,simulated-sound,,Performed on a virtual ringing platform.
1481718,0,automated-ringing,1,Abel
1481718,1,automated-ringing,2,Abel
1481718,2,automated-ringing,3,Abel
1481718,3,automated-ringing,4,Abel
1481718,4,automated-ringing,5,Abel
1481718,5,automated-ringing,6,Abel
1481718,6,simulated-sound,,
1481551,0,automated-ringing,1,Abel
1481551,1,automated-ringing,2,Abel
1481551,2,automated-ringing,3,Abel
1481551,3,automated-ringing,4,Abel
1481551,4,automated-ringing,5,Abel
1481551,5,automated-ringing,6,Abel
1481551,6,automated-ringing,7,Abel
1481551,7,simulated-sound,,
1481455,0,automated-ringing,1,Abel
1481455,1,automated-ringing,2,Abel
1481455,2,automated-ringing,3,Abel
1481455,3,automated-ringing,4,Abel
1481455,4,automated-ringing,6,Abel
1481455,5,simulated-sound,,
1481574,0,automated-ringing,1,Abel
1481574,1,automated-ringing,2,Abel
1481574,2,automated-ringing,3,Abel
1481574,3,automated-ringing,4,Abel
1481574,4,automated-ringing,5,Abel
1481574,5,automated-ringing,6,Abel
1481574,6,automated-ringing,7,Abel
1481574,7,automated-ringing,8,Abel
1481574,8,automated-ringing,9,Abel
1481574,9,automated-ringing,10,Abel
1481574,10,simulated-sound,,
1481695,0,simulated-sound,,Performed on a virtual ringing platform.
1481607,0,simulated-sound,,Performed on a virtual ringing platform.
1481613,0,simulated-sound,,Performed on a virtual ringing platform.
1481530,0,simulated-sound,,Performed on a virtual ringing platform.
1481526,0,automated-ringing,1,Wheatley
1481526,1,automated-ringing,3,Wheatley
1481526,2,automated-ringing,4,Wheatley
1481526,3,automated-ringing,5,Wheatley
1481526,4,automated-ringing,6,Wheatley
1481526,5,automated-ringing,7,Wheatley
1481526,6,automated-ringing,8,Wheatley
1481526,7,simulated-sound,,Performed on a virtual ringing platform.
1481448,0,simulated-sound,,Performed on a virtual ringing platform.
1481485,0,simulated-sound,,Performed on a virtual ringing platform.
1481793,0,simulated-sound,,Performed on a virtual ringing platform.
1481356,0,simulated-sound,,Performed on a virtual ringing platform.
1481609,0,simulated-sound,,Performed on a virtual ringing platform.
1481184,0,simulated-sound,,Performed on a virtual ringing platform.
1481210,0,automated-ringing,1,Abel
1481210,1,automated-ringing,2,Abel
1481210,2,automated-ringing,3,Abel
1481210,3,automated-ringing,4,Abel
1481210,4,automated-ringing,5,Abel
1481210,5,automated-ringing,6,Abel
1481210,6,simulated-sound,,
1481198,0,automated-ringing,1,Abel
1481198,1,automated-ringing,2,Abel
1481198,2,automated-ringing,3,Abel
1481198,3,automated-ringing,4,Abel
1481198,4,simulated-sound,,
1481094,0,automated-ringing,1,Abel
1481094,1,automated-ringing,2,Abel
1481094,2,automated-ringing,3,Abel
1481094,3,automated-ringing,4,Abel
1481094,4,automated-ringing,6,Abel
1481094,5,simulated-sound,,
1480871,0,automated-ringing,1,Virtual Belfry
1480871,1,automated-ringing,2,Virtual Belfry
1480871,2,automated-ringing,3,Virtual Belfry
1480871,3,automated-ringing,4,Virtual Belfry
1480871,4,automated-ringing,5,Virtual Belfry
1480871,5,automated-ringing,6,Virtual Belfry
1480871,6,automated-ringing,7,Virtual Belfry
1480871,7,automated-ringing,8,Virtual Belfry
1480871,8,automated-ringing,9,Virtual Belfry
1480871,9,automated-ringing,10,Virtual Belfry
1480871,10,automated-ringing,11,Virtual Belfry
1480871,11,simulated-sound,,
1480922,0,automated-ringing,1,Abel
1480922,1,automated-ringing,2,Abel
1480922,2,automated-ringing,3,Abel
1480922,3,automated-ringing,4,Abel
1480922,4,automated-ringing,5,Abel
1480922,5,automated-ringing,6,Abel
1480922,6,simulated-sound,,
1481016,0,simulated-sound,,Performed on a virtual ringing platform.
1491744,0,first-quarter,6,
1481045,0,automated-ringing,1,Abel
1481045,1,automated-ringing,2,Abel
1481045,2,automated-ringing,3,Abel
1481045,3,automated-ringing,4,Abel
1481045,4,automated-ringing,5,Abel
1481045,5,automated-ringing,6,Abel
1481045,6,automated-ringing,7,Abel
1481045,7,automated-ringing,8,Abel
1481045,8,simulated-sound,,
1480946,0,automated-ringing,1,Abel
1480946,1,automated-ringing,2,Abel
1480946,2,automated-ringing,3,Abel
1480946,3,automated-ringing,4,Abel
1480946,4,automated-ringing,5,Abel
1480946,5,automated-ringing,6,Abel
1480946,6,simulated-sound,,
1480878,0,automated-ringing,1,Abel
1480878,1,automated-ringing,2,Abel
1480878,2,automated-ringing,3,Abel
1480878,3,automated-ringing,4,Abel
1480878,4,automated-ringing,5,Abel
1480878,5,automated-ringing,6,Abel
1480878,6,simulated-sound,,
1480845,0,automated-ringing,1,Abel
1480845,1,automated-ringing,2,Abel
1480845,2,automated-ringing,3,Abel
1480845,3,automated-ringing,4,Abel
1480845,4,simulated-sound,,
1497598,0,simulated-sound,,Performed on a virtual ringing platform.
1497596,0,simulated-sound,,Performed on a virtual ringing platform.
1497833,0,simulated-sound,,Performed on a virtual ringing platform.
1497527,0,simulated-sound,,Performed on a virtual ringing platform.
1497340,0,simulated-sound,,Performed on a virtual ringing platform.
1497575,0,automated-ringing,1,Abel
1497575,1,automated-ringing,2,Abel
1497575,2,automated-ringing,3,Abel
1497575,3,automated-ringing,4,Abel
1497575,4,automated-ringing,5,Abel
1497575,5,automated-ringing,6,Abel
1497575,6,simulated-sound,,
1497492,0,automated-ringing,1,Abel
1497492,1,automated-ringing,2,Abel
1497492,2,automated-ringing,5,Abel
1497492,3,automated-ringing,6,Abel
1497492,4,simulated-sound,,
1496893,0,first-quarter,6,
1497943,0,first-quarter,6,
1497280,0,first-quarter,8,
1497245,0,first-quarter,1,
1497192,0,automated-ringing,1,Abel
1497192,1,automated-ringing,2,Abel
1497192,2,automated-ringing,3,Abel
1497192,3,automated-ringing,4,Abel
1497192,4,automated-ringing,5,Abel
1497192,5,automated-ringing,6,Abel
1497192,6,automated-ringing,7,Abel
1497192,7,automated-ringing,8,Abel
1497192,8,automated-ringing,9,Abel
1497192,9,automated-ringing,10,Abel
1497192,10,automated-ringing,11,Abel
1497192,11,automated-ringing,12,Abel
1497192,12,simulated-sound,,
1497297,0,first-quarter,1,
1497292,0,simulated-sound,,Performed on a virtual ringing platform.
1497359,0,automated-ringing,3,Wheatley
1497359,1,automated-ringing,4,Wheatley
1497359,2,automated-ringing,5,Wheatley
1497359,3,automated-ringing,6,Wheatley
1497359,4,simulated-sound,,Performed on a virtual ringing platform.
1497302,0,simulated-sound,,Performed on a virtual ringing platform.
1496599,0,first-peal,4,
1496717,0,first-peal,2,
1498066,0,automated-ringing,2,Virtual Belfry
1498066,1,automated-ringing,3,Virtual Belfry
1498066,2,automated-ringing,4,Virtual Belfry
1498066,3,automated-ringing,5,Virtual Belfry
1498066,4,automated-ringing,6,Virtual Belfry
1498066,5,automated-ringing,7,Virtual Belfry
1498066,6,automated-ringing,8,Virtual Belfry
1498066,7,automated-ringing,9,Virtual Belfry
1498066,8,automated-ringing,10,Virtual Belfry
1498066,9,automated-ringing,11,Virtual Belfry
1498066,10,automated-ringing,12,Virtual Belfry
1498066,11,simulated-sound,,
1496604,0,first-peal,4,
1496767,0,new-method,,
1882135,0,first-quarter,6,
1496660,0,automated-ringing,1,Abel
1496660,1,automated-ringing,2,Abel
1496660,2,automated-ringing,3,Abel
1496660,3,automated-ringing,4,Abel
1496660,4,automated-ringing,5,Abel
1496660,5,automated-ringing,6,Abel
1496660,6,simulated-sound,,
1496593,0,automated-ringing,1,Abel
1496593,1,automated-ringing,2,Abel
1496593,2,automated-ringing,3,Abel
1496593,3,automated-ringing,4,Abel
1496593,4,automated-ringing,5,Abel
1496593,5,automated-ringing,6,Abel
1496593,6,simulated-sound,,
1496226,0,first-peal,1,
1496226,1,first-peal,4,
1496512,0,automated-ringing,1,Abel
1496512,1,automated-ringing,2,Abel
1496512,2,automated-ringing,3,Abel
1496512,3,automated-ringing,4,Abel
1496512,4,automated-ringing,5,Abel
1496512,5,automated-ringing,6,Abel
1496512,6,automated-ringing,7,Abel
1496512,7,simulated-sound,,
1548948,0,first-quarter,6,
1496508,0,automated-ringing,1,Virtual Belfry
1496508,1,automated-ringing,2,Virtual Belfry
1496508,2,automated-ringing,3,Virtual Belfry
1496508,3,automated-ringing,4,Virtual Belfry
1496508,4,automated-ringing,5,Virtual Belfry
1496508,5,automated-ringing,6,Virtual Belfry
1496508,6,automated-ringing,7,Virtual Belfry
1496508,7,simulated-sound,,
1496191,0,simulated-sound,,Performed on a ring of dumb bells.
1499154,0,simulated-sound,,Performed on a virtual ringing platform.
1496527,0,simulated-sound,,Performed on a virtual ringing platform.
1496481,0,simulated-sound,,Performed on a virtual ringing platform.
1496370,0,simulated-sound,,Performed on a virtual ringing platform.
1496300,0,simulated-sound,,Performed on a virtual ringing platform.
1496293,0,simulated-sound,,Performed on a virtual ringing platform.
1496435,0,first-quarter,6,
1496052,0,first-quarter,1,
1495786,0,simulated-sound,,Performed on a virtual ringing platform.
1496048,0,simulated-sound,,Performed on a virtual ringing platform.
1495932,0,simulated-sound,,Performed on a virtual ringing platform.
1495991,0,simulated-sound,,Performed on a virtual ringing platform.
1495862,0,simulated-sound,,Performed on a virtual ringing platform.
1495812,0,simulated-sound,,Performed on a virtual ringing platform.
1495946,0,automated-ringing,3,Wheatley
1495946,1,automated-ringing,4,Wheatley
1495946,2,automated-ringing,5,Wheatley
1495946,3,automated-ringing,6,Wheatley
1495946,4,automated-ringing,7,Wheatley
1495946,5,automated-ringing,8,Wheatley
1495946,6,simulated-sound,,Performed on a virtual ringing platform.
1496007,0,simulated-sound,,Performed on a virtual ringing platform.
1496024,0,automated-ringing,1,Abel
1496024,1,automated-ringing,2,Abel
1496024,2,automated-ringing,3,Abel
1496024,3,automated-ringing,4,Abel
1496024,4,automated-ringing,5,Abel
1496024,5,automated-ringing,6,Abel
1496024,6,simulated-sound,,
1495920,0,automated-ringing,1,Abel
1495920,1,automated-ringing,2,Abel
1495920,2,automated-ringing,3,Abel
1495920,3,automated-ringing,4,Abel
1495920,4,automated-ringing,5,Abel
1495920,5,automated-ringing,6,Abel
1495920,6,simulated-sound,,
1913553,0,first-peal,4,
1495599,0,automated-ringing,1,Virtual Belfry
1495599,1,automated-ringing,2,Virtual Belfry
1495599,2,automated-ringing,3,Virtual Belfry
1495599,3,automated-ringing,4,Virtual Belfry
1495599,4,automated-ringing,5,Virtual Belfry
1495599,5,automated-ringing,6,Virtual Belfry
1495599,6,automated-ringing,7,Virtual Belfry
1495599,7,automated-ringing,8,Virtual Belfry
1495599,8,automated-ringing,10,Virtual Belfry
1495599,9,simulated-sound,,
1495479,0,automated-ringing,1,Virtual Belfry
1495479,1,automated-ringing,2,Virtual Belfry
1495479,2,automated-ringing,3,Virtual Belfry
1495479,3,automated-ringing,4,Virtual Belfry
1495479,4,automated-ringing,5,Virtual Belfry
1495479,5,automated-ringing,6,Virtual Belfry
1495479,6,automated-ringing,7,Virtual Belfry
1495479,7,automated-ringing,8,Virtual Belfry
1495479,8,automated-ringing,9,Virtual Belfry
1495479,9,automated-ringing,10,Virtual Belfry
1495479,10,automated-ringing,12,Virtual Belfry
1495479,11,simulated-sound,,
1495450,0,first-quarter,6,
1495551,0,first-quarter,6,
1512819,0,simulated-sound,,Performed on a virtual ringing platform.
1495641,0,simulated-sound,,Performed on a virtual ringing platform.
1495600,0,automated-ringing,1,Abel
1495600,1,automated-ringing,2,Abel
1495600,2,automated-ringing,3,Abel
1495600,3,automated-ringing,4,Abel
1495600,4,automated-ringing,5,Abel
1495600,5,automated-ringing,6,Abel
1495600,6,simulated-sound,,
1496510,0,automated-ringing,1,Abel
1496510,1,automated-ringing,2,Abel
1496510,2,automated-ringing,3,Abel
1496510,3,automated-ringing,4,Abel
1496510,4,automated-ringing,5,Abel
1496510,5,simulated-sound,,
1495388,0,first-quarter,1,
1495388,1,first-quarter,6,
1495213,0,automated-ringing,1,Abel
1495213,1,automated-ringing,2,Abel
1495213,2,automated-ringing,3,Abel
1495213,3,automated-ringing,4,Abel
1495213,4,automated-ringing,5,Abel
1495213,5,automated-ringing,6,Abel
1495213,6,simulated-sound,,
1495146,0,simulated-sound,,Performed on a virtual ringing platform.
1495224,0,simulated-sound,,Performed on a virtual ringing platform.
1495765,0,new-method,,
1501416,0,simulated-sound,,
1495208,0,automated-ringing,1,Abel
1495208,1,automated-ringing,2,Abel
1495208,2,automated-ringing,3,Abel
1495208,3,automated-ringing,4,Abel
1495208,4,automated-ringing,5,Abel
1495208,5,automated-ringing,6,Abel
1495208,6,simulated-sound,,
1494940,0,automated-ringing,1,Abel
1494940,1,automated-ringing,2,Abel
1494940,2,automated-ringing,3,Abel
1494940,3,automated-ringing,4,Abel
1494940,4,automated-ringing,5,Abel
1494940,5,automated-ringing,6,Abel
1494940,6,automated-ringing,7,Abel
1494940,7,automated-ringing,8,Abel
1494940,8,automated-ringing,9,Abel
1494940,9,automated-ringing,10,Abel
1494940,10,simulated-sound,,
1494993,0,first-quarter,1,
1495011,0,simulated-sound,,Performed on a virtual ringing platform.
1494850,0,simulated-sound,,Performed on a virtual ringing platform.
1494919,0,simulated-sound,,Performed on a virtual ringing platform.
1495062,0,simulated-sound,,Performed on a virtual ringing platform.
1494764,0,simulated-sound,,Performed on a virtual ringing platform.
1494851,0,first-quarter,1,
1494894,0,automated-ringing,1,Abel
1494894,1,automated-ringing,2,Abel
1494894,2,automated-ringing,3,Abel
1494894,3,automated-ringing,4,Abel
1494894,4,automated-ringing,5,Abel
1494894,5,automated-ringing,6,Abel
1494894,6,simulated-sound,,
1494937,0,first-quarter,1,
1494751,0,first-quarter,1,
1494731,0,first-quarter,3,
1494742,0,simulated-sound,,Performed on a virtual ringing platform.
1516835,0,simulated-sound,,Performed on a virtual ringing platform.
1494659,0,simulated-sound,,Performed on a virtual ringing platform.
1494591,0,automated-ringing,1,Abel
1494591,1,automated-ringing,2,Abel
1494591,2,automated-ringing,3,Abel
1494591,3,automated-ringing,4,Abel
1494591,4,automated-ringing,5,Abel
1494591,5,automated-ringing,6,Abel
1494591,6,simulated-sound,,
1494547,0,automated-ringing,1,Abel
1494547,1,automated-ringing,2,Abel
1494547,2,automated-ringing,3,Abel
1494547,3,automated-ringing,4,Abel
1494547,4,automated-ringing,5,Abel
1494547,5,automated-ringing,6,Abel
1494547,6,automated-ringing,7,Abel
1494547,7,automated-ringing,8,Abel
1494547,8,simulated-sound,,
1494499,0,automated-ringing,1,Abel
1494499,1,automated-ringing,2,Abel
1494499,2,automated-ringing,3,Abel
1494499,3,automated-ringing,4,Abel
1494499,4,automated-ringing,5,Abel
1494499,5,automated-ringing,6,Abel
1494499,6,simulated-sound,,
1494558,0,new-method,,
1494308,0,new-method,,
1494329,0,first-quarter,6,
1494430,0,first-quarter,1,
1494220,0,first-quarter,1,
1494920,0,simulated-sound,,Performed on a virtual ringing platform.
1494393,0,simulated-sound,,Performed on a virtual ringing platform.
1494502,0,first-peal,8,
1494295,0,first-quarter,6,
1494440,0,first-peal,5,
1494332,0,automated-ringing,1,Abel
1494332,1,automated-ringing,2,Abel
1494332,2,automated-ringing,3,Abel
1494332,3,automated-ringing,4,Abel
1494332,4,automated-ringing,5,Abel
1494332,5,automated-ringing,6,Abel
1494332,6,simulated-sound,,
1494312,0,automated-ringing,1,Abel
1494312,1,automated-ringing,2,Abel
1494312,2,automated-ringing,3,Abel
1494312,3,automated-ringing,4,Abel
1494312,4,automated-ringing,5,Abel
1494312,5,automated-ringing,6,Abel
1494312,6,simulated-sound,,
1494214,0,simulated-sound,,Performed on a virtual ringing platform.
1494206,0,simulated-sound,,Performed on a virtual ringing platform.
1494159,0,simulated-sound,,Performed on a virtual ringing platform.
1494185,0,automated-ringing,3,Wheatley
1494185,1,automated-ringing,4,Wheatley
1494185,2,automated-ringing,5,Wheatley
1494185,3,automated-ringing,6,Wheatley
1494185,4,automated-ringing,7,Wheatley
1494185,5,automated-ringing,8,Wheatley
1494185,6,simulated-sound,,Performed on a virtual ringing platform.
1494140,0,automated-ringing,1,Abel
1494140,1,automated-ringing,2,Abel
1494140,2,automated-ringing,3,Abel
1494140,3,automated-ringing,4,Abel
1494140,4,automated-ringing,5,Abel
1494140,5,automated-ringing,6,Abel
1494140,6,simulated-sound,,
1493969,0,automated-ringing,1,Abel
1493969,1,automated-ringing,2,Abel
1493969,2,automated-ringing,3,Abel
1493969,3,automated-ringing,4,Abel
1493969,4,automated-ringing,5,Abel
1493969,5,automated-ringing,6,Abel
1493969,6,automated-ringing,7,Abel
1493969,7,automated-ringing,8,Abel
1493969,8,simulated-sound,,
1493916,0,simulated-sound,,Performed on a virtual ringing platform.
1494059,0,simulated-sound,,Performed on a virtual ringing platform.
1494014,0,simulated-sound,,Performed on a virtual ringing platform.
1493998,0,simulated-sound,,Performed on a virtual ringing platform.
1493977,0,simulated-sound,,Performed on a virtual ringing platform.
1494004,0,automated-ringing,5,Wheatley
1494004,1,automated-ringing,6,Wheatley
1494004,2,simulated-sound,,Performed on a virtual ringing platform.
1493958,0,simulated-sound,,Performed on a virtual ringing platform.
1493957,0,automated-ringing,1,Abel
1493957,1,automated-ringing,2,Abel
1493957,2,automated-ringing,3,Abel
1493957,3,automated-ringing,4,Abel
1493957,4,automated-ringing,5,Abel
1493957,5,automated-ringing,6,Abel
1493957,6,simulated-sound,,
1493772,0,new-method,,
1493877,0,simulated-sound,,Performed on a virtual ringing platform.
1493723,0,simulated-sound,,Performed on a virtual ringing platform.
1493889,0,automated-ringing,1,Abel
1493889,1,automated-ringing,2,Abel
1493889,2,automated-ringing,3,Abel
1493889,3,automated-ringing,4,Abel
1493889,4,automated-ringing,5,Abel
1493889,5,automated-ringing,6,Abel
1493889,6,simulated-sound,,
1493786,0,automated-ringing,1,Abel
1493786,1,automated-ringing,2,Abel
1493786,2,automated-ringing,3,Abel
1493786,3,automated-ringing,4,Abel
1493786,4,automated-ringing,5,Abel
1493786,5,automated-ringing,6,Abel
1493786,6,simulated-sound,,
1493609,0,simulated-sound,,Performed on a virtual ringing platform.
1493629,0,simulated-sound,,Performed on a virtual ringing platform.
1493617,0,simulated-sound,,Performed on a virtual ringing platform.
1493639,0,simulated-sound,,Performed on a virtual ringing platform.
1493560,0,simulated-sound,,Performed on a virtual ringing platform.
1493414,0,automated-ringing,1,Abel
1493414,1,automated-ringing,2,Abel
1493414,2,automated-ringing,3,Abel
1493414,3,automated-ringing,4,Abel
1493414,4,automated-ringing,5,Abel
1493414,5,automated-ringing,6,Abel
1493414,6,simulated-sound,,
1493382,0,simulated-sound,,Performed on a virtual ringing platform.
1493472,0,simulated-sound,,Performed on a virtual ringing platform.
1493416,0,simulated-sound,,Performed on a virtual ringing platform.
1493348,0,simulated-sound,,Performed on a virtual ringing platform.
1493245,0,simulated-sound,,Performed on a virtual ringing platform.
1493403,0,automated-ringing,1,Abel
1493403,1,automated-ringing,2,Abel
1493403,2,automated-ringing,3,Abel
1493403,3,automated-ringing,4,Abel
1493403,4,automated-ringing,5,Abel
1493403,5,automated-ringing,6,Abel
1493403,6,automated-ringing,7,Abel
1493403,7,automated-ringing,8,Abel
1493403,8,simulated-sound,,
1502932,0,first-quarter,6,
1493314,0,first-peal,3,
1493890,0,simulated-sound,,Performed on a virtual ringing platform.
1492845,0,simulated-sound,,Performed on a virtual ringing platform.
1493120,0,simulated-sound,,Performed on a virtual ringing platform.
1493038,0,automated-ringing,1,Abel
1493038,1,automated-ringing,2,Abel
1493038,2,automated-ringing,3,Abel
1493038,3,automated-ringing,4,Abel
1493038,4,automated-ringing,5,Abel
1493038,5,automated-ringing,6,Abel
1493038,6,simulated-sound,,
1493005,0,automated-ringing,1,Abel
1493005,1,automated-ringing,2,Abel
1493005,2,automated-ringing,3,Abel
1493005,3,automated-ringing,4,Abel
1493005,4,automated-ringing,5,Abel
1493005,5,automated-ringing,6,Abel
1493005,6,automated-ringing,7,Abel
1493005,7,automated-ringing,8,Abel
1493005,8,simulated-sound,,
1492936,0,automated-ringing,1,Abel
1492936,1,automated-ringing,2,Abel
1492936,2,automated-ringing,3,Abel
1492936,3,automated-ringing,4,Abel
1492936,4,automated-ringing,5,Abel
1492936,5,automated-ringing,6,Abel
1492936,6,automated-ringing,7,Abel
1492936,7,automated-ringing,8,Abel
1492936,8,simulated-sound,,
1493339,0,first-peal,4,
1493339,1,first-peal,8,
1492596,0,first-quarter,2,
1492681,0,first-quarter,1,
1493110,0,first-peal,4,
1492552,0,first-quarter,1,
1492912,0,first-quarter,1,
1492736,0,automated-ringing,1,Abel
1492736,1,automated-ringing,2,Abel
1492736,2,automated-ringing,3,Abel
1492736,3,automated-ringing,4,Abel
1492736,4,automated-ringing,5,Abel
1492736,5,automated-ringing,6,Abel
1492736,6,automated-ringing,7,Abel
1492736,7,automated-ringing,8,Abel
1492736,8,automated-ringing,9,Abel
1492736,9,automated-ringing,10,Abel
1492736,10,automated-ringing,11,Abel
1492736,11,automated-ringing,12,Abel
1492736,12,simulated-sound,,
1492562,0,automated-ringing,3,Wheatley
1492562,1,automated-ringing,4,Wheatley
1492562,2,automated-ringing,5,Wheatley
1492562,3,automated-ringing,6,Wheatley
1492562,4,simulated-sound,,Performed on a virtual ringing platform.
1492576,0,automated-ringing,1,Abel
1492576,1,automated-ringing,2,Abel
1492576,2,automated-ringing,3,Abel
1492576,3,automated-ringing,4,Abel
1492576,4,automated-ringing,5,Abel
1492576,5,automated-ringing,6,Abel
1492576,6,simulated-sound,,
1492501,0,automated-ringing,1,Abel
1492501,1,automated-ringing,2,Abel
1492501,2,automated-ringing,3,Abel
1492501,3,automated-ringing,4,Abel
1492501,4,automated-ringing,5,Abel
1492501,5,automated-ringing,6,Abel
1492501,6,simulated-sound,,
1492467,0,first-quarter,1,
1492474,0,simulated-sound,,Performed on a virtual ringing platform.
1492449,0,simulated-sound,,Performed on a virtual ringing platform.
1492348,0,simulated-sound,,Performed on a virtual ringing platform.
1492281,0,automated-ringing,6,Wheatley
1492281,1,simulated-sound,,Performed on a virtual ringing platform.
1492326,0,simulated-sound,,Performed on a virtual ringing platform.
1492223,0,simulated-sound,,Performed on a virtual ringing platform.
1492200,0,simulated-sound,,Performed on a virtual ringing platform.
1492476,0,simulated-sound,,Performed on a virtual ringing platform.
1492120,0,simulated-sound,,
1492032,0,simulated-sound,,
1492098,0,automated-ringing,1,Abel
1492098,1,automated-ringing,2,Abel
1492098,2,automated-ringing,3,Abel
1492098,3,automated-ringing,4,Abel
1492098,4,automated-ringing,5,Abel
1492098,5,automated-ringing,6,Abel
1492098,6,automated-ringing,7,Abel
1492098,7,automated-ringing,8,Abel
1492098,8,automated-ringing,9,Abel
1492098,9,automated-ringing,10,Abel
1492098,10,automated-ringing,11,Abel
1492098,11,automated-ringing,12,Abel
1492098,12,simulated-sound,,
1493467,0,simulated-sound,,Performed on a virtual ringing platform.
1492159,0,simulated-sound,,Performed on a virtual ringing platform.
1492163,0,simulated-sound,,Performed on a virtual ringing platform.
1492067,0,simulated-sound,,Performed on a virtual ringing platform.
1492148,0,automated-ringing,1,Abel
1492148,1,automated-ringing,2,Abel
1492148,2,automated-ringing,3,Abel
1492148,3,automated-ringing,4,Abel
1492148,4,simulated-sound,,
1492028,0,automated-ringing,1,Abel
1492028,1,automated-ringing,2,Abel
1492028,2,automated-ringing,3,Abel
1492028,3,automated-ringing,4,Abel
1492028,4,automated-ringing,5,Abel
1492028,5,automated-ringing,6,Abel
1492028,6,simulated-sound,,
1491788,0,first-quarter,1,
1491809,0,automated-ringing,1,Virtual Belfry
1491809,1,automated-ringing,2,Virtual Belfry
1491809,2,automated-ringing,3,Virtual Belfry
1491809,3,automated-ringing,4,Virtual Belfry
1491809,4,automated-ringing,5,Virtual Belfry
1491809,5,simulated-sound,,
1491732,0,automated-ringing,1,Mobel
1491732,1,automated-ringing,2,Mobel
1491732,2,automated-ringing,3,Mobel
1491732,3,automated-ringing,4,Mobel
1491732,4,automated-ringing,5,Mobel
1491732,5,automated-ringing,6,Mobel
1491732,6,automated-ringing,7,Mobel
1491732,7,automated-ringing,8,Mobel
1491732,8,automated-ringing,9,Mobel
1491732,9,automated-ringing,10,Mobel
1491732,10,automated-ringing,11,Mobel
1491732,11,simulated-sound,,
1491653,0,simulated-sound,,
1491780,0,simulated-sound,,Performed on a virtual ringing platform.
1491763,0,simulated-sound,,Performed on a virtual ringing platform.
1491540,0,first-quarter,1,
1491688,0,automated-ringing,1,Abel
1491688,1,automated-ringing,2,Abel
1491688,2,automated-ringing,3,Abel
1491688,3,automated-ringing,4,Abel
1491688,4,automated-ringing,5,Abel
1491688,5,automated-ringing,6,Abel
1491688,6,simulated-sound,,
1491480,0,automated-ringing,1,Virtual Belfry
1491480,1,automated-ringing,2,Virtual Belfry
1491480,2,automated-ringing,3,Virtual Belfry
1491480,3,automated-ringing,4,Virtual Belfry
1491480,4,automated-ringing,5,Virtual Belfry
1491480,5,automated-ringing,6,Virtual Belfry
1491480,6,automated-ringing,7,Virtual Belfry
1491480,7,simulated-sound,,
1493572,0,automated-ringing,2,Wheatley
1493572,1,automated-ringing,3,Wheatley
1493572,2,automated-ringing,4,Wheatley
1493572,3,automated-ringing,5,Wheatley
1493572,4,automated-ringing,6,Wheatley
1493572,5,automated-ringing,7,Wheatley
1493572,6,simulated-sound,,Performed on a virtual ringing platform.
1491535,0,simulated-sound,,Performed on a virtual ringing platform.
1491379,0,simulated-sound,,Performed on a virtual ringing platform.
1491427,0,simulated-sound,,Performed on a virtual ringing platform.
1491375,0,automated-ringing,1,Abel
1491375,1,automated-ringing,2,Abel
1491375,2,automated-ringing,3,Abel
1491375,3,automated-ringing,4,Abel
1491375,4,automated-ringing,5,Abel
1491375,5,automated-ringing,6,Abel
1491375,6,simulated-sound,,
1490929,0,automated-ringing,1,Abel
1490929,1,automated-ringing,2,Abel
1490929,2,automated-ringing,3,Abel
1490929,3,automated-ringing,4,Abel
1490929,4,automated-ringing,5,Abel
1490929,5,automated-ringing,6,Abel
1490929,6,automated-ringing,7,Abel
1490929,7,automated-ringing,8,Abel
1490929,8,simulated-sound,,
1490885,0,simulated-sound,,Performed on a virtual ringing platform.
1493465,0,simulated-sound,,Performed on a virtual ringing platform.
1490725,0,simulated-sound,,Performed on a virtual ringing platform.
1490949,0,simulated-sound,,Performed on a virtual ringing platform.
1490968,0,automated-ringing,3,Wheatley
1490968,1,automated-ringing,4,Wheatley
1490968,2,automated-ringing,5,Wheatley
1490968,3,automated-ringing,6,Wheatley
1490968,4,simulated-sound,,Performed on a virtual ringing platform.
1493484,0,automated-ringing,1,Abel
1493484,1,automated-ringing,2,Abel
1493484,2,automated-ringing,3,Abel
1493484,3,automated-ringing,4,Abel
1493484,4,automated-ringing,5,Abel
1493484,5,automated-ringing,6,Abel
1493484,6,automated-ringing,7,Abel
1493484,7,automated-ringing,8,Abel
1493484,8,simulated-sound,,
1493483,0,automated-ringing,1,Abel
1493483,1,automated-ringing,2,Abel
1493483,2,automated-ringing,3,Abel
1493483,3,automated-ringing,4,Abel
1493483,4,automated-ringing,5,Abel
1493483,5,automated-ringing,6,Abel
1493483,6,simulated-sound,,
1491321,0,automated-ringing,1,Abel
1491321,1,automated-ringing,2,Abel
1491321,2,automated-ringing,3,Abel
1491321,3,automated-ringing,4,Abel
1491321,4,automated-ringing,5,Abel
1491321,5,automated-ringing,6,Abel
1491321,6,simulated-sound,,
1491319,0,automated-ringing,1,Abel
1491319,1,automated-ringing,2,Abel
1491319,2,automated-ringing,3,Abel
1491319,3,automated-ringing,4,Abel
1491319,4,automated-ringing,5,Abel
1491319,5,automated-ringing,6,Abel
1491319,6,simulated-sound,,
1490705,0,first-quarter,1,
1490332,0,automated-ringing,1,Abel
1490332,1,automated-ringing,3,Abel
1490332,2,automated-ringing,5,Abel
1490332,3,automated-ringing,7,Abel
1490332,4,automated-ringing,9,Abel
1490332,5,automated-ringing,11,Abel
1490332,6,simulated-sound,,
1489375,0,first-quarter,1,
1489378,0,first-quarter,1,
1489430,0,first-quarter,6,
1490044,0,first-quarter,6,
1490130,0,first-quarter,1,
1491127,0,first-quarter,1,
1489370,0,first-quarter,6,
1490109,0,first-quarter,1,
1548946,0,first-quarter,1,
1489882,0,first-quarter,1,
1976766,0,automated-ringing,1,Virtual Belfry
1976766,1,automated-ringing,2,Virtual Belfry
1976766,2,automated-ringing,3,Virtual Belfry
1976766,3,automated-ringing,4,Virtual Belfry
1976766,4,automated-ringing,5,Virtual Belfry
1976766,5,automated-ringing,6,Virtual Belfry
1976766,6,automated-ringing,7,Virtual Belfry
1976766,7,automated-ringing,8,Virtual Belfry
1976766,8,automated-ringing,9,Virtual Belfry
1976766,9,automated-ringing,10,Virtual Belfry
1976766,10,automated-ringing,12,Virtual Belfry
1976766,11,simulated-sound,,
1490624,0,first-peal,1,
1489608,0,first-quarter,6,
1490719,0,first-quarter,1,
1490719,1,first-quarter,6,
1912525,0,first-quarter,1,
1490565,0,first-quarter,1,
1490565,1,first-quarter,6,
1490600,0,automated-ringing,2,Wheatley
1490600,1,automated-ringing,3,Wheatley
1490600,2,automated-ringing,4,Wheatley
1490600,3,automated-ringing,5,Wheatley
1490600,4,simulated-sound,,Performed on a virtual ringing platform.
1490601,0,simulated-sound,,Performed on a virtual ringing platform.
1490102,0,simulated-sound,,Performed on a virtual ringing platform.
1489557,0,first-quarter,6,
1814652,0,first-quarter,6,
1493053,0,first-quarter,6,
1489348,0,first-quarter,4,
1489348,1,first-quarter,6,
1490047,0,first-quarter,1,
1490630,0,first-quarter,1,
1489247,0,first-quarter,4,
1492920,0,first-quarter,6,
1489391,0,first-quarter,6,
1490127,0,first-quarter,1,
1490127,1,first-quarter,6,
1654048,0,simulated-sound,,
1489114,0,automated-ringing,1,Abel
1489114,1,automated-ringing,2,Abel
1489114,2,automated-ringing,3,Abel
1489114,3,automated-ringing,4,Abel
1489114,4,automated-ringing,5,Abel
1489114,5,automated-ringing,6,Abel
1489114,6,simulated-sound,,
1488702,0,first-peal,4,
1526950,0,first-quarter,1,
1526950,1,first-quarter,6,
1490710,0,first-quarter,6,
1488948,0,simulated-sound,,Performed on a virtual ringing platform.
1488830,0,first-peal,1,
1775790,0,simulated-sound,,
1488858,0,automated-ringing,1,Abel
1488858,1,automated-ringing,2,Abel
1488858,2,automated-ringing,3,Abel
1488858,3,automated-ringing,4,Abel
1488858,4,automated-ringing,5,Abel
1488858,5,automated-ringing,6,Abel
1488858,6,simulated-sound,,
1488849,0,automated-ringing,1,Abel
1488849,1,automated-ringing,2,Abel
1488849,2,automated-ringing,3,Abel
1488849,3,automated-ringing,4,Abel
1488849,4,automated-ringing,5,Abel
1488849,5,automated-ringing,6,Abel
1488849,6,simulated-sound,,
1488833,0,automated-ringing,1,Abel
1488833,1,automated-ringing,2,Abel
1488833,2,automated-ringing,3,Abel
1488833,3,automated-ringing,4,Abel
1488833,4,automated-ringing,5,Abel
1488833,5,automated-ringing,6,Abel
1488833,6,simulated-sound,,
1488814,0,automated-ringing,1,Abel
1488814,1,automated-ringing,2,Abel
1488814,2,automated-ringing,3,Abel
1488814,3,automated-ringing,4,Abel
1488814,4,automated-ringing,5,Abel
1488814,5,automated-ringing,6,Abel
1488814,6,simulated-sound,,
1628852,0,simulated-sound,,
1488615,0,automated-ringing,1,Abel
1488615,1,automated-ringing,2,Abel
1488615,2,automated-ringing,3,Abel
1488615,3,automated-ringing,4,Abel
1488615,4,automated-ringing,5,Abel
1488615,5,automated-ringing,6,Abel
1488615,6,automated-ringing,7,Abel
1488615,7,automated-ringing,8,Abel
1488615,8,simulated-sound,,
1488685,0,simulated-sound,,Performed on a virtual ringing platform.
1488625,0,simulated-sound,,Performed on a virtual ringing platform.
1488603,0,automated-ringing,6,Wheatley
1488603,1,simulated-sound,,Performed on a virtual ringing platform.
1488627,0,simulated-sound,,Performed on a virtual ringing platform.
1488620,0,simulated-sound,,Performed on a virtual ringing platform.
1488558,0,simulated-sound,,Performed on a virtual ringing platform.
1488553,0,simulated-sound,,
1488604,0,automated-ringing,1,Abel
1488604,1,automated-ringing,2,Abel
1488604,2,automated-ringing,3,Abel
1488604,3,automated-ringing,4,Abel
1488604,4,automated-ringing,5,Abel
1488604,5,automated-ringing,6,Abel
1488604,6,simulated-sound,,
1488509,0,first-quarter,6,
1488418,0,automated-ringing,1,Mobel
1488418,1,automated-ringing,2,Mobel
1488418,2,automated-ringing,3,Mobel
1488418,3,automated-ringing,4,Mobel
1488418,4,automated-ringing,5,Mobel
1488418,5,simulated-sound,,
1488882,0,automated-ringing,1,Wheatley
1488882,1,automated-ringing,3,Wheatley
1488882,2,automated-ringing,5,Wheatley
1488882,3,automated-ringing,6,Wheatley
1488882,4,automated-ringing,7,Wheatley
1488882,5,simulated-sound,,Performed on a virtual ringing platform.
1488547,0,simulated-sound,,Performed on a virtual ringing platform.
1488411,0,simulated-sound,,Performed on a virtual ringing platform.
1488459,0,simulated-sound,,Performed on a virtual ringing platform.
1488460,0,automated-ringing,1,Abel
1488460,1,automated-ringing,2,Abel
1488460,2,automated-ringing,3,Abel
1488460,3,automated-ringing,4,Abel
1488460,4,automated-ringing,5,Abel
1488460,5,automated-ringing,6,Abel
1488460,6,simulated-sound,,
1488354,0,simulated-sound,,Performed on a virtual ringing platform.
1488331,0,automated-ringing,1,Abel
1488331,1,automated-ringing,2,Abel
1488331,2,automated-ringing,3,Abel
1488331,3,automated-ringing,4,Abel
1488331,4,automated-ringing,5,Abel
1488331,5,automated-ringing,6,Abel
1488331,6,automated-ringing,7,Abel
1488331,7,automated-ringing,8,Abel
1488331,8,automated-ringing,9,Abel
1488331,9,automated-ringing,10,Abel
1488331,10,simulated-sound,,
1488687,0,simulated-sound,,Performed on a virtual ringing platform.
1488349,0,simulated-sound,,Performed on a virtual ringing platform.
1488335,0,simulated-sound,,Performed on a virtual ringing platform.
1488393,0,new-method,,
1488220,0,automated-ringing,1,Abel
1488220,1,automated-ringing,2,Abel
1488220,2,automated-ringing,3,Abel
1488220,3,automated-ringing,4,Abel
1488220,4,automated-ringing,6,Abel
1488220,5,simulated-sound,,
1488124,0,first-quarter,1,
1488124,1,first-quarter,2,
1488249,0,simulated-sound,,
1488219,0,simulated-sound,,Performed on a virtual ringing platform.
1488330,0,simulated-sound,,Performed on a virtual ringing platform.
1488278,0,automated-ringing,1,Abel
1488278,1,automated-ringing,2,Abel
1488278,2,automated-ringing,3,Abel
1488278,3,automated-ringing,4,Abel
1488278,4,automated-ringing,5,Abel
1488278,5,automated-ringing,6,Abel
1488278,6,simulated-sound,,
1488182,0,automated-ringing,1,Abel
1488182,1,automated-ringing,2,Abel
1488182,2,automated-ringing,3,Abel
1488182,3,automated-ringing,4,Abel
1488182,4,automated-ringing,5,Abel
1488182,5,automated-ringing,6,Abel
1488182,6,simulated-sound,,
1508392,0,simulated-sound,,
1508363,0,simulated-sound,,Performed on a virtual ringing platform.
1508378,0,simulated-sound,,Performed on a virtual ringing platform.
1508386,0,simulated-sound,,Performed on a virtual ringing platform.
1508411,0,automated-ringing,1,Abel
1508411,1,automated-ringing,2,Abel
1508411,2,automated-ringing,3,Abel
1508411,3,automated-ringing,4,Abel
1508411,4,automated-ringing,5,Abel
1508411,5,automated-ringing,6,Abel
1508411,6,simulated-sound,,
1508404,0,automated-ringing,1,Abel
1508404,1,automated-ringing,2,Abel
1508404,2,automated-ringing,3,Abel
1508404,3,automated-ringing,4,Abel
1508404,4,automated-ringing,5,Abel
1508404,5,automated-ringing,6,Abel
1508404,6,simulated-sound,,
1508380,0,automated-ringing,1,Abel
1508380,1,automated-ringing,2,Abel
1508380,2,automated-ringing,3,Abel
1508380,3,automated-ringing,4,Abel
1508380,4,automated-ringing,5,Abel
1508380,5,automated-ringing,6,Abel
1508380,6,simulated-sound,,
1508329,0,automated-ringing,1,Virtual Belfry
1508329,1,automated-ringing,2,Virtual Belfry
1508329,2,automated-ringing,3,Virtual Belfry
1508329,3,automated-ringing,4,Virtual Belfry
1508329,4,automated-ringing,5,Virtual Belfry
1508329,5,automated-ringing,6,Virtual Belfry
1508329,6,automated-ringing,7,Virtual Belfry
1508329,7,automated-ringing,8,Virtual Belfry
1508329,8,automated-ringing,9,Virtual Belfry
1508329,9,simulated-sound,,
1508324,0,automated-ringing,1,Abel
1508324,1,automated-ringing,2,Abel
1508324,2,automated-ringing,3,Abel
1508324,3,automated-ringing,4,Abel
1508324,4,automated-ringing,5,Abel
1508324,5,automated-ringing,6,Abel
1508324,6,automated-ringing,7,Abel
1508324,7,automated-ringing,8,Abel
1508324,8,simulated-sound,,
1508346,0,simulated-sound,,Performed on a virtual ringing platform.
1507953,0,simulated-sound,,Performed on a virtual ringing platform.
1508339,0,automated-ringing,1,Abel
1508339,1,automated-ringing,2,Abel
1508339,2,automated-ringing,3,Abel
1508339,3,automated-ringing,4,Abel
1508339,4,automated-ringing,5,Abel
1508339,5,automated-ringing,6,Abel
1508339,6,simulated-sound,,
1508323,0,automated-ringing,1,Abel
1508323,1,automated-ringing,2,Abel
1508323,2,automated-ringing,3,Abel
1508323,3,automated-ringing,4,Abel
1508323,4,automated-ringing,5,Abel
1508323,5,automated-ringing,6,Abel
1508323,6,simulated-sound,,
1508222,0,automated-ringing,1,Abel
1508222,1,automated-ringing,2,Abel
1508222,2,automated-ringing,3,Abel
1508222,3,automated-ringing,4,Abel
1508222,4,automated-ringing,5,Abel
1508222,5,automated-ringing,6,Abel
1508222,6,simulated-sound,,
1507734,0,simulated-sound,,Performed on a virtual ringing platform.
1507890,0,simulated-sound,,Performed on a virtual ringing platform.
1507465,0,simulated-sound,,Performed on a virtual ringing platform.
1507931,0,automated-ringing,1,Abel
1507931,1,automated-ringing,2,Abel
1507931,2,automated-ringing,3,Abel
1507931,3,automated-ringing,4,Abel
1507931,4,automated-ringing,5,Abel
1507931,5,automated-ringing,6,Abel
1507931,6,simulated-sound,,
1507927,0,automated-ringing,1,Abel
1507927,1,automated-ringing,2,Abel
1507927,2,automated-ringing,3,Abel
1507927,3,automated-ringing,4,Abel
1507927,4,automated-ringing,5,Abel
1507927,5,automated-ringing,6,Abel
1507927,6,simulated-sound,,
1507901,0,automated-ringing,1,Abel
1507901,1,automated-ringing,2,Abel
1507901,2,automated-ringing,3,Abel
1507901,3,automated-ringing,4,Abel
1507901,4,automated-ringing,5,Abel
1507901,5,automated-ringing,6,Abel
1507901,6,simulated-sound,,
1507427,0,automated-ringing,1,Abel
1507427,1,automated-ringing,2,Abel
1507427,2,automated-ringing,3,Abel
1507427,3,automated-ringing,4,Abel
1507427,4,automated-ringing,5,Abel
1507427,5,automated-ringing,6,Abel
1507427,6,simulated-sound,,
1507447,0,simulated-sound,,Performed on a virtual ringing platform.
1506855,0,simulated-sound,,Performed on a virtual ringing platform.
1507095,0,simulated-sound,,Performed on a virtual ringing platform.
1507063,0,simulated-sound,,Performed on a virtual ringing platform.
1507082,0,automated-ringing,1,Abel
1507082,1,automated-ringing,2,Abel
1507082,2,automated-ringing,3,Abel
1507082,3,automated-ringing,4,Abel
1507082,4,automated-ringing,5,Abel
1507082,5,automated-ringing,6,Abel
1507082,6,simulated-sound,,
1506570,0,first-quarter,6,
1565864,0,first-quarter,6,
1506824,0,first-quarter,6,
1506843,0,simulated-sound,,Performed on a virtual ringing platform.
1506815,0,simulated-sound,,Performed on a virtual ringing platform.
1506573,0,automated-ringing,3,Wheatley
1506573,1,automated-ringing,4,Wheatley
1506573,2,automated-ringing,5,Wheatley
1506573,3,automated-ringing,6,Wheatley
1506573,4,simulated-sound,,Performed on a virtual ringing platform.
1506807,0,first-quarter,6,
1506747,0,automated-ringing,1,Abel
1506747,1,automated-ringing,2,Abel
1506747,2,automated-ringing,3,Abel
1506747,3,automated-ringing,4,Abel
1506747,4,automated-ringing,5,Abel
1506747,5,automated-ringing,6,Abel
1506747,6,simulated-sound,,
1506734,0,automated-ringing,1,Abel
1506734,1,automated-ringing,2,Abel
1506734,2,automated-ringing,3,Abel
1506734,3,automated-ringing,4,Abel
1506734,4,automated-ringing,5,Abel
1506734,5,automated-ringing,6,Abel
1506734,6,automated-ringing,7,Abel
1506734,7,automated-ringing,8,Abel
1506734,8,simulated-sound,,
1506563,0,automated-ringing,1,Abel
1506563,1,automated-ringing,2,Abel
1506563,2,automated-ringing,3,Abel
1506563,3,automated-ringing,4,Abel
1506563,4,automated-ringing,5,Abel
1506563,5,automated-ringing,6,Abel
1506563,6,simulated-sound,,
1506849,0,first-quarter,6,
1506785,0,first-peal,8,
1506344,0,new-method,,
1506469,0,automated-ringing,2,Virtual Belfry
1506469,1,automated-ringing,3,Virtual Belfry
1506469,2,automated-ringing,4,Virtual Belfry
1506469,3,automated-ringing,5,Virtual Belfry
1506469,4,automated-ringing,6,Virtual Belfry
1506469,5,automated-ringing,7,Virtual Belfry
1506469,6,automated-ringing,8,Virtual Belfry
1506469,7,automated-ringing,9,Virtual Belfry
1506469,8,automated-ringing,10,Virtual Belfry
1506469,9,automated-ringing,11,Virtual Belfry
1506469,10,automated-ringing,12,Virtual Belfry
1506469,11,simulated-sound,,
1506512,0,new-method,,
1506475,0,automated-ringing,1,Abel
1506475,1,automated-ringing,2,Abel
1506475,2,automated-ringing,3,Abel
1506475,3,automated-ringing,4,Abel
1506475,4,automated-ringing,5,Abel
1506475,5,automated-ringing,6,Abel
1506475,6,automated-ringing,7,Abel
1506475,7,automated-ringing,8,Abel
1506475,8,automated-ringing,9,Abel
1506475,9,automated-ringing,10,Abel
1506475,10,automated-ringing,11,Abel
1506475,11,automated-ringing,12,Abel
1506475,12,simulated-sound,,
1506513,0,simulated-sound,,Performed on a virtual ringing platform.
1506549,0,simulated-sound,,Performed on a virtual ringing platform.
1506457,0,automated-ringing,1,Abel
1506457,1,automated-ringing,2,Abel
1506457,2,automated-ringing,3,Abel
1506457,3,automated-ringing,4,Abel
1506457,4,automated-ringing,5,Abel
1506457,5,automated-ringing,6,Abel
1506457,6,simulated-sound,,
1505927,0,jump-changes,,
1505976,0,simulated-sound,,Performed on a virtual ringing platform.
1505944,0,simulated-sound,,Performed on a virtual ringing platform.
1505833,0,simulated-sound,,Performed on a virtual ringing platform.
1505922,0,simulated-sound,,Performed on a virtual ringing platform.
1505672,0,simulated-sound,,Performed on a virtual ringing platform.
1505750,0,simulated-sound,,Performed on a virtual ringing platform.
1505681,0,automated-ringing,1,Wheatley
1505681,1,automated-ringing,5,Wheatley
1505681,2,simulated-sound,,Performed on a virtual ringing platform.
1505724,0,simulated-sound,,Performed on a virtual ringing platform.
1505751,0,automated-ringing,1,Abel
1505751,1,automated-ringing,2,Abel
1505751,2,automated-ringing,3,Abel
1505751,3,automated-ringing,4,Abel
1505751,4,automated-ringing,5,Abel
1505751,5,automated-ringing,6,Abel
1505751,6,simulated-sound,,
1505647,0,first-quarter,6,
1517695,0,first-quarter,1,
1505413,0,automated-ringing,1,Handbell Stadium
1505413,1,automated-ringing,2,Handbell Stadium
1505413,2,automated-ringing,3,Handbell Stadium
1505413,3,automated-ringing,4,Handbell Stadium
1505413,4,automated-ringing,5,Handbell Stadium
1505413,5,automated-ringing,6,Handbell Stadium
1505413,6,simulated-sound,,Performed on a virtual ringing platform.
1505497,0,automated-ringing,1,Abel
1505497,1,automated-ringing,2,Abel
1505497,2,automated-ringing,3,Abel
1505497,3,automated-ringing,4,Abel
1505497,4,automated-ringing,5,Abel
1505497,5,automated-ringing,6,Abel
1505497,6,automated-ringing,7,Abel
1505497,7,automated-ringing,8,Abel
1505497,8,simulated-sound,,
1505652,0,simulated-sound,,Performed on a virtual ringing platform.
1505539,0,simulated-sound,,Performed on a virtual ringing platform.
1511590,0,simulated-sound,,Performed on a virtual ringing platform.
1505374,0,simulated-sound,,Performed on a virtual ringing platform.
1505386,0,automated-ringing,3,Wheatley
1505386,1,automated-ringing,4,Wheatley
1505386,2,automated-ringing,5,Wheatley
1505386,3,automated-ringing,6,Wheatley
1505386,4,simulated-sound,,Performed on a virtual ringing platform.
1511591,0,simulated-sound,,Performed on a virtual ringing platform.
1505168,0,simulated-sound,,Performed on a virtual ringing platform.
1505360,0,new-method,,
1505365,0,automated-ringing,1,Abel
1505365,1,automated-ringing,2,Abel
1505365,2,automated-ringing,3,Abel
1505365,3,automated-ringing,4,Abel
1505365,4,automated-ringing,5,Abel
1505365,5,automated-ringing,6,Abel
1505365,6,simulated-sound,,
1505036,0,simulated-sound,,Performed on a virtual ringing platform.
1504940,0,automated-ringing,1,Abel
1504940,1,automated-ringing,2,Abel
1504940,2,automated-ringing,3,Abel
1504940,3,automated-ringing,4,Abel
1504940,4,automated-ringing,5,Abel
1504940,5,automated-ringing,6,Abel
1504940,6,simulated-sound,,
1505080,0,simulated-sound,,Performed on a virtual ringing platform.
1504891,0,simulated-sound,,Performed on a virtual ringing platform.
1511592,0,simulated-sound,,Performed on a virtual ringing platform.
1504806,0,simulated-sound,,Performed on a virtual ringing platform.
1504585,0,first-peal,2,
1504783,0,first-quarter,6,
1504832,0,first-peal,8,
1504791,0,simulated-sound,,Performed on a virtual ringing platform.
1504708,0,simulated-sound,,Performed on a virtual ringing platform.
1504727,0,simulated-sound,,Performed on a virtual ringing platform.
1504433,0,automated-ringing,1,Abel
1504433,1,automated-ringing,2,Abel
1504433,2,automated-ringing,3,Abel
1504433,3,automated-ringing,4,Abel
1504433,4,automated-ringing,5,Abel
1504433,5,automated-ringing,6,Abel
1504433,6,simulated-sound,,
1544374,0,first-quarter,6,
1628848,0,simulated-sound,,
1504052,0,first-peal,5,
1512344,0,first-quarter,1,
1504043,0,simulated-sound,,
1504322,0,automated-ringing,1,Abel
1504322,1,automated-ringing,2,Abel
1504322,2,automated-ringing,3,Abel
1504322,3,automated-ringing,4,Abel
1504322,4,automated-ringing,5,Abel
1504322,5,automated-ringing,6,Abel
1504322,6,simulated-sound,,
1504326,0,first-quarter,1,
1506544,0,first-peal,3,
1504040,0,automated-ringing,1,Abel
1504040,1,automated-ringing,2,Abel
1504040,2,automated-ringing,3,Abel
1504040,3,automated-ringing,4,Abel
1504040,4,automated-ringing,5,Abel
1504040,5,automated-ringing,6,Abel
1504040,6,simulated-sound,,
1504009,0,automated-ringing,1,Abel
1504009,1,automated-ringing,2,Abel
1504009,2,automated-ringing,3,Abel
1504009,3,automated-ringing,4,Abel
1504009,4,automated-ringing,5,Abel
1504009,5,automated-ringing,6,Abel
1504009,6,simulated-sound,,
1504426,0,first-quarter,1,
1504426,1,first-quarter,2,
1503811,0,first-quarter,1,
1503811,1,first-quarter,2,
1628849,0,simulated-sound,,
1503968,0,simulated-sound,,Performed on a virtual ringing platform.
1503967,0,simulated-sound,,Performed on a virtual ringing platform.
1503677,0,simulated-sound,,Performed on a virtual ringing platform.
1503922,0,simulated-sound,,Performed on a virtual ringing platform.
1503722,0,automated-ringing,1,Wheatley
1503722,1,automated-ringing,3,Wheatley
1503722,2,automated-ringing,4,Wheatley
1503722,3,automated-ringing,5,Wheatley
1503722,4,simulated-sound,,Performed on a virtual ringing platform.
1503774,0,automated-ringing,1,Abel
1503774,1,automated-ringing,2,Abel
1503774,2,automated-ringing,3,Abel
1503774,3,automated-ringing,4,Abel
1503774,4,automated-ringing,5,Abel
1503774,5,automated-ringing,6,Abel
1503774,6,simulated-sound,,
1503768,0,automated-ringing,1,Abel
1503768,1,automated-ringing,2,Abel
1503768,2,automated-ringing,3,Abel
1503768,3,automated-ringing,4,Abel
1503768,4,automated-ringing,5,Abel
1503768,5,automated-ringing,6,Abel
1503768,6,simulated-sound,,
1503654,0,simulated-sound,,
1503521,0,simulated-sound,,Performed on a virtual ringing platform.
1503536,0,simulated-sound,,Performed on a virtual ringing platform.
1503597,0,simulated-sound,,Performed on a virtual ringing platform.
1503587,0,simulated-sound,,Performed on a virtual ringing platform.
1503277,0,new-method,,
1503475,0,automated-ringing,1,Abel
1503475,1,automated-ringing,2,Abel
1503475,2,automated-ringing,3,Abel
1503475,3,automated-ringing,4,Abel
1503475,4,automated-ringing,5,Abel
1503475,5,automated-ringing,6,Abel
1503475,6,automated-ringing,7,Abel
1503475,7,automated-ringing,8,Abel
1503475,8,automated-ringing,9,Abel
1503475,9,automated-ringing,10,Abel
1503475,10,automated-ringing,11,Abel
1503475,11,automated-ringing,12,Abel
1503475,12,simulated-sound,,
1503462,0,simulated-sound,,Performed on a virtual ringing platform.
1503339,0,simulated-sound,,Performed on a virtual ringing platform.
1503435,0,simulated-sound,,Performed on a virtual ringing platform.
1503315,0,simulated-sound,,Performed on a virtual ringing platform.
1503312,0,automated-ringing,1,Abel
1503312,1,automated-ringing,2,Abel
1503312,2,automated-ringing,3,Abel
1503312,3,automated-ringing,4,Abel
1503312,4,automated-ringing,5,Abel
1503312,5,automated-ringing,6,Abel
1503312,6,simulated-sound,,
1503207,0,automated-ringing,1,Virtual Belfry
1503207,1,automated-ringing,2,Virtual Belfry
1503207,2,automated-ringing,3,Virtual Belfry
1503207,3,automated-ringing,4,Virtual Belfry
1503207,4,automated-ringing,5,Virtual Belfry
1503207,5,simulated-sound,,
1503210,0,simulated-sound,,Performed on a virtual ringing platform.
1503090,0,simulated-sound,,Performed on a virtual ringing platform.
1503061,0,simulated-sound,,Performed on a virtual ringing platform.
1503109,0,automated-ringing,3,Wheatley
1503109,1,automated-ringing,4,Wheatley
1503109,2,automated-ringing,5,Wheatley
1503109,3,automated-ringing,6,Wheatley
1503109,4,automated-ringing,7,Wheatley
1503109,5,automated-ringing,8,Wheatley
1503109,6,simulated-sound,,Performed on a virtual ringing platform.
1503549,0,simulated-sound,,Performed on a virtual ringing platform.
1503199,0,automated-ringing,1,Abel
1503199,1,automated-ringing,2,Abel
1503199,2,automated-ringing,3,Abel
1503199,3,automated-ringing,4,Abel
1503199,4,automated-ringing,5,Abel
1503199,5,automated-ringing,6,Abel
1503199,6,simulated-sound,,
1502885,0,first-quarter,6,
1502858,0,simulated-sound,,Performed on a virtual ringing platform.
1503430,0,simulated-sound,,Performed on a virtual ringing platform.
1505082,0,simulated-sound,,Performed on a virtual ringing platform.
1502762,0,simulated-sound,,Performed on a virtual ringing platform.
1502790,0,simulated-sound,,Performed on a virtual ringing platform.
1502421,0,first-quarter,1,
1502574,0,first-quarter,6,
1502305,0,first-quarter,6,
1502573,0,simulated-sound,,Performed on a virtual ringing platform.
1502515,0,simulated-sound,,Performed on a virtual ringing platform.
1502539,0,simulated-sound,,Performed on a virtual ringing platform.
1502556,0,simulated-sound,,Performed on a virtual ringing platform.
1502854,0,first-quarter,6,
1502358,0,automated-ringing,1,Abel
1502358,1,automated-ringing,2,Abel
1502358,2,automated-ringing,3,Abel
1502358,3,automated-ringing,4,Abel
1502358,4,automated-ringing,5,Abel
1502358,5,automated-ringing,6,Abel
1502358,6,simulated-sound,,
1502133,0,first-quarter,1,
1502201,0,first-quarter,1,
1502201,1,first-quarter,6,
1502195,0,first-quarter,6,
1502259,0,automated-ringing,1,Abel
1502259,1,automated-ringing,2,Abel
1502259,2,automated-ringing,3,Abel
1502259,3,automated-ringing,4,Abel
1502259,4,automated-ringing,5,Abel
1502259,5,automated-ringing,6,Abel
1502259,6,automated-ringing,7,Abel
1502259,7,automated-ringing,8,Abel
1502259,8,automated-ringing,9,Abel
1502259,9,automated-ringing,10,Abel
1502259,10,simulated-sound,,
1502279,0,simulated-sound,,Performed on a virtual ringing platform.
1502257,0,simulated-sound,,Performed on a virtual ringing platform.
1502095,0,first-peal,1,
1502049,0,automated-ringing,1,Abel
1502049,1,automated-ringing,2,Abel
1502049,2,automated-ringing,3,Abel
1502049,3,automated-ringing,4,Abel
1502049,4,automated-ringing,5,Abel
1502049,5,automated-ringing,6,Abel
1502049,6,simulated-sound,,
1502025,0,first-peal,4,
1502023,0,simulated-sound,,Performed on a virtual ringing platform.
1501985,0,simulated-sound,,Performed on a virtual ringing platform.
1502029,0,simulated-sound,,Performed on a virtual ringing platform.
1501760,0,simulated-sound,,Performed on a virtual ringing platform.
1501758,0,automated-ringing,1,Wheatley
1501758,1,simulated-sound,,Performed on a virtual ringing platform.
1501864,0,simulated-sound,,Performed on a virtual ringing platform.
1501874,0,simulated-sound,,Performed on a virtual ringing platform.
1501666,0,simulated-sound,,Performed on a virtual ringing platform.
1501659,0,simulated-sound,,Performed on a virtual ringing platform.
1502031,0,simulated-sound,,Performed on a virtual ringing platform.
1501587,0,simulated-sound,,
1505671,0,simulated-sound,,Performed on a virtual ringing platform.
1501545,0,automated-ringing,1,Abel
1501545,1,automated-ringing,2,Abel
1501545,2,automated-ringing,3,Abel
1501545,3,automated-ringing,4,Abel
1501545,4,automated-ringing,5,Abel
1501545,5,automated-ringing,6,Abel
1501545,6,automated-ringing,7,Abel
1501545,7,automated-ringing,8,Abel
1501545,8,simulated-sound,,
1501443,0,simulated-sound,,Performed on a virtual ringing platform.
1501599,0,simulated-sound,,Performed on a virtual ringing platform.
1501547,0,simulated-sound,,Performed on a virtual ringing platform.
1501387,0,simulated-sound,,Performed on a virtual ringing platform.
1501569,0,first-quarter,1,
1500966,0,first-quarter,1,
1500946,0,simulated-sound,,
1502018,0,simulated-sound,,Performed on a virtual ringing platform.
1500727,0,simulated-sound,,Performed on a virtual ringing platform.
1500909,0,simulated-sound,,Performed on a virtual ringing platform.
1500847,0,simulated-sound,,Performed on a virtual ringing platform.
1500844,0,simulated-sound,,Performed on a virtual ringing platform.
1500829,0,simulated-sound,,Performed on a virtual ringing platform.
1500841,0,automated-ringing,1,Abel
1500841,1,automated-ringing,2,Abel
1500841,2,automated-ringing,3,Abel
1500841,3,automated-ringing,4,Abel
1500841,4,automated-ringing,5,Abel
1500841,5,automated-ringing,6,Abel
1500841,6,simulated-sound,,
1500801,0,automated-ringing,1,Abel
1500801,1,automated-ringing,2,Abel
1500801,2,automated-ringing,3,Abel
1500801,3,automated-ringing,4,Abel
1500801,4,automated-ringing,5,Abel
1500801,5,automated-ringing,6,Abel
1500801,6,simulated-sound,,
1500700,0,simulated-sound,,Performed on a ring of dumb bells.
1524185,0,simulated-sound,,Performed on a virtual ringing platform.
1500277,0,simulated-sound,,Performed on a virtual ringing platform.
1500539,0,simulated-sound,,Performed on a virtual ringing platform.
1500074,0,first-quarter,6,
1500100,0,first-quarter,1,
1499935,0,simulated-sound,,Performed on a ring of dumb bells.
1499966,0,automated-ringing,1,Abel
1499966,1,automated-ringing,2,Abel
1499966,2,automated-ringing,3,Abel
1499966,3,automated-ringing,4,Abel
1499966,4,automated-ringing,5,Abel
1499966,5,automated-ringing,6,Abel
1499966,6,simulated-sound,,
1500058,0,simulated-sound,,Performed on a virtual ringing platform.
1500091,0,first-peal,2,
1499983,0,automated-ringing,1,Abel
1499983,1,automated-ringing,2,Abel
1499983,2,automated-ringing,3,Abel
1499983,3,automated-ringing,4,Abel
1499983,4,automated-ringing,5,Abel
1499983,5,automated-ringing,6,Abel
1499983,6,automated-ringing,7,Abel
1499983,7,automated-ringing,8,Abel
1499983,8,simulated-sound,,
1499953,0,automated-ringing,1,Abel
1499953,1,automated-ringing,2,Abel
1499953,2,automated-ringing,3,Abel
1499953,3,automated-ringing,4,Abel
1499953,4,automated-ringing,5,Abel
1499953,5,automated-ringing,6,Abel
1499953,6,simulated-sound,,
1499776,0,automated-ringing,1,Abel
1499776,1,automated-ringing,2,Abel
1499776,2,automated-ringing,3,Abel
1499776,3,automated-ringing,4,Abel
1499776,4,simulated-sound,,
1499522,0,automated-ringing,1,Abel
1499522,1,automated-ringing,2,Abel
1499522,2,automated-ringing,3,Abel
1499522,3,automated-ringing,4,Abel
1499522,4,automated-ringing,5,Abel
1499522,5,automated-ringing,6,Abel
1499522,6,automated-ringing,7,Abel
1499522,7,simulated-sound,,
1499621,0,simulated-sound,,Performed on a virtual ringing platform.
1501001,0,simulated-sound,,Performed on a virtual ringing platform.
1499597,0,simulated-sound,,Performed on a virtual ringing platform.
1499268,0,automated-ringing,1,Abel
1499268,1,automated-ringing,2,Abel
1499268,2,automated-ringing,3,Abel
1499268,3,automated-ringing,4,Abel
1499268,4,automated-ringing,5,Abel
1499268,5,automated-ringing,6,Abel
1499268,6,simulated-sound,,
1499200,0,automated-ringing,1,Abel
1499200,1,automated-ringing,2,Abel
1499200,2,automated-ringing,3,Abel
1499200,3,automated-ringing,4,Abel
1499200,4,automated-ringing,5,Abel
1499200,5,automated-ringing,6,Abel
1499200,6,simulated-sound,,
1499048,0,first-quarter,4,
1499048,1,first-quarter,6,
1499098,0,first-quarter,1,
1523669,0,simulated-sound,,Performed on a virtual ringing platform.
1498643,0,simulated-sound,,Performed on a virtual ringing platform.
1499117,0,simulated-sound,,Performed on a virtual ringing platform.
1499011,0,simulated-sound,,Performed on a virtual ringing platform.
1499165,0,simulated-sound,,Performed on a virtual ringing platform.
1498836,0,simulated-sound,,Performed on a virtual ringing platform.
1498878,0,automated-ringing,1,Wheatley
1498878,1,automated-ringing,3,Wheatley
1498878,2,automated-ringing,4,Wheatley
1498878,3,automated-ringing,5,Wheatley
1498878,4,automated-ringing,6,Wheatley
1498878,5,simulated-sound,,Performed on a virtual ringing platform.
1498734,0,simulated-sound,,Performed on a virtual ringing platform.
1498697,0,simulated-sound,,Performed on a virtual ringing platform.
1498883,0,automated-ringing,1,Abel
1498883,1,automated-ringing,2,Abel
1498883,2,automated-ringing,3,Abel
1498883,3,automated-ringing,4,Abel
1498883,4,automated-ringing,5,Abel
1498883,5,automated-ringing,6,Abel
1498883,6,simulated-sound,,
1498574,0,first-quarter,6,
1498551,0,simulated-sound,,
1498642,0,first-quarter,6,
1498451,0,simulated-sound,,Performed on a virtual ringing platform.
1498421,0,automated-ringing,1,Abel
1498421,1,automated-ringing,2,Abel
1498421,2,automated-ringing,3,Abel
1498421,3,automated-ringing,4,Abel
1498421,4,automated-ringing,5,Abel
1498421,5,automated-ringing,6,Abel
1498421,6,automated-ringing,7,Abel
1498421,7,automated-ringing,8,Abel
1498421,8,simulated-sound,,
1498251,0,first-quarter,1,
1498330,0,first-quarter,6,
1498236,0,first-quarter,6,
1500057,0,first-quarter,1,
1500057,1,first-quarter,6,
1498277,0,automated-ringing,1,Virtual Belfry
1498277,1,automated-ringing,2,Virtual Belfry
1498277,2,automated-ringing,3,Virtual Belfry
1498277,3,automated-ringing,4,Virtual Belfry
1498277,4,automated-ringing,5,Virtual Belfry
1498277,5,simulated-sound,,
1498148,0,automated-ringing,1,Abel
1498148,1,automated-ringing,2,Abel
1498148,2,automated-ringing,3,Abel
1498148,3,automated-ringing,4,Abel
1498148,4,automated-ringing,5,Abel
1498148,5,automated-ringing,6,Abel
1498148,6,simulated-sound,,
1498231,0,simulated-sound,,Performed on a virtual ringing platform.
1498169,0,simulated-sound,,Performed on a virtual ringing platform.
1498304,0,simulated-sound,,Performed on a virtual ringing platform.
1498138,0,simulated-sound,,Performed on a virtual ringing platform.
1498199,0,first-quarter,1,
1498199,1,first-quarter,2,
1498199,2,first-quarter,3,
1498199,3,first-quarter,4,
1498196,0,first-quarter,1,
1498243,0,automated-ringing,1,Virtual Belfry
1498243,1,automated-ringing,2,Virtual Belfry
1498243,2,automated-ringing,4,Virtual Belfry
1498243,3,automated-ringing,5,Virtual Belfry
1498243,4,automated-ringing,6,Virtual Belfry
1498243,5,simulated-sound,,Performed on a virtual ringing platform.
1498202,0,automated-ringing,1,Abel
1498202,1,automated-ringing,2,Abel
1498202,2,automated-ringing,3,Abel
1498202,3,automated-ringing,4,Abel
1498202,4,automated-ringing,5,Abel
1498202,5,automated-ringing,6,Abel
1498202,6,automated-ringing,7,Abel
1498202,7,automated-ringing,8,Abel
1498202,8,simulated-sound,,
1498154,0,automated-ringing,1,Abel
1498154,1,automated-ringing,2,Abel
1498154,2,automated-ringing,3,Abel
1498154,3,automated-ringing,4,Abel
1498154,4,automated-ringing,5,Abel
1498154,5,automated-ringing,6,Abel
1498154,6,simulated-sound,,
1497967,0,simulated-sound,,Performed on a virtual ringing platform.
1497827,0,simulated-sound,,Performed on a virtual ringing platform.
1498425,0,simulated-sound,,Performed on a virtual ringing platform.
1498074,0,automated-ringing,3,Wheatley
1498074,1,automated-ringing,4,Wheatley
1498074,2,automated-ringing,7,Wheatley
1498074,3,automated-ringing,8,Wheatley
1498074,4,simulated-sound,,Performed on a virtual ringing platform.
1513259,0,new-method,,
1513313,0,first-peal,3,
1513253,0,simulated-sound,,
1513396,0,simulated-sound,,Performed on a ring of dumb bells.
1513396,1,first-quarter,6,
1513511,0,first-peal,4,
1513421,0,automated-ringing,1,Abel
1513421,1,automated-ringing,2,Abel
1513421,2,automated-ringing,3,Abel
1513421,3,automated-ringing,4,Abel
1513421,4,automated-ringing,5,Abel
1513421,5,automated-ringing,6,Abel
1513421,6,simulated-sound,,
1513308,0,automated-ringing,1,Abel
1513308,1,automated-ringing,2,Abel
1513308,2,automated-ringing,3,Abel
1513308,3,automated-ringing,4,Abel
1513308,4,simulated-sound,,
1513284,0,automated-ringing,1,Abel
1513284,1,automated-ringing,2,Abel
1513284,2,automated-ringing,3,Abel
1513284,3,automated-ringing,4,Abel
1513284,4,automated-ringing,5,Abel
1513284,5,automated-ringing,6,Abel
1513284,6,simulated-sound,,
1513124,0,automated-ringing,1,Abel
1513124,1,automated-ringing,2,Abel
1513124,2,automated-ringing,3,Abel
1513124,3,automated-ringing,4,Abel
1513124,4,automated-ringing,5,Abel
1513124,5,automated-ringing,6,Abel
1513124,6,automated-ringing,7,Abel
1513124,7,automated-ringing,8,Abel
1513124,8,automated-ringing,9,Abel
1513124,9,automated-ringing,10,Abel
1513124,10,automated-ringing,11,Abel
1513124,11,automated-ringing,12,Abel
1513124,12,simulated-sound,,
1513155,0,simulated-sound,,Performed on a virtual ringing platform.
1513048,0,automated-ringing,6,Wheatley
1513048,1,simulated-sound,,Performed on a virtual ringing platform.
1513092,0,simulated-sound,,Performed on a virtual ringing platform.
1513018,0,simulated-sound,,Performed on a virtual ringing platform.
1513070,0,automated-ringing,1,Abel
1513070,1,automated-ringing,2,Abel
1513070,2,automated-ringing,3,Abel
1513070,3,automated-ringing,4,Abel
1513070,4,automated-ringing,5,Abel
1513070,5,automated-ringing,6,Abel
1513070,6,simulated-sound,,
1630703,0,first-quarter,1,
1630703,1,first-quarter,6,
1575688,0,simulated-sound,,Performed on a virtual ringing platform.
1512969,0,simulated-sound,,Performed on a virtual ringing platform.
1512956,0,simulated-sound,,Performed on a virtual ringing platform.
1513005,0,automated-ringing,3,Abel
1513005,1,automated-ringing,4,Abel
1513005,2,automated-ringing,5,Abel
1513005,3,automated-ringing,6,Abel
1513005,4,simulated-sound,,
1512957,0,automated-ringing,1,Abel
1512957,1,automated-ringing,2,Abel
1512957,2,automated-ringing,3,Abel
1512957,3,automated-ringing,4,Abel
1512957,4,automated-ringing,5,Abel
1512957,5,automated-ringing,6,Abel
1512957,6,simulated-sound,,
1513001,0,first-quarter,1,
1512806,0,first-quarter,8,
1593955,0,simulated-sound,,Performed on a virtual ringing platform.
1512836,0,simulated-sound,,Performed on a virtual ringing platform.
1512769,0,simulated-sound,,Performed on a virtual ringing platform.
1512858,0,automated-ringing,1,Abel
1512858,1,automated-ringing,2,Abel
1512858,2,automated-ringing,3,Abel
1512858,3,automated-ringing,4,Abel
1512858,4,automated-ringing,5,Abel
1512858,5,automated-ringing,6,Abel
1512858,6,simulated-sound,,
1512815,0,automated-ringing,1,Abel
1512815,1,automated-ringing,2,Abel
1512815,2,automated-ringing,3,Abel
1512815,3,automated-ringing,4,Abel
1512815,4,automated-ringing,5,Abel
1512815,5,automated-ringing,6,Abel
1512815,6,simulated-sound,,
1512668,0,automated-ringing,1,Abel
1512668,1,automated-ringing,2,Abel
1512668,2,automated-ringing,3,Abel
1512668,3,automated-ringing,4,Abel
1512668,4,automated-ringing,5,Abel
1512668,5,automated-ringing,6,Abel
1512668,6,simulated-sound,,
1571123,0,simulated-sound,,Performed on a virtual ringing platform.
1512663,0,simulated-sound,,Performed on a virtual ringing platform.
1512650,0,automated-ringing,1,Abel
1512650,1,automated-ringing,2,Abel
1512650,2,automated-ringing,3,Abel
1512650,3,automated-ringing,4,Abel
1512650,4,automated-ringing,5,Abel
1512650,5,automated-ringing,6,Abel
1512650,6,simulated-sound,,
1512667,0,simulated-sound,,Performed on a virtual ringing platform.
1512538,0,simulated-sound,,Performed on a virtual ringing platform.
1512555,0,simulated-sound,,Performed on a virtual ringing platform.
1512608,0,first-quarter,6,
1513283,0,automated-ringing,1,Abel
1513283,1,automated-ringing,2,Abel
1513283,2,automated-ringing,3,Abel
1513283,3,automated-ringing,4,Abel
1513283,4,automated-ringing,5,Abel
1513283,5,automated-ringing,6,Abel
1513283,6,simulated-sound,,
1512532,0,automated-ringing,1,Abel
1512532,1,automated-ringing,2,Abel
1512532,2,automated-ringing,3,Abel
1512532,3,automated-ringing,4,Abel
1512532,4,automated-ringing,5,Abel
1512532,5,automated-ringing,6,Abel
1512532,6,simulated-sound,,
1512409,0,first-quarter,6,
1512392,0,first-quarter,6,
1512374,0,first-quarter,6,
1512222,0,simulated-sound,,Performed on a virtual ringing platform.
1512405,0,simulated-sound,,Performed on a virtual ringing platform.
1523275,0,first-quarter,1,
1523275,1,first-quarter,3,
1523275,2,first-quarter,6,
1512493,0,first-quarter,1,
1512164,0,first-quarter,1,
1512182,0,first-quarter,6,
1512214,0,automated-ringing,1,Abel
1512214,1,automated-ringing,2,Abel
1512214,2,automated-ringing,3,Abel
1512214,3,automated-ringing,4,Abel
1512214,4,automated-ringing,5,Abel
1512214,5,automated-ringing,6,Abel
1512214,6,simulated-sound,,
1512171,0,automated-ringing,1,Abel
1512171,1,automated-ringing,2,Abel
1512171,2,automated-ringing,3,Abel
1512171,3,automated-ringing,4,Abel
1512171,4,automated-ringing,5,Abel
1512171,5,automated-ringing,6,Abel
1512171,6,simulated-sound,,
1512127,0,automated-ringing,1,Abel
1512127,1,automated-ringing,2,Abel
1512127,2,automated-ringing,3,Abel
1512127,3,automated-ringing,4,Abel
1512127,4,automated-ringing,5,Abel
1512127,5,automated-ringing,6,Abel
1512127,6,simulated-sound,,
1512116,0,automated-ringing,1,Abel
1512116,1,automated-ringing,2,Abel
1512116,2,automated-ringing,3,Abel
1512116,3,automated-ringing,4,Abel
1512116,4,automated-ringing,5,Abel
1512116,5,automated-ringing,6,Abel
1512116,6,simulated-sound,,
1512097,0,first-quarter,6,
1512837,0,first-quarter,6,
1511912,0,first-quarter,1,
1512058,0,simulated-sound,,Performed on a virtual ringing platform.
1512015,0,simulated-sound,,Performed on a virtual ringing platform.
1511917,0,simulated-sound,,Performed on a virtual ringing platform.
1511949,0,new-method,,
1511845,0,first-quarter,1,
1979450,0,automated-ringing,1,Virtual Belfry
1979450,1,automated-ringing,2,Virtual Belfry
1979450,2,automated-ringing,3,Virtual Belfry
1979450,3,automated-ringing,4,Virtual Belfry
1979450,4,automated-ringing,5,Virtual Belfry
1979450,5,automated-ringing,6,Virtual Belfry
1979450,6,automated-ringing,7,Virtual Belfry
1979450,7,simulated-sound,,
1511877,0,first-quarter,2,
1511800,0,automated-ringing,1,Abel
1511800,1,automated-ringing,2,Abel
1511800,2,automated-ringing,3,Abel
1511800,3,automated-ringing,4,Abel
1511800,4,automated-ringing,5,Abel
1511800,5,automated-ringing,6,Abel
1511800,6,simulated-sound,,
1511846,0,first-quarter,1,
1511773,0,simulated-sound,,Performed on a virtual ringing platform.
1511808,0,simulated-sound,,Performed on a virtual ringing platform.
1511790,0,simulated-sound,,Performed on a virtual ringing platform.
1511834,0,automated-ringing,1,Abel
1511834,1,automated-ringing,2,Abel
1511834,2,automated-ringing,3,Abel
1511834,3,automated-ringing,4,Abel
1511834,4,automated-ringing,5,Abel
1511834,5,automated-ringing,6,Abel
1511834,6,simulated-sound,,
1511805,0,automated-ringing,1,Abel
1511805,1,automated-ringing,2,Abel
1511805,2,automated-ringing,3,Abel
1511805,3,automated-ringing,4,Abel
1511805,4,automated-ringing,5,Abel
1511805,5,automated-ringing,6,Abel
1511805,6,simulated-sound,,
1511884,0,first-quarter,5,
1511726,0,automated-ringing,1,Abel
1511726,1,automated-ringing,2,Abel
1511726,2,automated-ringing,3,Abel
1511726,3,automated-ringing,4,Abel
1511726,4,automated-ringing,5,Abel
1511726,5,automated-ringing,6,Abel
1511726,6,automated-ringing,7,Abel
1511726,7,automated-ringing,8,Abel
1511726,8,automated-ringing,9,Abel
1511726,9,automated-ringing,10,Abel
1511726,10,simulated-sound,,
1511751,0,simulated-sound,,Performed on a virtual ringing platform.
1511731,0,simulated-sound,,Performed on a virtual ringing platform.
1511723,0,simulated-sound,,Performed on a virtual ringing platform.
1511745,0,automated-ringing,1,Abel
1511745,1,automated-ringing,2,Abel
1511745,2,automated-ringing,3,Abel
1511745,3,automated-ringing,4,Abel
1511745,4,automated-ringing,5,Abel
1511745,5,automated-ringing,6,Abel
1511745,6,simulated-sound,,
1511641,0,first-quarter,1,
1511657,0,first-quarter,6,
1511620,0,first-quarter,1,
1511620,1,first-quarter,6,
1511617,0,automated-ringing,3,Wheatley
1511617,1,automated-ringing,4,Wheatley
1511617,2,automated-ringing,7,Wheatley
1511617,3,automated-ringing,8,Wheatley
1511617,4,simulated-sound,,Performed on a virtual ringing platform.
1511647,0,automated-ringing,1,Abel
1511647,1,automated-ringing,2,Abel
1511647,2,automated-ringing,3,Abel
1511647,3,automated-ringing,4,Abel
1511647,4,automated-ringing,5,Abel
1511647,5,automated-ringing,6,Abel
1511647,6,simulated-sound,,
1511502,0,first-quarter,1,
1511468,0,automated-ringing,1,Abel
1511468,1,automated-ringing,2,Abel
1511468,2,automated-ringing,3,Abel
1511468,3,automated-ringing,4,Abel
1511468,4,automated-ringing,5,Abel
1511468,5,automated-ringing,6,Abel
1511468,6,automated-ringing,7,Abel
1511468,7,automated-ringing,8,Abel
1511468,8,simulated-sound,,
1511512,0,simulated-sound,,Performed on a virtual ringing platform.
1511425,0,simulated-sound,,Performed on a virtual ringing platform.
1511365,0,simulated-sound,,Performed on a virtual ringing platform.
1511536,0,first-quarter,2,
1511437,0,automated-ringing,1,Abel
1511437,1,automated-ringing,2,Abel
1511437,2,automated-ringing,3,Abel
1511437,3,automated-ringing,4,Abel
1511437,4,automated-ringing,5,Abel
1511437,5,automated-ringing,6,Abel
1511437,6,simulated-sound,,
1511346,0,automated-ringing,1,Abel
1511346,1,automated-ringing,2,Abel
1511346,2,automated-ringing,3,Abel
1511346,3,automated-ringing,4,Abel
1511346,4,automated-ringing,5,Abel
1511346,5,automated-ringing,6,Abel
1511346,6,simulated-sound,,
1511296,0,automated-ringing,1,Abel
1511296,1,automated-ringing,2,Abel
1511296,2,automated-ringing,3,Abel
1511296,3,automated-ringing,4,Abel
1511296,4,automated-ringing,5,Abel
1511296,5,automated-ringing,6,Abel
1511296,6,simulated-sound,,
1511281,0,automated-ringing,1,Abel
1511281,1,automated-ringing,2,Abel
1511281,2,automated-ringing,3,Abel
1511281,3,automated-ringing,4,Abel
1511281,4,automated-ringing,5,Abel
1511281,5,automated-ringing,6,Abel
1511281,6,simulated-sound,,
1511233,0,automated-ringing,1,Abel
1511233,1,automated-ringing,2,Abel
1511233,2,automated-ringing,3,Abel
1511233,3,automated-ringing,4,Abel
1511233,4,automated-ringing,5,Abel
1511233,5,automated-ringing,6,Abel
1511233,6,simulated-sound,,
1628843,0,simulated-sound,,
1511129,0,automated-ringing,1,Abel
1511129,1,automated-ringing,2,Abel
1511129,2,automated-ringing,3,Abel
1511129,3,automated-ringing,4,Abel
1511129,4,automated-ringing,5,Abel
1511129,5,automated-ringing,6,Abel
1511129,6,simulated-sound,,
1511055,0,simulated-sound,,Performed on a virtual ringing platform.
1511062,0,automated-ringing,1,Abel
1511062,1,automated-ringing,2,Abel
1511062,2,automated-ringing,3,Abel
1511062,3,automated-ringing,4,Abel
1511062,4,automated-ringing,5,Abel
1511062,5,automated-ringing,6,Abel
1511062,6,automated-ringing,7,Abel
1511062,7,automated-ringing,8,Abel
1511062,8,simulated-sound,,
1628845,0,simulated-sound,,
1511044,0,automated-ringing,1,Virtual Belfry
1511044,1,automated-ringing,2,Virtual Belfry
1511044,2,automated-ringing,3,Virtual Belfry
1511044,3,automated-ringing,4,Virtual Belfry
1511044,4,automated-ringing,5,Virtual Belfry
1511044,5,automated-ringing,6,Virtual Belfry
1511044,6,automated-ringing,8,Virtual Belfry
1511044,7,simulated-sound,,
1510990,0,first-quarter,6,
1514236,0,automated-ringing,1,Mobel
1514236,1,automated-ringing,2,Mobel
1514236,2,automated-ringing,4,Mobel
1514236,3,automated-ringing,5,Mobel
1514236,4,automated-ringing,6,Mobel
1514236,5,simulated-sound,,
1510967,0,simulated-sound,,Performed on a ring of dumb bells.
1511071,0,simulated-sound,,Performed on a virtual ringing platform.
1511041,0,simulated-sound,,Performed on a virtual ringing platform.
1510959,0,simulated-sound,,Performed on a virtual ringing platform.
1510958,0,simulated-sound,,Performed on a virtual ringing platform.
1511018,0,automated-ringing,1,Abel
1511018,1,automated-ringing,2,Abel
1511018,2,automated-ringing,3,Abel
1511018,3,automated-ringing,4,Abel
1511018,4,automated-ringing,5,Abel
1511018,5,automated-ringing,6,Abel
1511018,6,simulated-sound,,
1511002,0,automated-ringing,1,Abel
1511002,1,automated-ringing,2,Abel
1511002,2,automated-ringing,3,Abel
1511002,3,automated-ringing,4,Abel
1511002,4,automated-ringing,5,Abel
1511002,5,automated-ringing,6,Abel
1511002,6,automated-ringing,7,Abel
1511002,7,automated-ringing,8,Abel
1511002,8,simulated-sound,,
1628846,0,simulated-sound,,
1510880,0,simulated-sound,,Performed on a virtual ringing platform.
1510867,0,simulated-sound,,Performed on a virtual ringing platform.
1510992,0,simulated-sound,,Performed on a virtual ringing platform.
1510933,0,automated-ringing,1,Abel
1510933,1,automated-ringing,2,Abel
1510933,2,automated-ringing,3,Abel
1510933,3,automated-ringing,4,Abel
1510933,4,automated-ringing,5,Abel
1510933,5,automated-ringing,6,Abel
1510933,6,simulated-sound,,
1510833,0,automated-ringing,1,Virtual Belfry
1510833,1,automated-ringing,2,Virtual Belfry
1510833,2,automated-ringing,4,Virtual Belfry
1510833,3,automated-ringing,5,Virtual Belfry
1510833,4,automated-ringing,6,Virtual Belfry
1510833,5,simulated-sound,,
1510809,0,automated-ringing,1,Abel
1510809,1,automated-ringing,2,Abel
1510809,2,automated-ringing,3,Abel
1510809,3,automated-ringing,4,Abel
1510809,4,automated-ringing,5,Abel
1510809,5,automated-ringing,6,Abel
1510809,6,automated-ringing,7,Abel
1510809,7,automated-ringing,8,Abel
1510809,8,automated-ringing,9,Abel
1510809,9,automated-ringing,10,Abel
1510809,10,automated-ringing,11,Abel
1510809,11,automated-ringing,12,Abel
1510809,12,simulated-sound,,
1512820,0,simulated-sound,,Performed on a virtual ringing platform.
1510797,0,automated-ringing,1,Abel
1510797,1,automated-ringing,2,Abel
1510797,2,automated-ringing,3,Abel
1510797,3,automated-ringing,4,Abel
1510797,4,automated-ringing,5,Abel
1510797,5,automated-ringing,6,Abel
1510797,6,simulated-sound,,
1510738,0,simulated-sound,,Performed on a virtual ringing platform.
1510682,0,simulated-sound,,Performed on a virtual ringing platform.
1510690,0,simulated-sound,,Performed on a virtual ringing platform.
1510790,0,first-quarter,1,
1510727,0,simulated-sound,,
1510668,0,simulated-sound,,
1510710,0,automated-ringing,1,Abel
1510710,1,automated-ringing,2,Abel
1510710,2,automated-ringing,3,Abel
1510710,3,automated-ringing,4,Abel
1510710,4,automated-ringing,5,Abel
1510710,5,automated-ringing,6,Abel
1510710,6,simulated-sound,,
1511664,0,simulated-sound,,Performed on a virtual ringing platform.
1510607,0,simulated-sound,,Performed on a virtual ringing platform.
1510584,0,simulated-sound,,Performed on a virtual ringing platform.
1510613,0,automated-ringing,3,Wheatley
1510613,1,automated-ringing,4,Wheatley
1510613,2,automated-ringing,5,Wheatley
1510613,3,automated-ringing,6,Wheatley
1510613,4,simulated-sound,,Performed on a virtual ringing platform.
1510585,0,simulated-sound,,Performed on a virtual ringing platform.
1510665,0,first-quarter,2,
1510600,0,automated-ringing,1,Abel
1510600,1,automated-ringing,2,Abel
1510600,2,automated-ringing,3,Abel
1510600,3,automated-ringing,4,Abel
1510600,4,automated-ringing,5,Abel
1510600,5,automated-ringing,6,Abel
1510600,6,simulated-sound,,
1510474,0,first-quarter,1,
1510539,0,first-quarter,6,
1510513,0,first-quarter,6,
1510462,0,first-quarter,1,
1510490,0,automated-ringing,1,Abel
1510490,1,automated-ringing,2,Abel
1510490,2,automated-ringing,3,Abel
1510490,3,automated-ringing,4,Abel
1510490,4,automated-ringing,5,Abel
1510490,5,automated-ringing,6,Abel
1510490,6,automated-ringing,7,Abel
1510490,7,automated-ringing,8,Abel
1510490,8,automated-ringing,9,Abel
1510490,9,automated-ringing,10,Abel
1510490,10,automated-ringing,11,Abel
1510490,11,automated-ringing,12,Abel
1510490,12,simulated-sound,,
1510552,0,simulated-sound,,Performed on a virtual ringing platform.
1510463,0,first-quarter,6,
1510463,1,first-quarter,7,
1510466,0,automated-ringing,1,Abel
1510466,1,automated-ringing,2,Abel
1510466,2,automated-ringing,3,Abel
1510466,3,automated-ringing,4,Abel
1510466,4,automated-ringing,5,Abel
1510466,5,automated-ringing,6,Abel
1510466,6,simulated-sound,,
1510441,0,automated-ringing,1,Abel
1510441,1,automated-ringing,2,Abel
1510441,2,automated-ringing,3,Abel
1510441,3,automated-ringing,4,Abel
1510441,4,automated-ringing,5,Abel
1510441,5,automated-ringing,6,Abel
1510441,6,simulated-sound,,
1509923,0,simulated-sound,,
1510421,0,automated-ringing,1,Virtual Belfry
1510421,1,automated-ringing,2,Virtual Belfry
1510421,2,automated-ringing,3,Virtual Belfry
1510421,3,automated-ringing,4,Virtual Belfry
1510421,4,automated-ringing,6,Virtual Belfry
1510421,5,simulated-sound,,
1510268,0,automated-ringing,1,Virtual Belfry
1510268,1,automated-ringing,2,Virtual Belfry
1510268,2,automated-ringing,3,Virtual Belfry
1510268,3,automated-ringing,4,Virtual Belfry
1510268,4,automated-ringing,5,Virtual Belfry
1510268,5,automated-ringing,6,Virtual Belfry
1510268,6,automated-ringing,8,Virtual Belfry
1510268,7,simulated-sound,,
1510088,0,automated-ringing,1,Virtual Belfry
1510088,1,automated-ringing,2,Virtual Belfry
1510088,2,automated-ringing,3,Virtual Belfry
1510088,3,automated-ringing,4,Virtual Belfry
1510088,4,automated-ringing,5,Virtual Belfry
1510088,5,automated-ringing,6,Virtual Belfry
1510088,6,automated-ringing,7,Virtual Belfry
1510088,7,automated-ringing,8,Virtual Belfry
1510088,8,automated-ringing,10,Virtual Belfry
1510088,9,simulated-sound,,
1509941,0,automated-ringing,1,Virtual Belfry
1509941,1,automated-ringing,2,Virtual Belfry
1509941,2,automated-ringing,3,Virtual Belfry
1509941,3,automated-ringing,4,Virtual Belfry
1509941,4,automated-ringing,5,Virtual Belfry
1509941,5,automated-ringing,6,Virtual Belfry
1509941,6,automated-ringing,7,Virtual Belfry
1509941,7,automated-ringing,8,Virtual Belfry
1509941,8,automated-ringing,9,Virtual Belfry
1509941,9,automated-ringing,10,Virtual Belfry
1509941,10,automated-ringing,12,Virtual Belfry
1509941,11,simulated-sound,,
1510525,0,first-quarter,6,
1509948,0,automated-ringing,1,Abel
1509948,1,automated-ringing,2,Abel
1509948,2,automated-ringing,5,Abel
1509948,3,automated-ringing,6,Abel
1509948,4,automated-ringing,7,Abel
1509948,5,automated-ringing,8,Abel
1509948,6,simulated-sound,,
1509984,0,automated-ringing,1,Abel
1509984,1,automated-ringing,2,Abel
1509984,2,automated-ringing,3,Abel
1509984,3,automated-ringing,4,Abel
1509984,4,automated-ringing,5,Abel
1509984,5,automated-ringing,6,Abel
1509984,6,simulated-sound,,
1509882,0,simulated-sound,,Performed on a virtual ringing platform.
1509888,0,simulated-sound,,Performed on a virtual ringing platform.
1509868,0,simulated-sound,,Performed on a virtual ringing platform.
1509886,0,simulated-sound,,Performed on a virtual ringing platform.
1509832,0,simulated-sound,,Performed on a virtual ringing platform.
1509756,0,simulated-sound,,Performed on a virtual ringing platform.
1509827,0,automated-ringing,1,Abel
1509827,1,automated-ringing,2,Abel
1509827,2,automated-ringing,3,Abel
1509827,3,automated-ringing,4,Abel
1509827,4,automated-ringing,5,Abel
1509827,5,automated-ringing,6,Abel
1509827,6,simulated-sound,,
1509822,0,automated-ringing,1,Abel
1509822,1,automated-ringing,2,Abel
1509822,2,automated-ringing,3,Abel
1509822,3,automated-ringing,4,Abel
1509822,4,automated-ringing,5,Abel
1509822,5,automated-ringing,6,Abel
1509822,6,simulated-sound,,
1509650,0,first-quarter,6,
1510377,0,simulated-sound,,Performed on a virtual ringing platform.
1509932,0,simulated-sound,,Performed on a virtual ringing platform.
1509609,0,simulated-sound,,Performed on a virtual ringing platform.
1509673,0,simulated-sound,,Performed on a virtual ringing platform.
1509576,0,simulated-sound,,Performed on a virtual ringing platform.
1509632,0,simulated-sound,,Performed on a virtual ringing platform.
1509579,0,automated-ringing,1,Abel
1509579,1,automated-ringing,2,Abel
1509579,2,automated-ringing,3,Abel
1509579,3,automated-ringing,4,Abel
1509579,4,automated-ringing,5,Abel
1509579,5,automated-ringing,6,Abel
1509579,6,simulated-sound,,
1509473,0,simulated-sound,,Performed on a virtual ringing platform.
1509451,0,simulated-sound,,Performed on a virtual ringing platform.
1509446,0,automated-ringing,1,Abel
1509446,1,automated-ringing,2,Abel
1509446,2,automated-ringing,3,Abel
1509446,3,automated-ringing,4,Abel
1509446,4,automated-ringing,5,Abel
1509446,5,automated-ringing,6,Abel
1509446,6,simulated-sound,,
1509474,0,first-quarter,3,
1509474,1,first-quarter,6,
1509315,0,automated-ringing,1,Abel
1509315,1,automated-ringing,2,Abel
1509315,2,automated-ringing,3,Abel
1509315,3,automated-ringing,4,Abel
1509315,4,automated-ringing,5,Abel
1509315,5,automated-ringing,6,Abel
1509315,6,automated-ringing,7,Abel
1509315,7,automated-ringing,8,Abel
1509315,8,automated-ringing,9,Abel
1509315,9,automated-ringing,10,Abel
1509315,10,automated-ringing,11,Abel
1509315,11,automated-ringing,12,Abel
1509315,12,simulated-sound,,
1509414,0,simulated-sound,,Performed on a virtual ringing platform.
1509326,0,simulated-sound,,Performed on a virtual ringing platform.
1509385,0,first-quarter,1,
1509331,0,automated-ringing,1,Abel
1509331,1,automated-ringing,2,Abel
1509331,2,automated-ringing,3,Abel
1509331,3,automated-ringing,4,Abel
1509331,4,automated-ringing,5,Abel
1509331,5,automated-ringing,6,Abel
1509331,6,simulated-sound,,
1509390,0,first-quarter,1,
1509218,0,automated-ringing,1,Abel
1509218,1,automated-ringing,2,Abel
1509218,2,automated-ringing,3,Abel
1509218,3,automated-ringing,4,Abel
1509218,4,automated-ringing,5,Abel
1509218,5,automated-ringing,6,Abel
1509218,6,simulated-sound,,
1509155,0,simulated-sound,,Performed on a virtual ringing platform.
1509280,0,simulated-sound,,Performed on a virtual ringing platform.
1509216,0,simulated-sound,,Performed on a virtual ringing platform.
1509184,0,automated-ringing,1,Abel
1509184,1,automated-ringing,2,Abel
1509184,2,automated-ringing,3,Abel
1509184,3,automated-ringing,4,Abel
1509184,4,automated-ringing,5,Abel
1509184,5,automated-ringing,6,Abel
1509184,6,simulated-sound,,
1509057,0,first-quarter,1,
1508916,0,simulated-sound,,
1509884,0,first-peal,3,
1509095,0,simulated-sound,,Performed on a virtual ringing platform.
1509090,0,simulated-sound,,Performed on a virtual ringing platform.
1509047,0,simulated-sound,,Performed on a virtual ringing platform.
1508871,0,first-quarter,6,
1509017,0,automated-ringing,1,Abel
1509017,1,automated-ringing,2,Abel
1509017,2,automated-ringing,3,Abel
1509017,3,automated-ringing,4,Abel
1509017,4,automated-ringing,5,Abel
1509017,5,automated-ringing,6,Abel
1509017,6,simulated-sound,,
1508724,0,automated-ringing,1,Abel
1508724,1,automated-ringing,2,Abel
1508724,2,automated-ringing,3,Abel
1508724,3,automated-ringing,4,Abel
1508724,4,automated-ringing,5,Abel
1508724,5,automated-ringing,6,Abel
1508724,6,simulated-sound,,
1508713,0,automated-ringing,1,Abel
1508713,1,automated-ringing,2,Abel
1508713,2,automated-ringing,3,Abel
1508713,3,automated-ringing,4,Abel
1508713,4,automated-ringing,5,Abel
1508713,5,automated-ringing,6,Abel
1508713,6,simulated-sound,,
1508614,0,simulated-sound,,
1508592,0,first-peal,1,
1513011,0,simulated-sound,,Performed on a virtual ringing platform.
1508604,0,automated-ringing,1,Abel
1508604,1,automated-ringing,2,Abel
1508604,2,automated-ringing,3,Abel
1508604,3,automated-ringing,4,Abel
1508604,4,automated-ringing,5,Abel
1508604,5,automated-ringing,6,Abel
1508604,6,simulated-sound,,
1508580,0,automated-ringing,1,Abel
1508580,1,automated-ringing,2,Abel
1508580,2,automated-ringing,3,Abel
1508580,3,automated-ringing,4,Abel
1508580,4,automated-ringing,5,Abel
1508580,5,automated-ringing,6,Abel
1508580,6,simulated-sound,,
1628847,0,simulated-sound,,
1508474,0,automated-ringing,1,Abel
1508474,1,automated-ringing,2,Abel
1508474,2,automated-ringing,3,Abel
1508474,3,automated-ringing,4,Abel
1508474,4,automated-ringing,5,Abel
1508474,5,automated-ringing,6,Abel
1508474,6,simulated-sound,,
1523668,0,simulated-sound,,Performed on a virtual ringing platform.
1508566,0,simulated-sound,,Performed on a virtual ringing platform.
1508468,0,simulated-sound,,Performed on a virtual ringing platform.
1509685,0,simulated-sound,,Performed on a virtual ringing platform.
1512675,0,simulated-sound,,Performed on a virtual ringing platform.
1511589,0,simulated-sound,,Performed on a virtual ringing platform.
1508469,0,simulated-sound,,Performed on a virtual ringing platform.
1508485,0,automated-ringing,3,Wheatley
1508485,1,automated-ringing,4,Wheatley
1508485,2,automated-ringing,5,Wheatley
1508485,3,automated-ringing,6,Wheatley
1508485,4,simulated-sound,,Performed on a virtual ringing platform.
1509575,0,simulated-sound,,Performed on a virtual ringing platform.
1508464,0,automated-ringing,1,Abel
1508464,1,automated-ringing,2,Abel
1508464,2,automated-ringing,3,Abel
1508464,3,automated-ringing,4,Abel
1508464,4,automated-ringing,5,Abel
1508464,5,automated-ringing,6,Abel
1508464,6,automated-ringing,7,Abel
1508464,7,automated-ringing,8,Abel
1508464,8,simulated-sound,,
1508534,0,simulated-sound,,
1518296,0,simulated-sound,,
1518205,0,automated-ringing,1,Abel
1518205,1,automated-ringing,2,Abel
1518205,2,automated-ringing,3,Abel
1518205,3,automated-ringing,4,Abel
1518205,4,automated-ringing,5,Abel
1518205,5,automated-ringing,6,Abel
1518205,6,automated-ringing,7,Abel
1518205,7,automated-ringing,8,Abel
1518205,8,automated-ringing,9,Abel
1518205,9,automated-ringing,10,Abel
1518205,10,simulated-sound,,
1518216,0,automated-ringing,3,Wheatley
1518216,1,automated-ringing,4,Wheatley
1518216,2,simulated-sound,,Performed on a virtual ringing platform.
1518187,0,simulated-sound,,Performed on a virtual ringing platform.
1518283,0,first-quarter,1,
1518283,1,first-quarter,6,
1518201,0,automated-ringing,1,Abel
1518201,1,automated-ringing,2,Abel
1518201,2,automated-ringing,3,Abel
1518201,3,automated-ringing,4,Abel
1518201,4,automated-ringing,5,Abel
1518201,5,automated-ringing,6,Abel
1518201,6,simulated-sound,,
1676426,0,simulated-sound,,Performed on a ring of dumb bells.
1523536,0,first-quarter,1,
1518169,0,simulated-sound,,Performed on a virtual ringing platform.
1518083,0,automated-ringing,1,Abel
1518083,1,automated-ringing,2,Abel
1518083,2,automated-ringing,3,Abel
1518083,3,automated-ringing,4,Abel
1518083,4,automated-ringing,5,Abel
1518083,5,automated-ringing,6,Abel
1518083,6,simulated-sound,,
1517928,0,first-quarter,6,
1517976,0,first-quarter,6,
1517946,0,first-quarter,3,
1517946,1,first-quarter,4,
1786471,0,first-quarter,6,
1807497,0,simulated-sound,,Performed on a virtual ringing platform.
1518310,0,false,,"Based on the description, six rows were rung 159 times, twelve were rung 212 times, and the remaining six 265 times."
1517826,0,first-peal,3,
1518040,0,first-peal,2,
1517703,0,automated-ringing,1,Abel
1517703,1,automated-ringing,2,Abel
1517703,2,automated-ringing,3,Abel
1517703,3,automated-ringing,4,Abel
1517703,4,automated-ringing,5,Abel
1517703,5,automated-ringing,6,Abel
1517703,6,automated-ringing,7,Abel
1517703,7,automated-ringing,8,Abel
1517703,8,automated-ringing,9,Abel
1517703,9,automated-ringing,10,Abel
1517703,10,simulated-sound,,
1517743,0,simulated-sound,,Performed on a virtual ringing platform.
1517717,0,simulated-sound,,Performed on a virtual ringing platform.
1517707,0,simulated-sound,,Performed on a virtual ringing platform.
1517694,0,automated-ringing,1,Wheatley
1517694,1,automated-ringing,3,Wheatley
1517694,2,simulated-sound,,Performed on a virtual ringing platform.
1517684,0,simulated-sound,,Performed on a virtual ringing platform.
1517678,0,simulated-sound,,Performed on a virtual ringing platform.
1517709,0,first-quarter,6,
1517732,0,automated-ringing,1,Abel
1517732,1,automated-ringing,2,Abel
1517732,2,automated-ringing,3,Abel
1517732,3,automated-ringing,4,Abel
1517732,4,automated-ringing,5,Abel
1517732,5,automated-ringing,6,Abel
1517732,6,simulated-sound,,
1536377,0,first-quarter,1,
1517641,0,simulated-sound,,Performed on a virtual ringing platform.
1517556,0,simulated-sound,,Performed on a virtual ringing platform.
1517523,0,simulated-sound,,Performed on a virtual ringing platform.
1517578,0,simulated-sound,,Performed on a virtual ringing platform.
1517585,0,simulated-sound,,Performed on a virtual ringing platform.
1517552,0,automated-ringing,1,Wheatley
1517552,1,automated-ringing,3,Wheatley
1517552,2,automated-ringing,4,Wheatley
1517552,3,automated-ringing,6,Wheatley
1517552,4,simulated-sound,,Performed on a virtual ringing platform.
1517569,0,simulated-sound,,Performed on a virtual ringing platform.
1517570,0,automated-ringing,1,Abel
1517570,1,automated-ringing,2,Abel
1517570,2,automated-ringing,3,Abel
1517570,3,automated-ringing,4,Abel
1517570,4,automated-ringing,5,Abel
1517570,5,automated-ringing,6,Abel
1517570,6,automated-ringing,7,Abel
1517570,7,automated-ringing,8,Abel
1517570,8,simulated-sound,,
1517483,0,automated-ringing,1,Virtual Belfry
1517483,1,automated-ringing,2,Virtual Belfry
1517483,2,automated-ringing,3,Virtual Belfry
1517483,3,automated-ringing,4,Virtual Belfry
1517483,4,automated-ringing,5,Virtual Belfry
1517483,5,simulated-sound,,
1517468,0,automated-ringing,1,Abel
1517468,1,automated-ringing,2,Abel
1517468,2,automated-ringing,3,Abel
1517468,3,automated-ringing,4,Abel
1517468,4,automated-ringing,5,Abel
1517468,5,automated-ringing,6,Abel
1517468,6,automated-ringing,7,Abel
1517468,7,automated-ringing,8,Abel
1517468,8,automated-ringing,9,Abel
1517468,9,automated-ringing,10,Abel
1517468,10,automated-ringing,11,Abel
1517468,11,automated-ringing,12,Abel
1517468,12,simulated-sound,,
1517497,0,simulated-sound,,Performed on a virtual ringing platform.
1517514,0,automated-ringing,1,Abel
1517514,1,automated-ringing,2,Abel
1517514,2,automated-ringing,3,Abel
1517514,3,automated-ringing,4,Abel
1517514,4,automated-ringing,5,Abel
1517514,5,automated-ringing,6,Abel
1517514,6,simulated-sound,,
1517508,0,automated-ringing,1,Abel
1517508,1,automated-ringing,2,Abel
1517508,2,automated-ringing,3,Abel
1517508,3,automated-ringing,4,Abel
1517508,4,automated-ringing,5,Abel
1517508,5,automated-ringing,6,Abel
1517508,6,simulated-sound,,
1517477,0,automated-ringing,1,Abel
1517477,1,automated-ringing,2,Abel
1517477,2,automated-ringing,3,Abel
1517477,3,automated-ringing,4,Abel
1517477,4,automated-ringing,5,Abel
1517477,5,automated-ringing,6,Abel
1517477,6,simulated-sound,,
1517474,0,automated-ringing,1,Abel
1517474,1,automated-ringing,2,Abel
1517474,2,automated-ringing,3,Abel
1517474,3,automated-ringing,4,Abel
1517474,4,automated-ringing,5,Abel
1517474,5,automated-ringing,6,Abel
1517474,6,automated-ringing,7,Abel
1517474,7,automated-ringing,8,Abel
1517474,8,simulated-sound,,
1517261,0,automated-ringing,1,Abel
1517261,1,automated-ringing,2,Abel
1517261,2,automated-ringing,3,Abel
1517261,3,automated-ringing,4,Abel
1517261,4,automated-ringing,5,Abel
1517261,5,automated-ringing,6,Abel
1517261,6,simulated-sound,,
1517305,0,simulated-sound,,Performed on a virtual ringing platform.
1517249,0,simulated-sound,,Performed on a virtual ringing platform.
1517224,0,simulated-sound,,Performed on a virtual ringing platform.
1517196,0,simulated-sound,,Performed on a virtual ringing platform.
1517917,0,first-quarter,6,
1517296,0,automated-ringing,1,Abel
1517296,1,automated-ringing,2,Abel
1517296,2,automated-ringing,3,Abel
1517296,3,automated-ringing,4,Abel
1517296,4,automated-ringing,5,Abel
1517296,5,automated-ringing,6,Abel
1517296,6,simulated-sound,,
1517274,0,automated-ringing,1,Abel
1517274,1,automated-ringing,2,Abel
1517274,2,automated-ringing,3,Abel
1517274,3,automated-ringing,4,Abel
1517274,4,automated-ringing,5,Abel
1517274,5,automated-ringing,6,Abel
1517274,6,simulated-sound,,
1517019,0,first-quarter,1,
1517042,0,first-peal,1,
1517467,0,first-quarter,4,
1517027,0,simulated-sound,,Performed on a virtual ringing platform.
1517003,0,simulated-sound,,Performed on a virtual ringing platform.
1517009,0,simulated-sound,,Performed on a virtual ringing platform.
1628842,0,simulated-sound,,
1516811,0,simulated-sound,,Performed on a ring of dumb bells.
1516899,0,simulated-sound,,Performed on a virtual ringing platform.
1516834,0,simulated-sound,,Performed on a virtual ringing platform.
1516830,0,simulated-sound,,Performed on a virtual ringing platform.
1516823,0,automated-ringing,1,Abel
1516823,1,automated-ringing,2,Abel
1516823,2,automated-ringing,3,Abel
1516823,3,automated-ringing,4,Abel
1516823,4,automated-ringing,5,Abel
1516823,5,automated-ringing,6,Abel
1516823,6,simulated-sound,,
1517015,0,first-quarter,6,
1516848,0,simulated-sound,,Performed on a virtual ringing platform.
1516769,0,automated-ringing,1,Abel
1516769,1,automated-ringing,2,Abel
1516769,2,automated-ringing,3,Abel
1516769,3,automated-ringing,4,Abel
1516769,4,automated-ringing,5,Abel
1516769,5,automated-ringing,6,Abel
1516769,6,simulated-sound,,
1516556,0,new-method,,
1516638,0,simulated-sound,,Performed on a virtual ringing platform.
1516623,0,automated-ringing,1,Abel
1516623,1,automated-ringing,2,Abel
1516623,2,automated-ringing,3,Abel
1516623,3,automated-ringing,4,Abel
1516623,4,automated-ringing,5,Abel
1516623,5,automated-ringing,6,Abel
1516623,6,simulated-sound,,
1516465,0,first-quarter,1,
1516462,0,first-quarter,1,
1516479,0,first-quarter,1,
1516472,0,simulated-sound,,Performed on a virtual ringing platform.
1516413,0,first-quarter,1,
1516413,1,first-quarter,6,
1516444,0,automated-ringing,1,Abel
1516444,1,automated-ringing,2,Abel
1516444,2,automated-ringing,3,Abel
1516444,3,automated-ringing,4,Abel
1516444,4,automated-ringing,5,Abel
1516444,5,automated-ringing,6,Abel
1516444,6,simulated-sound,,
1516187,0,automated-ringing,1,Abel
1516187,1,automated-ringing,2,Abel
1516187,2,automated-ringing,3,Abel
1516187,3,automated-ringing,4,Abel
1516187,4,automated-ringing,5,Abel
1516187,5,automated-ringing,6,Abel
1516187,6,automated-ringing,7,Abel
1516187,7,automated-ringing,8,Abel
1516187,8,automated-ringing,9,Abel
1516187,9,automated-ringing,10,Abel
1516187,10,simulated-sound,,
1516149,0,simulated-sound,,Performed on a virtual ringing platform.
1517028,0,simulated-sound,,Performed on a virtual ringing platform.
1516304,0,simulated-sound,,Performed on a virtual ringing platform.
1516186,0,simulated-sound,,Performed on a virtual ringing platform.
1516173,0,automated-ringing,1,Abel
1516173,1,automated-ringing,2,Abel
1516173,2,automated-ringing,3,Abel
1516173,3,automated-ringing,4,Abel
1516173,4,automated-ringing,5,Abel
1516173,5,automated-ringing,6,Abel
1516173,6,simulated-sound,,
1516755,0,first-quarter,6,
1515974,0,first-peal,2,
1516004,0,simulated-sound,,
1515934,0,simulated-sound,,
1516069,0,simulated-sound,,Performed on a virtual ringing platform.
1515862,0,first-quarter,1,
1515755,0,automated-ringing,1,Abel
1515755,1,automated-ringing,2,Abel
1515755,2,automated-ringing,3,Abel
1515755,3,automated-ringing,4,Abel
1515755,4,automated-ringing,5,Abel
1515755,5,automated-ringing,6,Abel
1515755,6,automated-ringing,7,Abel
1515755,7,automated-ringing,8,Abel
1515755,8,simulated-sound,,
1515680,0,simulated-sound,,Performed on a virtual ringing platform.
1515697,0,simulated-sound,,Performed on a virtual ringing platform.
1515599,0,simulated-sound,,Performed on a virtual ringing platform.
1515731,0,first-quarter,6,
1515569,0,simulated-sound,,
1783449,0,first-quarter,6,
1515540,0,simulated-sound,,Performed on a virtual ringing platform.
1515562,0,simulated-sound,,Performed on a virtual ringing platform.
1515577,0,first-quarter,1,
1515510,0,first-quarter,7,
1515510,1,first-quarter,8,
1515437,0,simulated-sound,,Performed on a virtual ringing platform.
1515415,0,simulated-sound,,Performed on a virtual ringing platform.
1515381,0,simulated-sound,,Performed on a virtual ringing platform.
1515424,0,automated-ringing,3,Wheatley
1515424,1,automated-ringing,4,Wheatley
1515424,2,automated-ringing,5,Wheatley
1515424,3,automated-ringing,6,Wheatley
1515424,4,simulated-sound,,Performed on a virtual ringing platform.
1515378,0,simulated-sound,,Performed on a virtual ringing platform.
1515331,0,simulated-sound,,Performed on a virtual ringing platform.
1515279,0,simulated-sound,,Performed on a virtual ringing platform.
1515152,0,first-quarter,6,
1515173,0,simulated-sound,,Performed on a virtual ringing platform.
1515000,0,first-quarter,1,
1514998,0,first-quarter,1,
1516598,0,first-quarter,6,
1515065,0,first-quarter,5,
1515077,0,simulated-sound,,Performed on a virtual ringing platform.
1515042,0,simulated-sound,,Performed on a virtual ringing platform.
1515075,0,automated-ringing,1,Abel
1515075,1,automated-ringing,2,Abel
1515075,2,automated-ringing,3,Abel
1515075,3,automated-ringing,4,Abel
1515075,4,automated-ringing,5,Abel
1515075,5,automated-ringing,6,Abel
1515075,6,simulated-sound,,
1515018,0,automated-ringing,1,Abel
1515018,1,automated-ringing,2,Abel
1515018,2,automated-ringing,3,Abel
1515018,3,automated-ringing,4,Abel
1515018,4,automated-ringing,5,Abel
1515018,5,automated-ringing,6,Abel
1515018,6,simulated-sound,,
1514999,0,automated-ringing,1,Abel
1514999,1,automated-ringing,2,Abel
1514999,2,automated-ringing,3,Abel
1514999,3,automated-ringing,4,Abel
1514999,4,automated-ringing,5,Abel
1514999,5,automated-ringing,6,Abel
1514999,6,simulated-sound,,
1515551,0,first-peal,5,
1514846,0,automated-ringing,1,Abel
1514846,1,automated-ringing,2,Abel
1514846,2,automated-ringing,3,Abel
1514846,3,automated-ringing,4,Abel
1514846,4,automated-ringing,5,Abel
1514846,5,automated-ringing,6,Abel
1514846,6,automated-ringing,7,Abel
1514846,7,automated-ringing,8,Abel
1514846,8,simulated-sound,,
1514864,0,simulated-sound,,
1514943,0,simulated-sound,,Performed on a virtual ringing platform.
1515327,0,simulated-sound,,Performed on a virtual ringing platform.
1514774,0,simulated-sound,,Performed on a virtual ringing platform.
1514750,0,simulated-sound,,Performed on a virtual ringing platform.
1514753,0,automated-ringing,3,Wheatley
1514753,1,automated-ringing,4,Wheatley
1514753,2,simulated-sound,,Performed on a virtual ringing platform.
1514681,0,simulated-sound,,Performed on a virtual ringing platform.
1514674,0,first-quarter,1,
1551174,0,simulated-sound,,Performed on a virtual ringing platform.
1514564,0,simulated-sound,,Performed on a virtual ringing platform.
1514577,0,simulated-sound,,Performed on a virtual ringing platform.
1514609,0,simulated-sound,,Performed on a virtual ringing platform.
1514587,0,simulated-sound,,Performed on a virtual ringing platform.
1514529,0,first-quarter,1,
1514437,0,simulated-sound,,Performed on a virtual ringing platform.
1514512,0,simulated-sound,,Performed on a virtual ringing platform.
1514363,0,simulated-sound,,Performed on a virtual ringing platform.
1514414,0,automated-ringing,1,Abel
1514414,1,automated-ringing,2,Abel
1514414,2,automated-ringing,3,Abel
1514414,3,automated-ringing,4,Abel
1514414,4,automated-ringing,5,Abel
1514414,5,automated-ringing,6,Abel
1514414,6,simulated-sound,,
1514246,0,automated-ringing,1,Abel
1514246,1,automated-ringing,2,Abel
1514246,2,automated-ringing,3,Abel
1514246,3,automated-ringing,4,Abel
1514246,4,automated-ringing,5,Abel
1514246,5,automated-ringing,6,Abel
1514246,6,automated-ringing,7,Abel
1514246,7,automated-ringing,8,Abel
1514246,8,simulated-sound,,
1514234,0,simulated-sound,,Performed on a virtual ringing platform.
1514235,0,simulated-sound,,Performed on a virtual ringing platform.
1514232,0,simulated-sound,,Performed on a virtual ringing platform.
1514240,0,automated-ringing,1,Wheatley
1514240,1,automated-ringing,2,Wheatley
1514240,2,automated-ringing,3,Wheatley
1514240,3,automated-ringing,4,Wheatley
1514240,4,automated-ringing,7,Wheatley
1514240,5,automated-ringing,8,Wheatley
1514240,6,simulated-sound,,Performed on a virtual ringing platform.
1514275,0,automated-ringing,1,Abel
1514275,1,automated-ringing,2,Abel
1514275,2,automated-ringing,3,Abel
1514275,3,automated-ringing,4,Abel
1514275,4,automated-ringing,5,Abel
1514275,5,automated-ringing,6,Abel
1514275,6,simulated-sound,,
1513992,0,first-quarter,6,
1513970,0,first-peal,1,
1513997,0,simulated-sound,,Performed on a virtual ringing platform.
1513941,0,simulated-sound,,Performed on a virtual ringing platform.
1513994,0,automated-ringing,1,Abel
1513994,1,automated-ringing,2,Abel
1513994,2,automated-ringing,3,Abel
1513994,3,automated-ringing,4,Abel
1513994,4,simulated-sound,,
1513918,0,automated-ringing,1,Abel
1513918,1,automated-ringing,2,Abel
1513918,2,automated-ringing,3,Abel
1513918,3,automated-ringing,4,Abel
1513918,4,automated-ringing,5,Abel
1513918,5,automated-ringing,6,Abel
1513918,6,simulated-sound,,
1513835,0,automated-ringing,1,Abel
1513835,1,automated-ringing,2,Abel
1513835,2,automated-ringing,3,Abel
1513835,3,automated-ringing,4,Abel
1513835,4,automated-ringing,5,Abel
1513835,5,automated-ringing,6,Abel
1513835,6,simulated-sound,,
1513685,0,simulated-sound,,Performed on a virtual ringing platform.
1525441,0,first-quarter,6,
1513844,0,first-quarter,6,
1513720,0,automated-ringing,1,Abel
1513720,1,automated-ringing,2,Abel
1513720,2,automated-ringing,3,Abel
1513720,3,automated-ringing,4,Abel
1513720,4,automated-ringing,5,Abel
1513720,5,automated-ringing,6,Abel
1513720,6,simulated-sound,,
1513577,0,automated-ringing,1,Abel
1513577,1,automated-ringing,2,Abel
1513577,2,automated-ringing,3,Abel
1513577,3,automated-ringing,4,Abel
1513577,4,simulated-sound,,
1513485,0,automated-ringing,1,Abel
1513485,1,automated-ringing,2,Abel
1513485,2,automated-ringing,3,Abel
1513485,3,automated-ringing,4,Abel
1513485,4,automated-ringing,5,Abel
1513485,5,automated-ringing,6,Abel
1513485,6,simulated-sound,,
1526696,0,first-quarter,1,
1526550,0,simulated-sound,,Performed on a virtual ringing platform.
1526695,0,simulated-sound,,
1526667,0,first-quarter,1,
1528686,0,simulated-sound,,Performed on a virtual ringing platform.
1526593,0,simulated-sound,,Performed on a virtual ringing platform.
1526700,0,automated-ringing,1,Abel
1526700,1,automated-ringing,2,Abel
1526700,2,automated-ringing,3,Abel
1526700,3,automated-ringing,4,Abel
1526700,4,automated-ringing,5,Abel
1526700,5,automated-ringing,6,Abel
1526700,6,simulated-sound,,
1526513,0,automated-ringing,1,Abel
1526513,1,automated-ringing,2,Abel
1526513,2,automated-ringing,3,Abel
1526513,3,automated-ringing,4,Abel
1526513,4,automated-ringing,5,Abel
1526513,5,automated-ringing,6,Abel
1526513,6,automated-ringing,7,Abel
1526513,7,automated-ringing,8,Abel
1526513,8,automated-ringing,9,Abel
1526513,9,automated-ringing,10,Abel
1526513,10,simulated-sound,,
1526524,0,simulated-sound,,Performed on a virtual ringing platform.
1526507,0,simulated-sound,,Performed on a virtual ringing platform.
1527355,0,simulated-sound,,Performed on a virtual ringing platform.
1526354,0,simulated-sound,,Performed on a virtual ringing platform.
1526164,0,automated-ringing,1,Abel
1526164,1,automated-ringing,2,Abel
1526164,2,automated-ringing,3,Abel
1526164,3,automated-ringing,4,Abel
1526164,4,automated-ringing,5,Abel
1526164,5,automated-ringing,6,Abel
1526164,6,automated-ringing,7,Abel
1526164,7,automated-ringing,8,Abel
1526164,8,simulated-sound,,
1536022,0,first-peal,3,
1526387,0,simulated-sound,,Performed on a virtual ringing platform.
1526202,0,simulated-sound,,Performed on a virtual ringing platform.
1526183,0,simulated-sound,,Performed on a virtual ringing platform.
1526177,0,automated-ringing,1,Abel
1526177,1,automated-ringing,2,Abel
1526177,2,automated-ringing,3,Abel
1526177,3,automated-ringing,4,Abel
1526177,4,automated-ringing,5,Abel
1526177,5,automated-ringing,6,Abel
1526177,6,simulated-sound,,
1679295,0,automated-ringing,1,Virtual Belfry
1679295,1,automated-ringing,2,Virtual Belfry
1679295,2,automated-ringing,3,Virtual Belfry
1679295,3,automated-ringing,4,Virtual Belfry
1679295,4,automated-ringing,5,Virtual Belfry
1679295,5,automated-ringing,6,Virtual Belfry
1679295,6,automated-ringing,7,Virtual Belfry
1679295,7,automated-ringing,8,Virtual Belfry
1679295,8,automated-ringing,9,Virtual Belfry
1679295,9,automated-ringing,10,Virtual Belfry
1679295,10,automated-ringing,11,Virtual Belfry
1679295,11,simulated-sound,,
1683963,0,first-quarter,1,
1526126,0,simulated-sound,,Performed on a virtual ringing platform.
1526050,0,simulated-sound,,Performed on a virtual ringing platform.
1525938,0,automated-ringing,1,Wheatley
1525938,1,automated-ringing,2,Wheatley
1525938,2,automated-ringing,3,Wheatley
1525938,3,automated-ringing,4,Wheatley
1525938,4,simulated-sound,,Performed on a virtual ringing platform.
1525997,0,first-quarter,6,
1526041,0,first-quarter,1,
1526046,0,automated-ringing,1,Abel
1526046,1,automated-ringing,2,Abel
1526046,2,automated-ringing,3,Abel
1526046,3,automated-ringing,4,Abel
1526046,4,automated-ringing,5,Abel
1526046,5,automated-ringing,6,Abel
1526046,6,automated-ringing,7,Abel
1526046,7,automated-ringing,8,Abel
1526046,8,simulated-sound,,
1525953,0,automated-ringing,1,Abel
1525953,1,automated-ringing,2,Abel
1525953,2,automated-ringing,3,Abel
1525953,3,automated-ringing,4,Abel
1525953,4,automated-ringing,5,Abel
1525953,5,automated-ringing,6,Abel
1525953,6,simulated-sound,,
1525872,0,first-quarter,6,
1525859,0,automated-ringing,1,Abel
1525859,1,automated-ringing,2,Abel
1525859,2,automated-ringing,3,Abel
1525859,3,automated-ringing,4,Abel
1525859,4,automated-ringing,5,Abel
1525859,5,automated-ringing,6,Abel
1525859,6,simulated-sound,,
1525846,0,automated-ringing,1,Abel
1525846,1,automated-ringing,2,Abel
1525846,2,automated-ringing,3,Abel
1525846,3,automated-ringing,4,Abel
1525846,4,automated-ringing,5,Abel
1525846,5,automated-ringing,6,Abel
1525846,6,simulated-sound,,
1525725,0,first-quarter,1,
1526145,0,first-quarter,8,
1525703,0,simulated-sound,,Performed on a virtual ringing platform.
1525797,0,simulated-sound,,Performed on a virtual ringing platform.
1525731,0,simulated-sound,,Performed on a virtual ringing platform.
1525761,0,simulated-sound,,Performed on a virtual ringing platform.
1525739,0,simulated-sound,,Performed on a virtual ringing platform.
1834273,0,simulated-sound,,Performed on a virtual ringing platform.
1525692,0,simulated-sound,,Performed on a virtual ringing platform.
1525816,0,first-quarter,6,
1525671,0,lost-attempt,,
1525571,0,first-quarter,6,
1525611,0,simulated-sound,,Performed on a virtual ringing platform.
1525626,0,automated-ringing,1,Abel
1525626,1,automated-ringing,2,Abel
1525626,2,automated-ringing,3,Abel
1525626,3,automated-ringing,4,Abel
1525626,4,automated-ringing,5,Abel
1525626,5,automated-ringing,6,Abel
1525626,6,simulated-sound,,
1525591,0,automated-ringing,1,Abel
1525591,1,automated-ringing,2,Abel
1525591,2,automated-ringing,3,Abel
1525591,3,automated-ringing,4,Abel
1525591,4,automated-ringing,5,Abel
1525591,5,automated-ringing,6,Abel
1525591,6,simulated-sound,,
1525677,0,first-quarter,6,
1525543,0,first-quarter,1,
1525548,0,simulated-sound,,Performed on a virtual ringing platform.
1525545,0,simulated-sound,,Performed on a virtual ringing platform.
1527352,0,simulated-sound,,Performed on a virtual ringing platform.
1525540,0,first-quarter,6,
1525516,0,automated-ringing,1,Abel
1525516,1,automated-ringing,2,Abel
1525516,2,automated-ringing,3,Abel
1525516,3,automated-ringing,4,Abel
1525516,4,automated-ringing,5,Abel
1525516,5,automated-ringing,6,Abel
1525516,6,simulated-sound,,
1525512,0,automated-ringing,1,Abel
1525512,1,automated-ringing,2,Abel
1525512,2,automated-ringing,3,Abel
1525512,3,automated-ringing,4,Abel
1525512,4,automated-ringing,5,Abel
1525512,5,automated-ringing,6,Abel
1525512,6,simulated-sound,,
1525498,0,first-quarter,6,
1525767,0,first-quarter,6,
1525426,0,first-peal,1,
1525426,1,first-peal,2,
1525426,2,first-peal,3,
1525497,0,new-method,,
1525434,0,automated-ringing,1,Abel
1525434,1,automated-ringing,2,Abel
1525434,2,automated-ringing,3,Abel
1525434,3,automated-ringing,4,Abel
1525434,4,automated-ringing,5,Abel
1525434,5,automated-ringing,6,Abel
1525434,6,automated-ringing,7,Abel
1525434,7,automated-ringing,8,Abel
1525434,8,automated-ringing,9,Abel
1525434,9,automated-ringing,10,Abel
1525434,10,simulated-sound,,
1525486,0,simulated-sound,,Performed on a virtual ringing platform.
1525487,0,first-quarter,2,
1525273,0,simulated-sound,,Performed on a virtual ringing platform.
1525334,0,first-quarter,6,
1525278,0,automated-ringing,1,Abel
1525278,1,automated-ringing,2,Abel
1525278,2,automated-ringing,3,Abel
1525278,3,automated-ringing,4,Abel
1525278,4,automated-ringing,5,Abel
1525278,5,automated-ringing,6,Abel
1525278,6,simulated-sound,,
1525272,0,automated-ringing,1,Abel
1525272,1,automated-ringing,2,Abel
1525272,2,automated-ringing,3,Abel
1525272,3,automated-ringing,4,Abel
1525272,4,automated-ringing,5,Abel
1525272,5,automated-ringing,6,Abel
1525272,6,simulated-sound,,
1525113,0,first-quarter,6,
1525135,0,simulated-sound,,
1525134,0,simulated-sound,,
1525029,0,first-quarter,1,
1525152,0,simulated-sound,,Performed on a virtual ringing platform.
1525060,0,automated-ringing,1,Abel
1525060,1,automated-ringing,2,Abel
1525060,2,automated-ringing,3,Abel
1525060,3,automated-ringing,4,Abel
1525060,4,automated-ringing,5,Abel
1525060,5,automated-ringing,6,Abel
1525060,6,simulated-sound,,
1527732,0,simulated-sound,,
1524966,0,first-peal,3,
1524769,0,automated-ringing,1,Abel
1524769,1,automated-ringing,2,Abel
1524769,2,automated-ringing,3,Abel
1524769,3,automated-ringing,4,Abel
1524769,4,automated-ringing,5,Abel
1524769,5,automated-ringing,6,Abel
1524769,6,automated-ringing,7,Abel
1524769,7,automated-ringing,8,Abel
1524769,8,automated-ringing,9,Abel
1524769,9,automated-ringing,10,Abel
1524769,10,simulated-sound,,
1528255,0,simulated-sound,,Performed on a virtual ringing platform.
1524815,0,simulated-sound,,Performed on a virtual ringing platform.
1524753,0,simulated-sound,,Performed on a virtual ringing platform.
1527353,0,simulated-sound,,Performed on a virtual ringing platform.
1524751,0,automated-ringing,1,Abel
1524751,1,automated-ringing,2,Abel
1524751,2,automated-ringing,3,Abel
1524751,3,automated-ringing,4,Abel
1524751,4,automated-ringing,5,Abel
1524751,5,automated-ringing,6,Abel
1524751,6,simulated-sound,,
1524828,0,first-quarter,2,
1524675,0,simulated-sound,,
1524695,0,simulated-sound,,Performed on a virtual ringing platform.
1524476,0,simulated-sound,,
1524505,0,new-method,,
1524512,0,simulated-sound,,Performed on a virtual ringing platform.
1524288,0,automated-ringing,1,Mobel
1524288,1,automated-ringing,2,Mobel
1524288,2,automated-ringing,3,Mobel
1524288,3,automated-ringing,4,Mobel
1524288,4,automated-ringing,5,Mobel
1524288,5,automated-ringing,6,Mobel
1524288,6,automated-ringing,7,Mobel
1524288,7,automated-ringing,8,Mobel
1524288,8,automated-ringing,9,Mobel
1524288,9,automated-ringing,10,Mobel
1524288,10,automated-ringing,11,Mobel
1524288,11,simulated-sound,,
1524310,0,automated-ringing,1,Abel
1524310,1,automated-ringing,2,Abel
1524310,2,automated-ringing,3,Abel
1524310,3,automated-ringing,4,Abel
1524310,4,automated-ringing,5,Abel
1524310,5,automated-ringing,6,Abel
1524310,6,simulated-sound,,
1524273,0,simulated-sound,,Performed on a virtual ringing platform.
1524453,0,first-quarter,6,
1524219,0,first-quarter,6,
1524206,0,first-quarter,8,
1524200,0,simulated-sound,,Performed on a virtual ringing platform.
1524224,0,simulated-sound,,Performed on a virtual ringing platform.
1524191,0,simulated-sound,,Performed on a virtual ringing platform.
1524049,0,first-peal,2,
1524119,0,automated-ringing,1,Abel
1524119,1,automated-ringing,2,Abel
1524119,2,automated-ringing,3,Abel
1524119,3,automated-ringing,4,Abel
1524119,4,automated-ringing,5,Abel
1524119,5,automated-ringing,6,Abel
1524119,6,automated-ringing,7,Abel
1524119,7,simulated-sound,,
1686181,0,first-peal,1,
1523948,0,first-quarter,1,
1524060,0,simulated-sound,,Performed on a virtual ringing platform.
1524655,0,first-quarter,6,
1523965,0,automated-ringing,1,Abel
1523965,1,automated-ringing,2,Abel
1523965,2,automated-ringing,3,Abel
1523965,3,automated-ringing,4,Abel
1523965,4,automated-ringing,5,Abel
1523965,5,automated-ringing,6,Abel
1523965,6,simulated-sound,,
1523934,0,automated-ringing,1,Abel
1523934,1,automated-ringing,2,Abel
1523934,2,automated-ringing,3,Abel
1523934,3,automated-ringing,4,Abel
1523934,4,automated-ringing,5,Abel
1523934,5,automated-ringing,6,Abel
1523934,6,simulated-sound,,
1523787,0,simulated-sound,,Performed on a virtual ringing platform.
1523700,0,automated-ringing,1,Abel
1523700,1,automated-ringing,2,Abel
1523700,2,automated-ringing,3,Abel
1523700,3,automated-ringing,4,Abel
1523700,4,automated-ringing,5,Abel
1523700,5,automated-ringing,6,Abel
1523700,6,simulated-sound,,
1523628,0,automated-ringing,1,Abel
1523628,1,automated-ringing,2,Abel
1523628,2,automated-ringing,3,Abel
1523628,3,automated-ringing,4,Abel
1523628,4,automated-ringing,5,Abel
1523628,5,automated-ringing,6,Abel
1523628,6,simulated-sound,,
1523662,0,simulated-sound,,Performed on a virtual ringing platform.
1523755,0,simulated-sound,,Performed on a virtual ringing platform.
1523630,0,simulated-sound,,Performed on a virtual ringing platform.
1523615,0,automated-ringing,1,Abel
1523615,1,automated-ringing,2,Abel
1523615,2,automated-ringing,3,Abel
1523615,3,automated-ringing,4,Abel
1523615,4,automated-ringing,5,Abel
1523615,5,automated-ringing,6,Abel
1523615,6,simulated-sound,,
1523568,0,simulated-sound,,
1523418,0,simulated-sound,,Performed on a virtual ringing platform.
1523557,0,simulated-sound,,Performed on a virtual ringing platform.
1523458,0,simulated-sound,,Performed on a virtual ringing platform.
1523407,0,simulated-sound,,Performed on a virtual ringing platform.
1523459,0,simulated-sound,,Performed on a virtual ringing platform.
1523449,0,simulated-sound,,Performed on a virtual ringing platform.
1523553,0,automated-ringing,1,Abel
1523553,1,automated-ringing,2,Abel
1523553,2,automated-ringing,3,Abel
1523553,3,automated-ringing,4,Abel
1523553,4,automated-ringing,5,Abel
1523553,5,automated-ringing,6,Abel
1523553,6,simulated-sound,,
1523461,0,automated-ringing,1,Abel
1523461,1,automated-ringing,2,Abel
1523461,2,automated-ringing,3,Abel
1523461,3,automated-ringing,4,Abel
1523461,4,automated-ringing,5,Abel
1523461,5,automated-ringing,6,Abel
1523461,6,simulated-sound,,
1524556,0,first-quarter,1,
1524556,1,first-quarter,2,
1523253,0,automated-ringing,1,Abel
1523253,1,automated-ringing,2,Abel
1523253,2,automated-ringing,3,Abel
1523253,3,automated-ringing,4,Abel
1523253,4,automated-ringing,5,Abel
1523253,5,automated-ringing,6,Abel
1523253,6,automated-ringing,7,Abel
1523253,7,automated-ringing,8,Abel
1523253,8,simulated-sound,,
1523309,0,simulated-sound,,Performed on a virtual ringing platform.
1523260,0,simulated-sound,,Performed on a virtual ringing platform.
1523117,0,first-quarter,6,
1523109,0,simulated-sound,,
1523043,0,automated-ringing,1,Wheatley
1523043,1,automated-ringing,2,Wheatley
1523043,2,automated-ringing,3,Wheatley
1523043,3,automated-ringing,4,Wheatley
1523043,4,simulated-sound,,Performed on a virtual ringing platform.
1782813,0,first-quarter,6,
1717764,0,first-peal,3,
1717764,1,first-peal,6,
1522805,0,first-quarter,1,
1523580,0,first-quarter,1,
1522671,0,simulated-sound,,Performed on a virtual ringing platform.
1522819,0,simulated-sound,,Performed on a virtual ringing platform.
1522711,0,simulated-sound,,Performed on a virtual ringing platform.
1522789,0,first-quarter,1,
1521248,0,first-quarter,6,
1523190,0,first-quarter,1,
1521585,0,first-quarter,4,
1523266,0,first-quarter,6,
1521537,0,first-quarter,1,
1521786,0,first-quarter,1,
1522165,0,first-quarter,4,
1521910,0,first-quarter,7,
1521780,0,first-quarter,1,
1521518,0,first-quarter,6,
1521401,0,first-quarter,1,
1521707,0,simulated-sound,,Performed on a virtual ringing platform.
1522277,0,simulated-sound,,Performed on a virtual ringing platform.
1522082,0,simulated-sound,,Performed on a virtual ringing platform.
1522039,0,simulated-sound,,Performed on a virtual ringing platform.
1521621,0,first-quarter,6,
1523038,0,first-peal,8,
1523067,0,first-peal,2,
1521723,0,first-quarter,6,
1521862,0,first-quarter,1,
1522167,0,first-quarter,6,
1522154,0,automated-ringing,1,Abel
1522154,1,automated-ringing,2,Abel
1522154,2,automated-ringing,3,Abel
1522154,3,automated-ringing,4,Abel
1522154,4,automated-ringing,5,Abel
1522154,5,automated-ringing,6,Abel
1522154,6,simulated-sound,,
1521566,0,automated-ringing,1,Abel
1521566,1,automated-ringing,2,Abel
1521566,2,automated-ringing,3,Abel
1521566,3,automated-ringing,4,Abel
1521566,4,simulated-sound,,
1522414,0,first-quarter,6,
1520568,0,first-peal,1,
1520568,1,first-peal,6,
1520803,0,first-quarter,1,
1521988,0,first-peal,6,
1520627,0,first-peal,3,
1522462,0,first-peal,1,
1522462,1,first-peal,5,
1520643,0,first-quarter,1,
1520751,0,first-quarter,1,
1520460,0,first-quarter,6,
1523537,0,first-peal,1,
1523537,1,first-peal,5,
1523537,2,first-peal,8,
1522387,0,first-quarter,6,
1520737,0,first-quarter,1,
1520737,1,first-quarter,6,
1521122,0,first-peal,1,
1520442,0,simulated-sound,,Performed on a virtual ringing platform.
1687675,0,first-quarter,1,
1520975,0,first-peal,4,
1520735,0,first-quarter,1,
1520738,0,first-quarter,5,
1519384,0,first-peal,6,
1519379,0,first-peal,3,
1519163,0,first-quarter,1,
1520919,0,first-quarter,6,
1522389,0,first-quarter,3,
1522389,1,first-quarter,6,
1541077,0,first-quarter,1,
1519965,0,first-quarter,1,
1519402,0,first-quarter,1,
1520840,0,first-peal,1,
1715875,0,first-quarter,6,
1521901,0,first-quarter,6,
1521325,0,first-quarter,6,
1519555,0,lost-attempt,,
1519919,0,first-quarter,6,
1519711,0,first-quarter,6,
1519802,0,first-peal,10,
1658438,0,first-quarter,1,
1658565,0,first-peal,4,
1519615,0,first-quarter,6,
1522856,0,first-quarter,6,
1522191,0,lost-attempt,,
1685617,0,first-quarter,1,
1524463,0,first-quarter,2,
1524463,1,first-quarter,3,
1522722,0,first-quarter,6,
1520137,0,simulated-sound,,Performed on a virtual ringing platform.
1520212,0,simulated-sound,,Performed on a virtual ringing platform.
1519844,0,simulated-sound,,Performed on a virtual ringing platform.
1519090,0,simulated-sound,,Performed on a virtual ringing platform.
1519458,0,first-peal,8,
1520050,0,first-quarter,6,
1745135,0,first-quarter,1,
1519780,0,first-peal,1,
1522734,0,first-peal,1,
1519418,0,first-quarter,6,
1522759,0,first-quarter,5,
1519194,0,first-quarter,8,
1519484,0,first-quarter,2,
1519484,1,first-quarter,6,
1519405,0,first-quarter,6,
1519318,0,first-quarter,2,
1519267,0,first-quarter,6,
1519466,0,first-quarter,1,
1519708,0,new-method,,
1523141,0,first-quarter,6,
1519603,0,first-quarter,6,
1518928,0,first-peal,2,
1518994,0,first-quarter,1,
1518944,0,first-quarter,1,
1519067,0,automated-ringing,1,Wheatley
1519067,1,automated-ringing,2,Wheatley
1519067,2,automated-ringing,5,Wheatley
1519067,3,automated-ringing,6,Wheatley
1519067,4,simulated-sound,,
1519066,0,automated-ringing,3,Wheatley
1519066,1,automated-ringing,4,Wheatley
1519066,2,automated-ringing,5,Wheatley
1519066,3,automated-ringing,6,Wheatley
1519066,4,simulated-sound,,
1519062,0,automated-ringing,1,Wheatley
1519062,1,automated-ringing,2,Wheatley
1519062,2,automated-ringing,3,Wheatley
1519062,3,automated-ringing,4,Wheatley
1519062,4,simulated-sound,,
1518670,0,first-peal,6,
1518901,0,first-quarter,1,
1523225,0,lost-attempt,,"Peal attempt, called to a halt early."
1522378,0,first-peal,1,
1522378,1,first-peal,2,
1522378,2,first-peal,4,
1518521,0,first-quarter,1,
1916066,0,first-peal,1,
1519078,0,first-quarter,8,
1519024,0,first-quarter,6,
1520720,0,lost-attempt,,
1518884,0,first-quarter,1,
1518884,1,first-quarter,5,
1518884,2,first-quarter,6,
1518585,0,first-peal,2,
1519737,0,first-quarter,1,
1523979,0,first-quarter,1,
1523185,0,lost-attempt,,
1519880,0,first-quarter,1,
1519923,0,first-quarter,6,
1518689,0,first-quarter,1,
1518689,1,first-quarter,6,
1519006,0,automated-ringing,2,Wheatley
1519006,1,automated-ringing,3,Wheatley
1519006,2,automated-ringing,4,Wheatley
1519006,3,automated-ringing,5,Wheatley
1519006,4,automated-ringing,6,Wheatley
1519006,5,automated-ringing,7,Wheatley
1519006,6,simulated-sound,,Performed on a virtual ringing platform.
1518661,0,simulated-sound,,Performed on a virtual ringing platform.
1518515,0,automated-ringing,1,Wheatley
1518515,1,automated-ringing,3,Wheatley
1518515,2,automated-ringing,5,Wheatley
1518515,3,automated-ringing,6,Wheatley
1518515,4,automated-ringing,7,Wheatley
1518515,5,simulated-sound,,Performed on a virtual ringing platform.
1529049,0,simulated-sound,,Performed on a virtual ringing platform.
1519013,0,first-peal,1,
1519013,1,first-peal,2,
1518691,0,first-quarter,6,
1518744,0,first-peal,3,
1615656,0,first-peal,1,
1518662,0,automated-ringing,1,Abel
1518662,1,automated-ringing,2,Abel
1518662,2,automated-ringing,3,Abel
1518662,3,automated-ringing,4,Abel
1518662,4,automated-ringing,5,Abel
1518662,5,automated-ringing,6,Abel
1518662,6,simulated-sound,,
1518470,0,first-quarter,6,
1518359,0,automated-ringing,1,Abel
1518359,1,automated-ringing,2,Abel
1518359,2,automated-ringing,3,Abel
1518359,3,automated-ringing,4,Abel
1518359,4,automated-ringing,5,Abel
1518359,5,automated-ringing,6,Abel
1518359,6,automated-ringing,7,Abel
1518359,7,automated-ringing,8,Abel
1518359,8,simulated-sound,,
1518392,0,simulated-sound,,Performed on a virtual ringing platform.
1518416,0,simulated-sound,,Performed on a virtual ringing platform.
1531996,0,first-quarter,1,
1533321,0,first-quarter,1,
1531851,0,first-quarter,6,
1531955,0,simulated-sound,,Performed on a virtual ringing platform.
1531951,0,simulated-sound,,Performed on a virtual ringing platform.
1531950,0,simulated-sound,,Performed on a virtual ringing platform.
1531880,0,first-quarter,1,
1531934,0,automated-ringing,1,Abel
1531934,1,automated-ringing,2,Abel
1531934,2,automated-ringing,3,Abel
1531934,3,automated-ringing,4,Abel
1531934,4,automated-ringing,5,Abel
1531934,5,automated-ringing,6,Abel
1531934,6,simulated-sound,,
1531833,0,automated-ringing,1,Abel
1531833,1,automated-ringing,2,Abel
1531833,2,automated-ringing,3,Abel
1531833,3,automated-ringing,4,Abel
1531833,4,automated-ringing,5,Abel
1531833,5,automated-ringing,6,Abel
1531833,6,simulated-sound,,
1531776,0,automated-ringing,1,Abel
1531776,1,automated-ringing,2,Abel
1531776,2,automated-ringing,3,Abel
1531776,3,automated-ringing,4,Abel
1531776,4,automated-ringing,5,Abel
1531776,5,automated-ringing,6,Abel
1531776,6,automated-ringing,7,Abel
1531776,7,automated-ringing,8,Abel
1531776,8,automated-ringing,9,Abel
1531776,9,simulated-sound,,
1534639,0,first-peal,1,
1531660,0,simulated-sound,,Performed on a virtual ringing platform.
1531626,0,simulated-sound,,Performed on a virtual ringing platform.
1531598,0,automated-ringing,3,Wheatley
1531598,1,automated-ringing,4,Wheatley
1531598,2,automated-ringing,7,Wheatley
1531598,3,automated-ringing,8,Wheatley
1531598,4,simulated-sound,,Performed on a virtual ringing platform.
1531484,0,automated-ringing,1,Abel
1531484,1,automated-ringing,2,Abel
1531484,2,automated-ringing,3,Abel
1531484,3,automated-ringing,4,Abel
1531484,4,automated-ringing,5,Abel
1531484,5,automated-ringing,6,Abel
1531484,6,simulated-sound,,
1531457,0,automated-ringing,1,Abel
1531457,1,automated-ringing,2,Abel
1531457,2,automated-ringing,3,Abel
1531457,3,automated-ringing,4,Abel
1531457,4,automated-ringing,5,Abel
1531457,5,automated-ringing,6,Abel
1531457,6,simulated-sound,,
1531248,0,first-quarter,5,
1531432,0,simulated-sound,,Performed on a virtual ringing platform.
1531277,0,simulated-sound,,Performed on a virtual ringing platform.
1531201,0,simulated-sound,,Performed on a virtual ringing platform.
1531128,0,simulated-sound,,
1531092,0,automated-ringing,1,Abel
1531092,1,automated-ringing,2,Abel
1531092,2,automated-ringing,3,Abel
1531092,3,automated-ringing,4,Abel
1531092,4,automated-ringing,5,Abel
1531092,5,automated-ringing,6,Abel
1531092,6,automated-ringing,7,Abel
1531092,7,automated-ringing,8,Abel
1531092,8,automated-ringing,9,Abel
1531092,9,automated-ringing,10,Abel
1531092,10,automated-ringing,11,Abel
1531092,11,automated-ringing,12,Abel
1531092,12,simulated-sound,,
1530990,0,simulated-sound,,Performed on a virtual ringing platform.
1531090,0,simulated-sound,,Performed on a virtual ringing platform.
1531074,0,simulated-sound,,Performed on a virtual ringing platform.
1531094,0,automated-ringing,1,Wheatley
1531094,1,automated-ringing,2,Wheatley
1531094,2,automated-ringing,5,Wheatley
1531094,3,automated-ringing,6,Wheatley
1531094,4,simulated-sound,,Performed on a virtual ringing platform.
1530982,0,automated-ringing,1,Wheatley
1530982,1,automated-ringing,6,Wheatley
1530982,2,simulated-sound,,Performed on a virtual ringing platform.
1531093,0,automated-ringing,1,Abel
1531093,1,automated-ringing,2,Abel
1531093,2,automated-ringing,3,Abel
1531093,3,automated-ringing,4,Abel
1531093,4,automated-ringing,5,Abel
1531093,5,automated-ringing,6,Abel
1531093,6,simulated-sound,,
1531086,0,automated-ringing,1,Abel
1531086,1,automated-ringing,2,Abel
1531086,2,automated-ringing,3,Abel
1531086,3,automated-ringing,4,Abel
1531086,4,automated-ringing,5,Abel
1531086,5,automated-ringing,6,Abel
1531086,6,simulated-sound,,
1530854,0,first-quarter,1,
1530777,0,automated-ringing,1,Virtual Belfry
1530777,1,automated-ringing,2,Virtual Belfry
1530777,2,automated-ringing,3,Virtual Belfry
1530777,3,automated-ringing,4,Virtual Belfry
1530777,4,automated-ringing,5,Virtual Belfry
1530777,5,simulated-sound,,
1530885,0,simulated-sound,,Performed on a virtual ringing platform.
1530810,0,automated-ringing,1,Abel
1530810,1,automated-ringing,2,Abel
1530810,2,automated-ringing,3,Abel
1530810,3,automated-ringing,4,Abel
1530810,4,automated-ringing,5,Abel
1530810,5,automated-ringing,6,Abel
1530810,6,simulated-sound,,
1530658,0,first-quarter,2,
1530658,1,first-quarter,6,
1530677,0,simulated-sound,,Performed on a virtual ringing platform.
1530561,0,simulated-sound,,Performed on a virtual ringing platform.
1530488,0,simulated-sound,,Performed on a virtual ringing platform.
1530644,0,first-quarter,6,
1530624,0,automated-ringing,1,Abel
1530624,1,automated-ringing,2,Abel
1530624,2,automated-ringing,3,Abel
1530624,3,automated-ringing,4,Abel
1530624,4,automated-ringing,5,Abel
1530624,5,automated-ringing,6,Abel
1530624,6,simulated-sound,,
1530585,0,automated-ringing,1,Abel
1530585,1,automated-ringing,2,Abel
1530585,2,automated-ringing,3,Abel
1530585,3,automated-ringing,4,Abel
1530585,4,automated-ringing,5,Abel
1530585,5,automated-ringing,6,Abel
1530585,6,simulated-sound,,
1530330,0,automated-ringing,1,Abel
1530330,1,automated-ringing,2,Abel
1530330,2,automated-ringing,3,Abel
1530330,3,automated-ringing,4,Abel
1530330,4,automated-ringing,5,Abel
1530330,5,automated-ringing,6,Abel
1530330,6,simulated-sound,,
1530294,0,simulated-sound,,Performed on a virtual ringing platform.
1530409,0,simulated-sound,,Performed on a virtual ringing platform.
1530409,1,new-method,,
1530289,0,simulated-sound,,Performed on a virtual ringing platform.
1530230,0,simulated-sound,,Performed on a virtual ringing platform.
1530247,0,automated-ringing,3,Wheatley
1530247,1,automated-ringing,4,Wheatley
1530247,2,automated-ringing,7,Wheatley
1530247,3,automated-ringing,8,Wheatley
1530247,4,simulated-sound,,Performed on a virtual ringing platform.
1530153,0,simulated-sound,,Performed on a virtual ringing platform.
1530004,0,first-quarter,1,
1530035,0,simulated-sound,,Performed on a virtual ringing platform.
1529825,0,first-peal,4,
1530053,0,first-peal,3,
1529791,0,automated-ringing,1,Abel
1529791,1,automated-ringing,2,Abel
1529791,2,automated-ringing,3,Abel
1529791,3,automated-ringing,4,Abel
1529791,4,automated-ringing,5,Abel
1529791,5,automated-ringing,6,Abel
1529791,6,simulated-sound,,
1530678,0,simulated-sound,,Performed on a virtual ringing platform.
1529781,0,simulated-sound,,Performed on a virtual ringing platform.
1529783,0,first-peal,4,
1529772,0,automated-ringing,1,Abel
1529772,1,automated-ringing,2,Abel
1529772,2,automated-ringing,3,Abel
1529772,3,automated-ringing,4,Abel
1529772,4,automated-ringing,5,Abel
1529772,5,automated-ringing,6,Abel
1529772,6,simulated-sound,,
1529688,0,automated-ringing,1,Abel
1529688,1,automated-ringing,2,Abel
1529688,2,automated-ringing,3,Abel
1529688,3,automated-ringing,4,Abel
1529688,4,automated-ringing,5,Abel
1529688,5,automated-ringing,6,Abel
1529688,6,automated-ringing,7,Abel
1529688,7,automated-ringing,8,Abel
1529688,8,simulated-sound,,
1529671,0,automated-ringing,1,Abel
1529671,1,automated-ringing,2,Abel
1529671,2,automated-ringing,3,Abel
1529671,3,automated-ringing,4,Abel
1529671,4,automated-ringing,5,Abel
1529671,5,automated-ringing,6,Abel
1529671,6,simulated-sound,,
1529829,0,first-quarter,1,
1579579,0,first-quarter,6,
1529634,0,simulated-sound,,Performed on a virtual ringing platform.
1529598,0,simulated-sound,,Performed on a virtual ringing platform.
1529497,0,automated-ringing,5,Wheatley
1529497,1,automated-ringing,6,Wheatley
1529497,2,simulated-sound,,Performed on a virtual ringing platform.
1529418,0,simulated-sound,,Performed on a virtual ringing platform.
1529459,0,automated-ringing,1,Abel
1529459,1,automated-ringing,2,Abel
1529459,2,automated-ringing,3,Abel
1529459,3,automated-ringing,4,Abel
1529459,4,automated-ringing,5,Abel
1529459,5,automated-ringing,6,Abel
1529459,6,simulated-sound,,
1529390,0,simulated-sound,,Performed on a virtual ringing platform.
1529396,0,first-quarter,1,
1529396,1,first-quarter,2,
1529392,0,simulated-sound,,Performed on a virtual ringing platform.
1529328,0,simulated-sound,,Performed on a virtual ringing platform.
1529343,0,simulated-sound,,Performed on a virtual ringing platform.
1529342,0,automated-ringing,1,Abel
1529342,1,automated-ringing,2,Abel
1529342,2,automated-ringing,3,Abel
1529342,3,automated-ringing,4,Abel
1529342,4,automated-ringing,5,Abel
1529342,5,automated-ringing,6,Abel
1529342,6,simulated-sound,,
1529316,0,new-method,,
1529244,0,automated-ringing,1,Abel
1529244,1,automated-ringing,2,Abel
1529244,2,automated-ringing,3,Abel
1529244,3,automated-ringing,4,Abel
1529244,4,automated-ringing,5,Abel
1529244,5,automated-ringing,6,Abel
1529244,6,simulated-sound,,
1529315,0,simulated-sound,,Performed on a virtual ringing platform.
1529251,0,simulated-sound,,Performed on a virtual ringing platform.
1529312,0,automated-ringing,1,Abel
1529312,1,automated-ringing,2,Abel
1529312,2,automated-ringing,3,Abel
1529312,3,automated-ringing,4,Abel
1529312,4,automated-ringing,5,Abel
1529312,5,automated-ringing,6,Abel
1529312,6,simulated-sound,,
1529228,0,automated-ringing,1,Abel
1529228,1,automated-ringing,2,Abel
1529228,2,automated-ringing,3,Abel
1529228,3,automated-ringing,4,Abel
1529228,4,automated-ringing,5,Abel
1529228,5,automated-ringing,6,Abel
1529228,6,simulated-sound,,
1529191,0,simulated-sound,,Performed on a virtual ringing platform.
1529118,0,simulated-sound,,Performed on a virtual ringing platform.
1529156,0,automated-ringing,1,Abel
1529156,1,automated-ringing,2,Abel
1529156,2,automated-ringing,3,Abel
1529156,3,automated-ringing,4,Abel
1529156,4,automated-ringing,5,Abel
1529156,5,automated-ringing,6,Abel
1529156,6,simulated-sound,,
1529105,0,automated-ringing,1,Abel
1529105,1,automated-ringing,2,Abel
1529105,2,automated-ringing,3,Abel
1529105,3,automated-ringing,4,Abel
1529105,4,automated-ringing,5,Abel
1529105,5,automated-ringing,6,Abel
1529105,6,simulated-sound,,
1529082,0,automated-ringing,1,Abel
1529082,1,automated-ringing,2,Abel
1529082,2,automated-ringing,3,Abel
1529082,3,automated-ringing,4,Abel
1529082,4,automated-ringing,5,Abel
1529082,5,automated-ringing,6,Abel
1529082,6,simulated-sound,,
1529125,0,simulated-sound,,Performed on a virtual ringing platform.
1529030,0,simulated-sound,,Performed on a virtual ringing platform.
1528979,0,simulated-sound,,Performed on a virtual ringing platform.
1529019,0,automated-ringing,1,Abel
1529019,1,automated-ringing,2,Abel
1529019,2,automated-ringing,3,Abel
1529019,3,automated-ringing,4,Abel
1529019,4,automated-ringing,5,Abel
1529019,5,automated-ringing,6,Abel
1529019,6,simulated-sound,,
1528912,0,new-method,,
1528967,0,simulated-sound,,Performed on a virtual ringing platform.
1528966,0,simulated-sound,,Performed on a virtual ringing platform.
1528948,0,simulated-sound,,Performed on a virtual ringing platform.
1531115,0,automated-ringing,1,Wheatley
1531115,1,automated-ringing,2,Wheatley
1531115,2,automated-ringing,3,Wheatley
1531115,3,automated-ringing,4,Wheatley
1531115,4,automated-ringing,5,Wheatley
1531115,5,automated-ringing,6,Wheatley
1531115,6,simulated-sound,,Performed on a virtual ringing platform.
1528692,0,first-quarter,1,
1528743,0,first-quarter,1,
1528730,0,automated-ringing,1,Abel
1528730,1,automated-ringing,2,Abel
1528730,2,automated-ringing,3,Abel
1528730,3,automated-ringing,4,Abel
1528730,4,automated-ringing,5,Abel
1528730,5,automated-ringing,6,Abel
1528730,6,simulated-sound,,
1528696,0,automated-ringing,1,Abel
1528696,1,automated-ringing,2,Abel
1528696,2,automated-ringing,3,Abel
1528696,3,automated-ringing,4,Abel
1528696,4,automated-ringing,5,Abel
1528696,5,automated-ringing,6,Abel
1528696,6,simulated-sound,,
1528766,0,first-quarter,6,
1528657,0,first-peal,8,
1628839,0,simulated-sound,,
1528685,0,simulated-sound,,Performed on a virtual ringing platform.
1528668,0,simulated-sound,,Performed on a virtual ringing platform.
1531116,0,automated-ringing,1,Wheatley
1531116,1,automated-ringing,2,Wheatley
1531116,2,automated-ringing,5,Wheatley
1531116,3,automated-ringing,6,Wheatley
1531116,4,simulated-sound,,Performed on a virtual ringing platform.
1528572,0,simulated-sound,,Performed on a virtual ringing platform.
1529336,0,automated-ringing,1,Abel
1529336,1,automated-ringing,2,Abel
1529336,2,automated-ringing,3,Abel
1529336,3,automated-ringing,4,Abel
1529336,4,automated-ringing,5,Abel
1529336,5,automated-ringing,6,Abel
1529336,6,simulated-sound,,
1528564,0,simulated-sound,,Performed on a virtual ringing platform.
1528563,0,simulated-sound,,Performed on a virtual ringing platform.
1528501,0,simulated-sound,,Performed on a virtual ringing platform.
1528486,0,simulated-sound,,Performed on a virtual ringing platform.
1528505,0,first-quarter,1,
1528370,0,automated-ringing,1,Abel
1528370,1,automated-ringing,2,Abel
1528370,2,automated-ringing,3,Abel
1528370,3,automated-ringing,4,Abel
1528370,4,automated-ringing,5,Abel
1528370,5,automated-ringing,6,Abel
1528370,6,automated-ringing,7,Abel
1528370,7,automated-ringing,8,Abel
1528370,8,simulated-sound,,
1528368,0,simulated-sound,,Performed on a virtual ringing platform.
1528418,0,automated-ringing,1,Abel
1528418,1,automated-ringing,2,Abel
1528418,2,automated-ringing,3,Abel
1528418,3,automated-ringing,4,Abel
1528418,4,automated-ringing,5,Abel
1528418,5,automated-ringing,6,Abel
1528418,6,simulated-sound,,
1528366,0,automated-ringing,1,Abel
1528366,1,automated-ringing,2,Abel
1528366,2,automated-ringing,3,Abel
1528366,3,automated-ringing,4,Abel
1528366,4,automated-ringing,5,Abel
1528366,5,automated-ringing,6,Abel
1528366,6,simulated-sound,,
1528320,0,simulated-sound,,Performed on a virtual ringing platform.
1528287,0,automated-ringing,1,Abel
1528287,1,automated-ringing,2,Abel
1528287,2,automated-ringing,3,Abel
1528287,3,automated-ringing,4,Abel
1528287,4,automated-ringing,5,Abel
1528287,5,automated-ringing,6,Abel
1528287,6,simulated-sound,,
1528254,0,simulated-sound,,Performed on a virtual ringing platform.
1528216,0,simulated-sound,,Performed on a virtual ringing platform.
1550705,0,simulated-sound,,
1528160,0,first-quarter,1,
1528160,1,first-quarter,6,
1528134,0,first-quarter,6,
1528065,0,automated-ringing,1,Abel
1528065,1,automated-ringing,2,Abel
1528065,2,automated-ringing,3,Abel
1528065,3,automated-ringing,4,Abel
1528065,4,automated-ringing,5,Abel
1528065,5,automated-ringing,6,Abel
1528065,6,simulated-sound,,
1528141,0,simulated-sound,,Performed on a virtual ringing platform.
1528048,0,simulated-sound,,Performed on a virtual ringing platform.
1528021,0,automated-ringing,1,Abel
1528021,1,automated-ringing,2,Abel
1528021,2,automated-ringing,5,Abel
1528021,3,automated-ringing,6,Abel
1528021,4,automated-ringing,7,Abel
1528021,5,automated-ringing,8,Abel
1528021,6,automated-ringing,9,Abel
1528021,7,automated-ringing,10,Abel
1528021,8,simulated-sound,,
1527900,0,first-peal,1,
1527900,1,first-peal,2,
1527894,0,automated-ringing,1,Abel
1527894,1,automated-ringing,2,Abel
1527894,2,automated-ringing,5,Abel
1527894,3,automated-ringing,6,Abel
1527894,4,automated-ringing,7,Abel
1527894,5,automated-ringing,8,Abel
1527894,6,simulated-sound,,
1527909,0,automated-ringing,1,Abel
1527909,1,automated-ringing,2,Abel
1527909,2,automated-ringing,3,Abel
1527909,3,automated-ringing,4,Abel
1527909,4,automated-ringing,5,Abel
1527909,5,automated-ringing,6,Abel
1527909,6,simulated-sound,,
1527875,0,automated-ringing,1,Abel
1527875,1,automated-ringing,2,Abel
1527875,2,automated-ringing,3,Abel
1527875,3,automated-ringing,4,Abel
1527875,4,automated-ringing,5,Abel
1527875,5,automated-ringing,6,Abel
1527875,6,simulated-sound,,
1527793,0,automated-ringing,1,Abel
1527793,1,automated-ringing,2,Abel
1527793,2,automated-ringing,3,Abel
1527793,3,automated-ringing,4,Abel
1527793,4,automated-ringing,5,Abel
1527793,5,automated-ringing,6,Abel
1527793,6,simulated-sound,,
1529635,0,simulated-sound,,Performed on a virtual ringing platform.
1527799,0,simulated-sound,,Performed on a virtual ringing platform.
1527814,0,automated-ringing,1,Wheatley
1527814,1,automated-ringing,2,Wheatley
1527814,2,automated-ringing,4,Wheatley
1527814,3,automated-ringing,5,Wheatley
1527814,4,simulated-sound,,Performed on a virtual ringing platform.
1527784,0,simulated-sound,,Performed on a virtual ringing platform.
1527855,0,automated-ringing,1,Abel
1527855,1,automated-ringing,2,Abel
1527855,2,automated-ringing,5,Abel
1527855,3,automated-ringing,6,Abel
1527855,4,automated-ringing,7,Abel
1527855,5,automated-ringing,8,Abel
1527855,6,simulated-sound,,
1851072,0,simulated-sound,,Performed on a virtual platform.
1527826,0,automated-ringing,1,Abel
1527826,1,automated-ringing,2,Abel
1527826,2,automated-ringing,3,Abel
1527826,3,automated-ringing,4,Abel
1527826,4,automated-ringing,5,Abel
1527826,5,automated-ringing,6,Abel
1527826,6,simulated-sound,,
1527818,0,automated-ringing,1,Abel
1527818,1,automated-ringing,2,Abel
1527818,2,automated-ringing,3,Abel
1527818,3,automated-ringing,4,Abel
1527818,4,automated-ringing,5,Abel
1527818,5,automated-ringing,6,Abel
1527818,6,simulated-sound,,
1527749,0,first-quarter,5,
1527749,1,first-quarter,6,
1527798,0,first-quarter,5,
1527715,0,simulated-sound,,Performed on a virtual ringing platform.
1527701,0,simulated-sound,,Performed on a virtual ringing platform.
1527590,0,simulated-sound,,Performed on a virtual ringing platform.
1527596,0,automated-ringing,1,Abel
1527596,1,automated-ringing,2,Abel
1527596,2,automated-ringing,6,Abel
1527596,3,simulated-sound,,
1527514,0,simulated-sound,,Performed on a virtual ringing platform.
1527516,0,simulated-sound,,Performed on a virtual ringing platform.
1527468,0,simulated-sound,,Performed on a virtual ringing platform.
1527462,0,automated-ringing,1,Abel
1527462,1,automated-ringing,2,Abel
1527462,2,automated-ringing,3,Abel
1527462,3,automated-ringing,4,Abel
1527462,4,automated-ringing,5,Abel
1527462,5,automated-ringing,6,Abel
1527462,6,simulated-sound,,
1527388,0,first-quarter,6,
1527362,0,simulated-sound,,Performed on a virtual ringing platform.
1527381,0,simulated-sound,,Performed on a virtual ringing platform.
1527370,0,simulated-sound,,Performed on a virtual ringing platform.
1527357,0,simulated-sound,,Performed on a virtual ringing platform.
1527123,0,simulated-sound,,Performed on a ring of dumb bells.
1527064,0,simulated-sound,,Performed on a ring of dumb bells.
1527064,1,first-quarter,1,
1527487,0,first-quarter,1,
1527196,0,first-quarter,6,
1526932,0,first-quarter,1,
1526944,0,first-peal,5,
1526944,1,first-peal,8,
1527043,0,simulated-sound,,Performed on a virtual ringing platform.
1628840,0,simulated-sound,,
1526803,0,first-quarter,3,
1526803,1,first-quarter,4,
1526876,0,automated-ringing,1,Abel
1526876,1,automated-ringing,2,Abel
1526876,2,automated-ringing,3,Abel
1526876,3,automated-ringing,4,Abel
1526876,4,automated-ringing,5,Abel
1526876,5,automated-ringing,6,Abel
1526876,6,simulated-sound,,
1526905,0,simulated-sound,,Performed on a virtual ringing platform.
1526893,0,simulated-sound,,Performed on a virtual ringing platform.
1526879,0,simulated-sound,,Performed on a virtual ringing platform.
1526770,0,simulated-sound,,Performed on a virtual ringing platform.
1526913,0,new-method,,
1537478,0,simulated-sound,,Performed on a virtual ringing platform.
1537431,0,simulated-sound,,Performed on a virtual ringing platform.
1537416,0,automated-ringing,1,Abel
1537416,1,automated-ringing,2,Abel
1537416,2,automated-ringing,3,Abel
1537416,3,automated-ringing,4,Abel
1537416,4,automated-ringing,5,Abel
1537416,5,automated-ringing,6,Abel
1537416,6,simulated-sound,,
1537263,0,first-quarter,6,
1537497,0,simulated-sound,,Performed on a virtual ringing platform.
1537302,0,automated-ringing,3,Wheatley
1537302,1,automated-ringing,4,Wheatley
1537302,2,simulated-sound,,Performed on a virtual ringing platform.
1537301,0,automated-ringing,1,Abel
1537301,1,automated-ringing,2,Abel
1537301,2,automated-ringing,3,Abel
1537301,3,automated-ringing,4,Abel
1537301,4,automated-ringing,5,Abel
1537301,5,automated-ringing,6,Abel
1537301,6,simulated-sound,,
1537170,0,automated-ringing,1,Abel
1537170,1,automated-ringing,2,Abel
1537170,2,automated-ringing,3,Abel
1537170,3,automated-ringing,4,Abel
1537170,4,automated-ringing,5,Abel
1537170,5,automated-ringing,6,Abel
1537170,6,automated-ringing,7,Abel
1537170,7,automated-ringing,8,Abel
1537170,8,simulated-sound,,
1537220,0,first-peal,6,
1537229,0,simulated-sound,,Performed on a virtual ringing platform.
1537215,0,simulated-sound,,Performed on a virtual ringing platform.
1537113,0,simulated-sound,,Performed on a virtual ringing platform.
1537163,0,automated-ringing,1,Abel
1537163,1,automated-ringing,2,Abel
1537163,2,automated-ringing,3,Abel
1537163,3,automated-ringing,4,Abel
1537163,4,simulated-sound,,
1537156,0,automated-ringing,1,Abel
1537156,1,automated-ringing,2,Abel
1537156,2,automated-ringing,3,Abel
1537156,3,automated-ringing,4,Abel
1537156,4,simulated-sound,,
1537187,0,first-quarter,6,
1537108,0,simulated-sound,,Performed on a virtual ringing platform.
1537022,0,simulated-sound,,Performed on a virtual ringing platform.
1537075,0,simulated-sound,,Performed on a virtual ringing platform.
1537001,0,automated-ringing,1,Abel
1537001,1,automated-ringing,2,Abel
1537001,2,automated-ringing,3,Abel
1537001,3,automated-ringing,4,Abel
1537001,4,simulated-sound,,
1536869,0,first-quarter,1,
1536857,0,automated-ringing,1,Abel
1536857,1,automated-ringing,2,Abel
1536857,2,automated-ringing,3,Abel
1536857,3,automated-ringing,4,Abel
1536857,4,automated-ringing,5,Abel
1536857,5,automated-ringing,6,Abel
1536857,6,simulated-sound,,
1536935,0,simulated-sound,,Performed on a virtual ringing platform.
1536870,0,simulated-sound,,Performed on a virtual ringing platform.
1536859,0,simulated-sound,,Performed on a virtual ringing platform.
1536769,0,simulated-sound,,Performed on a virtual ringing platform.
1536796,0,first-quarter,6,
1536771,0,automated-ringing,1,Abel
1536771,1,automated-ringing,2,Abel
1536771,2,automated-ringing,3,Abel
1536771,3,automated-ringing,4,Abel
1536771,4,automated-ringing,5,Abel
1536771,5,automated-ringing,6,Abel
1536771,6,simulated-sound,,
1537318,0,first-peal,6,
1536600,0,automated-ringing,1,Abel
1536600,1,automated-ringing,2,Abel
1536600,2,automated-ringing,3,Abel
1536600,3,automated-ringing,4,Abel
1536600,4,automated-ringing,5,Abel
1536600,5,automated-ringing,6,Abel
1536600,6,automated-ringing,7,Abel
1536600,7,automated-ringing,8,Abel
1536600,8,automated-ringing,9,Abel
1536600,9,automated-ringing,10,Abel
1536600,10,simulated-sound,,
1536629,0,first-quarter,6,
1536604,0,simulated-sound,,Performed on a virtual ringing platform.
1536609,0,simulated-sound,,Performed on a virtual ringing platform.
1536602,0,first-quarter,1,
1536602,1,first-quarter,6,
1536525,0,first-quarter,6,
1536493,0,automated-ringing,1,Abel
1536493,1,automated-ringing,2,Abel
1536493,2,automated-ringing,3,Abel
1536493,3,automated-ringing,4,Abel
1536493,4,automated-ringing,5,Abel
1536493,5,automated-ringing,6,Abel
1536493,6,automated-ringing,7,Abel
1536493,7,automated-ringing,8,Abel
1536493,8,simulated-sound,,
1536549,0,simulated-sound,,Performed on a virtual ringing platform.
1536485,0,simulated-sound,,Performed on a virtual ringing platform.
1536533,0,automated-ringing,1,Abel
1536533,1,automated-ringing,2,Abel
1536533,2,automated-ringing,3,Abel
1536533,3,automated-ringing,4,Abel
1536533,4,automated-ringing,5,Abel
1536533,5,automated-ringing,6,Abel
1536533,6,simulated-sound,,
1536417,0,simulated-sound,,Performed on a virtual ringing platform.
1536442,0,simulated-sound,,Performed on a virtual ringing platform.
1536396,0,simulated-sound,,Performed on a virtual ringing platform.
1536321,0,simulated-sound,,Performed on a virtual ringing platform.
1536310,0,automated-ringing,2,Virtual Belfry
1536310,1,automated-ringing,3,Virtual Belfry
1536310,2,automated-ringing,4,Virtual Belfry
1536310,3,automated-ringing,5,Virtual Belfry
1536310,4,automated-ringing,6,Virtual Belfry
1536310,5,automated-ringing,7,Virtual Belfry
1536310,6,automated-ringing,8,Virtual Belfry
1536310,7,simulated-sound,,
1536156,0,simulated-sound,,Performed on a ring of dumb bells.
1536301,0,first-peal,1,
1536309,0,simulated-sound,,Performed on a virtual ringing platform.
1536269,0,simulated-sound,,Performed on a virtual ringing platform.
1807496,0,simulated-sound,,Performed on a virtual ringing platform.
1536134,0,automated-ringing,3,Wheatley
1536134,1,automated-ringing,4,Wheatley
1536134,2,automated-ringing,5,Wheatley
1536134,3,automated-ringing,6,Wheatley
1536134,4,simulated-sound,,Performed on a virtual ringing platform.
1536378,0,simulated-sound,,Performed on a virtual ringing platform.
1536264,0,first-peal,4,
1536264,1,first-peal,5,
1536061,0,first-quarter,6,
1536168,0,first-quarter,6,
1536095,0,simulated-sound,,Performed on a virtual ringing platform.
1536091,0,automated-ringing,1,Abel
1536091,1,automated-ringing,2,Abel
1536091,2,automated-ringing,3,Abel
1536091,3,automated-ringing,4,Abel
1536091,4,automated-ringing,5,Abel
1536091,5,automated-ringing,6,Abel
1536091,6,simulated-sound,,
1536081,0,automated-ringing,1,Abel
1536081,1,automated-ringing,2,Abel
1536081,2,automated-ringing,3,Abel
1536081,3,automated-ringing,4,Abel
1536081,4,automated-ringing,5,Abel
1536081,5,automated-ringing,6,Abel
1536081,6,simulated-sound,,
1536060,0,automated-ringing,1,Abel
1536060,1,automated-ringing,2,Abel
1536060,2,automated-ringing,3,Abel
1536060,3,automated-ringing,4,Abel
1536060,4,automated-ringing,5,Abel
1536060,5,automated-ringing,6,Abel
1536060,6,simulated-sound,,
1628838,0,simulated-sound,,
1535988,0,first-quarter,6,
1536008,0,simulated-sound,,Performed on a virtual ringing platform.
1535948,0,automated-ringing,1,Abel
1535948,1,automated-ringing,2,Abel
1535948,2,automated-ringing,3,Abel
1535948,3,automated-ringing,4,Abel
1535948,4,automated-ringing,5,Abel
1535948,5,automated-ringing,6,Abel
1535948,6,simulated-sound,,
1535860,0,simulated-sound,,
1535802,0,automated-ringing,1,Abel
1535802,1,automated-ringing,2,Abel
1535802,2,automated-ringing,3,Abel
1535802,3,automated-ringing,4,Abel
1535802,4,automated-ringing,5,Abel
1535802,5,automated-ringing,6,Abel
1535802,6,automated-ringing,7,Abel
1535802,7,automated-ringing,8,Abel
1535802,8,automated-ringing,9,Abel
1535802,9,automated-ringing,10,Abel
1535802,10,automated-ringing,11,Abel
1535802,11,automated-ringing,12,Abel
1535802,12,simulated-sound,,
1535749,0,simulated-sound,,Performed on a virtual ringing platform.
1535812,0,simulated-sound,,Performed on a virtual ringing platform.
1535799,0,simulated-sound,,Performed on a virtual ringing platform.
1666378,0,simulated-sound,,Performed on a virtual ringing platform.
1536254,0,simulated-sound,,
1535803,0,first-quarter,3,
1535636,0,new-method,,
1535692,0,simulated-sound,,Performed on a virtual ringing platform.
1535665,0,simulated-sound,,Performed on a virtual ringing platform.
1535672,0,simulated-sound,,Performed on a virtual ringing platform.
1535669,0,simulated-sound,,Performed on a virtual ringing platform.
1535476,0,simulated-sound,,
1536016,0,simulated-sound,,Performed on a virtual ringing platform.
1535496,0,automated-ringing,1,Abel
1535496,1,automated-ringing,2,Abel
1535496,2,automated-ringing,3,Abel
1535496,3,automated-ringing,4,Abel
1535496,4,automated-ringing,5,Abel
1535496,5,automated-ringing,6,Abel
1535496,6,simulated-sound,,
1535435,0,automated-ringing,1,Abel
1535435,1,automated-ringing,2,Abel
1535435,2,automated-ringing,3,Abel
1535435,3,automated-ringing,4,Abel
1535435,4,automated-ringing,5,Abel
1535435,5,automated-ringing,6,Abel
1535435,6,simulated-sound,,
1535277,0,simulated-sound,,Performed on a virtual ringing platform.
1535180,0,simulated-sound,,Performed on a virtual ringing platform.
1535267,0,simulated-sound,,Performed on a virtual ringing platform.
1535049,0,simulated-sound,,Performed on a virtual ringing platform.
1535094,0,first-quarter,1,
1535057,0,first-quarter,6,
1535055,0,automated-ringing,1,Abel
1535055,1,automated-ringing,2,Abel
1535055,2,automated-ringing,3,Abel
1535055,3,automated-ringing,4,Abel
1535055,4,automated-ringing,5,Abel
1535055,5,automated-ringing,6,Abel
1535055,6,simulated-sound,,
1535047,0,automated-ringing,1,Abel
1535047,1,automated-ringing,2,Abel
1535047,2,automated-ringing,3,Abel
1535047,3,automated-ringing,4,Abel
1535047,4,automated-ringing,5,Abel
1535047,5,automated-ringing,6,Abel
1535047,6,simulated-sound,,
1534980,0,first-quarter,1,
1534896,0,first-peal,1,
1535028,0,simulated-sound,,Performed on a virtual ringing platform.
1534729,0,first-peal,3,
1534741,0,automated-ringing,1,Abel
1534741,1,automated-ringing,2,Abel
1534741,2,automated-ringing,3,Abel
1534741,3,automated-ringing,4,Abel
1534741,4,automated-ringing,5,Abel
1534741,5,automated-ringing,6,Abel
1534741,6,simulated-sound,,
1536133,0,new-method,,
1534814,0,simulated-sound,,Performed on a virtual ringing platform.
1535171,0,simulated-sound,,Performed on a virtual ringing platform.
1534554,0,simulated-sound,,Performed on a virtual ringing platform.
1534580,0,first-quarter,6,
1534567,0,simulated-sound,,
1534543,0,simulated-sound,,Performed on a virtual ringing platform.
1534510,0,simulated-sound,,Performed on a virtual ringing platform.
1534503,0,simulated-sound,,Performed on a virtual ringing platform.
1535189,0,simulated-sound,,Performed on a virtual ringing platform.
1534465,0,first-quarter,1,
1535272,0,first-peal,6,
1534279,0,simulated-sound,,Performed on a virtual ringing platform.
1534264,0,simulated-sound,,Performed on a virtual ringing platform.
1534250,0,automated-ringing,1,Abel
1534250,1,automated-ringing,2,Abel
1534250,2,automated-ringing,3,Abel
1534250,3,automated-ringing,4,Abel
1534250,4,automated-ringing,5,Abel
1534250,5,automated-ringing,6,Abel
1534250,6,simulated-sound,,
1534100,0,simulated-sound,,Performed on a virtual ringing platform.
1534027,0,simulated-sound,,Performed on a virtual ringing platform.
1534072,0,automated-ringing,1,Abel
1534072,1,automated-ringing,2,Abel
1534072,2,automated-ringing,3,Abel
1534072,3,automated-ringing,4,Abel
1534072,4,automated-ringing,5,Abel
1534072,5,automated-ringing,6,Abel
1534072,6,simulated-sound,,
1533650,0,automated-ringing,1,Abel
1533650,1,automated-ringing,2,Abel
1533650,2,automated-ringing,3,Abel
1533650,3,automated-ringing,4,Abel
1533650,4,automated-ringing,5,Abel
1533650,5,automated-ringing,6,Abel
1533650,6,simulated-sound,,
1533820,0,simulated-sound,,Performed on a virtual ringing platform.
1533709,0,simulated-sound,,Performed on a virtual ringing platform.
1534102,0,first-quarter,1,
1533424,0,first-quarter,6,
1533645,0,first-peal,5,
1537773,0,first-peal,1,
1533472,0,simulated-sound,,Performed on a virtual ringing platform.
1533435,0,simulated-sound,,Performed on a virtual ringing platform.
1533343,0,simulated-sound,,Performed on a virtual ringing platform.
1533446,0,simulated-sound,,Performed on a virtual ringing platform.
1533394,0,automated-ringing,1,Abel
1533394,1,automated-ringing,2,Abel
1533394,2,automated-ringing,3,Abel
1533394,3,automated-ringing,4,Abel
1533394,4,automated-ringing,5,Abel
1533394,5,automated-ringing,6,Abel
1533394,6,simulated-sound,,
1533360,0,automated-ringing,1,Abel
1533360,1,automated-ringing,2,Abel
1533360,2,automated-ringing,3,Abel
1533360,3,automated-ringing,4,Abel
1533360,4,automated-ringing,5,Abel
1533360,5,automated-ringing,6,Abel
1533360,6,simulated-sound,,
1533340,0,automated-ringing,1,Abel
1533340,1,automated-ringing,2,Abel
1533340,2,automated-ringing,3,Abel
1533340,3,automated-ringing,4,Abel
1533340,4,automated-ringing,5,Abel
1533340,5,automated-ringing,6,Abel
1533340,6,simulated-sound,,
1533514,0,first-quarter,6,
1533276,0,first-quarter,6,
1533283,0,first-quarter,1,
1533316,0,simulated-sound,,Performed on a virtual ringing platform.
1533006,0,automated-ringing,1,Abel
1533006,1,automated-ringing,2,Abel
1533006,2,automated-ringing,3,Abel
1533006,3,automated-ringing,4,Abel
1533006,4,automated-ringing,5,Abel
1533006,5,automated-ringing,6,Abel
1533006,6,simulated-sound,,
1532985,0,first-peal,2,
1533069,0,simulated-sound,,Performed on a virtual ringing platform.
1533009,0,automated-ringing,5,Wheatley
1533009,1,automated-ringing,6,Wheatley
1533009,2,simulated-sound,,Performed on a virtual ringing platform.
1532989,0,new-method,,
1533015,0,first-quarter,6,
1532998,0,automated-ringing,1,Abel
1532998,1,automated-ringing,2,Abel
1532998,2,automated-ringing,3,Abel
1532998,3,automated-ringing,4,Abel
1532998,4,automated-ringing,5,Abel
1532998,5,automated-ringing,6,Abel
1532998,6,automated-ringing,7,Abel
1532998,7,automated-ringing,8,Abel
1532998,8,simulated-sound,,
1532888,0,simulated-sound,,
1532908,0,new-method,,
1532925,0,simulated-sound,,Performed on a virtual ringing platform.
1532940,0,simulated-sound,,Performed on a virtual ringing platform.
1534697,0,first-quarter,6,
1532911,0,automated-ringing,1,Abel
1532911,1,automated-ringing,2,Abel
1532911,2,automated-ringing,3,Abel
1532911,3,automated-ringing,4,Abel
1532911,4,automated-ringing,5,Abel
1532911,5,automated-ringing,6,Abel
1532911,6,simulated-sound,,
1532774,0,first-quarter,1,
1532654,0,simulated-sound,,Performed on a virtual ringing platform.
1532568,0,simulated-sound,,Performed on a virtual ringing platform.
1532601,0,simulated-sound,,Performed on a virtual ringing platform.
1532601,1,first-quarter,5,
1532601,2,first-quarter,6,
1532528,0,automated-ringing,1,Abel
1532528,1,automated-ringing,2,Abel
1532528,2,automated-ringing,3,Abel
1532528,3,automated-ringing,4,Abel
1532528,4,automated-ringing,5,Abel
1532528,5,automated-ringing,6,Abel
1532528,6,simulated-sound,,
1532652,0,first-quarter,3,
1532408,0,simulated-sound,,
1532362,0,automated-ringing,1,Abel
1532362,1,automated-ringing,2,Abel
1532362,2,automated-ringing,3,Abel
1532362,3,automated-ringing,4,Abel
1532362,4,automated-ringing,5,Abel
1532362,5,automated-ringing,6,Abel
1532362,6,automated-ringing,7,Abel
1532362,7,automated-ringing,8,Abel
1532362,8,automated-ringing,9,Abel
1532362,9,automated-ringing,10,Abel
1532362,10,automated-ringing,11,Abel
1532362,11,automated-ringing,12,Abel
1532362,12,simulated-sound,,
1532460,0,automated-ringing,1,Wheatley
1532460,1,automated-ringing,2,Wheatley
1532460,2,automated-ringing,3,Wheatley
1532460,3,automated-ringing,4,Wheatley
1532460,4,automated-ringing,6,Wheatley
1532460,5,automated-ringing,7,Wheatley
1532460,6,automated-ringing,8,Wheatley
1532460,7,automated-ringing,10,Wheatley
1532460,8,simulated-sound,,Performed on a virtual ringing platform.
1532415,0,simulated-sound,,Performed on a virtual ringing platform.
1532401,0,automated-ringing,1,Abel
1532401,1,automated-ringing,2,Abel
1532401,2,automated-ringing,3,Abel
1532401,3,automated-ringing,4,Abel
1532401,4,automated-ringing,5,Abel
1532401,5,automated-ringing,6,Abel
1532401,6,simulated-sound,,
1532369,0,automated-ringing,1,Abel
1532369,1,automated-ringing,2,Abel
1532369,2,automated-ringing,3,Abel
1532369,3,automated-ringing,4,Abel
1532369,4,automated-ringing,5,Abel
1532369,5,automated-ringing,6,Abel
1532369,6,simulated-sound,,
1532134,0,first-quarter,1,
1532168,0,simulated-sound,,Performed on a virtual ringing platform.
1532084,0,automated-ringing,1,Abel
1532084,1,automated-ringing,2,Abel
1532084,2,automated-ringing,3,Abel
1532084,3,automated-ringing,4,Abel
1532084,4,automated-ringing,5,Abel
1532084,5,automated-ringing,6,Abel
1532084,6,simulated-sound,,
1551383,0,automated-ringing,1,Abel
1551383,1,automated-ringing,2,Abel
1551383,2,automated-ringing,3,Abel
1551383,3,automated-ringing,4,Abel
1551383,4,automated-ringing,5,Abel
1551383,5,automated-ringing,6,Abel
1551383,6,automated-ringing,7,Abel
1551383,7,automated-ringing,8,Abel
1551383,8,automated-ringing,9,Abel
1551383,9,automated-ringing,10,Abel
1551383,10,automated-ringing,11,Abel
1551383,11,automated-ringing,12,Abel
1551383,12,simulated-sound,,
1551451,0,simulated-sound,,Performed on a virtual ringing platform.
1551403,0,simulated-sound,,Performed on a virtual ringing platform.
1551774,0,simulated-sound,,Rung on peal of saxilby simulators
1551381,0,automated-ringing,1,Abel
1551381,1,automated-ringing,2,Abel
1551381,2,automated-ringing,3,Abel
1551381,3,automated-ringing,4,Abel
1551381,4,automated-ringing,5,Abel
1551381,5,automated-ringing,6,Abel
1551381,6,simulated-sound,,
1868835,0,simulated-sound,,Performed on a ring of dumb bells.
1551288,0,simulated-sound,,
1551221,0,simulated-sound,,Performed on a virtual ringing platform.
1551258,0,automated-ringing,1,Abel
1551258,1,automated-ringing,2,Abel
1551258,2,automated-ringing,3,Abel
1551258,3,automated-ringing,4,Abel
1551258,4,automated-ringing,5,Abel
1551258,5,automated-ringing,6,Abel
1551258,6,simulated-sound,,
1551130,0,lost-attempt,,Rope slipping wheel.
1551168,0,simulated-sound,,Performed on a virtual ringing platform.
1551147,0,simulated-sound,,Performed on a virtual ringing platform.
1551128,0,automated-ringing,1,Wheatley
1551128,1,automated-ringing,4,Wheatley
1551128,2,automated-ringing,6,Wheatley
1551128,3,simulated-sound,,Performed on a virtual ringing platform.
1551059,0,first-quarter,6,
1551053,0,simulated-sound,,
1550950,0,first-quarter,1,
1551000,0,automated-ringing,1,Abel
1551000,1,automated-ringing,2,Abel
1551000,2,automated-ringing,3,Abel
1551000,3,automated-ringing,4,Abel
1551000,4,automated-ringing,5,Abel
1551000,5,automated-ringing,6,Abel
1551000,6,automated-ringing,7,Abel
1551000,7,automated-ringing,8,Abel
1551000,8,automated-ringing,9,Abel
1551000,9,automated-ringing,10,Abel
1551000,10,simulated-sound,,
1550897,0,first-quarter,6,
1551075,0,first-quarter,1,
1550909,0,simulated-sound,,Performed on a ring of dumb bells.
1550908,0,simulated-sound,,Performed on a virtual ringing platform.
1560424,0,simulated-sound,,Peal of saxilby simulators
1550799,0,automated-ringing,1,Abel
1550799,1,automated-ringing,2,Abel
1550799,2,automated-ringing,3,Abel
1550799,3,automated-ringing,4,Abel
1550799,4,automated-ringing,5,Abel
1550799,5,automated-ringing,6,Abel
1550799,6,simulated-sound,,
1550519,0,first-peal,4,
1550672,0,first-quarter,1,
1550582,0,first-quarter,1,
1550494,0,automated-ringing,1,Abel
1550494,1,automated-ringing,2,Abel
1550494,2,automated-ringing,3,Abel
1550494,3,automated-ringing,4,Abel
1550494,4,automated-ringing,5,Abel
1550494,5,automated-ringing,6,Abel
1550494,6,simulated-sound,,
1550400,0,simulated-sound,,Performed on a virtual ringing platform.
1550393,0,simulated-sound,,Performed on a virtual ringing platform.
1550320,0,simulated-sound,,Performed on a virtual ringing platform.
1551409,0,first-quarter,6,
1550113,0,simulated-sound,,Performed on a virtual ringing platform.
1550157,0,simulated-sound,,Performed on a virtual ringing platform.
1549826,0,simulated-sound,,Performed on a virtual ringing platform.
1549836,0,first-peal,2,
1549836,1,first-peal,4,
1549836,2,first-peal,5,
1549635,0,simulated-sound,,
1549484,0,automated-ringing,1,Abel
1549484,1,automated-ringing,2,Abel
1549484,2,automated-ringing,3,Abel
1549484,3,automated-ringing,4,Abel
1549484,4,automated-ringing,5,Abel
1549484,5,automated-ringing,6,Abel
1549484,6,automated-ringing,7,Abel
1549484,7,automated-ringing,8,Abel
1549484,8,simulated-sound,,
1549524,0,simulated-sound,,Performed on a virtual ringing platform.
1549478,0,automated-ringing,1,Abel
1549478,1,automated-ringing,2,Abel
1549478,2,automated-ringing,3,Abel
1549478,3,automated-ringing,4,Abel
1549478,4,automated-ringing,5,Abel
1549478,5,automated-ringing,6,Abel
1549478,6,simulated-sound,,
1549453,0,automated-ringing,1,Abel
1549453,1,automated-ringing,2,Abel
1549453,2,automated-ringing,3,Abel
1549453,3,automated-ringing,4,Abel
1549453,4,automated-ringing,5,Abel
1549453,5,automated-ringing,6,Abel
1549453,6,simulated-sound,,
1549241,0,first-quarter,1,
1549067,0,simulated-sound,,Performed on a virtual ringing platform.
1549091,0,automated-ringing,3,Wheatley
1549091,1,automated-ringing,5,Wheatley
1549091,2,simulated-sound,,Performed on a virtual ringing platform.
1548580,0,automated-ringing,1,Wheatley
1548580,1,automated-ringing,2,Wheatley
1548580,2,automated-ringing,3,Wheatley
1548580,3,automated-ringing,5,Wheatley
1548580,4,automated-ringing,6,Wheatley
1548580,5,automated-ringing,8,Wheatley
1548580,6,simulated-sound,,Performed on a virtual ringing platform.
1548666,0,simulated-sound,,Performed on a virtual ringing platform.
1560423,0,simulated-sound,,
1560423,1,first-quarter,5,
1560423,2,first-quarter,6,
1548552,0,automated-ringing,1,Abel
1548552,1,automated-ringing,2,Abel
1548552,2,automated-ringing,3,Abel
1548552,3,automated-ringing,4,Abel
1548552,4,automated-ringing,5,Abel
1548552,5,automated-ringing,6,Abel
1548552,6,simulated-sound,,
1549724,0,first-quarter,6,
1545844,0,first-quarter,1,
1545648,0,first-quarter,6,
1548021,0,first-quarter,6,
1549405,0,automated-ringing,2,Ding Bob
1549405,1,automated-ringing,3,Ding Bob
1549405,2,automated-ringing,4,Ding Bob
1549405,3,automated-ringing,5,Ding Bob
1549405,4,automated-ringing,6,Ding Bob
1549405,5,simulated-sound,,Performed on a virtual ringing platform.
1545846,0,first-quarter,6,
1546991,0,automated-ringing,1,Virtual Belfry
1546991,1,automated-ringing,2,Virtual Belfry
1546991,2,automated-ringing,3,Virtual Belfry
1546991,3,automated-ringing,4,Virtual Belfry
1546991,4,automated-ringing,5,Virtual Belfry
1546991,5,automated-ringing,6,Virtual Belfry
1546991,6,automated-ringing,7,Virtual Belfry
1546991,7,automated-ringing,8,Virtual Belfry
1546991,8,automated-ringing,9,Virtual Belfry
1546991,9,automated-ringing,10,Virtual Belfry
1546991,10,automated-ringing,11,Virtual Belfry
1546991,11,simulated-sound,,
1547591,0,automated-ringing,10,Programmed by SHS
1548164,0,first-quarter,6,
1702633,0,first-quarter,6,
1546868,0,first-peal,1,
1546868,1,first-peal,6,
1546804,0,first-quarter,2,
1546804,1,first-quarter,6,
1550227,0,first-quarter,6,
1546869,0,first-quarter,6,
1547799,0,simulated-sound,,Performed on a virtual ringing platform.
1547308,0,automated-ringing,3,Wheatley
1547308,1,automated-ringing,4,Wheatley
1547308,2,simulated-sound,,Performed on a virtual ringing platform.
1549831,0,automated-ringing,1,Wheatley
1549831,1,automated-ringing,2,Wheatley
1549831,2,automated-ringing,3,Wheatley
1549831,3,automated-ringing,4,Wheatley
1549831,4,automated-ringing,6,Wheatley
1549831,5,simulated-sound,,
1547217,0,first-peal,1,
1547110,0,first-peal,1,
1549620,0,first-quarter,6,
1546044,0,first-quarter,3,
1545640,0,first-peal,6,
1546487,0,automated-ringing,1,Abel
1546487,1,automated-ringing,2,Abel
1546487,2,automated-ringing,3,Abel
1546487,3,automated-ringing,4,Abel
1546487,4,automated-ringing,5,Abel
1546487,5,automated-ringing,6,Abel
1546487,6,simulated-sound,,
1548482,0,first-quarter,6,
1546425,0,first-quarter,1,
1546403,0,first-quarter,6,
1545315,0,first-quarter,6,
1545406,0,first-quarter,6,
1545406,1,first-quarter,7,
1545570,0,automated-ringing,1,Virtual Belfry
1545570,1,automated-ringing,2,Virtual Belfry
1545570,2,automated-ringing,3,Virtual Belfry
1545570,3,automated-ringing,4,Virtual Belfry
1545570,4,automated-ringing,5,Virtual Belfry
1545570,5,automated-ringing,6,Virtual Belfry
1545570,6,automated-ringing,7,Virtual Belfry
1545570,7,simulated-sound,,
1545389,0,first-quarter,5,
1545389,1,first-quarter,6,
1547800,0,first-quarter,6,
1545392,0,first-quarter,7,
1546725,0,first-peal,4,
1552568,0,new-method,,
1545307,0,first-quarter,2,
1545353,0,first-quarter,1,
1546678,0,first-quarter,1,
1545197,0,automated-ringing,1,Abel
1545197,1,automated-ringing,2,Abel
1545197,2,automated-ringing,3,Abel
1545197,3,automated-ringing,4,Abel
1545197,4,automated-ringing,5,Abel
1545197,5,automated-ringing,6,Abel
1545197,6,simulated-sound,,
1545163,0,automated-ringing,1,Abel
1545163,1,automated-ringing,2,Abel
1545163,2,automated-ringing,3,Abel
1545163,3,automated-ringing,4,Abel
1545163,4,automated-ringing,5,Abel
1545163,5,automated-ringing,6,Abel
1545163,6,simulated-sound,,
1545099,0,automated-ringing,1,Abel
1545099,1,automated-ringing,2,Abel
1545099,2,automated-ringing,3,Abel
1545099,3,automated-ringing,4,Abel
1545099,4,automated-ringing,5,Abel
1545099,5,automated-ringing,6,Abel
1545099,6,simulated-sound,,
1544837,0,first-quarter,1,
1547324,0,first-quarter,6,
1544943,0,first-peal,5,
1544897,0,first-quarter,1,
1545001,0,simulated-sound,,Performed on a virtual ringing platform.
1544652,0,simulated-sound,,Performed on a virtual ringing platform.
1544623,0,simulated-sound,,Performed on a virtual ringing platform.
1544548,0,simulated-sound,,Performed on a virtual ringing platform.
1544581,0,automated-ringing,5,Wheatley
1544581,1,automated-ringing,6,Wheatley
1544581,2,simulated-sound,,Performed on a virtual ringing platform.
1544324,0,first-quarter,6,
1544178,0,first-quarter,6,
1544346,0,simulated-sound,,Performed on a virtual ringing platform.
1544166,0,simulated-sound,,Performed on a virtual ringing platform.
1544164,0,automated-ringing,3,Wheatley
1544164,1,automated-ringing,4,Wheatley
1544164,2,simulated-sound,,Performed on a virtual ringing platform.
1543925,0,first-quarter,1,
1543848,0,automated-ringing,1,Virtual Belfry
1543848,1,automated-ringing,2,Virtual Belfry
1543848,2,automated-ringing,3,Virtual Belfry
1543848,3,automated-ringing,4,Virtual Belfry
1543848,4,automated-ringing,5,Virtual Belfry
1543848,5,automated-ringing,6,Virtual Belfry
1543848,6,automated-ringing,7,Virtual Belfry
1543848,7,automated-ringing,8,Virtual Belfry
1543848,8,automated-ringing,9,Virtual Belfry
1543848,9,simulated-sound,,
1543870,0,first-quarter,6,
1543907,0,simulated-sound,,Performed on a virtual ringing platform.
1900622,0,first-quarter,6,
1543501,0,first-quarter,6,
1543613,0,first-quarter,6,
1543633,0,first-quarter,6,
1543514,0,first-quarter,6,
1588815,0,first-quarter,3,
1543675,0,simulated-sound,,Performed on a virtual ringing platform.
1543776,0,simulated-sound,,Performed on a virtual ringing platform.
1543775,0,simulated-sound,,Performed on a virtual ringing platform.
1543774,0,simulated-sound,,Performed on a virtual ringing platform.
1954951,0,first-quarter,6,
1543652,0,first-peal,3,
1543652,1,first-peal,4,
1543335,0,first-quarter,6,
1544803,0,first-quarter,6,
1543257,0,automated-ringing,1,Abel
1543257,1,automated-ringing,2,Abel
1543257,2,automated-ringing,3,Abel
1543257,3,automated-ringing,4,Abel
1543257,4,automated-ringing,5,Abel
1543257,5,automated-ringing,6,Abel
1543257,6,automated-ringing,7,Abel
1543257,7,automated-ringing,8,Abel
1543257,8,simulated-sound,,
1543411,0,simulated-sound,,Performed on a virtual ringing platform.
1543350,0,first-quarter,1,
1543283,0,automated-ringing,1,Abel
1543283,1,automated-ringing,2,Abel
1543283,2,automated-ringing,3,Abel
1543283,3,automated-ringing,4,Abel
1543283,4,automated-ringing,5,Abel
1543283,5,automated-ringing,6,Abel
1543283,6,simulated-sound,,
1542460,0,first-quarter,6,
1542581,0,first-peal,2,
1542807,0,simulated-sound,,Performed on a virtual ringing platform.
1542848,0,simulated-sound,,Performed on a virtual ringing platform.
1556255,0,simulated-sound,,Performed on a virtual ringing platform.
1542500,0,first-quarter,1,
1541299,0,first-quarter,1,
1541535,0,first-quarter,6,
1779380,0,first-quarter,3,
1779380,1,first-quarter,6,
1541424,0,automated-ringing,1,Abel
1541424,1,automated-ringing,2,Abel
1541424,2,automated-ringing,3,Abel
1541424,3,automated-ringing,4,Abel
1541424,4,automated-ringing,5,Abel
1541424,5,automated-ringing,6,Abel
1541424,6,automated-ringing,7,Abel
1541424,7,automated-ringing,8,Abel
1541424,8,simulated-sound,,
1541001,0,automated-ringing,1,Abel
1541001,1,automated-ringing,2,Abel
1541001,2,automated-ringing,3,Abel
1541001,3,automated-ringing,4,Abel
1541001,4,automated-ringing,5,Abel
1541001,5,automated-ringing,6,Abel
1541001,6,simulated-sound,,
1540199,0,automated-ringing,1,Virtual Belfry
1540199,1,automated-ringing,2,Virtual Belfry
1540199,2,automated-ringing,3,Virtual Belfry
1540199,3,automated-ringing,4,Virtual Belfry
1540199,4,automated-ringing,5,Virtual Belfry
1540199,5,automated-ringing,6,Virtual Belfry
1540199,6,automated-ringing,7,Virtual Belfry
1540199,7,automated-ringing,8,Virtual Belfry
1540199,8,automated-ringing,9,Virtual Belfry
1540199,9,automated-ringing,10,Virtual Belfry
1540199,10,automated-ringing,11,Virtual Belfry
1540199,11,simulated-sound,,
1540809,0,simulated-sound,,Performed on a virtual ringing platform.
1540704,0,simulated-sound,,Performed on a virtual ringing platform.
1540437,0,simulated-sound,,Performed on a virtual ringing platform.
1543234,0,simulated-sound,,Performed on a virtual ringing platform.
1549098,0,simulated-sound,,Performed on a virtual ringing platform.
1540581,0,first-quarter,1,
1539068,0,simulated-sound,,Performed on a virtual ringing platform.
1538885,0,simulated-sound,,Performed on a virtual ringing platform.
1592046,0,simulated-sound,,Performed on a virtual ringing platform.
1538921,0,simulated-sound,,Performed on a virtual ringing platform.
1549832,0,automated-ringing,1,Wheatley
1549832,1,automated-ringing,2,Wheatley
1549832,2,automated-ringing,3,Wheatley
1549832,3,automated-ringing,4,Wheatley
1549832,4,automated-ringing,6,Wheatley
1549832,5,simulated-sound,,
1539129,0,automated-ringing,1,Abel
1539129,1,automated-ringing,2,Abel
1539129,2,simulated-sound,,
1538919,0,automated-ringing,1,Abel
1538919,1,automated-ringing,2,Abel
1538919,2,automated-ringing,3,Abel
1538919,3,automated-ringing,4,Abel
1538919,4,automated-ringing,5,Abel
1538919,5,automated-ringing,6,Abel
1538919,6,simulated-sound,,
1538883,0,first-quarter,1,
1538834,0,simulated-sound,,Performed on a virtual ringing platform.
1538859,0,simulated-sound,,Performed on a virtual ringing platform.
1538816,0,simulated-sound,,Performed on a virtual ringing platform.
1538793,0,simulated-sound,,Rung on a peal of Saxilby Simulators
1538806,0,automated-ringing,1,Abel
1538806,1,automated-ringing,2,Abel
1538806,2,automated-ringing,3,Abel
1538806,3,automated-ringing,4,Abel
1538806,4,automated-ringing,5,Abel
1538806,5,automated-ringing,6,Abel
1538806,6,simulated-sound,,
1538748,0,first-quarter,1,
1538751,0,first-quarter,1,
1538726,0,simulated-sound,,Performed on a virtual ringing platform.
1538779,0,simulated-sound,,Performed on a virtual ringing platform.
1538705,0,simulated-sound,,Performed on a virtual ringing platform.
1538897,0,automated-ringing,1,Abel
1538897,1,automated-ringing,2,Abel
1538897,2,automated-ringing,3,Abel
1538897,3,automated-ringing,4,Abel
1538897,4,simulated-sound,,
1538479,0,first-quarter,1,
1538468,0,simulated-sound,,Performed on a ring of dumb bells.
1538507,0,simulated-sound,,Performed on a virtual ringing platform.
1538428,0,simulated-sound,,Performed on a virtual ringing platform.
1538358,0,simulated-sound,,Performed on a virtual ringing platform.
1538352,0,simulated-sound,,Performed on a virtual ringing platform.
1538159,0,first-quarter,6,
1538169,0,first-quarter,1,
1538313,0,first-quarter,6,
1538262,0,simulated-sound,,
1538175,0,simulated-sound,,Performed on a virtual ringing platform.
1538285,0,simulated-sound,,Performed on a virtual ringing platform.
1538163,0,simulated-sound,,Performed on a virtual ringing platform.
1538737,0,first-quarter,1,
1538189,0,first-quarter,1,
1538189,1,first-quarter,6,
1538324,0,automated-ringing,1,Abel
1538324,1,automated-ringing,2,Abel
1538324,2,automated-ringing,3,Abel
1538324,3,automated-ringing,4,Abel
1538324,4,simulated-sound,,
1537987,0,first-quarter,1,
1537993,0,simulated-sound,,Performed on a virtual ringing platform.
1537905,0,simulated-sound,,Performed on a virtual ringing platform.
1537813,0,simulated-sound,,Performed on a virtual ringing platform.
1538048,0,new-method,,
1537790,0,first-quarter,6,
1537765,0,automated-ringing,1,Abel
1537765,1,automated-ringing,2,Abel
1537765,2,automated-ringing,3,Abel
1537765,3,automated-ringing,4,Abel
1537765,4,automated-ringing,5,Abel
1537765,5,automated-ringing,6,Abel
1537765,6,simulated-sound,,
1537912,0,simulated-sound,,Performed on a virtual ringing platform.
1537789,0,simulated-sound,,Performed on a virtual ringing platform.
1537763,0,simulated-sound,,Performed on a virtual ringing platform.
1537662,0,simulated-sound,,Performed on a virtual ringing platform.
1537779,0,simulated-sound,,Performed on a ring of dumb bells.
1537770,0,automated-ringing,1,Abel
1537770,1,automated-ringing,2,Abel
1537770,2,automated-ringing,3,Abel
1537770,3,automated-ringing,4,Abel
1537770,4,automated-ringing,5,Abel
1537770,5,automated-ringing,6,Abel
1537770,6,simulated-sound,,
1556939,0,simulated-sound,,Performed on a ring of dumb bells.
1556924,0,automated-ringing,1,Abel
1556924,1,automated-ringing,2,Abel
1556924,2,automated-ringing,3,Abel
1556924,3,automated-ringing,4,Abel
1556924,4,automated-ringing,5,Abel
1556924,5,automated-ringing,6,Abel
1556924,6,simulated-sound,,
1556953,0,first-quarter,6,
1556982,0,simulated-sound,,Performed on a virtual ringing platform.
1561222,0,simulated-sound,,Rung on peal of Saxilby simulators
1561222,1,first-quarter,6,
1556948,0,automated-ringing,1,Abel
1556948,1,automated-ringing,2,Abel
1556948,2,automated-ringing,3,Abel
1556948,3,automated-ringing,4,Abel
1556948,4,automated-ringing,5,Abel
1556948,5,automated-ringing,6,Abel
1556948,6,simulated-sound,,
1557335,0,first-quarter,1,
1557337,0,first-quarter,6,
1556754,0,first-quarter,1,
1556723,0,first-quarter,6,
1556692,0,first-quarter,1,
1556989,0,first-quarter,6,
1578203,0,simulated-sound,,Performed on a virtual ringing platform.
1556826,0,first-quarter,1,
1556693,0,first-quarter,6,
1556706,0,automated-ringing,1,Abel
1556706,1,automated-ringing,2,Abel
1556706,2,automated-ringing,3,Abel
1556706,3,automated-ringing,4,Abel
1556706,4,automated-ringing,5,Abel
1556706,5,automated-ringing,6,Abel
1556706,6,simulated-sound,,
1556389,0,first-peal,1,
1556466,0,first-quarter,6,
1556563,0,simulated-sound,,Performed on a virtual ringing platform.
1556531,0,first-peal,1,
1556301,0,first-quarter,6,
1556305,0,automated-ringing,5,Wheatley
1556305,1,automated-ringing,6,Wheatley
1556305,2,simulated-sound,,Performed on a virtual ringing platform.
1556084,0,simulated-sound,,Performed on a virtual ringing platform.
1556289,0,first-peal,1,
1555878,0,simulated-sound,,Performed on a virtual ringing platform.
1603632,0,first-quarter,1,
1603632,1,first-quarter,6,
1555891,0,first-peal,1,
1555777,0,simulated-sound,,
1555777,1,first-quarter,6,
1555736,0,simulated-sound,,Performed on a virtual ringing platform.
1555741,0,automated-ringing,3,Wheatley
1555741,1,automated-ringing,4,Wheatley
1555741,2,automated-ringing,5,Wheatley
1555741,3,automated-ringing,6,Wheatley
1555741,4,simulated-sound,,Performed on a virtual ringing platform.
1555696,0,simulated-sound,,Performed on a virtual ringing platform.
1555480,0,simulated-sound,,Performed on a ring of dumb bells.
1555547,0,automated-ringing,1,Abel
1555547,1,automated-ringing,2,Abel
1555547,2,automated-ringing,3,Abel
1555547,3,automated-ringing,4,Abel
1555547,4,automated-ringing,5,Abel
1555547,5,automated-ringing,6,Abel
1555547,6,automated-ringing,7,Abel
1555547,7,automated-ringing,8,Abel
1555547,8,automated-ringing,9,Abel
1555547,9,automated-ringing,10,Abel
1555547,10,automated-ringing,11,Abel
1555547,11,automated-ringing,12,Abel
1555547,12,simulated-sound,,
1555619,0,first-quarter,1,
1555596,0,simulated-sound,,Performed on a virtual ringing platform.
1555545,0,simulated-sound,,Performed on a virtual ringing platform.
1555371,0,simulated-sound,,Performed on a virtual ringing platform.
1555380,0,automated-ringing,1,Abel
1555380,1,automated-ringing,2,Abel
1555380,2,automated-ringing,3,Abel
1555380,3,automated-ringing,4,Abel
1555380,4,automated-ringing,5,Abel
1555380,5,automated-ringing,6,Abel
1555380,6,simulated-sound,,
1555326,0,automated-ringing,1,Abel
1555326,1,automated-ringing,2,Abel
1555326,2,automated-ringing,3,Abel
1555326,3,automated-ringing,4,Abel
1555326,4,automated-ringing,5,Abel
1555326,5,automated-ringing,6,Abel
1555326,6,simulated-sound,,
1555158,0,first-quarter,6,
1555159,0,first-quarter,6,
1555155,0,first-quarter,1,
1555129,0,automated-ringing,1,Abel
1555129,1,automated-ringing,2,Abel
1555129,2,automated-ringing,3,Abel
1555129,3,automated-ringing,4,Abel
1555129,4,automated-ringing,5,Abel
1555129,5,automated-ringing,6,Abel
1555129,6,simulated-sound,,
1555173,0,simulated-sound,,Performed on a virtual ringing platform.
1555146,0,automated-ringing,1,Wheatley
1555146,1,automated-ringing,2,Wheatley
1555146,2,automated-ringing,3,Wheatley
1555146,3,automated-ringing,4,Wheatley
1555146,4,simulated-sound,,Performed on a virtual ringing platform.
1555079,0,first-quarter,6,
1555040,0,first-peal,3,
1555170,0,first-quarter,1,
1554963,0,first-quarter,1,
1554905,0,simulated-sound,,
1554938,0,simulated-sound,,Performed on a virtual ringing platform.
1554898,0,simulated-sound,,Performed on a virtual ringing platform.
1554859,0,simulated-sound,,Performed on a virtual ringing platform.
1554876,0,automated-ringing,1,Wheatley
1554876,1,automated-ringing,2,Wheatley
1554876,2,simulated-sound,,Performed on a virtual ringing platform.
1554721,0,simulated-sound,,Performed on a virtual ringing platform.
1565544,0,automated-ringing,1,Abel
1565544,1,automated-ringing,2,Abel
1565544,2,automated-ringing,3,Abel
1565544,3,automated-ringing,4,Abel
1565544,4,automated-ringing,5,Abel
1565544,5,automated-ringing,6,Abel
1565544,6,simulated-sound,,
1554840,0,automated-ringing,1,Abel
1554840,1,automated-ringing,2,Abel
1554840,2,automated-ringing,3,Abel
1554840,3,automated-ringing,4,Abel
1554840,4,automated-ringing,5,Abel
1554840,5,automated-ringing,6,Abel
1554840,6,simulated-sound,,
1555130,0,automated-ringing,1,Abel
1555130,1,automated-ringing,2,Abel
1555130,2,automated-ringing,3,Abel
1555130,3,automated-ringing,4,Abel
1555130,4,automated-ringing,5,Abel
1555130,5,automated-ringing,6,Abel
1555130,6,simulated-sound,,
1554585,0,simulated-sound,,Performed on a virtual ringing platform.
1554674,0,simulated-sound,,Performed on a virtual ringing platform.
1554657,0,simulated-sound,,Performed on a virtual ringing platform.
1554449,0,simulated-sound,,
1554423,0,first-quarter,1,
1554420,0,simulated-sound,,Performed on a virtual ringing platform.
1786799,0,first-quarter,1,
1786799,1,first-quarter,6,
1554250,0,first-quarter,3,
1554260,0,simulated-sound,,Performed on a virtual ringing platform.
1554229,0,automated-ringing,1,Wheatley
1554229,1,automated-ringing,2,Wheatley
1554229,2,automated-ringing,5,Wheatley
1554229,3,automated-ringing,6,Wheatley
1554229,4,simulated-sound,,Performed on a virtual ringing platform.
1554201,0,automated-ringing,1,Abel
1554201,1,automated-ringing,2,Abel
1554201,2,automated-ringing,3,Abel
1554201,3,automated-ringing,4,Abel
1554201,4,automated-ringing,5,Abel
1554201,5,automated-ringing,6,Abel
1554201,6,simulated-sound,,
1554110,0,first-quarter,6,
1553981,0,automated-ringing,1,Abel
1553981,1,automated-ringing,2,Abel
1553981,2,automated-ringing,3,Abel
1553981,3,automated-ringing,4,Abel
1553981,4,automated-ringing,5,Abel
1553981,5,automated-ringing,6,Abel
1553981,6,simulated-sound,,
1553876,0,simulated-sound,,Performed on a virtual ringing platform.
1553846,0,simulated-sound,,Performed on a virtual ringing platform.
1553809,0,automated-ringing,1,Abel
1553809,1,automated-ringing,2,Abel
1553809,2,automated-ringing,3,Abel
1553809,3,automated-ringing,4,Abel
1553809,4,automated-ringing,5,Abel
1553809,5,automated-ringing,6,Abel
1553809,6,simulated-sound,,
1553799,0,automated-ringing,1,Abel
1553799,1,automated-ringing,2,Abel
1553799,2,automated-ringing,3,Abel
1553799,3,automated-ringing,4,Abel
1553799,4,automated-ringing,5,Abel
1553799,5,automated-ringing,6,Abel
1553799,6,simulated-sound,,
1553641,0,first-quarter,3,
1553946,0,first-quarter,6,
1553929,0,first-peal,3,
1553711,0,automated-ringing,1,Abel
1553711,1,automated-ringing,2,Abel
1553711,2,automated-ringing,3,Abel
1553711,3,automated-ringing,4,Abel
1553711,4,automated-ringing,5,Abel
1553711,5,automated-ringing,6,Abel
1553711,6,automated-ringing,7,Abel
1553711,7,automated-ringing,8,Abel
1553711,8,automated-ringing,9,Abel
1553711,9,automated-ringing,10,Abel
1553711,10,automated-ringing,11,Abel
1553711,11,automated-ringing,12,Abel
1553711,12,simulated-sound,,
1553714,0,automated-ringing,1,Wheatley
1553714,1,automated-ringing,2,Wheatley
1553714,2,automated-ringing,5,Wheatley
1553714,3,automated-ringing,6,Wheatley
1553714,4,simulated-sound,,Performed on a virtual ringing platform.
1553747,0,automated-ringing,1,Abel
1553747,1,automated-ringing,2,Abel
1553747,2,automated-ringing,3,Abel
1553747,3,automated-ringing,4,Abel
1553747,4,automated-ringing,5,Abel
1553747,5,automated-ringing,6,Abel
1553747,6,simulated-sound,,
1553742,0,automated-ringing,1,Abel
1553742,1,automated-ringing,2,Abel
1553742,2,automated-ringing,3,Abel
1553742,3,automated-ringing,4,Abel
1553742,4,automated-ringing,5,Abel
1553742,5,automated-ringing,6,Abel
1553742,6,simulated-sound,,
1553644,0,automated-ringing,1,Abel
1553644,1,automated-ringing,2,Abel
1553644,2,automated-ringing,3,Abel
1553644,3,automated-ringing,4,Abel
1553644,4,automated-ringing,5,Abel
1553644,5,automated-ringing,6,Abel
1553644,6,simulated-sound,,
1553629,0,automated-ringing,1,Abel
1553629,1,automated-ringing,2,Abel
1553629,2,automated-ringing,3,Abel
1553629,3,automated-ringing,4,Abel
1553629,4,automated-ringing,5,Abel
1553629,5,automated-ringing,6,Abel
1553629,6,simulated-sound,,
1553570,0,simulated-sound,,Performed on a virtual ringing platform.
1553545,0,simulated-sound,,Performed on a virtual ringing platform.
1553523,0,automated-ringing,5,Wheatley
1553523,1,automated-ringing,6,Wheatley
1553523,2,simulated-sound,,Performed on a virtual ringing platform.
1553407,0,simulated-sound,,Performed on a virtual ringing platform.
1553551,0,first-quarter,6,
1763403,0,first-quarter,1,
1553345,0,new-method,,
1553381,0,simulated-sound,,Performed on a virtual ringing platform.
1553295,0,simulated-sound,,Performed on a virtual ringing platform.
1553296,0,new-method,,
1553229,0,automated-ringing,1,Abel
1553229,1,automated-ringing,2,Abel
1553229,2,automated-ringing,3,Abel
1553229,3,automated-ringing,4,Abel
1553229,4,automated-ringing,5,Abel
1553229,5,automated-ringing,6,Abel
1553229,6,automated-ringing,7,Abel
1553229,7,automated-ringing,8,Abel
1553229,8,simulated-sound,,
1553255,0,simulated-sound,,Performed on a virtual ringing platform.
1553124,0,first-quarter,6,
1553192,0,first-quarter,1,
1553192,1,first-quarter,6,
1553096,0,automated-ringing,1,Abel
1553096,1,automated-ringing,2,Abel
1553096,2,automated-ringing,3,Abel
1553096,3,automated-ringing,4,Abel
1553096,4,automated-ringing,5,Abel
1553096,5,automated-ringing,6,Abel
1553096,6,simulated-sound,,
1553106,0,simulated-sound,,Performed on a virtual ringing platform.
1553136,0,first-quarter,6,
1553026,0,simulated-sound,,Performed on a ring of dumb bells.
1553064,0,simulated-sound,,Performed on a virtual ringing platform.
1553018,0,simulated-sound,,Performed on a virtual ringing platform.
1582490,0,first-peal,5,
1552923,0,simulated-sound,,Performed on a virtual ringing platform.
1552914,0,simulated-sound,,Performed on a virtual ringing platform.
1807495,0,simulated-sound,,Performed on a virtual ringing platform.
1552880,0,simulated-sound,,Performed on a virtual ringing platform.
1552872,0,new-method,,
1552801,0,first-peal,1,
1552798,0,automated-ringing,1,Abel
1552798,1,automated-ringing,2,Abel
1552798,2,automated-ringing,3,Abel
1552798,3,automated-ringing,4,Abel
1552798,4,automated-ringing,5,Abel
1552798,5,automated-ringing,6,Abel
1552798,6,simulated-sound,,
1552712,0,automated-ringing,1,Abel
1552712,1,automated-ringing,2,Abel
1552712,2,automated-ringing,3,Abel
1552712,3,automated-ringing,4,Abel
1552712,4,simulated-sound,,
1552655,0,simulated-sound,,
1556265,0,simulated-sound,,
1556264,0,simulated-sound,,
1556262,0,simulated-sound,,
1552623,0,automated-ringing,1,Abel
1552623,1,automated-ringing,2,Abel
1552623,2,automated-ringing,3,Abel
1552623,3,automated-ringing,4,Abel
1552623,4,automated-ringing,5,Abel
1552623,5,automated-ringing,6,Abel
1552623,6,simulated-sound,,
1552684,0,simulated-sound,,Performed on a virtual ringing platform.
1552650,0,simulated-sound,,Performed on a virtual ringing platform.
1552629,0,simulated-sound,,Performed on a virtual ringing platform.
1552637,0,simulated-sound,,Performed on a virtual ringing platform.
1552604,0,automated-ringing,1,Abel
1552604,1,automated-ringing,2,Abel
1552604,2,automated-ringing,3,Abel
1552604,3,automated-ringing,4,Abel
1552604,4,automated-ringing,5,Abel
1552604,5,automated-ringing,6,Abel
1552604,6,simulated-sound,,
1552601,0,automated-ringing,1,Abel
1552601,1,automated-ringing,2,Abel
1552601,2,automated-ringing,3,Abel
1552601,3,automated-ringing,4,Abel
1552601,4,automated-ringing,5,Abel
1552601,5,automated-ringing,6,Abel
1552601,6,simulated-sound,,
1552547,0,simulated-sound,,Performed on a ring of dumb bells.
1552436,0,simulated-sound,,Performed on a virtual ringing platform.
1552513,0,simulated-sound,,Performed on a virtual ringing platform.
1858992,0,simulated-sound,,Performed on a virtual ringing platform.
1552375,0,simulated-sound,,Performed on a virtual ringing platform.
1552361,0,simulated-sound,,Performed on a virtual ringing platform.
1659065,0,first-quarter,6,
1552126,0,automated-ringing,1,Abel
1552126,1,automated-ringing,2,Abel
1552126,2,automated-ringing,3,Abel
1552126,3,automated-ringing,4,Abel
1552126,4,automated-ringing,5,Abel
1552126,5,automated-ringing,6,Abel
1552126,6,automated-ringing,7,Abel
1552126,7,automated-ringing,8,Abel
1552126,8,automated-ringing,9,Abel
1552126,9,automated-ringing,10,Abel
1552126,10,simulated-sound,,
1552212,0,simulated-sound,,Performed on a virtual ringing platform.
1552232,0,automated-ringing,5,Wheatley
1552232,1,simulated-sound,,Performed on a virtual ringing platform.
1552181,0,first-quarter,6,
1552265,0,first-peal,3,
1552101,0,simulated-sound,,Performed on a ring of dumb bells.
1551956,0,automated-ringing,1,Abel
1551956,1,automated-ringing,2,Abel
1551956,2,automated-ringing,3,Abel
1551956,3,automated-ringing,4,Abel
1551956,4,automated-ringing,5,Abel
1551956,5,automated-ringing,6,Abel
1551956,6,automated-ringing,7,Abel
1551956,7,automated-ringing,8,Abel
1551956,8,automated-ringing,9,Abel
1551956,9,automated-ringing,10,Abel
1551956,10,automated-ringing,11,Abel
1551956,11,automated-ringing,12,Abel
1551956,12,simulated-sound,,
1552152,0,simulated-sound,,Performed on a virtual ringing platform.
1552014,0,simulated-sound,,Performed on a virtual ringing platform.
1551886,0,simulated-sound,,Performed on a virtual ringing platform.
1551960,0,simulated-sound,,Performed on a virtual ringing platform.
1551973,0,automated-ringing,1,Abel
1551973,1,automated-ringing,2,Abel
1551973,2,automated-ringing,3,Abel
1551973,3,automated-ringing,4,Abel
1551973,4,automated-ringing,5,Abel
1551973,5,automated-ringing,6,Abel
1551973,6,simulated-sound,,
1551852,0,simulated-sound,,Performed on a ring of dumb bells.
1551683,0,first-quarter,6,
1551723,0,first-quarter,1,
1693011,0,first-quarter,6,
1551818,0,first-quarter,1,
1551864,0,simulated-sound,,Performed on a virtual ringing platform.
1551849,0,simulated-sound,,Performed on a virtual ringing platform.
1551831,0,simulated-sound,,Performed on a virtual ringing platform.
1551801,0,simulated-sound,,Performed on a virtual ringing platform.
1551738,0,simulated-sound,,Performed on a virtual ringing platform.
1551749,0,first-quarter,1,
1551780,0,simulated-sound,,Rung with bell tied (omitting 6 and 8) plus two higby simulators (rung as treble and 6) and Abel providing the sounds.
1551617,0,simulated-sound,,Performed on a virtual ringing platform.
1552567,0,simulated-sound,,
1551506,0,first-quarter,1,
1551856,0,simulated-sound,,Bells tied and sound from Abel
1551773,0,simulated-sound,,Rung on the tied bells plus two higby simulators (treble and 6) with sound from Abel
1564795,0,automated-ringing,1,Abel
1564795,1,automated-ringing,2,Abel
1564795,2,automated-ringing,3,Abel
1564795,3,automated-ringing,4,Abel
1564795,4,automated-ringing,5,Abel
1564795,5,automated-ringing,6,Abel
1564795,6,automated-ringing,7,Abel
1564795,7,automated-ringing,8,Abel
1564795,8,automated-ringing,9,Abel
1564795,9,automated-ringing,10,Abel
1564795,10,simulated-sound,,
1564786,0,simulated-sound,,Rung on a peal of Saxilby Simulators.
1564817,0,automated-ringing,1,Abel
1564817,1,automated-ringing,2,Abel
1564817,2,automated-ringing,3,Abel
1564817,3,automated-ringing,4,Abel
1564817,4,automated-ringing,5,Abel
1564817,5,automated-ringing,6,Abel
1564817,6,simulated-sound,,
1564796,0,automated-ringing,1,Abel
1564796,1,automated-ringing,2,Abel
1564796,2,automated-ringing,3,Abel
1564796,3,automated-ringing,4,Abel
1564796,4,automated-ringing,5,Abel
1564796,5,automated-ringing,6,Abel
1564796,6,simulated-sound,,
1564792,0,automated-ringing,1,Abel
1564792,1,automated-ringing,2,Abel
1564792,2,automated-ringing,3,Abel
1564792,3,automated-ringing,4,Abel
1564792,4,automated-ringing,5,Abel
1564792,5,automated-ringing,6,Abel
1564792,6,simulated-sound,,
1564669,0,first-quarter,6,
1564701,0,simulated-sound,,Performed on a virtual ringing platform.
1564928,0,simulated-sound,,Performed on a virtual ringing platform.
1564644,0,automated-ringing,5,Wheatley
1564644,1,automated-ringing,6,Wheatley
1564644,2,simulated-sound,,Performed on a virtual ringing platform.
1564574,0,simulated-sound,,
1564677,0,automated-ringing,1,Abel
1564677,1,automated-ringing,2,Abel
1564677,2,automated-ringing,3,Abel
1564677,3,automated-ringing,4,Abel
1564677,4,automated-ringing,5,Abel
1564677,5,automated-ringing,6,Abel
1564677,6,simulated-sound,,
1564673,0,automated-ringing,1,Abel
1564673,1,automated-ringing,2,Abel
1564673,2,automated-ringing,3,Abel
1564673,3,automated-ringing,4,Abel
1564673,4,automated-ringing,5,Abel
1564673,5,automated-ringing,6,Abel
1564673,6,simulated-sound,,
1564648,0,automated-ringing,1,Abel
1564648,1,automated-ringing,2,Abel
1564648,2,automated-ringing,3,Abel
1564648,3,automated-ringing,4,Abel
1564648,4,automated-ringing,5,Abel
1564648,5,automated-ringing,6,Abel
1564648,6,simulated-sound,,
1564642,0,automated-ringing,1,Abel
1564642,1,automated-ringing,2,Abel
1564642,2,automated-ringing,3,Abel
1564642,3,automated-ringing,4,Abel
1564642,4,automated-ringing,5,Abel
1564642,5,automated-ringing,6,Abel
1564642,6,simulated-sound,,
1593489,0,lost-attempt,,
1564456,0,first-quarter,6,
1564450,0,simulated-sound,,Performed on a virtual ringing platform.
1564410,0,simulated-sound,,Performed on a virtual ringing platform.
1564366,0,simulated-sound,,Performed on a virtual ringing platform.
1564008,0,first-quarter,8,
1564676,0,first-quarter,6,
1563780,0,first-quarter,1,
1564014,0,first-quarter,1,
1564014,1,first-quarter,6,
1564027,0,first-quarter,6,
1564125,0,simulated-sound,,Performed on a virtual ringing platform.
1564096,0,simulated-sound,,Performed on a virtual ringing platform.
1564007,0,automated-ringing,1,Wheatley
1564007,1,automated-ringing,2,Wheatley
1564007,2,automated-ringing,5,Wheatley
1564007,3,automated-ringing,6,Wheatley
1564007,4,automated-ringing,7,Wheatley
1564007,5,automated-ringing,8,Wheatley
1564007,6,simulated-sound,,Performed on a virtual ringing platform.
1563791,0,automated-ringing,3,Wheatley
1563791,1,automated-ringing,4,Wheatley
1563791,2,automated-ringing,5,Wheatley
1563791,3,automated-ringing,6,Wheatley
1563791,4,simulated-sound,,Performed on a virtual ringing platform.
1563990,0,first-quarter,1,
1564138,0,automated-ringing,1,Abel
1564138,1,automated-ringing,2,Abel
1564138,2,automated-ringing,3,Abel
1564138,3,automated-ringing,4,Abel
1564138,4,automated-ringing,5,Abel
1564138,5,automated-ringing,6,Abel
1564138,6,simulated-sound,,
1563982,0,automated-ringing,1,Abel
1563982,1,automated-ringing,2,Abel
1563982,2,automated-ringing,3,Abel
1563982,3,automated-ringing,4,Abel
1563982,4,automated-ringing,5,Abel
1563982,5,automated-ringing,6,Abel
1563982,6,simulated-sound,,
1564205,0,first-quarter,6,
1563752,0,first-peal,1,
1563752,1,first-peal,6,
1749351,0,first-quarter,6,
1563936,0,first-quarter,1,
1563076,0,automated-ringing,1,Abel
1563076,1,automated-ringing,2,Abel
1563076,2,automated-ringing,3,Abel
1563076,3,automated-ringing,4,Abel
1563076,4,automated-ringing,5,Abel
1563076,5,automated-ringing,6,Abel
1563076,6,automated-ringing,7,Abel
1563076,7,automated-ringing,8,Abel
1563076,8,automated-ringing,9,Abel
1563076,9,automated-ringing,10,Abel
1563076,10,automated-ringing,11,Abel
1563076,11,automated-ringing,12,Abel
1563076,12,simulated-sound,,
1563185,0,simulated-sound,,Performed on a virtual ringing platform.
1563117,0,simulated-sound,,Performed on a virtual ringing platform.
1578201,0,simulated-sound,,Performed on a virtual ringing platform.
1563079,0,simulated-sound,,Performed on a virtual ringing platform.
1563793,0,automated-ringing,5,Wheatley
1563793,1,automated-ringing,6,Wheatley
1563793,2,simulated-sound,,Performed on a virtual ringing platform.
1563058,0,automated-ringing,1,Abel
1563058,1,automated-ringing,2,Abel
1563058,2,automated-ringing,3,Abel
1563058,3,automated-ringing,4,Abel
1563058,4,automated-ringing,5,Abel
1563058,5,automated-ringing,6,Abel
1563058,6,simulated-sound,,
1563266,0,new-method,,
1562982,0,first-peal,2,
1564156,0,simulated-sound,,Performed on a virtual ringing platform.
1562888,0,simulated-sound,,Performed on a virtual ringing platform.
1562857,0,simulated-sound,,Performed on a virtual ringing platform.
1562831,0,simulated-sound,,Performed on a virtual ringing platform.
1562703,0,simulated-sound,,Performed on a virtual ringing platform.
1562685,0,simulated-sound,,Performed on a virtual ringing platform.
1562657,0,simulated-sound,,Performed on a virtual ringing platform.
1562566,0,simulated-sound,,Performed on a virtual ringing platform.
1562480,0,simulated-sound,,Performed on a virtual ringing platform.
1562470,0,simulated-sound,,Performed on a virtual ringing platform.
1562600,0,automated-ringing,5,Wheatley
1562600,1,automated-ringing,6,Wheatley
1562600,2,simulated-sound,,Performed on a virtual ringing platform.
1562112,0,automated-ringing,1,Abel
1562112,1,automated-ringing,2,Abel
1562112,2,automated-ringing,3,Abel
1562112,3,automated-ringing,4,Abel
1562112,4,automated-ringing,5,Abel
1562112,5,automated-ringing,6,Abel
1562112,6,simulated-sound,,
1564451,0,simulated-sound,,Performed on a virtual ringing platform.
1562109,0,simulated-sound,,Performed on a virtual ringing platform.
1562137,0,first-quarter,6,
1561865,0,simulated-sound,,Performed on a virtual ringing platform.
1561914,0,simulated-sound,,Performed on a virtual ringing platform.
1561921,0,simulated-sound,,Performed on a virtual ringing platform.
1561882,0,simulated-sound,,Performed on a virtual ringing platform.
1562024,0,automated-ringing,1,Abel
1562024,1,automated-ringing,3,Abel
1562024,2,automated-ringing,4,Abel
1562024,3,automated-ringing,5,Abel
1562024,4,automated-ringing,6,Abel
1562024,5,simulated-sound,,
1561913,0,automated-ringing,1,Abel
1561913,1,automated-ringing,2,Abel
1561913,2,automated-ringing,3,Abel
1561913,3,automated-ringing,4,Abel
1561913,4,automated-ringing,5,Abel
1561913,5,automated-ringing,6,Abel
1561913,6,simulated-sound,,
1561906,0,automated-ringing,1,Abel
1561906,1,automated-ringing,2,Abel
1561906,2,automated-ringing,3,Abel
1561906,3,automated-ringing,4,Abel
1561906,4,automated-ringing,5,Abel
1561906,5,automated-ringing,6,Abel
1561906,6,simulated-sound,,
1879800,0,first-quarter,6,
1561646,0,first-peal,4,
1749353,0,first-quarter,6,
1561712,0,first-quarter,1,
1561715,0,simulated-sound,,Performed on a virtual ringing platform.
1564110,0,first-peal,4,
1561363,0,simulated-sound,,Performed on a virtual ringing platform.
1582211,0,simulated-sound,,Rung on a peal of Saxilby Simulators with sound from Virtual Belfry
1582211,1,first-peal,1,
1582211,2,first-peal,6,
1561316,0,first-quarter,6,
1561316,1,first-quarter,8,
1561296,0,simulated-sound,,
1561314,0,first-quarter,1,
1561314,1,first-quarter,6,
1561301,0,simulated-sound,,
1561243,0,simulated-sound,,
1561292,0,automated-ringing,1,Abel
1561292,1,automated-ringing,2,Abel
1561292,2,automated-ringing,3,Abel
1561292,3,automated-ringing,4,Abel
1561292,4,automated-ringing,5,Abel
1561292,5,automated-ringing,6,Abel
1561292,6,automated-ringing,7,Abel
1561292,7,automated-ringing,8,Abel
1561292,8,automated-ringing,9,Abel
1561292,9,automated-ringing,10,Abel
1561292,10,automated-ringing,11,Abel
1561292,11,automated-ringing,12,Abel
1561292,12,simulated-sound,,
1561334,0,simulated-sound,,Performed on a virtual ringing platform.
1561251,0,simulated-sound,,Performed on a virtual ringing platform.
1561287,0,automated-ringing,1,Wheatley
1561287,1,automated-ringing,2,Wheatley
1561287,2,automated-ringing,5,Wheatley
1561287,3,automated-ringing,6,Wheatley
1561287,4,simulated-sound,,Performed on a virtual ringing platform.
1561220,0,simulated-sound,,Rung on peal of Saxilby Simulators
1560943,0,first-quarter,8,
1560922,0,automated-ringing,1,Abel
1560922,1,automated-ringing,2,Abel
1560922,2,automated-ringing,3,Abel
1560922,3,automated-ringing,4,Abel
1560922,4,automated-ringing,5,Abel
1560922,5,automated-ringing,6,Abel
1560922,6,simulated-sound,,
1560944,0,simulated-sound,,Performed on a virtual ringing platform.
1560855,0,simulated-sound,,Performed on a virtual ringing platform.
1561632,0,automated-ringing,5,Wheatley
1561632,1,automated-ringing,6,Wheatley
1561632,2,simulated-sound,,Performed on a virtual ringing platform.
1695038,0,first-quarter,1,
1560577,0,first-quarter,6,
1560672,0,simulated-sound,,
1560647,0,simulated-sound,,Performed on a virtual ringing platform.
1560597,0,simulated-sound,,Performed on a virtual ringing platform.
1560606,0,simulated-sound,,Performed on a virtual ringing platform.
1560471,0,simulated-sound,,Performed on a virtual ringing platform.
1560205,0,simulated-sound,,Performed on a virtual ringing platform.
1560291,0,simulated-sound,,Performed on a virtual ringing platform.
1560196,0,simulated-sound,,Performed on a virtual ringing platform.
1560426,0,simulated-sound,,Rung in a peal of Saxilby simulators
1560441,0,first-quarter,1,
1559799,0,first-quarter,6,
1559878,0,first-quarter,6,
1560008,0,first-quarter,2,
1560155,0,first-quarter,1,
1560015,0,first-quarter,6,
1560117,0,simulated-sound,,Performed on a virtual ringing platform.
1560045,0,simulated-sound,,Performed on a virtual ringing platform.
1559961,0,simulated-sound,,Performed on a virtual ringing platform.
1559886,0,first-quarter,6,
1560096,0,automated-ringing,1,Abel
1560096,1,automated-ringing,2,Abel
1560096,2,automated-ringing,3,Abel
1560096,3,automated-ringing,4,Abel
1560096,4,automated-ringing,5,Abel
1560096,5,automated-ringing,6,Abel
1560096,6,simulated-sound,,
1559715,0,first-quarter,2,
1559827,0,first-quarter,1,
1559768,0,first-quarter,6,
1559708,0,automated-ringing,1,Abel
1559708,1,automated-ringing,2,Abel
1559708,2,automated-ringing,3,Abel
1559708,3,automated-ringing,4,Abel
1559708,4,automated-ringing,5,Abel
1559708,5,automated-ringing,6,Abel
1559708,6,automated-ringing,7,Abel
1559708,7,automated-ringing,8,Abel
1559708,8,simulated-sound,,
1559617,0,automated-ringing,1,Wheatley
1559617,1,automated-ringing,2,Wheatley
1559617,2,automated-ringing,3,Wheatley
1559617,3,automated-ringing,4,Wheatley
1559617,4,automated-ringing,6,Wheatley
1559617,5,simulated-sound,,Performed on a virtual ringing platform.
1559624,0,first-quarter,1,
1559462,0,first-quarter,6,
1559513,0,simulated-sound,,Performed on a ring of dumb bells.
1559398,0,simulated-sound,,Performed on a ring of dumb bells.
1559558,0,simulated-sound,,Performed on a virtual ringing platform.
1559476,0,simulated-sound,,Performed on a virtual ringing platform.
1559461,0,simulated-sound,,Performed on a virtual ringing platform.
1559385,0,simulated-sound,,Performed on a virtual ringing platform.
1559496,0,simulated-sound,,Performed on a virtual ringing platform.
1559367,0,simulated-sound,,Performed on a virtual ringing platform.
1559457,0,automated-ringing,1,Abel
1559457,1,automated-ringing,2,Abel
1559457,2,automated-ringing,3,Abel
1559457,3,automated-ringing,4,Abel
1559457,4,automated-ringing,5,Abel
1559457,5,automated-ringing,6,Abel
1559457,6,simulated-sound,,
1559326,0,simulated-sound,,Performed on a virtual ringing platform.
1559270,0,simulated-sound,,Performed on a virtual ringing platform.
1559271,0,simulated-sound,,Performed on a virtual ringing platform.
1559212,0,automated-ringing,1,Sonneur
1559212,1,automated-ringing,2,Sonneur
1559212,2,automated-ringing,3,Sonneur
1559212,3,automated-ringing,5,Sonneur
1559212,4,automated-ringing,6,Sonneur
1559212,5,automated-ringing,8,Sonneur
1559212,6,simulated-sound,,Performed on a virtual ringing platform.
1559167,0,simulated-sound,,Performed on a virtual ringing platform.
1559187,0,simulated-sound,,Performed on a virtual ringing platform.
1728089,0,first-quarter,1,
1558807,0,automated-ringing,1,Abel
1558807,1,automated-ringing,2,Abel
1558807,2,automated-ringing,3,Abel
1558807,3,automated-ringing,4,Abel
1558807,4,automated-ringing,5,Abel
1558807,5,automated-ringing,6,Abel
1558807,6,automated-ringing,7,Abel
1558807,7,automated-ringing,8,Abel
1558807,8,automated-ringing,9,Abel
1558807,9,automated-ringing,10,Abel
1558807,10,simulated-sound,,
1558906,0,simulated-sound,,Performed on a virtual ringing platform.
1558906,1,first-quarter,3,
1558906,2,first-quarter,4,
1558903,0,simulated-sound,,Performed on a virtual ringing platform.
1558803,0,simulated-sound,,Performed on a virtual ringing platform.
1558809,0,simulated-sound,,Performed on a virtual ringing platform.
1558804,0,automated-ringing,1,Abel
1558804,1,automated-ringing,2,Abel
1558804,2,automated-ringing,3,Abel
1558804,3,automated-ringing,4,Abel
1558804,4,automated-ringing,5,Abel
1558804,5,automated-ringing,6,Abel
1558804,6,simulated-sound,,
1558576,0,automated-ringing,1,Abel
1558576,1,automated-ringing,2,Abel
1558576,2,automated-ringing,3,Abel
1558576,3,automated-ringing,4,Abel
1558576,4,automated-ringing,5,Abel
1558576,5,automated-ringing,6,Abel
1558576,6,simulated-sound,,
1558689,0,simulated-sound,,Performed on a virtual ringing platform.
1558614,0,simulated-sound,,Performed on a virtual ringing platform.
1558499,0,simulated-sound,,Performed on a virtual ringing platform.
1558513,0,simulated-sound,,
1558513,1,first-quarter,6,
1559508,0,first-quarter,1,
1558160,0,first-quarter,1,
1558524,0,simulated-sound,,Performed on a virtual ringing platform.
1558373,0,simulated-sound,,Performed on a virtual ringing platform.
1558287,0,simulated-sound,,Performed on a virtual ringing platform.
1558439,0,automated-ringing,1,Abel
1558439,1,automated-ringing,2,Abel
1558439,2,automated-ringing,3,Abel
1558439,3,automated-ringing,4,Abel
1558439,4,automated-ringing,5,Abel
1558439,5,automated-ringing,6,Abel
1558439,6,simulated-sound,,
1558142,0,first-quarter,1,
1558109,0,simulated-sound,,Performed on a virtual ringing platform.
1558036,0,simulated-sound,,Performed on a virtual ringing platform.
1558019,0,automated-ringing,1,Abel
1558019,1,automated-ringing,2,Abel
1558019,2,automated-ringing,3,Abel
1558019,3,automated-ringing,4,Abel
1558019,4,automated-ringing,5,Abel
1558019,5,automated-ringing,6,Abel
1558019,6,simulated-sound,,
1628836,0,simulated-sound,,
1557779,0,simulated-sound,,Performed on a virtual ringing platform.
1557881,0,simulated-sound,,Performed on a virtual ringing platform.
1557811,0,simulated-sound,,Performed on a virtual ringing platform.
1557793,0,simulated-sound,,Performed on a virtual ringing platform.
1557712,0,simulated-sound,,Performed on a virtual ringing platform.
1557867,0,automated-ringing,1,Sonneur
1557867,1,automated-ringing,2,Sonneur
1557867,2,automated-ringing,3,Sonneur
1557867,3,automated-ringing,5,Sonneur
1557867,4,automated-ringing,6,Sonneur
1557867,5,automated-ringing,8,Sonneur
1557867,6,simulated-sound,,Performed on a virtual ringing platform.
1557769,0,automated-ringing,1,Abel
1557769,1,automated-ringing,2,Abel
1557769,2,automated-ringing,3,Abel
1557769,3,automated-ringing,4,Abel
1557769,4,automated-ringing,5,Abel
1557769,5,automated-ringing,6,Abel
1557769,6,simulated-sound,,
1557604,0,simulated-sound,,
1557604,1,first-quarter,6,
1557682,0,simulated-sound,,Performed on a ring of dumb bells.
1557795,0,first-quarter,1,
1557469,0,simulated-sound,,Performed on a virtual ringing platform.
1557578,0,simulated-sound,,Performed on a virtual ringing platform.
1557423,0,first-quarter,6,
1557754,0,first-quarter,1,
1557383,0,first-quarter,1,
1557312,0,automated-ringing,1,Abel
1557312,1,automated-ringing,2,Abel
1557312,2,automated-ringing,3,Abel
1557312,3,automated-ringing,4,Abel
1557312,4,automated-ringing,5,Abel
1557312,5,automated-ringing,6,Abel
1557312,6,automated-ringing,7,Abel
1557312,7,automated-ringing,8,Abel
1557312,8,simulated-sound,,
1557321,0,automated-ringing,1,Abel
1557321,1,automated-ringing,2,Abel
1557321,2,automated-ringing,3,Abel
1557321,3,automated-ringing,4,Abel
1557321,4,automated-ringing,5,Abel
1557321,5,automated-ringing,6,Abel
1557321,6,simulated-sound,,
1557314,0,first-quarter,1,
1557156,0,first-quarter,1,
1557096,0,first-quarter,6,
1557204,0,first-quarter,6,
1557146,0,first-quarter,1,
1577120,0,first-quarter,6,
1576895,0,first-quarter,6,
1577212,0,first-quarter,8,
1577667,0,simulated-sound,,Performed on a virtual ringing platform.
1577142,0,automated-ringing,5,Wheatley
1577142,1,automated-ringing,6,Wheatley
1577142,2,simulated-sound,,Performed on a virtual ringing platform.
1577246,0,simulated-sound,,Rung on a peal of Saxilby Simulators.
1577040,0,automated-ringing,1,Abel
1577040,1,automated-ringing,2,Abel
1577040,2,automated-ringing,3,Abel
1577040,3,automated-ringing,4,Abel
1577040,4,automated-ringing,5,Abel
1577040,5,automated-ringing,6,Abel
1577040,6,simulated-sound,,
1579245,0,first-quarter,1,
1576622,0,automated-ringing,1,Abel
1576622,1,automated-ringing,2,Abel
1576622,2,automated-ringing,3,Abel
1576622,3,automated-ringing,4,Abel
1576622,4,automated-ringing,5,Abel
1576622,5,automated-ringing,6,Abel
1576622,6,automated-ringing,7,Abel
1576622,7,simulated-sound,,
1576847,0,simulated-sound,,Performed on a virtual ringing platform.
1576495,0,simulated-sound,,Performed on a virtual ringing platform.
1576776,0,simulated-sound,,Performed on a virtual ringing platform.
1576778,0,automated-ringing,5,Wheatley
1576778,1,automated-ringing,6,Wheatley
1576778,2,simulated-sound,,Performed on a virtual ringing platform.
1576582,0,simulated-sound,,Performed on a virtual ringing platform.
1576411,0,first-peal,6,
1576529,0,first-quarter,1,
1577541,0,first-quarter,1,
1576258,0,first-quarter,1,
1576344,0,automated-ringing,1,Abel
1576344,1,automated-ringing,2,Abel
1576344,2,automated-ringing,3,Abel
1576344,3,automated-ringing,4,Abel
1576344,4,automated-ringing,5,Abel
1576344,5,automated-ringing,6,Abel
1576344,6,automated-ringing,7,Abel
1576344,7,automated-ringing,8,Abel
1576344,8,automated-ringing,9,Abel
1576344,9,automated-ringing,10,Abel
1576344,10,automated-ringing,11,Abel
1576344,11,automated-ringing,12,Abel
1576344,12,simulated-sound,,
1576478,0,simulated-sound,,Performed on a virtual ringing platform.
1576356,0,simulated-sound,,Performed on a virtual ringing platform.
1576434,0,simulated-sound,,Performed on a virtual ringing platform.
1576315,0,automated-ringing,1,Abel
1576315,1,automated-ringing,2,Abel
1576315,2,automated-ringing,3,Abel
1576315,3,automated-ringing,4,Abel
1576315,4,automated-ringing,5,Abel
1576315,5,automated-ringing,6,Abel
1576315,6,simulated-sound,,
1576147,0,first-quarter,6,
1575998,0,automated-ringing,1,Wheatley
1575998,1,automated-ringing,2,Wheatley
1575998,2,automated-ringing,3,Wheatley
1575998,3,simulated-sound,,Performed on a virtual ringing platform.
1576140,0,simulated-sound,,Performed on a virtual ringing platform.
1576136,0,simulated-sound,,Performed on a virtual ringing platform.
1576130,0,simulated-sound,,Performed on a ring of dumb bells.
1575916,0,automated-ringing,1,Abel
1575916,1,automated-ringing,2,Abel
1575916,2,automated-ringing,3,Abel
1575916,3,automated-ringing,4,Abel
1575916,4,automated-ringing,5,Abel
1575916,5,automated-ringing,6,Abel
1575916,6,simulated-sound,,
1575870,0,automated-ringing,1,Abel
1575870,1,automated-ringing,2,Abel
1575870,2,automated-ringing,3,Abel
1575870,3,automated-ringing,4,Abel
1575870,4,automated-ringing,5,Abel
1575870,5,automated-ringing,6,Abel
1575870,6,simulated-sound,,
1575622,0,new-method,,
1575635,0,first-peal,1,
1575694,0,simulated-sound,,Performed on a virtual ringing platform.
1575636,0,simulated-sound,,Performed on a virtual ringing platform.
1582212,0,simulated-sound,,Rung on a peal of Saxilby Simulators
1575713,0,first-peal,4,
1577864,0,automated-ringing,1,Abel
1577864,1,automated-ringing,2,Abel
1577864,2,automated-ringing,3,Abel
1577864,3,automated-ringing,4,Abel
1577864,4,automated-ringing,5,Abel
1577864,5,automated-ringing,6,Abel
1577864,6,simulated-sound,,
1575532,0,automated-ringing,1,Abel
1575532,1,automated-ringing,2,Abel
1575532,2,automated-ringing,3,Abel
1575532,3,automated-ringing,4,Abel
1575532,4,automated-ringing,5,Abel
1575532,5,automated-ringing,6,Abel
1575532,6,simulated-sound,,
1577254,0,first-quarter,6,
1577253,0,first-quarter,6,
1576137,0,simulated-sound,,Performed on a virtual ringing platform.
1575374,0,simulated-sound,,Performed on a virtual ringing platform.
1575266,0,simulated-sound,,Performed on a virtual ringing platform.
1575105,0,first-quarter,6,
1904447,0,automated-ringing,1,Abel
1904447,1,automated-ringing,2,Abel
1904447,2,automated-ringing,3,Abel
1904447,3,automated-ringing,4,Abel
1904447,4,simulated-sound,,
1574865,0,first-peal,1,
1575080,0,first-peal,3,
1574885,0,automated-ringing,1,Abel
1574885,1,automated-ringing,2,Abel
1574885,2,automated-ringing,3,Abel
1574885,3,automated-ringing,4,Abel
1574885,4,automated-ringing,5,Abel
1574885,5,automated-ringing,6,Abel
1574885,6,automated-ringing,7,Abel
1574885,7,automated-ringing,8,Abel
1574885,8,automated-ringing,9,Abel
1574885,9,automated-ringing,10,Abel
1574885,10,automated-ringing,11,Abel
1574885,11,automated-ringing,12,Abel
1574885,12,simulated-sound,,
1574978,0,automated-ringing,5,Wheatley
1574978,1,automated-ringing,6,Wheatley
1574978,2,automated-ringing,7,Wheatley
1574978,3,automated-ringing,8,Wheatley
1574978,4,simulated-sound,,Performed on a virtual ringing platform.
1574837,0,automated-ringing,1,Abel
1574837,1,automated-ringing,2,Abel
1574837,2,automated-ringing,3,Abel
1574837,3,automated-ringing,4,Abel
1574837,4,automated-ringing,5,Abel
1574837,5,automated-ringing,6,Abel
1574837,6,simulated-sound,,
1679364,0,automated-ringing,1,Virtual Belfry
1679364,1,automated-ringing,2,Virtual Belfry
1679364,2,automated-ringing,3,Virtual Belfry
1679364,3,automated-ringing,4,Virtual Belfry
1679364,4,automated-ringing,5,Virtual Belfry
1679364,5,automated-ringing,6,Virtual Belfry
1679364,6,automated-ringing,7,Virtual Belfry
1679364,7,automated-ringing,8,Virtual Belfry
1679364,8,automated-ringing,9,Virtual Belfry
1679364,9,automated-ringing,10,Virtual Belfry
1679364,10,automated-ringing,11,Virtual Belfry
1679364,11,simulated-sound,,
1574617,0,simulated-sound,,Performed on a virtual ringing platform.
1574977,0,automated-ringing,5,Wheatley
1574977,1,automated-ringing,6,Wheatley
1574977,2,automated-ringing,7,Wheatley
1574977,3,automated-ringing,8,Wheatley
1574977,4,simulated-sound,,Performed on a virtual ringing platform.
1574513,0,automated-ringing,1,Abel
1574513,1,automated-ringing,2,Abel
1574513,2,automated-ringing,3,Abel
1574513,3,automated-ringing,4,Abel
1574513,4,automated-ringing,5,Abel
1574513,5,automated-ringing,6,Abel
1574513,6,simulated-sound,,
1574394,0,automated-ringing,1,Abel
1574394,1,automated-ringing,2,Abel
1574394,2,automated-ringing,3,Abel
1574394,3,automated-ringing,4,Abel
1574394,4,automated-ringing,5,Abel
1574394,5,automated-ringing,6,Abel
1574394,6,simulated-sound,,
1574101,0,automated-ringing,1,Abel
1574101,1,automated-ringing,2,Abel
1574101,2,automated-ringing,3,Abel
1574101,3,automated-ringing,4,Abel
1574101,4,automated-ringing,5,Abel
1574101,5,automated-ringing,6,Abel
1574101,6,automated-ringing,7,Abel
1574101,7,automated-ringing,8,Abel
1574101,8,automated-ringing,9,Abel
1574101,9,automated-ringing,10,Abel
1574101,10,automated-ringing,11,Abel
1574101,11,automated-ringing,12,Abel
1574101,12,simulated-sound,,
1573744,0,simulated-sound,,Performed on a virtual ringing platform.
1573670,0,simulated-sound,,Performed on a virtual ringing platform.
1572574,0,simulated-sound,,Performed on a virtual ringing platform.
1573326,0,simulated-sound,,Performed on a virtual ringing platform.
1573619,0,automated-ringing,3,Wheatley
1573619,1,automated-ringing,4,Wheatley
1573619,2,simulated-sound,,Performed on a virtual ringing platform.
1573148,0,simulated-sound,,Performed on a virtual ringing platform.
1573131,0,automated-ringing,1,Abel
1573131,1,automated-ringing,2,Abel
1573131,2,automated-ringing,3,Abel
1573131,3,automated-ringing,4,Abel
1573131,4,automated-ringing,5,Abel
1573131,5,automated-ringing,6,Abel
1573131,6,simulated-sound,,
1571948,0,first-quarter,1,
1571828,0,first-peal,5,
1571916,0,simulated-sound,,Performed on a virtual ringing platform.
1571868,0,simulated-sound,,Performed on a virtual ringing platform.
1571439,0,automated-ringing,1,Abel
1571439,1,automated-ringing,2,Abel
1571439,2,automated-ringing,3,Abel
1571439,3,automated-ringing,4,Abel
1571439,4,automated-ringing,5,Abel
1571439,5,automated-ringing,6,Abel
1571439,6,simulated-sound,,
1571170,0,first-quarter,6,
1574973,0,first-quarter,1,
1570957,0,first-quarter,6,
1570647,0,simulated-sound,,Performed on a virtual ringing platform.
1570645,0,simulated-sound,,Performed on a ring of dumb bells.
1570609,0,automated-ringing,1,Abel
1570609,1,automated-ringing,2,Abel
1570609,2,automated-ringing,3,Abel
1570609,3,automated-ringing,4,Abel
1570609,4,automated-ringing,5,Abel
1570609,5,automated-ringing,6,Abel
1570609,6,automated-ringing,7,Abel
1570609,7,automated-ringing,8,Abel
1570609,8,automated-ringing,9,Abel
1570609,9,automated-ringing,10,Abel
1570609,10,simulated-sound,,
1570612,0,automated-ringing,5,Wheatley
1570612,1,automated-ringing,6,Wheatley
1570612,2,simulated-sound,,Performed on a virtual ringing platform.
1570830,0,simulated-sound,,Performed on a virtual ringing platform.
1570632,0,simulated-sound,,Performed on a virtual ringing platform.
1570460,0,simulated-sound,,Performed on a virtual ringing platform.
1574993,0,first-quarter,6,
1569628,0,first-peal,5,
1569628,1,first-peal,8,
1569624,0,first-quarter,1,
1580102,0,simulated-sound,,Performed on a virtual ringing platform.
1569594,0,simulated-sound,,Performed on a virtual ringing platform.
1570422,0,simulated-sound,,Performed on a virtual ringing platform.
1570352,0,first-peal,1,
1570352,1,first-peal,7,
1570010,0,first-quarter,6,
1569410,0,automated-ringing,1,Abel
1569410,1,automated-ringing,2,Abel
1569410,2,automated-ringing,3,Abel
1569410,3,automated-ringing,4,Abel
1569410,4,automated-ringing,5,Abel
1569410,5,automated-ringing,6,Abel
1569410,6,automated-ringing,7,Abel
1569410,7,automated-ringing,8,Abel
1569410,8,automated-ringing,9,Abel
1569410,9,automated-ringing,10,Abel
1569410,10,automated-ringing,11,Abel
1569410,11,automated-ringing,12,Abel
1569410,12,simulated-sound,,
1569589,0,simulated-sound,,Performed on a virtual ringing platform.
1569511,0,simulated-sound,,Performed on a virtual ringing platform.
1569391,0,automated-ringing,1,Abel
1569391,1,automated-ringing,2,Abel
1569391,2,automated-ringing,3,Abel
1569391,3,automated-ringing,4,Abel
1569391,4,automated-ringing,5,Abel
1569391,5,automated-ringing,6,Abel
1569391,6,simulated-sound,,
1569362,0,automated-ringing,1,Abel
1569362,1,automated-ringing,2,Abel
1569362,2,automated-ringing,3,Abel
1569362,3,automated-ringing,4,Abel
1569362,4,automated-ringing,5,Abel
1569362,5,automated-ringing,6,Abel
1569362,6,simulated-sound,,
1569258,0,simulated-sound,,
1569283,0,simulated-sound,,Performed on a virtual ringing platform.
1569238,0,simulated-sound,,Performed on a virtual ringing platform.
1569197,0,simulated-sound,,Performed on a virtual ringing platform.
1569309,0,automated-ringing,1,Wheatley
1569309,1,automated-ringing,2,Wheatley
1569309,2,automated-ringing,5,Wheatley
1569309,3,automated-ringing,6,Wheatley
1569309,4,simulated-sound,,Performed on a virtual ringing platform.
1569127,0,simulated-sound,,
1569174,0,automated-ringing,1,Abel
1569174,1,automated-ringing,2,Abel
1569174,2,automated-ringing,3,Abel
1569174,3,automated-ringing,4,Abel
1569174,4,automated-ringing,5,Abel
1569174,5,automated-ringing,6,Abel
1569174,6,simulated-sound,,
1568916,0,simulated-sound,,Performed on a virtual ringing platform.
1569240,0,simulated-sound,,Performed on a virtual ringing platform.
1568919,0,simulated-sound,,Performed on a virtual ringing platform.
1568853,0,simulated-sound,,Performed on a virtual ringing platform.
1568904,0,automated-ringing,2,Sonneur
1568904,1,automated-ringing,3,Sonneur
1568904,2,automated-ringing,4,Sonneur
1568904,3,automated-ringing,5,Sonneur
1568904,4,automated-ringing,6,Sonneur
1568904,5,automated-ringing,7,Sonneur
1568904,6,simulated-sound,,Performed on a virtual ringing platform.
1569051,0,first-quarter,6,
1568672,0,simulated-sound,,Performed on a virtual ringing platform.
1568601,0,simulated-sound,,Performed on a virtual ringing platform.
1568565,0,automated-ringing,1,Abel
1568565,1,automated-ringing,2,Abel
1568565,2,automated-ringing,3,Abel
1568565,3,automated-ringing,4,Abel
1568565,4,automated-ringing,5,Abel
1568565,5,automated-ringing,6,Abel
1568565,6,simulated-sound,,
1568367,0,simulated-sound,,
1568402,0,simulated-sound,,Performed on a virtual ringing platform.
1568302,0,simulated-sound,,Performed on a virtual ringing platform.
1568239,0,simulated-sound,,Performed on a virtual ringing platform.
1568237,0,simulated-sound,,Rung on a peal of Saxilby Simulators with sound provided by Virtual Belfry
1568347,0,automated-ringing,1,Abel
1568347,1,automated-ringing,2,Abel
1568347,2,automated-ringing,3,Abel
1568347,3,automated-ringing,4,Abel
1568347,4,automated-ringing,5,Abel
1568347,5,automated-ringing,6,Abel
1568347,6,simulated-sound,,
1568307,0,automated-ringing,1,Abel
1568307,1,automated-ringing,2,Abel
1568307,2,automated-ringing,3,Abel
1568307,3,automated-ringing,4,Abel
1568307,4,automated-ringing,5,Abel
1568307,5,automated-ringing,6,Abel
1568307,6,automated-ringing,7,Abel
1568307,7,automated-ringing,8,Abel
1568307,8,simulated-sound,,
1567992,0,automated-ringing,1,Abel
1567992,1,automated-ringing,2,Abel
1567992,2,automated-ringing,3,Abel
1567992,3,automated-ringing,4,Abel
1567992,4,automated-ringing,5,Abel
1567992,5,automated-ringing,6,Abel
1567992,6,automated-ringing,7,Abel
1567992,7,automated-ringing,8,Abel
1567992,8,automated-ringing,9,Abel
1567992,9,automated-ringing,10,Abel
1567992,10,automated-ringing,11,Abel
1567992,11,automated-ringing,12,Abel
1567992,12,simulated-sound,,
1567816,0,simulated-sound,,Performed on a virtual ringing platform.
1568483,0,simulated-sound,,Performed on a virtual ringing platform.
1568090,0,first-quarter,6,
1568038,0,first-quarter,6,
1567880,0,first-quarter,1,
1568079,0,first-quarter,6,
1568309,0,first-quarter,1,
1567528,0,simulated-sound,,
1567527,0,simulated-sound,,
1567533,0,simulated-sound,,Performed on a virtual ringing platform.
1567506,0,automated-ringing,3,Wheatley
1567506,1,automated-ringing,4,Wheatley
1567506,2,simulated-sound,,Performed on a virtual ringing platform.
1567439,0,automated-ringing,3,Wheatley
1567439,1,automated-ringing,4,Wheatley
1567439,2,automated-ringing,5,Wheatley
1567439,3,automated-ringing,6,Wheatley
1567439,4,automated-ringing,7,Wheatley
1567439,5,automated-ringing,8,Wheatley
1567439,6,automated-ringing,9,Wheatley
1567439,7,automated-ringing,10,Wheatley
1567439,8,simulated-sound,,Performed on a virtual ringing platform.
1567372,0,automated-ringing,1,Abel
1567372,1,automated-ringing,2,Abel
1567372,2,automated-ringing,3,Abel
1567372,3,automated-ringing,4,Abel
1567372,4,automated-ringing,5,Abel
1567372,5,automated-ringing,6,Abel
1567372,6,simulated-sound,,
1567341,0,automated-ringing,1,Abel
1567341,1,automated-ringing,2,Abel
1567341,2,automated-ringing,3,Abel
1567341,3,automated-ringing,4,Abel
1567341,4,automated-ringing,5,Abel
1567341,5,automated-ringing,6,Abel
1567341,6,simulated-sound,,
1567588,0,first-peal,2,
1567218,0,first-quarter,8,
1567270,0,simulated-sound,,Performed on a virtual ringing platform.
1567219,0,simulated-sound,,Performed on a virtual ringing platform.
1567160,0,first-quarter,1,
1567160,1,first-quarter,6,
1567171,0,automated-ringing,1,Abel
1567171,1,automated-ringing,2,Abel
1567171,2,automated-ringing,3,Abel
1567171,3,automated-ringing,4,Abel
1567171,4,simulated-sound,,
1567115,0,automated-ringing,1,Abel
1567115,1,automated-ringing,2,Abel
1567115,2,automated-ringing,3,Abel
1567115,3,automated-ringing,4,Abel
1567115,4,simulated-sound,,
1566967,0,first-peal,1,
1566881,0,automated-ringing,1,Abel
1566881,1,automated-ringing,2,Abel
1566881,2,automated-ringing,3,Abel
1566881,3,automated-ringing,4,Abel
1566881,4,automated-ringing,5,Abel
1566881,5,automated-ringing,6,Abel
1566881,6,automated-ringing,7,Abel
1566881,7,automated-ringing,8,Abel
1566881,8,simulated-sound,,
1567051,0,simulated-sound,,Performed on a virtual ringing platform.
1567101,0,automated-ringing,1,Wheatley
1567101,1,automated-ringing,2,Wheatley
1567101,2,automated-ringing,5,Wheatley
1567101,3,automated-ringing,6,Wheatley
1567101,4,automated-ringing,7,Wheatley
1567101,5,automated-ringing,8,Wheatley
1567101,6,simulated-sound,,Performed on a virtual ringing platform.
1566849,0,simulated-sound,,Performed on a virtual ringing platform.
1566874,0,simulated-sound,,Rung on peal of Saxilby simulators with Virtual Belfry providing the sound
1566913,0,automated-ringing,1,Abel
1566913,1,automated-ringing,2,Abel
1566913,2,automated-ringing,3,Abel
1566913,3,automated-ringing,4,Abel
1566913,4,automated-ringing,5,Abel
1566913,5,automated-ringing,6,Abel
1566913,6,simulated-sound,,
1773680,0,first-quarter,6,
1570567,0,simulated-sound,,
1566770,0,simulated-sound,,Performed on a virtual ringing platform.
1566742,0,simulated-sound,,Performed on a virtual ringing platform.
1566733,0,automated-ringing,1,Wheatley
1566733,1,automated-ringing,2,Wheatley
1566733,2,automated-ringing,3,Wheatley
1566733,3,automated-ringing,4,Wheatley
1566733,4,automated-ringing,5,Wheatley
1566733,5,simulated-sound,,Performed on a virtual ringing platform.
1566731,0,automated-ringing,1,Sonneur
1566731,1,automated-ringing,2,Sonneur
1566731,2,automated-ringing,3,Sonneur
1566731,3,automated-ringing,4,Sonneur
1566731,4,automated-ringing,6,Sonneur
1566731,5,automated-ringing,7,Sonneur
1566731,6,automated-ringing,8,Sonneur
1566731,7,automated-ringing,10,Sonneur
1566731,8,simulated-sound,,Performed on a virtual ringing platform.
1567333,0,first-quarter,6,
1566765,0,automated-ringing,1,Abel
1566765,1,automated-ringing,2,Abel
1566765,2,automated-ringing,3,Abel
1566765,3,automated-ringing,4,Abel
1566765,4,automated-ringing,5,Abel
1566765,5,automated-ringing,6,Abel
1566765,6,simulated-sound,,
1566728,0,automated-ringing,1,Abel
1566728,1,automated-ringing,2,Abel
1566728,2,automated-ringing,3,Abel
1566728,3,automated-ringing,4,Abel
1566728,4,automated-ringing,5,Abel
1566728,5,automated-ringing,6,Abel
1566728,6,simulated-sound,,
1961603,0,first-quarter,6,
1567461,0,first-quarter,1,
1567461,1,first-quarter,6,
1566435,0,simulated-sound,,Performed on a virtual ringing platform.
1566373,0,simulated-sound,,Performed on a virtual ringing platform.
1566371,0,simulated-sound,,Performed on a virtual ringing platform.
1566266,0,automated-ringing,1,Wheatley
1566266,1,automated-ringing,3,Wheatley
1566266,2,automated-ringing,4,Wheatley
1566266,3,automated-ringing,6,Wheatley
1566266,4,automated-ringing,7,Wheatley
1566266,5,automated-ringing,8,Wheatley
1566266,6,automated-ringing,10,Wheatley
1566266,7,automated-ringing,11,Wheatley
1566266,8,simulated-sound,,Performed on a virtual ringing platform.
1566012,0,first-quarter,6,
1565943,0,automated-ringing,1,Abel
1565943,1,automated-ringing,2,Abel
1565943,2,automated-ringing,3,Abel
1565943,3,automated-ringing,4,Abel
1565943,4,automated-ringing,5,Abel
1565943,5,automated-ringing,6,Abel
1565943,6,simulated-sound,,
1566029,0,simulated-sound,,Performed on a virtual ringing platform.
1565993,0,automated-ringing,5,Wheatley
1565993,1,automated-ringing,6,Wheatley
1565993,2,simulated-sound,,Performed on a virtual ringing platform.
1565877,0,simulated-sound,,Performed on a virtual ringing platform.
1565921,0,simulated-sound,,Rung on a peal of Saxilby simulators with. Virtual Belfry providing the sound
1565968,0,automated-ringing,1,Abel
1565968,1,automated-ringing,2,Abel
1565968,2,automated-ringing,3,Abel
1565968,3,automated-ringing,4,Abel
1565968,4,automated-ringing,5,Abel
1565968,5,automated-ringing,6,Abel
1565968,6,simulated-sound,,
1565869,0,first-quarter,1,
1565781,0,first-quarter,6,
1565809,0,first-quarter,3,
1565809,1,first-quarter,4,
1574619,0,simulated-sound,,Performed on a virtual ringing platform.
1565691,0,automated-ringing,3,Wheatley
1565691,1,automated-ringing,4,Wheatley
1565691,2,automated-ringing,5,Wheatley
1565691,3,automated-ringing,6,Wheatley
1565691,4,simulated-sound,,Performed on a virtual ringing platform.
1565629,0,automated-ringing,1,Abel
1565629,1,automated-ringing,2,Abel
1565629,2,automated-ringing,3,Abel
1565629,3,automated-ringing,4,Abel
1565629,4,automated-ringing,5,Abel
1565629,5,automated-ringing,6,Abel
1565629,6,automated-ringing,7,Abel
1565629,7,automated-ringing,8,Abel
1565629,8,simulated-sound,,
1565551,0,automated-ringing,1,Abel
1565551,1,automated-ringing,2,Abel
1565551,2,automated-ringing,3,Abel
1565551,3,automated-ringing,4,Abel
1565551,4,automated-ringing,5,Abel
1565551,5,automated-ringing,6,Abel
1565551,6,simulated-sound,,
1565359,0,first-peal,1,
1565430,0,first-quarter,1,
1565447,0,automated-ringing,1,Abel
1565447,1,automated-ringing,2,Abel
1565447,2,automated-ringing,3,Abel
1565447,3,automated-ringing,4,Abel
1565447,4,automated-ringing,5,Abel
1565447,5,automated-ringing,6,Abel
1565447,6,automated-ringing,7,Abel
1565447,7,automated-ringing,8,Abel
1565447,8,simulated-sound,,
1565474,0,automated-ringing,1,Abel
1565474,1,automated-ringing,2,Abel
1565474,2,automated-ringing,3,Abel
1565474,3,automated-ringing,4,Abel
1565474,4,automated-ringing,5,Abel
1565474,5,automated-ringing,6,Abel
1565474,6,simulated-sound,,
1565440,0,automated-ringing,1,Abel
1565440,1,automated-ringing,2,Abel
1565440,2,automated-ringing,3,Abel
1565440,3,automated-ringing,4,Abel
1565440,4,automated-ringing,5,Abel
1565440,5,automated-ringing,6,Abel
1565440,6,simulated-sound,,
1565438,0,automated-ringing,1,Abel
1565438,1,automated-ringing,2,Abel
1565438,2,automated-ringing,3,Abel
1565438,3,automated-ringing,4,Abel
1565438,4,simulated-sound,,
1565437,0,automated-ringing,1,Abel
1565437,1,automated-ringing,2,Abel
1565437,2,automated-ringing,3,Abel
1565437,3,automated-ringing,4,Abel
1565437,4,automated-ringing,5,Abel
1565437,5,automated-ringing,6,Abel
1565437,6,simulated-sound,,
1565404,0,automated-ringing,1,Abel
1565404,1,automated-ringing,2,Abel
1565404,2,automated-ringing,3,Abel
1565404,3,automated-ringing,4,Abel
1565404,4,automated-ringing,5,Abel
1565404,5,automated-ringing,6,Abel
1565404,6,simulated-sound,,
1565391,0,automated-ringing,1,Abel
1565391,1,automated-ringing,2,Abel
1565391,2,automated-ringing,3,Abel
1565391,3,automated-ringing,4,Abel
1565391,4,automated-ringing,5,Abel
1565391,5,automated-ringing,6,Abel
1565391,6,simulated-sound,,
1565432,0,first-quarter,5,
1565217,0,simulated-sound,,
1565217,1,first-quarter,6,
1565252,0,simulated-sound,,Performed on a virtual ringing platform.
1565210,0,simulated-sound,,Performed on a virtual ringing platform.
1565320,0,automated-ringing,1,Abel
1565320,1,automated-ringing,2,Abel
1565320,2,automated-ringing,3,Abel
1565320,3,automated-ringing,4,Abel
1565320,4,automated-ringing,5,Abel
1565320,5,automated-ringing,6,Abel
1565320,6,simulated-sound,,
1580104,0,simulated-sound,,Performed on a virtual ringing platform.
1570915,0,simulated-sound,,Performed on a virtual ringing platform.
1564998,0,automated-ringing,1,Wheatley
1564998,1,automated-ringing,2,Wheatley
1564998,2,automated-ringing,5,Wheatley
1564998,3,automated-ringing,6,Wheatley
1564998,4,automated-ringing,7,Wheatley
1564998,5,automated-ringing,8,Wheatley
1564998,6,simulated-sound,,Performed on a virtual ringing platform.
1564981,0,simulated-sound,,Performed on a virtual ringing platform.
1564936,0,simulated-sound,,Rung on a peal of Saxilby simulators with. Virtual Belfry providing the sound
1564945,0,automated-ringing,1,Abel
1564945,1,automated-ringing,2,Abel
1564945,2,automated-ringing,3,Abel
1564945,3,automated-ringing,4,Abel
1564945,4,automated-ringing,5,Abel
1564945,5,automated-ringing,6,Abel
1564945,6,simulated-sound,,
