perf_id,position,flag_type,bell,flag_text
1592602,0,first-quarter,6,
1592338,0,simulated-sound,,Performed on a virtual ringing platform.
1592291,0,simulated-sound,,Performed on a virtual ringing platform.
1592246,0,simulated-sound,,Performed on a virtual ringing platform.
1592177,0,simulated-sound,,Performed on a virtual ringing platform.
1592378,0,automated-ringing,3,Wheatley
1592378,1,automated-ringing,4,Wheatley
1592378,2,simulated-sound,,Performed on a virtual ringing platform.
1592313,0,automated-ringing,3,Wheatley
1592313,1,automated-ringing,4,Wheatley
1592313,2,simulated-sound,,Performed on a virtual ringing platform.
1606150,0,simulated-sound,,
1592255,0,automated-ringing,1,Abel
1592255,1,automated-ringing,2,Abel
1592255,2,automated-ringing,3,Abel
1592255,3,automated-ringing,4,Abel
1592255,4,simulated-sound,,
1592146,0,simulated-sound,,Performed on a virtual ringing platform.
1592065,0,automated-ringing,1,Abel
1592065,1,automated-ringing,2,Abel
1592065,2,automated-ringing,3,Abel
1592065,3,automated-ringing,4,Abel
1592065,4,simulated-sound,,
1591940,0,first-quarter,1,
1591928,0,simulated-sound,,Performed on a virtual ringing platform.
1591922,0,simulated-sound,,Performed on a virtual ringing platform.
1591782,0,automated-ringing,3,Wheatley
1591782,1,automated-ringing,4,Wheatley
1591782,2,simulated-sound,,Performed on a virtual ringing platform.
1591942,0,first-quarter,1,
1591693,0,automated-ringing,1,Abel
1591693,1,automated-ringing,2,Abel
1591693,2,automated-ringing,3,Abel
1591693,3,automated-ringing,4,Abel
1591693,4,automated-ringing,5,Abel
1591693,5,automated-ringing,6,Abel
1591693,6,automated-ringing,7,Abel
1591693,7,automated-ringing,8,Abel
1591693,8,simulated-sound,,
1591572,0,automated-ringing,1,Abel
1591572,1,automated-ringing,2,Abel
1591572,2,automated-ringing,3,Abel
1591572,3,automated-ringing,4,Abel
1591572,4,automated-ringing,5,Abel
1591572,5,automated-ringing,6,Abel
1591572,6,simulated-sound,,
1592094,0,first-quarter,1,
1591108,0,new-method,,
1591211,0,simulated-sound,,
1591209,0,simulated-sound,,
1591176,0,automated-ringing,1,Abel
1591176,1,automated-ringing,2,Abel
1591176,2,automated-ringing,3,Abel
1591176,3,automated-ringing,4,Abel
1591176,4,automated-ringing,5,Abel
1591176,5,automated-ringing,6,Abel
1591176,6,automated-ringing,7,Abel
1591176,7,automated-ringing,8,Abel
1591176,8,simulated-sound,,
1591930,0,simulated-sound,,Performed on a virtual ringing platform.
1592141,0,first-peal,1,
1592141,1,first-peal,4,
1717058,0,simulated-sound,,
1590834,0,simulated-sound,,Performed on a virtual ringing platform.
1590773,0,automated-ringing,1,Abel
1590773,1,automated-ringing,2,Abel
1590773,2,automated-ringing,3,Abel
1590773,3,automated-ringing,4,Abel
1590773,4,automated-ringing,5,Abel
1590773,5,automated-ringing,6,Abel
1590773,6,simulated-sound,,
1907460,0,automated-ringing,1,Abel
1907460,1,automated-ringing,2,Abel
1907460,2,automated-ringing,3,Abel
1907460,3,automated-ringing,4,Abel
1907460,4,automated-ringing,7,Abel
1907460,5,automated-ringing,8,Abel
1907460,6,simulated-sound,,
1590518,0,automated-ringing,1,Abel
1590518,1,automated-ringing,2,Abel
1590518,2,automated-ringing,3,Abel
1590518,3,automated-ringing,4,Abel
1590518,4,automated-ringing,5,Abel
1590518,5,automated-ringing,6,Abel
1590518,6,automated-ringing,7,Abel
1590518,7,automated-ringing,8,Abel
1590518,8,automated-ringing,9,Abel
1590518,9,automated-ringing,10,Abel
1590518,10,automated-ringing,11,Abel
1590518,11,automated-ringing,12,Abel
1590518,12,simulated-sound,,
1590571,0,simulated-sound,,Performed on a virtual ringing platform.
1590437,0,simulated-sound,,Performed on a virtual ringing platform.
1590540,0,simulated-sound,,Performed on a virtual ringing platform.
1590519,0,simulated-sound,,Performed on a virtual ringing platform.
1590543,0,first-quarter,6,
1590564,0,automated-ringing,1,Abel
1590564,1,automated-ringing,2,Abel
1590564,2,automated-ringing,3,Abel
1590564,3,automated-ringing,4,Abel
1590564,4,automated-ringing,5,Abel
1590564,5,automated-ringing,6,Abel
1590564,6,simulated-sound,,
1590487,0,automated-ringing,1,Abel
1590487,1,automated-ringing,2,Abel
1590487,2,automated-ringing,3,Abel
1590487,3,automated-ringing,4,Abel
1590487,4,automated-ringing,5,Abel
1590487,5,automated-ringing,6,Abel
1590487,6,simulated-sound,,
1590304,0,simulated-sound,,Performed on a virtual ringing platform.
1590289,0,first-quarter,6,
1590131,0,simulated-sound,,Performed on a virtual ringing platform.
1590074,0,simulated-sound,,Performed on a virtual ringing platform.
1590081,0,simulated-sound,,Performed on a virtual ringing platform.
1590063,0,automated-ringing,1,Abel
1590063,1,automated-ringing,2,Abel
1590063,2,automated-ringing,3,Abel
1590063,3,automated-ringing,4,Abel
1590063,4,simulated-sound,,
1589760,0,simulated-sound,,Performed on a ring of dumb bells.
1589716,0,automated-ringing,1,Abel
1589716,1,automated-ringing,2,Abel
1589716,2,automated-ringing,3,Abel
1589716,3,automated-ringing,4,Abel
1589716,4,automated-ringing,5,Abel
1589716,5,automated-ringing,6,Abel
1589716,6,simulated-sound,,
1589819,0,simulated-sound,,Performed on a virtual ringing platform.
1589713,0,simulated-sound,,Rung on a peal of Saxilby simulators with Abel providing the sound
1589614,0,automated-ringing,1,Abel
1589614,1,automated-ringing,2,Abel
1589614,2,automated-ringing,3,Abel
1589614,3,automated-ringing,4,Abel
1589614,4,simulated-sound,,
1803353,0,automated-ringing,1,Abel
1803353,1,automated-ringing,2,Abel
1803353,2,automated-ringing,3,Abel
1803353,3,automated-ringing,4,Abel
1803353,4,automated-ringing,5,Abel
1803353,5,automated-ringing,6,Abel
1803353,6,automated-ringing,8,Abel
1803353,7,simulated-sound,,
1589170,0,first-quarter,6,
1589165,0,first-quarter,2,
1589266,0,first-quarter,6,
1589316,0,simulated-sound,,Performed on a virtual ringing platform.
1589332,0,simulated-sound,,Performed on a virtual ringing platform.
1786160,0,first-quarter,1,
1786160,1,first-quarter,6,
1589265,0,first-quarter,1,
1591884,0,first-quarter,1,
1594584,0,first-quarter,1,
1589139,0,first-quarter,6,
1589013,0,automated-ringing,1,Abel
1589013,1,automated-ringing,2,Abel
1589013,2,automated-ringing,3,Abel
1589013,3,automated-ringing,4,Abel
1589013,4,simulated-sound,,
1599369,0,first-quarter,1,
1599369,1,first-quarter,2,
1588696,0,first-peal,2,
1588971,0,first-peal,1,
1588881,0,simulated-sound,,Performed on a virtual ringing platform.
1588734,0,automated-ringing,1,Abel
1588734,1,automated-ringing,2,Abel
1588734,2,automated-ringing,3,Abel
1588734,3,automated-ringing,4,Abel
1588734,4,simulated-sound,,
1588705,0,automated-ringing,1,Abel
1588705,1,automated-ringing,2,Abel
1588705,2,automated-ringing,3,Abel
1588705,3,automated-ringing,4,Abel
1588705,4,automated-ringing,5,Abel
1588705,5,automated-ringing,6,Abel
1588705,6,simulated-sound,,
1588856,0,first-peal,1,
1803352,0,automated-ringing,1,Abel
1803352,1,automated-ringing,2,Abel
1803352,2,automated-ringing,3,Abel
1803352,3,automated-ringing,4,Abel
1803352,4,automated-ringing,5,Abel
1803352,5,automated-ringing,6,Abel
1803352,6,automated-ringing,7,Abel
1803352,7,automated-ringing,8,Abel
1803352,8,automated-ringing,9,Abel
1803352,9,simulated-sound,,
1628833,0,simulated-sound,,
1588467,0,first-quarter,6,
1588415,0,automated-ringing,1,Abel
1588415,1,automated-ringing,2,Abel
1588415,2,automated-ringing,3,Abel
1588415,3,automated-ringing,4,Abel
1588415,4,automated-ringing,5,Abel
1588415,5,automated-ringing,6,Abel
1588415,6,automated-ringing,7,Abel
1588415,7,automated-ringing,8,Abel
1588415,8,automated-ringing,9,Abel
1588415,9,automated-ringing,10,Abel
1588415,10,simulated-sound,,
1588435,0,simulated-sound,,Performed on a virtual ringing platform.
1588521,0,simulated-sound,,Performed on a virtual ringing platform.
1588475,0,simulated-sound,,Performed on a virtual ringing platform.
1588454,0,simulated-sound,,Performed on a virtual ringing platform.
1588366,0,automated-ringing,1,Abel
1588366,1,automated-ringing,2,Abel
1588366,2,automated-ringing,3,Abel
1588366,3,automated-ringing,4,Abel
1588366,4,automated-ringing,5,Abel
1588366,5,automated-ringing,6,Abel
1588366,6,simulated-sound,,
1803351,0,automated-ringing,1,Abel
1803351,1,automated-ringing,2,Abel
1803351,2,automated-ringing,3,Abel
1803351,3,automated-ringing,4,Abel
1803351,4,automated-ringing,5,Abel
1803351,5,automated-ringing,6,Abel
1803351,6,automated-ringing,7,Abel
1803351,7,simulated-sound,,
1587823,0,automated-ringing,1,Abel
1587823,1,automated-ringing,2,Abel
1587823,2,automated-ringing,3,Abel
1587823,3,automated-ringing,4,Abel
1587823,4,automated-ringing,5,Abel
1587823,5,automated-ringing,6,Abel
1587823,6,automated-ringing,7,Abel
1587823,7,automated-ringing,8,Abel
1587823,8,simulated-sound,,
1587703,0,simulated-sound,,Performed on a virtual ringing platform.
1587846,0,simulated-sound,,Performed on a virtual ringing platform.
1588110,0,first-peal,1,
1588110,1,first-peal,4,
1587739,0,automated-ringing,1,Abel
1587739,1,automated-ringing,2,Abel
1587739,2,automated-ringing,3,Abel
1587739,3,automated-ringing,4,Abel
1587739,4,automated-ringing,5,Abel
1587739,5,automated-ringing,6,Abel
1587739,6,simulated-sound,,
1587332,0,new-method,,
1587449,0,simulated-sound,,Performed on a virtual ringing platform.
1587446,0,simulated-sound,,Performed on a virtual ringing platform.
1587397,0,simulated-sound,,Performed on a virtual ringing platform.
1587393,0,automated-ringing,1,Abel
1587393,1,automated-ringing,2,Abel
1587393,2,automated-ringing,3,Abel
1587393,3,automated-ringing,4,Abel
1587393,4,automated-ringing,5,Abel
1587393,5,automated-ringing,6,Abel
1587393,6,simulated-sound,,
1587134,0,first-quarter,6,
1586962,0,simulated-sound,,Performed on a virtual ringing platform.
1582664,0,simulated-sound,,Performed on a virtual ringing platform.
1587055,0,first-quarter,1,
1587797,0,simulated-sound,,
1586954,0,automated-ringing,1,Abel
1586954,1,automated-ringing,2,Abel
1586954,2,automated-ringing,3,Abel
1586954,3,automated-ringing,4,Abel
1586954,4,automated-ringing,5,Abel
1586954,5,automated-ringing,6,Abel
1586954,6,simulated-sound,,
1587105,0,first-quarter,6,
1582499,0,first-quarter,1,
1582499,1,first-quarter,6,
1582386,0,automated-ringing,1,Abel
1582386,1,automated-ringing,2,Abel
1582386,2,automated-ringing,3,Abel
1582386,3,automated-ringing,4,Abel
1582386,4,automated-ringing,5,Abel
1582386,5,automated-ringing,6,Abel
1582386,6,automated-ringing,7,Abel
1582386,7,automated-ringing,8,Abel
1582386,8,simulated-sound,,
1582459,0,simulated-sound,,Performed on a virtual ringing platform.
1632061,0,simulated-sound,,Performed on a virtual ringing platform.
1587435,0,simulated-sound,,Performed on a virtual ringing platform.
1582271,0,simulated-sound,,Rung on peal of Saxilby Simulators with Abel providing the sound.
1582041,0,first-quarter,1,
1581947,0,simulated-sound,,
1581944,0,simulated-sound,,
1582071,0,simulated-sound,,Performed on a virtual ringing platform.
1582086,0,simulated-sound,,Performed on a virtual ringing platform.
1581718,0,automated-ringing,1,Abel
1581718,1,automated-ringing,2,Abel
1581718,2,automated-ringing,3,Abel
1581718,3,automated-ringing,4,Abel
1581718,4,automated-ringing,5,Abel
1581718,5,automated-ringing,6,Abel
1581718,6,simulated-sound,,
1581639,0,first-quarter,4,
1581646,0,first-peal,1,
1590423,0,first-peal,1,
1581683,0,first-quarter,6,
1686179,0,first-quarter,1,
1581622,0,automated-ringing,1,Abel
1581622,1,automated-ringing,2,Abel
1581622,2,automated-ringing,3,Abel
1581622,3,automated-ringing,4,Abel
1581622,4,automated-ringing,5,Abel
1581622,5,automated-ringing,6,Abel
1581622,6,simulated-sound,,
1581533,0,automated-ringing,1,Abel
1581533,1,automated-ringing,2,Abel
1581533,2,automated-ringing,3,Abel
1581533,3,automated-ringing,4,Abel
1581533,4,automated-ringing,5,Abel
1581533,5,automated-ringing,6,Abel
1581533,6,simulated-sound,,
1581482,0,automated-ringing,1,Abel
1581482,1,automated-ringing,2,Abel
1581482,2,automated-ringing,3,Abel
1581482,3,automated-ringing,4,Abel
1581482,4,automated-ringing,5,Abel
1581482,5,automated-ringing,6,Abel
1581482,6,simulated-sound,,
1581384,0,automated-ringing,1,Abel
1581384,1,automated-ringing,2,Abel
1581384,2,automated-ringing,3,Abel
1581384,3,automated-ringing,4,Abel
1581384,4,automated-ringing,5,Abel
1581384,5,automated-ringing,6,Abel
1581384,6,simulated-sound,,
1581266,0,automated-ringing,1,Abel
1581266,1,automated-ringing,2,Abel
1581266,2,automated-ringing,3,Abel
1581266,3,automated-ringing,4,Abel
1581266,4,automated-ringing,5,Abel
1581266,5,automated-ringing,6,Abel
1581266,6,simulated-sound,,
1581253,0,simulated-sound,,Performed on a virtual ringing platform.
1581217,0,simulated-sound,,Performed on a virtual ringing platform.
1581180,0,simulated-sound,,Performed on a virtual ringing platform.
1581042,0,simulated-sound,,Performed on a virtual ringing platform.
1581120,0,automated-ringing,1,Abel
1581120,1,automated-ringing,2,Abel
1581120,2,automated-ringing,3,Abel
1581120,3,automated-ringing,4,Abel
1581120,4,automated-ringing,5,Abel
1581120,5,automated-ringing,6,Abel
1581120,6,simulated-sound,,
1589830,0,first-quarter,6,
1581251,0,first-quarter,8,
1580927,0,automated-ringing,1,Abel
1580927,1,automated-ringing,2,Abel
1580927,2,automated-ringing,3,Abel
1580927,3,automated-ringing,4,Abel
1580927,4,automated-ringing,5,Abel
1580927,5,automated-ringing,6,Abel
1580927,6,automated-ringing,7,Abel
1580927,7,automated-ringing,8,Abel
1580927,8,automated-ringing,9,Abel
1580927,9,automated-ringing,10,Abel
1580927,10,simulated-sound,,
1580981,0,simulated-sound,,Performed on a virtual ringing platform.
1580958,0,simulated-sound,,Performed on a virtual ringing platform.
1580924,0,simulated-sound,,Performed on a virtual ringing platform.
1580931,0,simulated-sound,,Performed on a virtual ringing platform.
1581021,0,simulated-sound,,
1581021,1,first-quarter,5,
1580693,0,simulated-sound,,Performed on a virtual ringing platform.
1580571,0,simulated-sound,,Performed on a virtual ringing platform.
1580605,0,simulated-sound,,Performed on a virtual ringing platform.
1580658,0,automated-ringing,5,Wheatley
1580658,1,automated-ringing,6,Wheatley
1580658,2,simulated-sound,,Performed on a virtual ringing platform.
1580557,0,automated-ringing,1,Abel
1580557,1,automated-ringing,2,Abel
1580557,2,automated-ringing,3,Abel
1580557,3,automated-ringing,4,Abel
1580557,4,automated-ringing,5,Abel
1580557,5,automated-ringing,6,Abel
1580557,6,simulated-sound,,
1580332,0,simulated-sound,,
1580339,0,simulated-sound,,Performed on a virtual ringing platform.
1580435,0,simulated-sound,,Performed on a virtual ringing platform.
1580258,0,simulated-sound,,Performed on a virtual ringing platform.
1580330,0,automated-ringing,1,Abel
1580330,1,automated-ringing,2,Abel
1580330,2,automated-ringing,3,Abel
1580330,3,automated-ringing,4,Abel
1580330,4,automated-ringing,5,Abel
1580330,5,automated-ringing,6,Abel
1580330,6,simulated-sound,,
1580078,0,simulated-sound,,Performed on a ring of dumb bells.
1579999,0,automated-ringing,1,Abel
1579999,1,automated-ringing,2,Abel
1579999,2,automated-ringing,3,Abel
1579999,3,automated-ringing,4,Abel
1579999,4,automated-ringing,5,Abel
1579999,5,automated-ringing,6,Abel
1579999,6,automated-ringing,7,Abel
1579999,7,automated-ringing,8,Abel
1579999,8,simulated-sound,,
1580095,0,simulated-sound,,Performed on a virtual ringing platform.
1580014,0,simulated-sound,,Performed on a virtual ringing platform.
1579938,0,simulated-sound,,Performed on a virtual ringing platform.
1580625,0,first-quarter,2,
1580001,0,automated-ringing,1,Abel
1580001,1,automated-ringing,2,Abel
1580001,2,automated-ringing,3,Abel
1580001,3,automated-ringing,4,Abel
1580001,4,automated-ringing,5,Abel
1580001,5,automated-ringing,6,Abel
1580001,6,simulated-sound,,
1579759,0,first-quarter,6,
1579746,0,first-quarter,6,
1579693,0,first-quarter,6,
1579713,0,first-quarter,6,
1579704,0,first-quarter,6,
1581255,0,first-quarter,6,
1579655,0,simulated-sound,,Performed on a virtual ringing platform.
1579840,0,simulated-sound,,Performed on a virtual ringing platform.
1579844,0,automated-ringing,3,Wheatley
1579844,1,automated-ringing,4,Wheatley
1579844,2,automated-ringing,5,Wheatley
1579844,3,automated-ringing,6,Wheatley
1579844,4,automated-ringing,7,Wheatley
1579844,5,automated-ringing,8,Wheatley
1579844,6,simulated-sound,,Performed on a virtual ringing platform.
1579728,0,first-quarter,6,
1579801,0,automated-ringing,1,Abel
1579801,1,automated-ringing,2,Abel
1579801,2,automated-ringing,3,Abel
1579801,3,automated-ringing,4,Abel
1579801,4,automated-ringing,5,Abel
1579801,5,automated-ringing,6,Abel
1579801,6,simulated-sound,,
1579700,0,automated-ringing,1,Abel
1579700,1,automated-ringing,2,Abel
1579700,2,automated-ringing,3,Abel
1579700,3,automated-ringing,4,Abel
1579700,4,automated-ringing,5,Abel
1579700,5,automated-ringing,6,Abel
1579700,6,simulated-sound,,
1579698,0,automated-ringing,1,Abel
1579698,1,automated-ringing,2,Abel
1579698,2,automated-ringing,3,Abel
1579698,3,automated-ringing,4,Abel
1579698,4,automated-ringing,5,Abel
1579698,5,automated-ringing,6,Abel
1579698,6,simulated-sound,,
1635005,0,first-quarter,6,
1803350,0,automated-ringing,2,Abel
1803350,1,automated-ringing,3,Abel
1803350,2,automated-ringing,4,Abel
1803350,3,automated-ringing,5,Abel
1803350,4,automated-ringing,6,Abel
1803350,5,automated-ringing,7,Abel
1803350,6,automated-ringing,8,Abel
1803350,7,automated-ringing,9,Abel
1803350,8,automated-ringing,10,Abel
1803350,9,simulated-sound,,
1579474,0,automated-ringing,1,Wheatley
1579474,1,automated-ringing,2,Wheatley
1579474,2,automated-ringing,5,Wheatley
1579474,3,automated-ringing,6,Wheatley
1579474,4,automated-ringing,7,Wheatley
1579474,5,automated-ringing,8,Wheatley
1579474,6,simulated-sound,,Performed on a virtual ringing platform.
1579380,0,first-quarter,6,
1579443,0,automated-ringing,1,Abel
1579443,1,automated-ringing,2,Abel
1579443,2,automated-ringing,3,Abel
1579443,3,automated-ringing,4,Abel
1579443,4,automated-ringing,5,Abel
1579443,5,automated-ringing,6,Abel
1579443,6,simulated-sound,,
1579442,0,automated-ringing,1,Abel
1579442,1,automated-ringing,2,Abel
1579442,2,automated-ringing,3,Abel
1579442,3,automated-ringing,4,Abel
1579442,4,automated-ringing,5,Abel
1579442,5,automated-ringing,6,Abel
1579442,6,simulated-sound,,
1628834,0,simulated-sound,,
1579309,0,first-quarter,6,
1579246,0,automated-ringing,1,Abel
1579246,1,automated-ringing,2,Abel
1579246,2,automated-ringing,3,Abel
1579246,3,automated-ringing,4,Abel
1579246,4,automated-ringing,5,Abel
1579246,5,automated-ringing,6,Abel
1579246,6,simulated-sound,,
1579330,0,simulated-sound,,Performed on a virtual ringing platform.
1579153,0,simulated-sound,,Performed on a virtual ringing platform.
1579307,0,simulated-sound,,Performed on a virtual ringing platform.
1579250,0,simulated-sound,,Performed on a virtual ringing platform.
1579180,0,simulated-sound,,Performed on a virtual ringing platform.
1579251,0,simulated-sound,,Performed on a virtual ringing platform.
1579189,0,simulated-sound,,Performed on a virtual ringing platform.
1579191,0,simulated-sound,,
1579240,0,automated-ringing,1,Abel
1579240,1,automated-ringing,2,Abel
1579240,2,automated-ringing,3,Abel
1579240,3,automated-ringing,4,Abel
1579240,4,automated-ringing,5,Abel
1579240,5,automated-ringing,6,Abel
1579240,6,simulated-sound,,
1579130,0,simulated-sound,,Performed on a ring of dumb bells.
1579000,0,simulated-sound,,Performed on a virtual ringing platform.
1578949,0,simulated-sound,,Performed on a virtual ringing platform.
1579085,0,simulated-sound,,Performed on a virtual ringing platform.
1579064,0,simulated-sound,,Performed on a virtual ringing platform.
1579069,0,automated-ringing,3,Wheatley
1579069,1,automated-ringing,4,Wheatley
1579069,2,automated-ringing,5,Wheatley
1579069,3,automated-ringing,6,Wheatley
1579069,4,simulated-sound,,Performed on a virtual ringing platform.
1578987,0,automated-ringing,4,Wheatley
1578987,1,automated-ringing,6,Wheatley
1578987,2,simulated-sound,,Performed on a virtual ringing platform.
1580697,0,first-quarter,1,
1579071,0,automated-ringing,1,Abel
1579071,1,automated-ringing,2,Abel
1579071,2,automated-ringing,3,Abel
1579071,3,automated-ringing,4,Abel
1579071,4,automated-ringing,5,Abel
1579071,5,automated-ringing,6,Abel
1579071,6,simulated-sound,,
1803349,0,automated-ringing,1,Abel
1803349,1,automated-ringing,2,Abel
1803349,2,automated-ringing,3,Abel
1803349,3,automated-ringing,4,Abel
1803349,4,automated-ringing,5,Abel
1803349,5,automated-ringing,6,Abel
1803349,6,automated-ringing,7,Abel
1803349,7,simulated-sound,,
1578719,0,automated-ringing,1,Abel
1578719,1,automated-ringing,2,Abel
1578719,2,automated-ringing,3,Abel
1578719,3,automated-ringing,4,Abel
1578719,4,automated-ringing,5,Abel
1578719,5,automated-ringing,6,Abel
1578719,6,simulated-sound,,
1578938,0,simulated-sound,,Performed on a virtual ringing platform.
1578790,0,simulated-sound,,Performed on a virtual ringing platform.
1578774,0,automated-ringing,1,Abel
1578774,1,automated-ringing,2,Abel
1578774,2,automated-ringing,3,Abel
1578774,3,automated-ringing,4,Abel
1578774,4,automated-ringing,5,Abel
1578774,5,automated-ringing,6,Abel
1578774,6,automated-ringing,7,Abel
1578774,7,automated-ringing,8,Abel
1578774,8,simulated-sound,,
1578444,0,first-peal,1,
1578444,1,first-peal,2,
1578619,0,simulated-sound,,Performed on a virtual ringing platform.
1578276,0,simulated-sound,,Performed on a virtual ringing platform.
1578343,0,simulated-sound,,
1578546,0,automated-ringing,1,Abel
1578546,1,automated-ringing,2,Abel
1578546,2,automated-ringing,3,Abel
1578546,3,automated-ringing,4,Abel
1578546,4,automated-ringing,5,Abel
1578546,5,automated-ringing,6,Abel
1578546,6,simulated-sound,,
1578486,0,automated-ringing,1,Abel
1578486,1,automated-ringing,2,Abel
1578486,2,automated-ringing,3,Abel
1578486,3,automated-ringing,4,Abel
1578486,4,automated-ringing,5,Abel
1578486,5,automated-ringing,6,Abel
1578486,6,simulated-sound,,
1577916,0,first-quarter,1,
1577991,0,automated-ringing,1,Abel
1577991,1,automated-ringing,2,Abel
1577991,2,automated-ringing,3,Abel
1577991,3,automated-ringing,4,Abel
1577991,4,automated-ringing,5,Abel
1577991,5,automated-ringing,6,Abel
1577991,6,automated-ringing,7,Abel
1577991,7,automated-ringing,8,Abel
1577991,8,automated-ringing,9,Abel
1577991,9,automated-ringing,10,Abel
1577991,10,automated-ringing,11,Abel
1577991,11,automated-ringing,12,Abel
1577991,12,simulated-sound,,
1578258,0,simulated-sound,,Performed on a virtual ringing platform.
1577747,0,simulated-sound,,Performed on a virtual ringing platform.
1578070,0,simulated-sound,,Performed on a virtual ringing platform.
1578193,0,simulated-sound,,Performed on a virtual ringing platform.
1578085,0,automated-ringing,1,Wheatley
1578085,1,automated-ringing,2,Wheatley
1578085,2,automated-ringing,5,Wheatley
1578085,3,automated-ringing,6,Wheatley
1578085,4,automated-ringing,7,Wheatley
1578085,5,automated-ringing,8,Wheatley
1578085,6,simulated-sound,,Performed on a virtual ringing platform.
1577793,0,simulated-sound,,Performed on a virtual ringing platform.
1786151,0,first-quarter,1,
1582213,0,simulated-sound,,Rung on a peal of Saxilby Simulators with sound from virtual belfry
1578152,0,automated-ringing,1,Abel
1578152,1,automated-ringing,2,Abel
1578152,2,automated-ringing,3,Abel
1578152,3,automated-ringing,4,Abel
1578152,4,automated-ringing,5,Abel
1578152,5,automated-ringing,6,Abel
1578152,6,simulated-sound,,
1577866,0,automated-ringing,1,Abel
1577866,1,automated-ringing,2,Abel
1577866,2,automated-ringing,3,Abel
1577866,3,automated-ringing,4,Abel
1577866,4,automated-ringing,5,Abel
1577866,5,automated-ringing,6,Abel
1577866,6,simulated-sound,,
1577274,0,automated-ringing,1,Abel
1577274,1,automated-ringing,2,Abel
1577274,2,automated-ringing,3,Abel
1577274,3,automated-ringing,4,Abel
1577274,4,automated-ringing,5,Abel
1577274,5,automated-ringing,6,Abel
1577274,6,simulated-sound,,
1577666,0,simulated-sound,,Performed on a virtual ringing platform.
1577751,0,simulated-sound,,Performed on a virtual ringing platform.
1577750,0,simulated-sound,,Performed on a virtual ringing platform.
1577548,0,automated-ringing,3,Wheatley
1577548,1,automated-ringing,4,Wheatley
1577548,2,automated-ringing,5,Wheatley
1577548,3,automated-ringing,6,Wheatley
1577548,4,simulated-sound,,Performed on a virtual ringing platform.
1577229,0,simulated-sound,,Rung on a peal of Saxilby Simulators.
1577278,0,automated-ringing,1,Abel
1577278,1,automated-ringing,2,Abel
1577278,2,automated-ringing,3,Abel
1577278,3,automated-ringing,4,Abel
1577278,4,automated-ringing,5,Abel
1577278,5,automated-ringing,6,Abel
1577278,6,simulated-sound,,
1599158,0,automated-ringing,1,Abel
1599158,1,automated-ringing,2,Abel
1599158,2,automated-ringing,3,Abel
1599158,3,automated-ringing,4,Abel
1599158,4,automated-ringing,5,Abel
1599158,5,automated-ringing,6,Abel
1599158,6,simulated-sound,,
1599161,0,simulated-sound,,Performed on a virtual ringing platform.
1598949,0,simulated-sound,,Performed on a ring of dumb bells.
1598989,0,automated-ringing,1,Wheatley
1598989,1,automated-ringing,3,Wheatley
1598989,2,simulated-sound,,Performed on a virtual ringing platform.
1599004,0,simulated-sound,,Performed on a virtual ringing platform.
1598993,0,simulated-sound,,Performed on a virtual ringing platform.
1599053,0,simulated-sound,,Performed on a virtual ringing platform.
1598966,0,automated-ringing,5,Wheatley
1598966,1,automated-ringing,6,Wheatley
1598966,2,simulated-sound,,Performed on a virtual ringing platform.
1599168,0,simulated-sound,,
1598588,0,first-quarter,6,
1598684,0,first-peal,8,
1598781,0,first-quarter,6,
1598828,0,first-quarter,1,
1598785,0,automated-ringing,1,Abel
1598785,1,automated-ringing,2,Abel
1598785,2,automated-ringing,3,Abel
1598785,3,automated-ringing,4,Abel
1598785,4,automated-ringing,5,Abel
1598785,5,automated-ringing,6,Abel
1598785,6,automated-ringing,7,Abel
1598785,7,automated-ringing,8,Abel
1598785,8,automated-ringing,9,Abel
1598785,9,automated-ringing,10,Abel
1598785,10,automated-ringing,11,Abel
1598785,11,automated-ringing,12,Abel
1598785,12,simulated-sound,,
1598655,0,first-quarter,6,
1598792,0,simulated-sound,,Performed on a virtual ringing platform.
1598778,0,first-quarter,1,
1598778,1,first-quarter,8,
1598649,0,first-quarter,6,
1598324,0,first-quarter,2,
1598565,0,simulated-sound,,Performed on a virtual ringing platform.
1598538,0,first-quarter,1,
1598157,0,first-peal,1,
1598157,1,first-peal,8,
1599876,0,first-quarter,1,
1598240,0,first-quarter,1,
1598240,1,first-quarter,6,
1597815,0,automated-ringing,1,Abel
1597815,1,automated-ringing,2,Abel
1597815,2,automated-ringing,3,Abel
1597815,3,automated-ringing,4,Abel
1597815,4,automated-ringing,5,Abel
1597815,5,automated-ringing,6,Abel
1597815,6,simulated-sound,,
1598187,0,simulated-sound,,Performed on a virtual ringing platform.
1597822,0,simulated-sound,,Performed on a virtual ringing platform.
1597833,0,simulated-sound,,Performed on a virtual ringing platform.
1597638,0,automated-ringing,1,Abel
1597638,1,automated-ringing,2,Abel
1597638,2,automated-ringing,3,Abel
1597638,3,automated-ringing,4,Abel
1597638,4,automated-ringing,5,Abel
1597638,5,automated-ringing,6,Abel
1597638,6,simulated-sound,,
1598667,0,first-quarter,6,
1597116,0,first-quarter,1,
1597197,0,automated-ringing,1,Abel
1597197,1,automated-ringing,2,Abel
1597197,2,automated-ringing,3,Abel
1597197,3,automated-ringing,4,Abel
1597197,4,automated-ringing,5,Abel
1597197,5,automated-ringing,6,Abel
1597197,6,simulated-sound,,
1597024,0,simulated-sound,,Performed on a virtual ringing platform.
1597190,0,simulated-sound,,Performed on a virtual ringing platform.
1597006,0,simulated-sound,,Performed on a virtual ringing platform.
1597185,0,automated-ringing,1,Abel
1597185,1,automated-ringing,2,Abel
1597185,2,automated-ringing,3,Abel
1597185,3,automated-ringing,4,Abel
1597185,4,automated-ringing,5,Abel
1597185,5,automated-ringing,6,Abel
1597185,6,simulated-sound,,
1597160,0,automated-ringing,1,Abel
1597160,1,automated-ringing,2,Abel
1597160,2,automated-ringing,3,Abel
1597160,3,automated-ringing,4,Abel
1597160,4,simulated-sound,,
1597149,0,automated-ringing,1,Abel
1597149,1,automated-ringing,2,Abel
1597149,2,automated-ringing,3,Abel
1597149,3,automated-ringing,4,Abel
1597149,4,simulated-sound,,
1596692,0,automated-ringing,1,Abel
1596692,1,automated-ringing,2,Abel
1596692,2,automated-ringing,3,Abel
1596692,3,automated-ringing,4,Abel
1596692,4,automated-ringing,5,Abel
1596692,5,automated-ringing,6,Abel
1596692,6,simulated-sound,,
1596825,0,simulated-sound,,Performed on a virtual ringing platform.
1596703,0,simulated-sound,,Performed on a virtual ringing platform.
1596633,0,simulated-sound,,Performed on a virtual ringing platform.
1597834,0,simulated-sound,,Performed on a virtual ringing platform.
1596696,0,automated-ringing,1,Abel
1596696,1,automated-ringing,2,Abel
1596696,2,automated-ringing,3,Abel
1596696,3,automated-ringing,4,Abel
1596696,4,automated-ringing,5,Abel
1596696,5,automated-ringing,6,Abel
1596696,6,simulated-sound,,
1596677,0,automated-ringing,1,Abel
1596677,1,automated-ringing,2,Abel
1596677,2,automated-ringing,3,Abel
1596677,3,automated-ringing,4,Abel
1596677,4,automated-ringing,5,Abel
1596677,5,automated-ringing,6,Abel
1596677,6,simulated-sound,,
1597622,0,first-quarter,6,
1596576,0,simulated-sound,,
1596716,0,first-quarter,6,
1596604,0,simulated-sound,,Performed on a virtual ringing platform.
1596545,0,simulated-sound,,Performed on a virtual ringing platform.
1596533,0,simulated-sound,,Performed on a virtual ringing platform.
1596528,0,first-quarter,6,
1596534,0,automated-ringing,1,Abel
1596534,1,automated-ringing,2,Abel
1596534,2,automated-ringing,3,Abel
1596534,3,automated-ringing,4,Abel
1596534,4,simulated-sound,,
1596466,0,simulated-sound,,Performed on a ring of dumb bells.
1596426,0,automated-ringing,1,Abel
1596426,1,automated-ringing,2,Abel
1596426,2,automated-ringing,3,Abel
1596426,3,automated-ringing,4,Abel
1596426,4,automated-ringing,5,Abel
1596426,5,automated-ringing,6,Abel
1596426,6,simulated-sound,,
1596611,0,simulated-sound,,Performed on a virtual ringing platform.
1596432,0,simulated-sound,,Performed on a virtual ringing platform.
1596351,0,simulated-sound,,Performed on a virtual ringing platform.
1596382,0,first-peal,4,
1773723,0,first-quarter,6,
1598429,0,new-method,,
1596179,0,first-quarter,6,
1596255,0,first-peal,8,
1597280,0,first-quarter,6,
1596221,0,simulated-sound,,
1596174,0,simulated-sound,,
1634349,0,simulated-sound,,Performed on a virtual ringing platform.
1596272,0,simulated-sound,,Performed on a virtual ringing platform.
1596201,0,first-quarter,1,
1596217,0,automated-ringing,1,Abel
1596217,1,automated-ringing,2,Abel
1596217,2,automated-ringing,3,Abel
1596217,3,automated-ringing,4,Abel
1596217,4,automated-ringing,5,Abel
1596217,5,automated-ringing,6,Abel
1596217,6,simulated-sound,,
1596126,0,automated-ringing,1,Abel
1596126,1,automated-ringing,2,Abel
1596126,2,automated-ringing,3,Abel
1596126,3,automated-ringing,4,Abel
1596126,4,automated-ringing,5,Abel
1596126,5,automated-ringing,6,Abel
1596126,6,simulated-sound,,
1803354,0,automated-ringing,1,Abel
1803354,1,automated-ringing,3,Abel
1803354,2,automated-ringing,4,Abel
1803354,3,automated-ringing,5,Abel
1803354,4,automated-ringing,6,Abel
1803354,5,simulated-sound,,
1773722,0,first-quarter,6,
1596293,0,first-peal,8,
1596025,0,automated-ringing,5,Wheatley
1596025,1,automated-ringing,6,Wheatley
1596025,2,simulated-sound,,Performed on a virtual ringing platform.
1786213,0,first-quarter,6,
1596012,0,first-quarter,1,
1596012,1,first-quarter,6,
1595943,0,automated-ringing,1,Abel
1595943,1,automated-ringing,2,Abel
1595943,2,automated-ringing,3,Abel
1595943,3,automated-ringing,4,Abel
1595943,4,automated-ringing,5,Abel
1595943,5,automated-ringing,6,Abel
1595943,6,simulated-sound,,
1595746,0,automated-ringing,1,Abel
1595746,1,automated-ringing,2,Abel
1595746,2,automated-ringing,3,Abel
1595746,3,automated-ringing,4,Abel
1595746,4,automated-ringing,5,Abel
1595746,5,automated-ringing,6,Abel
1595746,6,automated-ringing,7,Abel
1595746,7,automated-ringing,8,Abel
1595746,8,automated-ringing,9,Abel
1595746,9,automated-ringing,10,Abel
1595746,10,automated-ringing,11,Abel
1595746,11,automated-ringing,12,Abel
1595746,12,simulated-sound,,
1595879,0,first-quarter,1,
1596324,0,simulated-sound,,Performed on a virtual ringing platform.
1595820,0,simulated-sound,,Performed on a virtual ringing platform.
1595804,0,automated-ringing,5,Wheatley
1595804,1,automated-ringing,6,Wheatley
1595804,2,simulated-sound,,Performed on a virtual ringing platform.
1595708,0,simulated-sound,,Performed on a virtual ringing platform.
1595714,0,simulated-sound,,Rung on a peal of Saxilby Simulators with sound from Virtual Belfry.
1595714,1,first-peal,1,
1595714,2,first-peal,2,
1595668,0,first-peal,1,
1595685,0,simulated-sound,,
1595666,0,simulated-sound,,Performed on a virtual ringing platform.
1595363,0,first-quarter,1,
1595298,0,first-peal,1,
1595390,0,simulated-sound,,Performed on a virtual ringing platform.
1595355,0,first-quarter,5,
1595347,0,first-peal,6,
1595308,0,automated-ringing,1,Abel
1595308,1,automated-ringing,2,Abel
1595308,2,automated-ringing,3,Abel
1595308,3,automated-ringing,4,Abel
1595308,4,automated-ringing,5,Abel
1595308,5,automated-ringing,6,Abel
1595308,6,simulated-sound,,
1595219,0,first-quarter,6,
1595169,0,first-quarter,1,
1595181,0,automated-ringing,1,Abel
1595181,1,automated-ringing,2,Abel
1595181,2,automated-ringing,3,Abel
1595181,3,automated-ringing,4,Abel
1595181,4,automated-ringing,5,Abel
1595181,5,automated-ringing,6,Abel
1595181,6,automated-ringing,7,Abel
1595181,7,automated-ringing,8,Abel
1595181,8,simulated-sound,,
1595371,0,simulated-sound,,Performed on a virtual ringing platform.
1595202,0,simulated-sound,,Performed on a virtual ringing platform.
1595141,0,simulated-sound,,
1595253,0,automated-ringing,1,Abel
1595253,1,automated-ringing,2,Abel
1595253,2,automated-ringing,3,Abel
1595253,3,automated-ringing,4,Abel
1595253,4,automated-ringing,5,Abel
1595253,5,automated-ringing,6,Abel
1595253,6,simulated-sound,,
1595168,0,automated-ringing,1,Abel
1595168,1,automated-ringing,2,Abel
1595168,2,automated-ringing,3,Abel
1595168,3,automated-ringing,4,Abel
1595168,4,automated-ringing,5,Abel
1595168,5,automated-ringing,6,Abel
1595168,6,simulated-sound,,
1595066,0,first-quarter,1,
1595044,0,first-quarter,3,
1595052,0,automated-ringing,1,Abel
1595052,1,automated-ringing,2,Abel
1595052,2,automated-ringing,3,Abel
1595052,3,automated-ringing,4,Abel
1595052,4,automated-ringing,5,Abel
1595052,5,automated-ringing,6,Abel
1595052,6,automated-ringing,7,Abel
1595052,7,automated-ringing,8,Abel
1595052,8,automated-ringing,9,Abel
1595052,9,automated-ringing,10,Abel
1595052,10,simulated-sound,,
1595061,0,first-quarter,6,
1595080,0,simulated-sound,,Performed on a virtual ringing platform.
1595035,0,simulated-sound,,Performed on a virtual ringing platform.
1594958,0,simulated-sound,,Performed on a virtual ringing platform.
1595039,0,automated-ringing,5,Wheatley
1595039,1,automated-ringing,6,Wheatley
1595039,2,simulated-sound,,Performed on a virtual ringing platform.
1595016,0,automated-ringing,1,Abel
1595016,1,automated-ringing,2,Abel
1595016,2,automated-ringing,3,Abel
1595016,3,automated-ringing,4,Abel
1595016,4,automated-ringing,5,Abel
1595016,5,automated-ringing,6,Abel
1595016,6,simulated-sound,,
1594978,0,first-quarter,1,
1594711,0,first-quarter,1,
1594788,0,first-quarter,6,
1594807,0,first-quarter,6,
1594896,0,simulated-sound,,Performed on a virtual ringing platform.
1594740,0,simulated-sound,,Performed on a virtual ringing platform.
1594839,0,simulated-sound,,Performed on a virtual ringing platform.
1594765,0,first-quarter,1,
1594765,1,first-quarter,6,
1594889,0,automated-ringing,1,Abel
1594889,1,automated-ringing,2,Abel
1594889,2,automated-ringing,3,Abel
1594889,3,automated-ringing,4,Abel
1594889,4,automated-ringing,5,Abel
1594889,5,automated-ringing,6,Abel
1594889,6,simulated-sound,,
1594794,0,automated-ringing,1,Abel
1594794,1,automated-ringing,2,Abel
1594794,2,automated-ringing,3,Abel
1594794,3,automated-ringing,4,Abel
1594794,4,automated-ringing,5,Abel
1594794,5,automated-ringing,6,Abel
1594794,6,simulated-sound,,
1595082,0,first-peal,1,
1594591,0,automated-ringing,1,Abel
1594591,1,automated-ringing,2,Abel
1594591,2,automated-ringing,3,Abel
1594591,3,automated-ringing,4,Abel
1594591,4,automated-ringing,5,Abel
1594591,5,automated-ringing,6,Abel
1594591,6,automated-ringing,7,Abel
1594591,7,automated-ringing,8,Abel
1594591,8,automated-ringing,9,Abel
1594591,9,automated-ringing,10,Abel
1594591,10,simulated-sound,,
1594700,0,simulated-sound,,Performed on a virtual ringing platform.
1594701,0,simulated-sound,,Performed on a virtual ringing platform.
1594565,0,automated-ringing,1,Abel
1594565,1,automated-ringing,2,Abel
1594565,2,automated-ringing,3,Abel
1594565,3,automated-ringing,4,Abel
1594565,4,simulated-sound,,
1594512,0,simulated-sound,,Performed on a virtual ringing platform.
1594389,0,simulated-sound,,Performed on a virtual ringing platform.
1594412,0,simulated-sound,,Performed on a virtual ringing platform.
1594374,0,automated-ringing,1,Abel
1594374,1,automated-ringing,2,Abel
1594374,2,automated-ringing,3,Abel
1594374,3,automated-ringing,4,Abel
1594374,4,automated-ringing,5,Abel
1594374,5,automated-ringing,6,Abel
1594374,6,simulated-sound,,
1594297,0,first-quarter,6,
1594186,0,automated-ringing,1,Abel
1594186,1,automated-ringing,2,Abel
1594186,2,automated-ringing,3,Abel
1594186,3,automated-ringing,4,Abel
1594186,4,automated-ringing,5,Abel
1594186,5,automated-ringing,6,Abel
1594186,6,automated-ringing,7,Abel
1594186,7,automated-ringing,8,Abel
1594186,8,simulated-sound,,
1594209,0,simulated-sound,,Performed on a virtual ringing platform.
1594089,0,simulated-sound,,Performed on a virtual ringing platform.
1594168,0,simulated-sound,,Performed on a virtual ringing platform.
1594067,0,simulated-sound,,Performed on a virtual ringing platform.
1594167,0,first-quarter,1,
1593962,0,simulated-sound,,Performed on a virtual ringing platform.
1593960,0,simulated-sound,,Performed on a virtual ringing platform.
1594187,0,first-quarter,6,
1593843,0,first-quarter,6,
1593776,0,simulated-sound,,Performed on a virtual ringing platform.
1593846,0,first-quarter,6,
1593769,0,automated-ringing,1,Abel
1593769,1,automated-ringing,2,Abel
1593769,2,automated-ringing,3,Abel
1593769,3,automated-ringing,4,Abel
1593769,4,simulated-sound,,
1593675,0,first-quarter,6,
1593614,0,first-quarter,1,
1593695,0,simulated-sound,,Performed on a virtual ringing platform.
1593618,0,simulated-sound,,Performed on a virtual ringing platform.
1593702,0,automated-ringing,5,Wheatley
1593702,1,automated-ringing,6,Wheatley
1593702,2,simulated-sound,,Performed on a virtual ringing platform.
1593770,0,simulated-sound,,
1593369,0,first-quarter,6,
1593420,0,first-peal,3,
1593506,0,simulated-sound,,Performed on a virtual ringing platform.
1593466,0,simulated-sound,,Performed on a virtual ringing platform.
1593507,0,automated-ringing,5,Wheatley
1593507,1,automated-ringing,6,Wheatley
1593507,2,simulated-sound,,Performed on a virtual ringing platform.
1593623,0,first-quarter,6,
1594693,0,first-quarter,1,
1593328,0,automated-ringing,1,Abel
1593328,1,automated-ringing,2,Abel
1593328,2,automated-ringing,3,Abel
1593328,3,automated-ringing,4,Abel
1593328,4,automated-ringing,5,Abel
1593328,5,automated-ringing,6,Abel
1593328,6,simulated-sound,,
1593197,0,first-peal,2,
1593209,0,first-peal,3,
1593188,0,automated-ringing,1,Abel
1593188,1,automated-ringing,2,Abel
1593188,2,automated-ringing,3,Abel
1593188,3,automated-ringing,4,Abel
1593188,4,simulated-sound,,
1593173,0,automated-ringing,1,Abel
1593173,1,automated-ringing,2,Abel
1593173,2,automated-ringing,3,Abel
1593173,3,automated-ringing,4,Abel
1593173,4,automated-ringing,5,Abel
1593173,5,automated-ringing,6,Abel
1593173,6,simulated-sound,,
1593070,0,automated-ringing,1,Abel
1593070,1,automated-ringing,2,Abel
1593070,2,automated-ringing,3,Abel
1593070,3,automated-ringing,4,Abel
1593070,4,automated-ringing,5,Abel
1593070,5,automated-ringing,6,Abel
1593070,6,simulated-sound,,
1593072,0,simulated-sound,,Performed on a virtual ringing platform.
1592954,0,simulated-sound,,Performed on a virtual ringing platform.
1593073,0,simulated-sound,,Performed on a virtual ringing platform.
1593737,0,first-peal,2,
1665964,0,automated-ringing,1,Abel
1665964,1,automated-ringing,2,Abel
1665964,2,automated-ringing,3,Abel
1665964,3,automated-ringing,4,Abel
1665964,4,automated-ringing,5,Abel
1665964,5,automated-ringing,6,Abel
1665964,6,simulated-sound,,
1593059,0,automated-ringing,1,Abel
1593059,1,automated-ringing,2,Abel
1593059,2,automated-ringing,3,Abel
1593059,3,automated-ringing,4,Abel
1593059,4,automated-ringing,5,Abel
1593059,5,automated-ringing,6,Abel
1593059,6,simulated-sound,,
1592920,0,simulated-sound,,
1592920,1,first-quarter,6,
1592906,0,first-quarter,1,
1592934,0,simulated-sound,,Performed on a ring of dumb bells.
1592895,0,automated-ringing,1,Abel
1592895,1,automated-ringing,2,Abel
1592895,2,automated-ringing,3,Abel
1592895,3,automated-ringing,4,Abel
1592895,4,automated-ringing,5,Abel
1592895,5,automated-ringing,6,Abel
1592895,6,simulated-sound,,
1592949,0,simulated-sound,,Performed on a virtual ringing platform.
1592898,0,simulated-sound,,Performed on a virtual ringing platform.
1592684,0,simulated-sound,,Performed on a virtual ringing platform.
1592890,0,automated-ringing,1,Abel
1592890,1,automated-ringing,2,Abel
1592890,2,automated-ringing,3,Abel
1592890,3,automated-ringing,4,Abel
1592890,4,simulated-sound,,
1592872,0,automated-ringing,1,Abel
1592872,1,automated-ringing,2,Abel
1592872,2,automated-ringing,3,Abel
1592872,3,automated-ringing,4,Abel
1592872,4,automated-ringing,5,Abel
1592872,5,automated-ringing,6,Abel
1592872,6,simulated-sound,,
1592417,0,new-method,,
1592600,0,simulated-sound,,Performed on a virtual ringing platform.
1592560,0,simulated-sound,,Performed on a virtual ringing platform.
1592436,0,automated-ringing,1,Abel
1592436,1,automated-ringing,2,Abel
1592436,2,automated-ringing,3,Abel
1592436,3,automated-ringing,4,Abel
1592436,4,automated-ringing,5,Abel
1592436,5,automated-ringing,6,Abel
1592436,6,automated-ringing,7,Abel
1592436,7,automated-ringing,8,Abel
1592436,8,simulated-sound,,
1607272,0,new-method,,
1606888,0,first-quarter,1,
1606777,0,first-peal,6,
1606857,0,simulated-sound,,
1606901,0,simulated-sound,,Performed on a virtual ringing platform.
1606869,0,simulated-sound,,Performed on a virtual ringing platform.
1611648,0,simulated-sound,,Performed on a virtual ringing platform.
1607600,0,first-quarter,1,
1606668,0,first-quarter,6,
1606772,0,first-quarter,1,
1606521,0,simulated-sound,,Performed on a virtual ringing platform.
1606460,0,first-quarter,2,
1606328,0,first-quarter,1,
1606328,1,first-quarter,6,
1606365,0,simulated-sound,,Performed on a virtual ringing platform.
1606339,0,automated-ringing,5,Wheatley
1606339,1,automated-ringing,6,Wheatley
1606339,2,simulated-sound,,Performed on a virtual ringing platform.
1606313,0,automated-ringing,1,Abel
1606313,1,automated-ringing,2,Abel
1606313,2,automated-ringing,3,Abel
1606313,3,automated-ringing,4,Abel
1606313,4,automated-ringing,5,Abel
1606313,5,automated-ringing,6,Abel
1606313,6,automated-ringing,7,Abel
1606313,7,automated-ringing,8,Abel
1606313,8,simulated-sound,,Rung on ebells
1606118,0,first-quarter,6,
1606129,0,automated-ringing,1,Abel
1606129,1,automated-ringing,2,Abel
1606129,2,automated-ringing,3,Abel
1606129,3,automated-ringing,4,Abel
1606129,4,automated-ringing,5,Abel
1606129,5,automated-ringing,6,Abel
1606129,6,simulated-sound,,
1606234,0,simulated-sound,,Performed on a virtual ringing platform.
1606087,0,simulated-sound,,Performed on a virtual ringing platform.
1607603,0,simulated-sound,,
1606174,0,automated-ringing,1,Abel
1606174,1,automated-ringing,2,Abel
1606174,2,automated-ringing,3,Abel
1606174,3,automated-ringing,4,Abel
1606174,4,automated-ringing,5,Abel
1606174,5,automated-ringing,6,Abel
1606174,6,automated-ringing,7,Abel
1606174,7,automated-ringing,8,Abel
1606174,8,simulated-sound,,Rung on ebells
1605966,0,first-quarter,1,
1605966,1,first-quarter,6,
1685176,0,simulated-sound,,Performed on a virtual ringing platform.
1605923,0,simulated-sound,,Performed on a virtual ringing platform.
1605946,0,automated-ringing,5,Wheatley
1605946,1,automated-ringing,6,Wheatley
1605946,2,simulated-sound,,Performed on a virtual ringing platform.
1605899,0,simulated-sound,,
1605912,0,automated-ringing,1,Abel
1605912,1,automated-ringing,2,Abel
1605912,2,automated-ringing,3,Abel
1605912,3,automated-ringing,4,Abel
1605912,4,automated-ringing,5,Abel
1605912,5,automated-ringing,6,Abel
1605912,6,automated-ringing,7,Abel
1605912,7,automated-ringing,8,Abel
1605912,8,simulated-sound,,On ebells
1605275,0,first-quarter,1,
1605552,0,first-quarter,1,
1605801,0,first-quarter,6,
1605440,0,simulated-sound,,Performed on a virtual ringing platform.
1611651,0,simulated-sound,,Performed on a virtual ringing platform.
1605688,0,automated-ringing,1,Wheatley
1605688,1,automated-ringing,2,Wheatley
1605688,2,automated-ringing,5,Wheatley
1605688,3,automated-ringing,6,Wheatley
1605688,4,simulated-sound,,Performed on a virtual ringing platform.
1605531,0,first-quarter,6,
1634059,0,first-quarter,1,
1606749,0,first-quarter,1,
1605088,0,first-quarter,1,
1605116,0,first-quarter,6,
1604930,0,first-quarter,6,
1604993,0,first-quarter,1,
1604993,1,first-quarter,6,
1604923,0,first-quarter,1,
1606092,0,first-quarter,1,
1605051,0,automated-ringing,1,Abel
1605051,1,automated-ringing,2,Abel
1605051,2,automated-ringing,3,Abel
1605051,3,automated-ringing,4,Abel
1605051,4,automated-ringing,5,Abel
1605051,5,automated-ringing,6,Abel
1605051,6,automated-ringing,7,Abel
1605051,7,automated-ringing,8,Abel
1605051,8,simulated-sound,,
1605169,0,simulated-sound,,Performed on a virtual ringing platform.
1605253,0,first-quarter,6,
1605046,0,first-quarter,6,
1605037,0,first-quarter,2,
1605032,0,first-quarter,2,
1605032,1,first-quarter,6,
1605576,0,first-quarter,6,
1604753,0,simulated-sound,,
1604709,0,automated-ringing,1,Abel
1604709,1,automated-ringing,2,Abel
1604709,2,automated-ringing,3,Abel
1604709,3,automated-ringing,4,Abel
1604709,4,automated-ringing,5,Abel
1604709,5,automated-ringing,6,Abel
1604709,6,automated-ringing,7,Abel
1604709,7,automated-ringing,8,Abel
1604709,8,automated-ringing,9,Abel
1604709,9,automated-ringing,10,Abel
1604709,10,simulated-sound,,
1604719,0,simulated-sound,,Performed on a virtual ringing platform.
1604593,0,simulated-sound,,Performed on a virtual ringing platform.
1604690,0,simulated-sound,,Performed on a virtual ringing platform.
1604756,0,first-quarter,6,
1604716,0,first-quarter,6,
1604522,0,first-quarter,1,
1604460,0,simulated-sound,,
1604426,0,automated-ringing,1,Abel
1604426,1,automated-ringing,2,Abel
1604426,2,automated-ringing,3,Abel
1604426,3,automated-ringing,4,Abel
1604426,4,automated-ringing,5,Abel
1604426,5,automated-ringing,6,Abel
1604426,6,simulated-sound,,
1605166,0,simulated-sound,,Performed on a virtual ringing platform.
1604434,0,simulated-sound,,Performed on a virtual ringing platform.
1604576,0,automated-ringing,1,Wheatley
1604576,1,automated-ringing,2,Wheatley
1604576,2,automated-ringing,5,Wheatley
1604576,3,automated-ringing,6,Wheatley
1604576,4,simulated-sound,,Performed on a virtual ringing platform.
1604544,0,simulated-sound,,Performed on a virtual ringing platform.
1604184,0,simulated-sound,,Performed on a virtual ringing platform.
1604195,0,simulated-sound,,Performed on a virtual ringing platform.
1604249,0,first-quarter,6,
1604165,0,automated-ringing,3,Abel
1604165,1,automated-ringing,4,Abel
1604165,2,automated-ringing,5,Abel
1604165,3,automated-ringing,6,Abel
1604165,4,simulated-sound,,Rung on ebells
1803355,0,automated-ringing,1,Abel
1803355,1,automated-ringing,2,Abel
1803355,2,automated-ringing,3,Abel
1803355,3,automated-ringing,4,Abel
1803355,4,automated-ringing,5,Abel
1803355,5,automated-ringing,6,Abel
1803355,6,automated-ringing,7,Abel
1803355,7,automated-ringing,8,Abel
1803355,8,automated-ringing,9,Abel
1803355,9,simulated-sound,,
1604191,0,first-quarter,6,
1604118,0,simulated-sound,,Performed on a virtual ringing platform.
1604117,0,simulated-sound,,Performed on a virtual ringing platform.
1604031,0,simulated-sound,,Performed on a virtual ringing platform.
1604121,0,automated-ringing,1,Wheatley
1604121,1,automated-ringing,2,Wheatley
1604121,2,automated-ringing,5,Wheatley
1604121,3,automated-ringing,6,Wheatley
1604121,4,simulated-sound,,Performed on a virtual ringing platform.
1604033,0,automated-ringing,1,Abel
1604033,1,automated-ringing,2,Abel
1604033,2,automated-ringing,3,Abel
1604033,3,automated-ringing,4,Abel
1604033,4,automated-ringing,5,Abel
1604033,5,automated-ringing,6,Abel
1604033,6,simulated-sound,,Rung on ebells.
1603864,0,first-quarter,6,
1607426,0,simulated-sound,,Performed on a virtual ringing platform.
1603809,0,simulated-sound,,Performed on a virtual ringing platform.
1603677,0,simulated-sound,,Performed on a virtual ringing platform.
1603866,0,simulated-sound,,
1603756,0,automated-ringing,1,Abel
1603756,1,automated-ringing,2,Abel
1603756,2,automated-ringing,3,Abel
1603756,3,automated-ringing,4,Abel
1603756,4,automated-ringing,5,Abel
1603756,5,automated-ringing,6,Abel
1603756,6,simulated-sound,,Rung on e-bells
1603407,0,simulated-sound,,Performed on a ring of dumb bells.
1603452,0,first-quarter,1,
1603518,0,first-quarter,6,
1603311,0,first-quarter,1,
1603282,0,first-quarter,6,
1603669,0,first-quarter,6,
1603425,0,simulated-sound,,Performed on a ring of dumb bells.
1603374,0,first-peal,6,
1603221,0,simulated-sound,,Performed on a virtual ringing platform.
1603146,0,simulated-sound,,Performed on a virtual ringing platform.
1603001,0,automated-ringing,1,Abel
1603001,1,automated-ringing,2,Abel
1603001,2,automated-ringing,3,Abel
1603001,3,automated-ringing,4,Abel
1603001,4,automated-ringing,5,Abel
1603001,5,automated-ringing,6,Abel
1603001,6,simulated-sound,,
1602979,0,simulated-sound,,Performed on a virtual ringing platform.
1602951,0,simulated-sound,,Performed on a virtual ringing platform.
1602724,0,automated-ringing,1,Abel
1602724,1,automated-ringing,2,Abel
1602724,2,automated-ringing,3,Abel
1602724,3,automated-ringing,4,Abel
1602724,4,automated-ringing,5,Abel
1602724,5,automated-ringing,6,Abel
1602724,6,simulated-sound,,
1602844,0,simulated-sound,,Performed on a virtual ringing platform.
1602860,0,simulated-sound,,Performed on a virtual ringing platform.
1602879,0,simulated-sound,,Performed on a virtual ringing platform.
1602798,0,simulated-sound,,Performed on a virtual ringing platform.
1605872,0,first-quarter,1,
1602816,0,first-quarter,6,
1602635,0,simulated-sound,,Performed on a ring of dumb bells.
1602380,0,first-quarter,6,
1602466,0,simulated-sound,,Performed on a virtual ringing platform.
1602387,0,simulated-sound,,Performed on a virtual ringing platform.
1602445,0,automated-ringing,1,Abel
1602445,1,automated-ringing,2,Abel
1602445,2,automated-ringing,3,Abel
1602445,3,automated-ringing,4,Abel
1602445,4,automated-ringing,5,Abel
1602445,5,automated-ringing,6,Abel
1602445,6,simulated-sound,,On e-bells
1602293,0,first-quarter,6,
1602459,0,simulated-sound,,
1602075,0,first-peal,3,
1602318,0,first-quarter,3,
1602318,1,first-quarter,4,
1601910,0,automated-ringing,1,Abel
1601910,1,automated-ringing,2,Abel
1601910,2,automated-ringing,3,Abel
1601910,3,automated-ringing,4,Abel
1601910,4,automated-ringing,5,Abel
1601910,5,automated-ringing,6,Abel
1601910,6,simulated-sound,,On e-bells
1602857,0,simulated-sound,,Performed on a ring of dumb bells.
1601492,0,first-quarter,1,
1601864,0,simulated-sound,,Performed on a virtual ringing platform.
1601833,0,automated-ringing,1,Abel
1601833,1,automated-ringing,2,Abel
1601833,2,automated-ringing,3,Abel
1601833,3,automated-ringing,4,Abel
1601833,4,automated-ringing,5,Abel
1601833,5,automated-ringing,6,Abel
1601833,6,simulated-sound,,
1601900,0,first-peal,1,
1601900,1,first-peal,2,
1601302,0,automated-ringing,1,Abel
1601302,1,automated-ringing,2,Abel
1601302,2,automated-ringing,3,Abel
1601302,3,automated-ringing,4,Abel
1601302,4,automated-ringing,5,Abel
1601302,5,automated-ringing,6,Abel
1601302,6,automated-ringing,7,Abel
1601302,7,automated-ringing,8,Abel
1601302,8,automated-ringing,9,Abel
1601302,9,automated-ringing,10,Abel
1601302,10,automated-ringing,11,Abel
1601302,11,automated-ringing,12,Abel
1601302,12,simulated-sound,,
1601471,0,simulated-sound,,Performed on a virtual ringing platform.
1601220,0,simulated-sound,,Performed on a virtual ringing platform.
1601391,0,simulated-sound,,Performed on a virtual ringing platform.
1601364,0,automated-ringing,1,Abel
1601364,1,automated-ringing,2,Abel
1601364,2,automated-ringing,3,Abel
1601364,3,automated-ringing,4,Abel
1601364,4,automated-ringing,5,Abel
1601364,5,automated-ringing,6,Abel
1601364,6,simulated-sound,,
1612609,0,simulated-sound,,Performed on a virtual ringing platform.
1601133,0,simulated-sound,,Performed on a virtual ringing platform.
1601109,0,automated-ringing,1,Abel
1601109,1,automated-ringing,2,Abel
1601109,2,automated-ringing,3,Abel
1601109,3,automated-ringing,4,Abel
1601109,4,automated-ringing,5,Abel
1601109,5,automated-ringing,6,Abel
1601109,6,simulated-sound,,
1601475,0,simulated-sound,,Performed on a virtual ringing platform.
1600924,0,simulated-sound,,Performed on a virtual ringing platform.
1600912,0,simulated-sound,,Performed on a virtual ringing platform.
1600903,0,simulated-sound,,Performed on a virtual ringing platform.
1623685,0,first-quarter,6,
1600706,0,simulated-sound,,
1600771,0,simulated-sound,,Performed on a virtual ringing platform.
1600437,0,simulated-sound,,Performed on a ring of dumb bells.
1600394,0,automated-ringing,1,Abel
1600394,1,automated-ringing,2,Abel
1600394,2,automated-ringing,3,Abel
1600394,3,automated-ringing,4,Abel
1600394,4,automated-ringing,5,Abel
1600394,5,automated-ringing,6,Abel
1600394,6,simulated-sound,,
1601473,0,simulated-sound,,Performed on a virtual ringing platform.
1600454,0,simulated-sound,,Performed on a virtual ringing platform.
1600445,0,simulated-sound,,Performed on a virtual ringing platform.
1600418,0,simulated-sound,,Performed on a virtual ringing platform.
1600375,0,simulated-sound,,Rung on peal of saxilby simulators with Virtual Belfry providing sound.
1600375,1,first-quarter,6,
1600207,0,first-quarter,1,
1600207,1,first-quarter,6,
1600374,0,first-quarter,6,
1600275,0,first-quarter,1,
1600260,0,first-quarter,6,
1600085,0,simulated-sound,,Performed on a virtual ringing platform.
1600256,0,simulated-sound,,Performed on a virtual ringing platform.
1600179,0,first-quarter,6,
1599950,0,automated-ringing,5,Wheatley
1599950,1,automated-ringing,6,Wheatley
1599950,2,simulated-sound,,Performed on a virtual ringing platform.
1599984,0,first-quarter,7,
1599984,1,first-quarter,8,
1656825,0,first-peal,3,
1628831,0,simulated-sound,,
1713453,0,automated-ringing,1,Abel
1713453,1,automated-ringing,2,Abel
1713453,2,automated-ringing,3,Abel
1713453,3,automated-ringing,4,Abel
1713453,4,automated-ringing,5,Abel
1713453,5,automated-ringing,6,Abel
1713453,6,automated-ringing,7,Abel
1713453,7,automated-ringing,8,Abel
1713453,8,automated-ringing,9,Abel
1713453,9,automated-ringing,10,Abel
1713453,10,automated-ringing,11,Abel
1713453,11,automated-ringing,12,Abel
1713453,12,automated-ringing,13,Abel
1713453,13,automated-ringing,14,Abel
1713453,14,simulated-sound,,
1599733,0,simulated-sound,,Performed on a virtual ringing platform.
1599808,0,simulated-sound,,Performed on a virtual ringing platform.
1599649,0,simulated-sound,,Performed on a virtual ringing platform.
1611649,0,simulated-sound,,Performed on a virtual ringing platform.
1599712,0,new-method,,
1599592,0,simulated-sound,,Performed on a ring of dumb bells.
1599468,0,simulated-sound,,Performed on a virtual ringing platform.
1599553,0,simulated-sound,,Performed on a virtual ringing platform.
1599529,0,simulated-sound,,Performed on a virtual ringing platform.
1599631,0,new-method,,
1599654,0,simulated-sound,,
1599371,0,simulated-sound,,Performed on a virtual ringing platform.
1599358,0,simulated-sound,,Performed on a virtual ringing platform.
1614963,0,first-quarter,1,
1615099,0,simulated-sound,,Performed on a virtual ringing platform.
1615084,0,automated-ringing,1,Wheatley
1615084,1,automated-ringing,3,Wheatley
1615084,2,automated-ringing,6,Wheatley
1615084,3,automated-ringing,7,Wheatley
1615084,4,automated-ringing,8,Wheatley
1615084,5,automated-ringing,9,Wheatley
1615084,6,automated-ringing,10,Wheatley
1615084,7,automated-ringing,11,Wheatley
1615084,8,automated-ringing,12,Wheatley
1615084,9,simulated-sound,,Performed on a virtual ringing platform.
1615031,0,simulated-sound,,Performed on a virtual ringing platform.
1615005,0,automated-ringing,5,Wheatley
1615005,1,automated-ringing,6,Wheatley
1615005,2,simulated-sound,,Performed on a virtual ringing platform.
1783448,0,first-quarter,7,
1783448,1,first-quarter,8,
1614797,0,first-quarter,1,
1614797,1,first-quarter,6,
1614661,0,first-quarter,1,
1614744,0,first-peal,1,
1614666,0,first-quarter,6,
1614726,0,automated-ringing,1,Abel
1614726,1,automated-ringing,2,Abel
1614726,2,automated-ringing,3,Abel
1614726,3,automated-ringing,4,Abel
1614726,4,automated-ringing,5,Abel
1614726,5,automated-ringing,6,Abel
1614726,6,automated-ringing,7,Abel
1614726,7,automated-ringing,8,Abel
1614726,8,simulated-sound,,
1614668,0,first-peal,2,
1614381,0,first-quarter,1,
1614542,0,simulated-sound,,Performed on a virtual ringing platform.
1614465,0,simulated-sound,,Performed on a virtual ringing platform.
1614522,0,automated-ringing,3,Wheatley
1614522,1,automated-ringing,4,Wheatley
1614522,2,simulated-sound,,Performed on a virtual ringing platform.
1614346,0,simulated-sound,,Performed on a virtual ringing platform.
1614394,0,automated-ringing,1,Abel
1614394,1,automated-ringing,2,Abel
1614394,2,automated-ringing,3,Abel
1614394,3,automated-ringing,4,Abel
1614394,4,automated-ringing,5,Abel
1614394,5,automated-ringing,6,Abel
1614394,6,simulated-sound,,Rung on eBells
1614293,0,simulated-sound,,Performed on a virtual ringing platform.
1614289,0,simulated-sound,,Performed on a virtual ringing platform.
1614240,0,simulated-sound,,Performed on a virtual ringing platform.
1614201,0,simulated-sound,,Rung on peal of 7 saxilby simulators plus one homemade dumbbell with Abel providing the sound
1614053,0,first-peal,1,
1614053,1,first-peal,2,
1613987,0,first-peal,3,
1614114,0,simulated-sound,,Performed on a virtual ringing platform.
1614076,0,simulated-sound,,Performed on a virtual ringing platform.
1614099,0,simulated-sound,,Performed on a virtual ringing platform.
1614100,0,first-quarter,1,
1614110,0,automated-ringing,1,Abel
1614110,1,automated-ringing,2,Abel
1614110,2,automated-ringing,3,Abel
1614110,3,automated-ringing,4,Abel
1614110,4,automated-ringing,5,Abel
1614110,5,automated-ringing,6,Abel
1614110,6,simulated-sound,,Rung on eBells
1614082,0,automated-ringing,1,Abel
1614082,1,automated-ringing,2,Abel
1614082,2,automated-ringing,3,Abel
1614082,3,automated-ringing,4,Abel
1614082,4,automated-ringing,5,Abel
1614082,5,automated-ringing,6,Abel
1614082,6,simulated-sound,,Rung on eBells
1614064,0,automated-ringing,1,Abel
1614064,1,automated-ringing,2,Abel
1614064,2,automated-ringing,3,Abel
1614064,3,automated-ringing,4,Abel
1614064,4,automated-ringing,5,Abel
1614064,5,automated-ringing,6,Abel
1614064,6,simulated-sound,,Rung on eBells
1613937,0,first-quarter,6,
1613966,0,simulated-sound,,Performed on a virtual ringing platform.
1613840,0,simulated-sound,,Performed on a virtual ringing platform.
1613738,0,simulated-sound,,Performed on a virtual ringing platform.
1613841,0,simulated-sound,,Performed on a virtual ringing platform.
1614015,0,automated-ringing,1,Wheatley
1614015,1,automated-ringing,2,Wheatley
1614015,2,automated-ringing,5,Wheatley
1614015,3,automated-ringing,6,Wheatley
1614015,4,simulated-sound,,Performed on a virtual ringing platform.
1613984,0,simulated-sound,,
1613903,0,first-quarter,6,
1613953,0,first-quarter,1,
1613532,0,simulated-sound,,Performed on a ring of dumb bells.
1613532,1,first-quarter,6,
1613522,0,automated-ringing,1,Abel
1613522,1,automated-ringing,2,Abel
1613522,2,automated-ringing,3,Abel
1613522,3,automated-ringing,4,Abel
1613522,4,automated-ringing,5,Abel
1613522,5,automated-ringing,6,Abel
1613522,6,simulated-sound,,
1613554,0,simulated-sound,,Performed on a virtual ringing platform.
1613529,0,simulated-sound,,Performed on a virtual ringing platform.
1613507,0,simulated-sound,,Performed on a virtual ringing platform.
1613216,0,first-quarter,6,
1613231,0,first-quarter,6,
1614134,0,first-quarter,6,
1613346,0,simulated-sound,,Performed on a virtual ringing platform.
1613223,0,automated-ringing,1,Wheatley
1613223,1,automated-ringing,2,Wheatley
1613223,2,automated-ringing,5,Wheatley
1613223,3,automated-ringing,6,Wheatley
1613223,4,simulated-sound,,Performed on a virtual ringing platform.
1613001,0,automated-ringing,1,Abel
1613001,1,automated-ringing,2,Abel
1613001,2,automated-ringing,3,Abel
1613001,3,automated-ringing,4,Abel
1613001,4,automated-ringing,5,Abel
1613001,5,automated-ringing,6,Abel
1613001,6,simulated-sound,,Rung on eBells
1612960,0,automated-ringing,1,Abel
1612960,1,automated-ringing,2,Abel
1612960,2,automated-ringing,3,Abel
1612960,3,automated-ringing,4,Abel
1612960,4,automated-ringing,5,Abel
1612960,5,automated-ringing,6,Abel
1612960,6,simulated-sound,,Rung on eBells
1612781,0,first-peal,6,
1612783,0,automated-ringing,1,Abel
1612783,1,automated-ringing,2,Abel
1612783,2,automated-ringing,3,Abel
1612783,3,automated-ringing,4,Abel
1612783,4,automated-ringing,5,Abel
1612783,5,automated-ringing,6,Abel
1612783,6,simulated-sound,,
1612836,0,first-peal,1,
1612784,0,automated-ringing,1,Abel
1612784,1,automated-ringing,2,Abel
1612784,2,automated-ringing,3,Abel
1612784,3,automated-ringing,4,Abel
1612784,4,automated-ringing,5,Abel
1612784,5,automated-ringing,6,Abel
1612784,6,simulated-sound,,Rung on eBells
1612764,0,automated-ringing,1,Abel
1612764,1,automated-ringing,2,Abel
1612764,2,automated-ringing,3,Abel
1612764,3,automated-ringing,4,Abel
1612764,4,automated-ringing,5,Abel
1612764,5,automated-ringing,6,Abel
1612764,6,simulated-sound,,Rung on eBells
1612739,0,automated-ringing,1,Abel
1612739,1,automated-ringing,2,Abel
1612739,2,automated-ringing,3,Abel
1612739,3,automated-ringing,4,Abel
1612739,4,automated-ringing,5,Abel
1612739,5,automated-ringing,6,Abel
1612739,6,simulated-sound,,Rung on eBells
1613091,0,first-quarter,1,
1612677,0,first-quarter,6,
1612612,0,first-quarter,8,
1612611,0,simulated-sound,,Performed on a virtual ringing platform.
1612545,0,automated-ringing,1,Wheatley
1612545,1,automated-ringing,2,Wheatley
1612545,2,automated-ringing,5,Wheatley
1612545,3,automated-ringing,6,Wheatley
1612545,4,automated-ringing,7,Wheatley
1612545,5,automated-ringing,8,Wheatley
1612545,6,simulated-sound,,Performed on a virtual ringing platform.
1612382,0,automated-ringing,1,Wheatley
1612382,1,automated-ringing,2,Wheatley
1612382,2,simulated-sound,,Performed on a virtual ringing platform
1612371,0,simulated-sound,,Performed on a virtual ringing platform.
1612725,0,automated-ringing,1,Abel
1612725,1,automated-ringing,2,Abel
1612725,2,automated-ringing,3,Abel
1612725,3,automated-ringing,4,Abel
1612725,4,automated-ringing,5,Abel
1612725,5,automated-ringing,6,Abel
1612725,6,simulated-sound,,Rung on eBells
1612318,0,first-quarter,1,
1612327,0,simulated-sound,,Performed on a virtual ringing platform.
1612303,0,automated-ringing,1,Wheatley
1612303,1,automated-ringing,2,Wheatley
1612303,2,automated-ringing,5,Wheatley
1612303,3,automated-ringing,6,Wheatley
1612303,4,simulated-sound,,Performed on a virtual ringing platform.
1612278,0,first-quarter,1,
1612297,0,first-quarter,6,
1611992,0,automated-ringing,1,Abel
1611992,1,automated-ringing,2,Abel
1611992,2,automated-ringing,3,Abel
1611992,3,automated-ringing,4,Abel
1611992,4,automated-ringing,5,Abel
1611992,5,automated-ringing,6,Abel
1611992,6,automated-ringing,7,Abel
1611992,7,automated-ringing,8,Abel
1611992,8,simulated-sound,,
1612063,0,simulated-sound,,Performed on a virtual ringing platform.
1612000,0,simulated-sound,,Performed on a virtual ringing platform.
1612028,0,first-quarter,6,
1611838,0,first-quarter,6,
1611830,0,first-quarter,2,
1611755,0,automated-ringing,1,Abel
1611755,1,automated-ringing,2,Abel
1611755,2,automated-ringing,3,Abel
1611755,3,automated-ringing,4,Abel
1611755,4,automated-ringing,5,Abel
1611755,5,automated-ringing,6,Abel
1611755,6,automated-ringing,7,Abel
1611755,7,automated-ringing,8,Abel
1611755,8,automated-ringing,9,Abel
1611755,9,automated-ringing,10,Abel
1611755,10,automated-ringing,11,Abel
1611755,11,automated-ringing,12,Abel
1611755,12,simulated-sound,,
1611851,0,simulated-sound,,Performed on a virtual ringing platform.
1611758,0,simulated-sound,,Performed on a virtual ringing platform.
1611875,0,simulated-sound,,Performed on a virtual ringing platform.
1611767,0,automated-ringing,1,Wheatley
1611767,1,automated-ringing,2,Wheatley
1611767,2,automated-ringing,5,Wheatley
1611767,3,automated-ringing,6,Wheatley
1611767,4,simulated-sound,,Performed on a virtual ringing platform.
1695034,0,first-quarter,8,
1611846,0,automated-ringing,1,Abel
1611846,1,automated-ringing,2,Abel
1611846,2,automated-ringing,3,Abel
1611846,3,automated-ringing,4,Abel
1611846,4,automated-ringing,5,Abel
1611846,5,automated-ringing,6,Abel
1611846,6,simulated-sound,,Rung on eBells
1611839,0,automated-ringing,1,Abel
1611839,1,automated-ringing,2,Abel
1611839,2,automated-ringing,3,Abel
1611839,3,automated-ringing,4,Abel
1611839,4,automated-ringing,5,Abel
1611839,5,automated-ringing,6,Abel
1611839,6,simulated-sound,,Rung on eBells
1611795,0,automated-ringing,1,Abel
1611795,1,automated-ringing,2,Abel
1611795,2,automated-ringing,3,Abel
1611795,3,automated-ringing,4,Abel
1611795,4,automated-ringing,5,Abel
1611795,5,automated-ringing,6,Abel
1611795,6,simulated-sound,,Rung on eBells
1611614,0,simulated-sound,,Performed on a virtual ringing platform.
1611394,0,simulated-sound,,Performed on a virtual ringing platform.
1611545,0,simulated-sound,,Performed on a virtual ringing platform.
1611527,0,simulated-sound,,Performed on a virtual ringing platform.
1611507,0,simulated-sound,,Performed on a virtual ringing platform
1611447,0,simulated-sound,,Performed on a virtual ringing platform.
1611344,0,first-quarter,6,
1611130,0,first-quarter,1,
1611214,0,first-quarter,1,
1611214,1,first-quarter,6,
1818653,0,first-quarter,2,
1611244,0,first-quarter,6,
1611353,0,simulated-sound,,Performed on a virtual ringing platform.
1610930,0,first-peal,2,
1611436,0,automated-ringing,1,Wheatley
1611436,1,automated-ringing,2,Wheatley
1611436,2,automated-ringing,3,Wheatley
1611436,3,automated-ringing,4,Wheatley
1611436,4,simulated-sound,,Performed on a virtual ringing platform.
1610711,0,first-quarter,1,
1610692,0,automated-ringing,1,Abel
1610692,1,automated-ringing,2,Abel
1610692,2,automated-ringing,3,Abel
1610692,3,automated-ringing,4,Abel
1610692,4,automated-ringing,5,Abel
1610692,5,automated-ringing,6,Abel
1610692,6,automated-ringing,7,Abel
1610692,7,automated-ringing,8,Abel
1610692,8,automated-ringing,9,Abel
1610692,9,automated-ringing,10,Abel
1610692,10,simulated-sound,,
1610721,0,automated-ringing,1,Wheatley
1610721,1,automated-ringing,2,Wheatley
1610721,2,automated-ringing,3,Wheatley
1610721,3,automated-ringing,4,Wheatley
1610721,4,simulated-sound,,Performed on a virtual ringing platform.
1610453,0,simulated-sound,,Performed on a virtual ringing platform.
1610712,0,automated-ringing,1,Abel
1610712,1,automated-ringing,2,Abel
1610712,2,automated-ringing,3,Abel
1610712,3,automated-ringing,4,Abel
1610712,4,simulated-sound,,Rung on eBells
1610704,0,automated-ringing,1,Abel
1610704,1,automated-ringing,2,Abel
1610704,2,automated-ringing,3,Abel
1610704,3,automated-ringing,4,Abel
1610704,4,automated-ringing,5,Abel
1610704,5,automated-ringing,6,Abel
1610704,6,simulated-sound,,Rung on eBells
1610693,0,automated-ringing,1,Abel
1610693,1,automated-ringing,2,Abel
1610693,2,automated-ringing,3,Abel
1610693,3,automated-ringing,4,Abel
1610693,4,automated-ringing,5,Abel
1610693,5,automated-ringing,6,Abel
1610693,6,simulated-sound,,Rung on eBells
1610262,0,first-quarter,2,
1611393,0,simulated-sound,,Performed on a virtual ringing platform.
1610293,0,simulated-sound,,Performed on a virtual ringing platform.
1610338,0,simulated-sound,,Performed on a virtual ringing platform.
1610214,0,simulated-sound,,Performed on a virtual ringing platform.
1610209,0,automated-ringing,1,Abel
1610209,1,automated-ringing,2,Abel
1610209,2,automated-ringing,3,Abel
1610209,3,automated-ringing,4,Abel
1610209,4,automated-ringing,5,Abel
1610209,5,automated-ringing,6,Abel
1610209,6,simulated-sound,,Rung on eBells
1610119,0,first-quarter,6,
1610295,0,simulated-sound,,Performed on a virtual ringing platform.
1610116,0,first-quarter,1,
1610120,0,automated-ringing,1,Abel
1610120,1,automated-ringing,2,Abel
1610120,2,automated-ringing,3,Abel
1610120,3,automated-ringing,4,Abel
1610120,4,automated-ringing,5,Abel
1610120,5,automated-ringing,6,Abel
1610120,6,simulated-sound,,Rung on eBells
1610212,0,first-quarter,6,
1609763,0,automated-ringing,1,Abel
1609763,1,automated-ringing,2,Abel
1609763,2,automated-ringing,3,Abel
1609763,3,automated-ringing,4,Abel
1609763,4,automated-ringing,5,Abel
1609763,5,automated-ringing,6,Abel
1609763,6,simulated-sound,,
1609800,0,automated-ringing,1,Wheatley
1609800,1,automated-ringing,2,Wheatley
1609800,2,automated-ringing,5,Wheatley
1609800,3,automated-ringing,6,Wheatley
1609800,4,simulated-sound,,Performed on a virtual ringing platform.
1609623,0,first-quarter,6,
1695076,0,first-peal,3,
1609602,0,first-quarter,6,
1609609,0,first-quarter,6,
1609477,0,simulated-sound,,Performed on a virtual ringing platform.
1609647,0,simulated-sound,,Performed on a virtual ringing platform.
1609587,0,simulated-sound,,Performed on a virtual ringing platform.
1609547,0,first-quarter,1,
1609390,0,simulated-sound,,
1609387,0,simulated-sound,,
1609543,0,automated-ringing,1,Abel
1609543,1,automated-ringing,2,Abel
1609543,2,automated-ringing,3,Abel
1609543,3,automated-ringing,4,Abel
1609543,4,automated-ringing,5,Abel
1609543,5,automated-ringing,6,Abel
1609543,6,simulated-sound,,Rung on ebells
1609148,0,first-quarter,6,
1609327,0,first-quarter,6,
1609218,0,first-quarter,1,
1609211,0,first-quarter,1,
1679365,0,automated-ringing,2,Virtual Belfry
1679365,1,automated-ringing,3,Virtual Belfry
1679365,2,automated-ringing,4,Virtual Belfry
1679365,3,automated-ringing,5,Virtual Belfry
1679365,4,automated-ringing,6,Virtual Belfry
1679365,5,automated-ringing,7,Virtual Belfry
1679365,6,automated-ringing,8,Virtual Belfry
1679365,7,automated-ringing,9,Virtual Belfry
1679365,8,automated-ringing,10,Virtual Belfry
1679365,9,automated-ringing,11,Virtual Belfry
1679365,10,automated-ringing,12,Virtual Belfry
1679365,11,simulated-sound,,
1609302,0,first-quarter,6,
1609320,0,simulated-sound,,
1749144,0,first-quarter,1,
1609225,0,automated-ringing,1,Abel
1609225,1,automated-ringing,2,Abel
1609225,2,automated-ringing,3,Abel
1609225,3,automated-ringing,4,Abel
1609225,4,automated-ringing,5,Abel
1609225,5,automated-ringing,6,Abel
1609225,6,automated-ringing,7,Abel
1609225,7,automated-ringing,8,Abel
1609225,8,simulated-sound,,
1609208,0,first-quarter,8,
1609381,0,simulated-sound,,Performed on a virtual ringing platform.
1609251,0,simulated-sound,,Performed on a virtual ringing platform.
1609180,0,automated-ringing,1,Abel
1609180,1,automated-ringing,2,Abel
1609180,2,automated-ringing,3,Abel
1609180,3,automated-ringing,4,Abel
1609180,4,automated-ringing,5,Abel
1609180,5,automated-ringing,6,Abel
1609180,6,simulated-sound,,Rung on ebells
1609157,0,automated-ringing,1,Abel
1609157,1,automated-ringing,2,Abel
1609157,2,automated-ringing,3,Abel
1609157,3,automated-ringing,4,Abel
1609157,4,automated-ringing,5,Abel
1609157,5,automated-ringing,6,Abel
1609157,6,simulated-sound,,Rung on ebells
1609131,0,first-quarter,6,
1608634,0,simulated-sound,,Performed on a virtual ringing platform.
1608765,0,automated-ringing,1,Abel
1608765,1,automated-ringing,2,Abel
1608765,2,automated-ringing,3,Abel
1608765,3,automated-ringing,4,Abel
1608765,4,automated-ringing,5,Abel
1608765,5,automated-ringing,6,Abel
1608765,6,simulated-sound,,Rung on ebells
1608749,0,automated-ringing,1,Abel
1608749,1,automated-ringing,2,Abel
1608749,2,automated-ringing,3,Abel
1608749,3,automated-ringing,4,Abel
1608749,4,automated-ringing,5,Abel
1608749,5,automated-ringing,6,Abel
1608749,6,simulated-sound,,Rung on ebells
1608562,0,first-quarter,6,
1608604,0,simulated-sound,,Performed on a virtual ringing platform.
1608410,0,simulated-sound,,Performed on a virtual ringing platform.
1608811,0,first-quarter,1,
1608326,0,simulated-sound,,Performed on a ring of dumb bells.
1608597,0,simulated-sound,,Performed on a virtual ringing platform.
1608362,0,simulated-sound,,Performed on a virtual ringing platform.
1608126,0,simulated-sound,,Performed on a virtual ringing platform.
1608483,0,automated-ringing,5,Wheatley
1608483,1,automated-ringing,6,Wheatley
1608483,2,simulated-sound,,Performed on a virtual ringing platform.
1608302,0,simulated-sound,,
1608175,0,simulated-sound,,
1608161,0,simulated-sound,,
1608159,0,first-quarter,6,
1607926,0,simulated-sound,,Performed on a ring of dumb bells.
1608051,0,simulated-sound,,Performed on a virtual ringing platform.
1608048,0,simulated-sound,,Performed on a virtual ringing platform.
1607951,0,automated-ringing,5,Wheatley
1607951,1,automated-ringing,6,Wheatley
1607951,2,simulated-sound,,Performed on a virtual ringing platform.
1608055,0,simulated-sound,,Performed on a ring of dumb bells
1607842,0,simulated-sound,,
1607782,0,simulated-sound,,
1607771,0,automated-ringing,1,Abel
1607771,1,automated-ringing,2,Abel
1607771,2,automated-ringing,3,Abel
1607771,3,automated-ringing,4,Abel
1607771,4,automated-ringing,5,Abel
1607771,5,automated-ringing,6,Abel
1607771,6,automated-ringing,7,Abel
1607771,7,automated-ringing,8,Abel
1607771,8,simulated-sound,,
1607843,0,simulated-sound,,Performed on a virtual ringing platform.
1607768,0,simulated-sound,,Performed on a virtual ringing platform.
1607777,0,automated-ringing,1,Wheatley
1607777,1,automated-ringing,2,Wheatley
1607777,2,automated-ringing,5,Wheatley
1607777,3,automated-ringing,6,Wheatley
1607777,4,simulated-sound,,Performed on a virtual ringing platform.
1608319,0,simulated-sound,,
1607748,0,automated-ringing,1,Abel
1607748,1,automated-ringing,2,Abel
1607748,2,automated-ringing,3,Abel
1607748,3,automated-ringing,4,Abel
1607748,4,automated-ringing,5,Abel
1607748,5,automated-ringing,6,Abel
1607748,6,automated-ringing,7,Abel
1607748,7,automated-ringing,8,Abel
1607748,8,simulated-sound,,Rung on ebells
1607619,0,simulated-sound,,Performed on a virtual ringing platform.
1607616,0,simulated-sound,,Performed on a virtual ringing platform.
1607487,0,automated-ringing,5,Wheatley
1607487,1,automated-ringing,6,Wheatley
1607487,2,simulated-sound,,Performed on a virtual ringing platform.
1608085,0,simulated-sound,,
1607845,0,automated-ringing,1,Abel
1607845,1,automated-ringing,2,Abel
1607845,2,automated-ringing,3,Abel
1607845,3,automated-ringing,4,Abel
1607845,4,automated-ringing,5,Abel
1607845,5,automated-ringing,6,Abel
1607845,6,automated-ringing,7,Abel
1607845,7,automated-ringing,8,Abel
1607845,8,automated-ringing,9,Abel
1607845,9,automated-ringing,10,Abel
1607845,10,simulated-sound,,Rung on ebells
1607314,0,first-quarter,1,
1607356,0,first-quarter,6,
1607245,0,first-quarter,1,
1607499,0,first-peal,2,
1607429,0,simulated-sound,,Performed on a virtual ringing platform.
1607149,0,simulated-sound,,Performed on a virtual ringing platform.
1607430,0,automated-ringing,1,Abel
1607430,1,automated-ringing,2,Abel
1607430,2,automated-ringing,3,Abel
1607430,3,automated-ringing,5,Abel
1607430,4,automated-ringing,6,Abel
1607430,5,automated-ringing,7,Abel
1607430,6,automated-ringing,8,Abel
1607430,7,simulated-sound,,
1607361,0,first-quarter,6,
1606986,0,first-quarter,1,
1607558,0,first-peal,3,
1607419,0,first-quarter,6,
1606999,0,first-peal,4,
1606937,0,automated-ringing,1,Abel
1606937,1,automated-ringing,2,Abel
1606937,2,automated-ringing,3,Abel
1606937,3,automated-ringing,4,Abel
1606937,4,automated-ringing,5,Abel
1606937,5,automated-ringing,6,Abel
1606937,6,automated-ringing,7,Abel
1606937,7,automated-ringing,8,Abel
1606937,8,automated-ringing,9,Abel
1606937,9,automated-ringing,10,Abel
1606937,10,simulated-sound,,
1606924,0,first-quarter,6,
1607125,0,automated-ringing,1,Wheatley
1607125,1,automated-ringing,2,Wheatley
1607125,2,automated-ringing,5,Wheatley
1607125,3,automated-ringing,6,Wheatley
1607125,4,automated-ringing,7,Wheatley
1607125,5,automated-ringing,8,Wheatley
1607125,6,simulated-sound,,Performed on a virtual ringing platform.
1606982,0,first-quarter,6,
1634354,0,first-quarter,6,
1634102,0,automated-ringing,1,Abel
1634102,1,automated-ringing,2,Abel
1634102,2,automated-ringing,3,Abel
1634102,3,automated-ringing,4,Abel
1634102,4,automated-ringing,5,Abel
1634102,5,automated-ringing,6,Abel
1634102,6,automated-ringing,7,Abel
1634102,7,automated-ringing,8,Abel
1634102,8,simulated-sound,,
1634229,0,automated-ringing,5,Wheatley
1634229,1,automated-ringing,6,Wheatley
1634229,2,simulated-sound,,Performed on a virtual ringing platform.
1633840,0,first-quarter,6,
1633964,0,first-quarter,1,
1633976,0,automated-ringing,1,Abel
1633976,1,automated-ringing,2,Abel
1633976,2,automated-ringing,3,Abel
1633976,3,automated-ringing,4,Abel
1633976,4,automated-ringing,5,Abel
1633976,5,automated-ringing,6,Abel
1633976,6,automated-ringing,7,Abel
1633976,7,automated-ringing,8,Abel
1633976,8,simulated-sound,,Rung on eBells
1633617,0,automated-ringing,1,Abel
1633617,1,automated-ringing,2,Abel
1633617,2,automated-ringing,3,Abel
1633617,3,automated-ringing,4,Abel
1633617,4,automated-ringing,5,Abel
1633617,5,automated-ringing,6,Abel
1633617,6,simulated-sound,,
1995679,0,first-quarter,6,
1633691,0,simulated-sound,,Performed on a virtual ringing platform.
1633616,0,simulated-sound,,Performed on a virtual ringing platform.
1633560,0,automated-ringing,1,Abel
1633560,1,automated-ringing,2,Abel
1633560,2,automated-ringing,3,Abel
1633560,3,automated-ringing,4,Abel
1633560,4,automated-ringing,5,Abel
1633560,5,automated-ringing,6,Abel
1633560,6,automated-ringing,7,Abel
1633560,7,automated-ringing,8,Abel
1633560,8,simulated-sound,,Rung on eBells
1633408,0,first-quarter,1,
1633408,1,first-quarter,6,
1633409,0,first-quarter,6,
1633516,0,first-quarter,1,
1633404,0,simulated-sound,,Performed on a virtual ringing platform.
1633354,0,automated-ringing,1,Wheatley
1633354,1,automated-ringing,2,Wheatley
1633354,2,automated-ringing,5,Wheatley
1633354,3,automated-ringing,6,Wheatley
1633354,4,simulated-sound,,Performed on a virtual ringing platform.
1633347,0,first-quarter,1,
1633305,0,first-quarter,6,
1633116,0,first-peal,8,
1679366,0,automated-ringing,1,Virtual Belfry
1679366,1,automated-ringing,2,Virtual Belfry
1679366,2,automated-ringing,3,Virtual Belfry
1679366,3,automated-ringing,4,Virtual Belfry
1679366,4,automated-ringing,5,Virtual Belfry
1679366,5,automated-ringing,6,Virtual Belfry
1679366,6,automated-ringing,7,Virtual Belfry
1679366,7,automated-ringing,8,Virtual Belfry
1679366,8,automated-ringing,9,Virtual Belfry
1679366,9,automated-ringing,10,Virtual Belfry
1679366,10,automated-ringing,11,Virtual Belfry
1679366,11,simulated-sound,,
1632750,0,simulated-sound,,
1632674,0,automated-ringing,1,Abel
1632674,1,automated-ringing,2,Abel
1632674,2,automated-ringing,3,Abel
1632674,3,automated-ringing,4,Abel
1632674,4,automated-ringing,5,Abel
1632674,5,automated-ringing,6,Abel
1632674,6,automated-ringing,7,Abel
1632674,7,automated-ringing,8,Abel
1632674,8,automated-ringing,9,Abel
1632674,9,automated-ringing,10,Abel
1632674,10,automated-ringing,11,Abel
1632674,11,automated-ringing,12,Abel
1632674,12,simulated-sound,,
1632707,0,simulated-sound,,Performed on a virtual ringing platform.
1632624,0,simulated-sound,,
1632361,0,simulated-sound,,Performed on a virtual ringing platform.
1632263,0,simulated-sound,,Performed on a virtual ringing platform.
1632017,0,simulated-sound,,Performed on a virtual ringing platform.
1632070,0,simulated-sound,,Performed on a virtual ringing platform.
1776917,0,automated-ringing,1,Abel
1776917,1,automated-ringing,2,Abel
1776917,2,automated-ringing,3,Abel
1776917,3,automated-ringing,4,Abel
1776917,4,automated-ringing,5,Abel
1776917,5,automated-ringing,6,Abel
1776917,6,simulated-sound,,Rung on eBells
1631738,0,simulated-sound,,
1631776,0,simulated-sound,,Performed on a virtual ringing platform.
1631764,0,simulated-sound,,Performed on a virtual ringing platform.
1631658,0,automated-ringing,1,Abel
1631658,1,automated-ringing,2,Abel
1631658,2,automated-ringing,3,Abel
1631658,3,automated-ringing,4,Abel
1631658,4,automated-ringing,5,Abel
1631658,5,automated-ringing,6,Abel
1631658,6,simulated-sound,,Rung on eBells
1631630,0,automated-ringing,1,Abel
1631630,1,automated-ringing,2,Abel
1631630,2,automated-ringing,3,Abel
1631630,3,automated-ringing,4,Abel
1631630,4,automated-ringing,5,Abel
1631630,5,automated-ringing,6,Abel
1631630,6,simulated-sound,,Rung on eBells
1631493,0,first-quarter,1,
1631350,0,simulated-sound,,Performed on a ring of dumb bells.
1631354,0,simulated-sound,,Performed on a virtual ringing platform.
1631290,0,simulated-sound,,Performed on a virtual ringing platform.
1631281,0,automated-ringing,1,Abel
1631281,1,automated-ringing,2,Abel
1631281,2,automated-ringing,3,Abel
1631281,3,automated-ringing,4,Abel
1631281,4,automated-ringing,5,Abel
1631281,5,automated-ringing,6,Abel
1631281,6,simulated-sound,,Rung on eBells
1630924,0,first-quarter,1,
1631185,0,first-quarter,2,
1631108,0,first-quarter,6,
1630518,0,first-quarter,6,
1630643,0,first-quarter,4,
1630506,0,first-quarter,6,
1630648,0,automated-ringing,1,Wheatley
1630648,1,automated-ringing,2,Wheatley
1630648,2,automated-ringing,5,Wheatley
1630648,3,automated-ringing,6,Wheatley
1630648,4,simulated-sound,,Performed on a virtual ringing platform.
1630681,0,new-method,,
1630664,0,simulated-sound,,
1630542,0,new-method,,
1630479,0,simulated-sound,,
1630319,0,automated-ringing,1,Abel
1630319,1,automated-ringing,2,Abel
1630319,2,automated-ringing,3,Abel
1630319,3,automated-ringing,4,Abel
1630319,4,automated-ringing,5,Abel
1630319,5,automated-ringing,6,Abel
1630319,6,simulated-sound,,
1630439,0,simulated-sound,,Performed on a virtual ringing platform.
1630273,0,simulated-sound,,Performed on a virtual ringing platform.
1630250,0,automated-ringing,3,Wheatley
1630250,1,automated-ringing,4,Wheatley
1630250,2,automated-ringing,7,Wheatley
1630250,3,automated-ringing,8,Wheatley
1630250,4,simulated-sound,,Performed on a virtual ringing platform.
1630660,0,simulated-sound,,Rung on peal of saxilby simulators with Abel providing sound
1630035,0,automated-ringing,1,Abel
1630035,1,automated-ringing,2,Abel
1630035,2,automated-ringing,3,Abel
1630035,3,automated-ringing,4,Abel
1630035,4,automated-ringing,5,Abel
1630035,5,automated-ringing,6,Abel
1630035,6,simulated-sound,,Rung on eBells
1630226,0,first-quarter,6,
1629667,0,simulated-sound,,Performed on a virtual ringing platform.
1629542,0,simulated-sound,,Performed on a virtual ringing platform.
1629540,0,automated-ringing,1,Wheatley
1629540,1,automated-ringing,2,Wheatley
1629540,2,automated-ringing,5,Wheatley
1629540,3,automated-ringing,6,Wheatley
1629540,4,simulated-sound,,Performed on a virtual ringing platform.
1629480,0,automated-ringing,1,Abel
1629480,1,automated-ringing,2,Abel
1629480,2,automated-ringing,3,Abel
1629480,3,automated-ringing,4,Abel
1629480,4,simulated-sound,,Rung on eBells
1629196,0,simulated-sound,,
1629292,0,first-quarter,6,
1695238,0,first-quarter,6,
1629284,0,automated-ringing,1,Abel
1629284,1,automated-ringing,2,Abel
1629284,2,automated-ringing,3,Abel
1629284,3,automated-ringing,4,Abel
1629284,4,automated-ringing,5,Abel
1629284,5,automated-ringing,6,Abel
1629284,6,simulated-sound,,
1629185,0,new-method,,
1629285,0,simulated-sound,,Performed on a virtual ringing platform.
1629280,0,simulated-sound,,Performed on a virtual ringing platform.
1629306,0,first-quarter,6,
1629179,0,automated-ringing,1,Abel
1629179,1,automated-ringing,2,Abel
1629179,2,automated-ringing,3,Abel
1629179,3,automated-ringing,4,Abel
1629179,4,automated-ringing,5,Abel
1629179,5,automated-ringing,6,Abel
1629179,6,simulated-sound,,Rung on eBells
1629047,0,simulated-sound,,
1629048,0,simulated-sound,,Performed on a virtual ringing platform.
1628898,0,simulated-sound,,Performed on a virtual ringing platform.
1628743,0,simulated-sound,,Performed on a virtual ringing platform.
1629171,0,automated-ringing,1,Wheatley
1629171,1,automated-ringing,4,Wheatley
1629171,2,automated-ringing,5,Wheatley
1629171,3,simulated-sound,,Performed on a virtual ringing platform.
1630738,0,automated-ringing,1,Abel
1630738,1,automated-ringing,2,Abel
1630738,2,automated-ringing,3,Abel
1630738,3,automated-ringing,4,Abel
1630738,4,simulated-sound,,Rung on eBells
1628861,0,automated-ringing,1,Abel
1628861,1,automated-ringing,2,Abel
1628861,2,automated-ringing,3,Abel
1628861,3,automated-ringing,4,Abel
1628861,4,automated-ringing,5,Abel
1628861,5,automated-ringing,6,Abel
1628861,6,simulated-sound,,Rung on eBells
1628643,0,first-quarter,6,
1628537,0,automated-ringing,1,Abel
1628537,1,automated-ringing,2,Abel
1628537,2,automated-ringing,3,Abel
1628537,3,automated-ringing,4,Abel
1628537,4,automated-ringing,5,Abel
1628537,5,automated-ringing,6,Abel
1628537,6,simulated-sound,,
1628505,0,simulated-sound,,Performed on a ring of dumb bells.
1628621,0,simulated-sound,,Performed on a virtual ringing platform.
1628415,0,simulated-sound,,Performed on a virtual ringing platform.
1628408,0,automated-ringing,1,Wheatley
1628408,1,automated-ringing,2,Wheatley
1628408,2,automated-ringing,5,Wheatley
1628408,3,automated-ringing,6,Wheatley
1628408,4,simulated-sound,,Performed on a virtual ringing platform.
1628406,0,automated-ringing,1,Abel
1628406,1,automated-ringing,2,Abel
1628406,2,automated-ringing,3,Abel
1628406,3,automated-ringing,4,Abel
1628406,4,automated-ringing,5,Abel
1628406,5,automated-ringing,6,Abel
1628406,6,simulated-sound,,Rung on eBells
1628372,0,automated-ringing,1,Abel
1628372,1,automated-ringing,2,Abel
1628372,2,automated-ringing,3,Abel
1628372,3,automated-ringing,4,Abel
1628372,4,automated-ringing,5,Abel
1628372,5,automated-ringing,6,Abel
1628372,6,simulated-sound,,Rung on eBells
1628088,0,first-quarter,6,
1628035,0,first-quarter,6,
1627779,0,simulated-sound,,
1627779,1,first-quarter,6,
1628000,0,first-quarter,6,
1628045,0,first-quarter,1,
1628122,0,first-quarter,6,
1703775,0,first-quarter,6,
1628011,0,simulated-sound,,
1627904,0,simulated-sound,,
1628161,0,simulated-sound,,Performed on a virtual ringing platform.
1627971,0,automated-ringing,1,Wheatley
1627971,1,automated-ringing,2,Wheatley
1627971,2,automated-ringing,5,Wheatley
1627971,3,automated-ringing,6,Wheatley
1627971,4,simulated-sound,,Performed on a virtual ringing platform.
1632802,0,new-method,,
1627745,0,first-peal,1,
1627641,0,automated-ringing,1,Abel
1627641,1,automated-ringing,2,Abel
1627641,2,automated-ringing,3,Abel
1627641,3,automated-ringing,4,Abel
1627641,4,automated-ringing,5,Abel
1627641,5,automated-ringing,6,Abel
1627641,6,simulated-sound,,
1627455,0,automated-ringing,1,Wheatley
1627455,1,automated-ringing,2,Wheatley
1627455,2,automated-ringing,5,Wheatley
1627455,3,automated-ringing,6,Wheatley
1627455,4,simulated-sound,,Performed on a virtual ringing platform.
1627629,0,first-peal,1,
1627408,0,automated-ringing,1,Abel
1627408,1,automated-ringing,2,Abel
1627408,2,automated-ringing,3,Abel
1627408,3,automated-ringing,4,Abel
1627408,4,automated-ringing,5,Abel
1627408,5,automated-ringing,6,Abel
1627408,6,simulated-sound,,Rung on eBells
1627255,0,automated-ringing,1,Wheatley
1627255,1,automated-ringing,2,Wheatley
1627255,2,automated-ringing,3,Wheatley
1627255,3,automated-ringing,4,Wheatley
1627255,4,automated-ringing,6,Wheatley
1627255,5,automated-ringing,7,Wheatley
1627255,6,automated-ringing,8,Wheatley
1627255,7,automated-ringing,10,Wheatley
1627255,8,simulated-sound,,Performed on a virtual ringing platform.
1627019,0,simulated-sound,,Performed on a virtual ringing platform.
1627372,0,automated-ringing,1,Abel
1627372,1,automated-ringing,2,Abel
1627372,2,automated-ringing,3,Abel
1627372,3,automated-ringing,4,Abel
1627372,4,automated-ringing,5,Abel
1627372,5,automated-ringing,6,Abel
1627372,6,simulated-sound,,Rung on eBells
1627283,0,first-quarter,6,
1626705,0,first-quarter,6,
1626782,0,first-quarter,6,
1626789,0,first-quarter,4,
1626789,1,first-quarter,6,
1627034,0,first-quarter,1,
1628417,0,simulated-sound,,Performed on a virtual ringing platform.
1626425,0,simulated-sound,,Performed on a virtual ringing platform.
1626710,0,automated-ringing,1,Wheatley
1626710,1,automated-ringing,2,Wheatley
1626710,2,automated-ringing,5,Wheatley
1626710,3,automated-ringing,6,Wheatley
1626710,4,simulated-sound,,Performed on a virtual ringing platform.
1626148,0,first-peal,3,
1626148,1,first-peal,4,
1626148,2,first-peal,6,
1626176,0,first-quarter,6,
1625612,0,first-quarter,6,
1626116,0,simulated-sound,,Performed on a virtual ringing platform.
1625668,0,simulated-sound,,Performed on a virtual ringing platform.
1625619,0,simulated-sound,,Performed on a virtual ringing platform.
1625645,0,automated-ringing,1,Wheatley
1625645,1,automated-ringing,2,Wheatley
1625645,2,automated-ringing,5,Wheatley
1625645,3,automated-ringing,6,Wheatley
1625645,4,simulated-sound,,Performed on a virtual ringing platform.
1626079,0,first-quarter,6,
1625579,0,automated-ringing,1,Abel
1625579,1,automated-ringing,2,Abel
1625579,2,automated-ringing,3,Abel
1625579,3,automated-ringing,4,Abel
1625579,4,automated-ringing,5,Abel
1625579,5,automated-ringing,6,Abel
1625579,6,simulated-sound,,Rung on eBells
1625400,0,automated-ringing,1,Abel
1625400,1,automated-ringing,2,Abel
1625400,2,automated-ringing,3,Abel
1625400,3,automated-ringing,4,Abel
1625400,4,automated-ringing,5,Abel
1625400,5,automated-ringing,6,Abel
1625400,6,simulated-sound,,Rung on eBells
1624561,0,automated-ringing,1,Abel
1624561,1,automated-ringing,2,Abel
1624561,2,automated-ringing,3,Abel
1624561,3,automated-ringing,4,Abel
1624561,4,automated-ringing,5,Abel
1624561,5,automated-ringing,6,Abel
1624561,6,simulated-sound,,
1624917,0,simulated-sound,,Performed on a virtual ringing platform.
1624658,0,simulated-sound,,Performed on a virtual ringing platform.
1625925,0,first-quarter,1,
1776918,0,automated-ringing,1,Abel
1776918,1,automated-ringing,2,Abel
1776918,2,automated-ringing,3,Abel
1776918,3,automated-ringing,4,Abel
1776918,4,automated-ringing,5,Abel
1776918,5,automated-ringing,6,Abel
1776918,6,simulated-sound,,Rung on eBells
1623865,0,first-peal,6,
1622887,0,first-quarter,6,
1622810,0,first-peal,1,
1622810,1,first-peal,3,
1638063,0,first-peal,6,
1631336,0,first-peal,2,
1623607,0,lost-attempt,,
1622338,0,first-quarter,6,
1623770,0,first-quarter,1,
1623502,0,first-peal,1,
1624322,0,first-quarter,6,
1625974,0,first-quarter,1,
1625974,1,first-quarter,6,
1623276,0,first-quarter,6,
1624127,0,first-quarter,6,
1623958,0,first-peal,6,
1622488,0,first-quarter,6,
1623990,0,first-quarter,1,
1623423,0,first-quarter,1,
1623423,1,first-quarter,3,
1623423,2,first-quarter,6,
1624339,0,first-quarter,5,
1624339,1,first-quarter,6,
1660044,0,first-quarter,6,
1623223,0,first-peal,1,
1623223,1,first-peal,8,
1623345,0,first-quarter,1,
1623780,0,simulated-sound,,Performed on a virtual ringing platform.
1623439,0,simulated-sound,,Performed on a virtual ringing platform.
1623157,0,simulated-sound,,Performed on a virtual ringing platform.
1623164,0,automated-ringing,5,Wheatley
1623164,1,automated-ringing,6,Wheatley
1623164,2,automated-ringing,7,Wheatley
1623164,3,automated-ringing,8,Wheatley
1623164,4,simulated-sound,,Performed on a virtual ringing platform.
1622788,0,first-quarter,1,
1624830,0,first-quarter,1,
1624830,1,first-quarter,6,
1622624,0,first-peal,3,
1622588,0,first-peal,1,
1623897,0,first-quarter,1,
1744858,0,first-peal,1,
1623071,0,first-quarter,6,
1624441,0,lost-attempt,,Call in the wrong place
1622339,0,first-quarter,5,
1622692,0,first-peal,2,
1622692,1,first-peal,5,
1623412,0,first-quarter,6,
1623684,0,automated-ringing,1,Abel
1623684,1,automated-ringing,2,Abel
1623684,2,automated-ringing,3,Abel
1623684,3,automated-ringing,4,Abel
1623684,4,automated-ringing,5,Abel
1623684,5,automated-ringing,6,Abel
1623684,6,simulated-sound,,Rung on eBells
1622983,0,automated-ringing,1,Abel
1622983,1,automated-ringing,2,Abel
1622983,2,automated-ringing,3,Abel
1622983,3,automated-ringing,4,Abel
1622983,4,simulated-sound,,Rung on eBells
1622736,0,automated-ringing,1,Abel
1622736,1,automated-ringing,2,Abel
1622736,2,automated-ringing,3,Abel
1622736,3,automated-ringing,4,Abel
1622736,4,automated-ringing,5,Abel
1622736,5,automated-ringing,6,Abel
1622736,6,simulated-sound,,Rung on eBells
1711820,0,first-peal,4,
1647110,0,first-peal,1,
1647110,1,first-peal,8,
1620311,0,first-quarter,1,
1621409,0,first-quarter,8,
1621141,0,first-peal,1,
1623973,0,first-quarter,6,
1621967,0,first-quarter,1,
1621967,1,first-quarter,6,
1621826,0,first-peal,1,
1621768,0,first-quarter,6,
1620822,0,first-quarter,1,
1620149,0,first-quarter,1,
1621164,0,first-peal,1,
1620739,0,first-quarter,6,
1773764,0,first-quarter,6,
1622065,0,first-quarter,6,
1622129,0,first-peal,4,
1622316,0,first-quarter,6,
1621535,0,first-quarter,1,
1620968,0,first-quarter,6,
1647338,0,first-peal,4,
1621820,0,first-peal,7,
1621820,1,first-peal,8,
1623808,0,lost-attempt,,
1621020,0,first-quarter,1,
1621327,0,first-quarter,6,
1620725,0,first-peal,4,
1628434,0,first-quarter,6,
1621834,0,simulated-sound,,Performed on a virtual ringing platform.
1621337,0,simulated-sound,,Performed on a virtual ringing platform.
1621760,0,first-quarter,6,
1630765,0,first-quarter,6,
1621287,0,first-quarter,6,
1626867,0,first-quarter,1,
1642744,0,first-quarter,6,
1719197,0,first-quarter,1,
1621347,0,first-peal,1,
1621347,1,first-peal,2,
1621347,2,first-peal,6,
1804348,0,first-quarter,1,
1621216,0,first-peal,4,
1621216,1,first-peal,6,
1622172,0,first-quarter,1,
1621238,0,first-peal,4,
1620072,0,lost-attempt,,
1620946,0,first-peal,1,
1627946,0,first-peal,8,
1617259,0,first-quarter,1,
1618126,0,first-peal,3,
1616969,0,first-quarter,1,
1617006,0,first-quarter,1,
1616851,0,first-quarter,1,
1618329,0,first-quarter,6,
1841916,0,first-peal,2,
1841916,1,first-peal,6,
1618010,0,first-quarter,1,
1618902,0,first-quarter,6,
1618946,0,first-quarter,1,
1617484,0,lost-attempt,,
1618216,0,first-peal,1,
1618421,0,first-peal,3,
1618421,1,first-peal,5,
1617210,0,first-quarter,6,
1619492,0,first-quarter,1,
1619349,0,first-quarter,1,
1622903,0,false,,
1620130,0,first-quarter,1,
1619031,0,first-quarter,1,
1618502,0,first-peal,6,
1670827,0,first-quarter,6,
1622066,0,lost-attempt,,
1618389,0,first-quarter,6,
1621892,0,first-quarter,6,
1622062,0,first-peal,1,
1618463,0,first-quarter,6,
1618773,0,first-peal,1,
1616999,0,first-quarter,6,
1620660,0,first-peal,8,
1618356,0,first-quarter,8,
1618779,0,first-quarter,1,
1715866,0,first-quarter,6,
1622550,0,first-quarter,1,
1621413,0,first-quarter,1,
1621413,1,first-quarter,2,
1617451,0,first-quarter,1,
1617158,0,first-quarter,6,
1621305,0,first-peal,4,
1621305,1,first-peal,6,
1617322,0,first-peal,1,
1642627,0,first-peal,6,
1619820,0,first-peal,1,
1619820,1,first-peal,6,
1813514,0,first-peal,1,
1813514,1,first-peal,2,
1617050,0,automated-ringing,1,Abel
1617050,1,automated-ringing,2,Abel
1617050,2,automated-ringing,3,Abel
1617050,3,automated-ringing,4,Abel
1617050,4,automated-ringing,5,Abel
1617050,5,automated-ringing,6,Abel
1617050,6,simulated-sound,,Rung on eBells
1720028,0,first-quarter,1,
1617167,0,first-quarter,6,
1617970,0,first-quarter,6,
1618244,0,first-quarter,1,
1616519,0,first-quarter,1,
1622140,0,first-peal,3,
1622140,1,first-peal,4,
1621250,0,first-quarter,6,
1616480,0,first-quarter,6,
1616366,0,automated-ringing,1,Abel
1616366,1,automated-ringing,2,Abel
1616366,2,automated-ringing,3,Abel
1616366,3,automated-ringing,4,Abel
1616366,4,automated-ringing,5,Abel
1616366,5,automated-ringing,6,Abel
1616366,6,simulated-sound,,
1616690,0,simulated-sound,,Performed on a virtual ringing platform.
1616457,0,simulated-sound,,Performed on a virtual ringing platform.
1616589,0,first-peal,2,
1616589,1,first-peal,3,
1616458,0,simulated-sound,,Rung on peal of saxilby simulators with Abel providing sound
1616753,0,first-quarter,6,
1616753,1,first-quarter,8,
1616842,0,first-peal,8,
1616834,0,new-method,,
1616614,0,first-peal,4,
1616614,1,first-peal,8,
1773759,0,first-quarter,6,
1616172,0,first-quarter,1,
1616201,0,simulated-sound,,
1616566,0,first-quarter,1,
1616566,1,first-quarter,6,
1616033,0,automated-ringing,1,Abel
1616033,1,automated-ringing,2,Abel
1616033,2,automated-ringing,3,Abel
1616033,3,automated-ringing,4,Abel
1616033,4,automated-ringing,5,Abel
1616033,5,automated-ringing,6,Abel
1616033,6,automated-ringing,7,Abel
1616033,7,automated-ringing,8,Abel
1616033,8,automated-ringing,9,Abel
1616033,9,automated-ringing,10,Abel
1616033,10,simulated-sound,,
1616174,0,simulated-sound,,Performed on a virtual ringing platform.
1616043,0,simulated-sound,,Performed on a virtual ringing platform.
1616482,0,simulated-sound,,Ring on peal of saxilby simulators with Abel providing the sound.
1615897,0,simulated-sound,,Performed on a virtual ringing platform.
1615632,0,simulated-sound,,Performed on a virtual ringing platform.
1615812,0,simulated-sound,,Performed on a virtual ringing platform.
1615880,0,first-quarter,1,
1615883,0,first-quarter,1,
1615542,0,simulated-sound,,Performed on a virtual ringing platform.
1615896,0,first-quarter,1,
1615896,1,first-quarter,6,
1615493,0,simulated-sound,,Performed on a virtual ringing platform.
1615434,0,simulated-sound,,Performed on a virtual ringing platform.
1615491,0,automated-ringing,1,Wheatley
1615491,1,automated-ringing,2,Wheatley
1615491,2,automated-ringing,5,Wheatley
1615491,3,automated-ringing,6,Wheatley
1615491,4,simulated-sound,,Performed on a virtual ringing platform.
1615259,0,first-quarter,1,
1615226,0,automated-ringing,1,Abel
1615226,1,automated-ringing,2,Abel
1615226,2,automated-ringing,3,Abel
1615226,3,automated-ringing,4,Abel
1615226,4,automated-ringing,5,Abel
1615226,5,automated-ringing,6,Abel
1615226,6,automated-ringing,7,Abel
1615226,7,automated-ringing,8,Abel
1615226,8,automated-ringing,9,Abel
1615226,9,automated-ringing,10,Abel
1615226,10,simulated-sound,,
1615312,0,simulated-sound,,Performed on a virtual ringing platform.
1615209,0,simulated-sound,,Performed on a virtual ringing platform.
1642808,0,new-method,,
1643773,0,simulated-sound,,Performed on a virtual ringing platform.
1643534,0,simulated-sound,,Performed on a virtual ringing platform.
1642817,0,simulated-sound,,Performed on a virtual ringing platform.
1645672,0,simulated-sound,,Performed on a virtual ringing platform.
1642788,0,simulated-sound,,Performed on a virtual ringing platform.
1642560,0,simulated-sound,,Performed on a virtual ringing platform.
1642712,0,simulated-sound,,
1642712,1,first-quarter,6,
1642764,0,simulated-sound,,Performed on a virtual ringing platform.
1642671,0,simulated-sound,,Performed on a virtual ringing platform.
1642673,0,automated-ringing,1,Wheatley
1642673,1,automated-ringing,2,Wheatley
1642673,2,automated-ringing,5,Wheatley
1642673,3,automated-ringing,6,Wheatley
1642673,4,simulated-sound,,Performed on a virtual ringing platform.
1642725,0,simulated-sound,,
1773381,0,first-quarter,6,
1642548,0,first-quarter,6,
1642501,0,simulated-sound,,Performed on a virtual ringing platform.
1642240,0,simulated-sound,,
1642351,0,simulated-sound,,Performed on a virtual ringing platform.
1641963,0,first-quarter,6,
1642046,0,simulated-sound,,Performed on a ring of dumb bells.
1641863,0,simulated-sound,,Performed on a ring of dumb bells.
1642028,0,automated-ringing,1,Abel
1642028,1,automated-ringing,2,Abel
1642028,2,automated-ringing,3,Abel
1642028,3,automated-ringing,4,Abel
1642028,4,automated-ringing,5,Abel
1642028,5,automated-ringing,6,Abel
1642028,6,automated-ringing,7,Abel
1642028,7,automated-ringing,8,Abel
1642028,8,simulated-sound,,
1642015,0,first-quarter,6,
1642047,0,simulated-sound,,Performed on a virtual ringing platform.
1641991,0,simulated-sound,,Performed on a virtual ringing platform.
1641882,0,first-quarter,1,
1641721,0,first-quarter,7,
1641725,0,first-quarter,1,
1641725,1,first-quarter,6,
1642040,0,first-quarter,1,
1641611,0,first-quarter,1,
1641713,0,first-quarter,4,
1641812,0,simulated-sound,,Performed on a virtual ringing platform.
1641831,0,simulated-sound,,Performed on a virtual ringing platform.
1641832,0,simulated-sound,,Performed on a virtual ringing platform.
1641730,0,simulated-sound,,Performed on a virtual ringing platform.
1641729,0,automated-ringing,1,Wheatley
1641729,1,automated-ringing,2,Wheatley
1641729,2,automated-ringing,5,Wheatley
1641729,3,automated-ringing,6,Wheatley
1641729,4,simulated-sound,,Performed on a virtual ringing platform.
1641621,0,automated-ringing,1,Abel
1641621,1,automated-ringing,2,Abel
1641621,2,automated-ringing,3,Abel
1641621,3,automated-ringing,4,Abel
1641621,4,automated-ringing,5,Abel
1641621,5,automated-ringing,6,Abel
1641621,6,simulated-sound,,Rung on eBells
1641454,0,first-quarter,6,
1641412,0,first-quarter,6,
1641434,0,first-peal,3,
1641428,0,first-peal,1,
1641389,0,first-quarter,1,
1641389,1,first-quarter,6,
1642277,0,first-quarter,6,
1641662,0,first-quarter,6,
1641231,0,first-peal,3,
1641231,1,first-peal,4,
1641427,0,first-peal,1,
1641189,0,first-quarter,1,
1641189,1,first-quarter,6,
1641181,0,simulated-sound,,Performed on a virtual ringing platform.
1641020,0,simulated-sound,,Performed on a virtual ringing platform.
1641027,0,simulated-sound,,Performed on a virtual ringing platform.
1641147,0,first-quarter,1,
1640994,0,first-quarter,1,
1640977,0,first-quarter,6,
1641005,0,first-quarter,1,
1641005,1,first-quarter,6,
1641018,0,simulated-sound,,Performed on a virtual ringing platform.
1640972,0,simulated-sound,,Performed on a virtual ringing platform.
1640827,0,first-quarter,1,
1640698,0,simulated-sound,,
1640698,1,first-quarter,6,
1640697,0,simulated-sound,,
1640696,0,simulated-sound,,
1640656,0,automated-ringing,1,Abel
1640656,1,automated-ringing,2,Abel
1640656,2,automated-ringing,3,Abel
1640656,3,automated-ringing,4,Abel
1640656,4,automated-ringing,5,Abel
1640656,5,automated-ringing,6,Abel
1640656,6,simulated-sound,,Rung on eBells
1639953,0,simulated-sound,,Performed on a virtual ringing platform.
1640531,0,simulated-sound,,Performed on a virtual ringing platform.
1640274,0,automated-ringing,1,Wheatley
1640274,1,automated-ringing,2,Wheatley
1640274,2,automated-ringing,5,Wheatley
1640274,3,automated-ringing,6,Wheatley
1640274,4,simulated-sound,,Performed on a virtual ringing platform.
1640103,0,automated-ringing,1,Abel
1640103,1,automated-ringing,2,Abel
1640103,2,automated-ringing,3,Abel
1640103,3,automated-ringing,4,Abel
1640103,4,automated-ringing,5,Abel
1640103,5,automated-ringing,6,Abel
1640103,6,simulated-sound,,Rung on eBells
1639664,0,first-quarter,6,
1639884,0,simulated-sound,,Performed on a ring of dumb bells.
1639884,1,first-quarter,6,
1639899,0,first-quarter,6,
1642048,0,simulated-sound,,Performed on a virtual ringing platform.
1639881,0,simulated-sound,,
1639384,0,first-quarter,8,
1639548,0,first-quarter,1,
1639551,0,first-quarter,1,
1639513,0,automated-ringing,1,Wheatley
1639513,1,automated-ringing,2,Wheatley
1639513,2,automated-ringing,3,Wheatley
1639513,3,automated-ringing,4,Wheatley
1639513,4,automated-ringing,6,Wheatley
1639513,5,automated-ringing,7,Wheatley
1639513,6,automated-ringing,8,Wheatley
1639513,7,automated-ringing,9,Wheatley
1639513,8,automated-ringing,10,Wheatley
1639513,9,automated-ringing,12,Wheatley
1639513,10,simulated-sound,,Performed on a virtual ringing platform.
1639550,0,simulated-sound,,Performed on a virtual ringing platform.
1639212,0,automated-ringing,1,Abel
1639212,1,automated-ringing,2,Abel
1639212,2,automated-ringing,3,Abel
1639212,3,automated-ringing,4,Abel
1639212,4,automated-ringing,5,Abel
1639212,5,automated-ringing,6,Abel
1639212,6,simulated-sound,,Rung on eBells
1639041,0,first-quarter,1,
1639146,0,automated-ringing,1,Abel
1639146,1,automated-ringing,2,Abel
1639146,2,automated-ringing,3,Abel
1639146,3,automated-ringing,4,Abel
1639146,4,automated-ringing,5,Abel
1639146,5,automated-ringing,6,Abel
1639146,6,automated-ringing,7,Abel
1639146,7,automated-ringing,8,Abel
1639146,8,automated-ringing,9,Abel
1639146,9,automated-ringing,10,Abel
1639146,10,simulated-sound,,
1639072,0,automated-ringing,1,Wheatley
1639072,1,automated-ringing,2,Wheatley
1639072,2,automated-ringing,5,Wheatley
1639072,3,automated-ringing,6,Wheatley
1639072,4,automated-ringing,7,Wheatley
1639072,5,automated-ringing,8,Wheatley
1639072,6,automated-ringing,9,Wheatley
1639072,7,automated-ringing,10,Wheatley
1639072,8,simulated-sound,,Performed on a virtual ringing platform.
1639047,0,first-quarter,1,
1639047,1,first-quarter,6,
1639173,0,simulated-sound,,
1639161,0,automated-ringing,1,Abel
1639161,1,automated-ringing,2,Abel
1639161,2,automated-ringing,3,Abel
1639161,3,automated-ringing,4,Abel
1639161,4,automated-ringing,5,Abel
1639161,5,automated-ringing,6,Abel
1639161,6,simulated-sound,,Rung on eBells
1638965,0,simulated-sound,,
1638847,0,automated-ringing,1,Abel
1638847,1,automated-ringing,2,Abel
1638847,2,automated-ringing,3,Abel
1638847,3,automated-ringing,4,Abel
1638847,4,automated-ringing,5,Abel
1638847,5,automated-ringing,6,Abel
1638847,6,simulated-sound,,
1638935,0,simulated-sound,,Performed on a virtual ringing platform.
1638907,0,automated-ringing,1,Wheatley
1638907,1,automated-ringing,2,Wheatley
1638907,2,automated-ringing,5,Wheatley
1638907,3,automated-ringing,6,Wheatley
1638907,4,simulated-sound,,Performed on a virtual ringing platform.
1638940,0,simulated-sound,,
1638625,0,first-peal,6,
1638760,0,simulated-sound,,Performed on a virtual ringing platform.
1638939,0,simulated-sound,,
1638648,0,automated-ringing,1,Abel
1638648,1,automated-ringing,2,Abel
1638648,2,automated-ringing,3,Abel
1638648,3,automated-ringing,4,Abel
1638648,4,automated-ringing,5,Abel
1638648,5,automated-ringing,6,Abel
1638648,6,simulated-sound,,Rung on eBells
1638507,0,first-quarter,1,
1638431,0,simulated-sound,,Performed on a virtual ringing platform.
1638383,0,simulated-sound,,
1638485,0,first-quarter,6,
1638293,0,simulated-sound,,
1638325,0,simulated-sound,,Performed on a virtual ringing platform.
1947966,0,first-quarter,6,
1638074,0,automated-ringing,1,Abel
1638074,1,automated-ringing,2,Abel
1638074,2,automated-ringing,3,Abel
1638074,3,automated-ringing,4,Abel
1638074,4,automated-ringing,5,Abel
1638074,5,automated-ringing,6,Abel
1638074,6,automated-ringing,7,Abel
1638074,7,automated-ringing,8,Abel
1638074,8,simulated-sound,,
1638133,0,simulated-sound,,Performed on a virtual ringing platform.
1638089,0,simulated-sound,,Performed on a virtual ringing platform.
1637912,0,new-method,,
1966229,0,first-peal,3,
1637733,0,automated-ringing,1,Abel
1637733,1,automated-ringing,2,Abel
1637733,2,automated-ringing,3,Abel
1637733,3,automated-ringing,4,Abel
1637733,4,automated-ringing,5,Abel
1637733,5,automated-ringing,6,Abel
1637733,6,automated-ringing,7,Abel
1637733,7,automated-ringing,8,Abel
1637733,8,automated-ringing,9,Abel
1637733,9,automated-ringing,10,Abel
1637733,10,simulated-sound,,
1637844,0,first-quarter,6,
1637982,0,simulated-sound,,Performed on a virtual ringing platform.
1637950,0,simulated-sound,,Performed on a virtual ringing platform.
1637849,0,automated-ringing,5,Wheatley
1637849,1,automated-ringing,6,Wheatley
1637849,2,simulated-sound,,Performed on a virtual ringing platform.
1637745,0,first-quarter,1,
1637942,0,automated-ringing,1,Abel
1637942,1,automated-ringing,2,Abel
1637942,2,automated-ringing,3,Abel
1637942,3,automated-ringing,4,Abel
1637942,4,automated-ringing,5,Abel
1637942,5,automated-ringing,6,Abel
1637942,6,simulated-sound,,Rung on eBells
1637536,0,first-quarter,1,
1637557,0,first-peal,2,
1637557,1,first-peal,4,
1637395,0,first-quarter,6,
1637223,0,automated-ringing,1,Abel
1637223,1,automated-ringing,2,Abel
1637223,2,automated-ringing,3,Abel
1637223,3,automated-ringing,4,Abel
1637223,4,automated-ringing,5,Abel
1637223,5,automated-ringing,6,Abel
1637223,6,automated-ringing,7,Abel
1637223,7,automated-ringing,8,Abel
1637223,8,automated-ringing,9,Abel
1637223,9,automated-ringing,10,Abel
1637223,10,automated-ringing,11,Abel
1637223,11,automated-ringing,12,Abel
1637223,12,simulated-sound,,
1637423,0,simulated-sound,,Performed on a virtual ringing platform.
1637342,0,automated-ringing,1,Wheatley
1637342,1,automated-ringing,2,Wheatley
1637342,2,automated-ringing,5,Wheatley
1637342,3,automated-ringing,6,Wheatley
1637342,4,simulated-sound,,Performed on a virtual ringing platform.
1637228,0,simulated-sound,,Performed on a virtual ringing platform.
1637471,0,simulated-sound,,
1637400,0,first-quarter,1,
1636974,0,automated-ringing,1,Abel
1636974,1,automated-ringing,2,Abel
1636974,2,automated-ringing,3,Abel
1636974,3,automated-ringing,4,Abel
1636974,4,automated-ringing,5,Abel
1636974,5,automated-ringing,6,Abel
1636974,6,automated-ringing,7,Abel
1636974,7,automated-ringing,8,Abel
1636974,8,automated-ringing,9,Abel
1636974,9,automated-ringing,10,Abel
1636974,10,simulated-sound,,
1637043,0,simulated-sound,,Performed on a virtual ringing platform.
1637013,0,simulated-sound,,Rung on a peal of Saxilby Simulators with sound from virtual belfry
1636934,0,first-quarter,1,
1637079,0,first-quarter,1,
1636889,0,simulated-sound,,Performed on a virtual ringing platform.
1636884,0,simulated-sound,,Performed on a virtual ringing platform.
1639037,0,first-quarter,1,
1639037,1,first-quarter,6,
1636678,0,first-quarter,6,
1636631,0,simulated-sound,,Performed on a virtual ringing platform.
1696736,0,first-quarter,1,
1636391,0,automated-ringing,1,Abel
1636391,1,automated-ringing,2,Abel
1636391,2,automated-ringing,3,Abel
1636391,3,automated-ringing,4,Abel
1636391,4,automated-ringing,5,Abel
1636391,5,automated-ringing,6,Abel
1636391,6,automated-ringing,7,Abel
1636391,7,automated-ringing,8,Abel
1636391,8,simulated-sound,,
1636700,0,simulated-sound,,Performed on a virtual ringing platform.
1635893,0,simulated-sound,,Performed on a ring of dumb bells.
1635623,0,automated-ringing,1,Abel
1635623,1,automated-ringing,2,Abel
1635623,2,automated-ringing,3,Abel
1635623,3,automated-ringing,4,Abel
1635623,4,automated-ringing,5,Abel
1635623,5,automated-ringing,6,Abel
1635623,6,simulated-sound,,
1642751,0,simulated-sound,,Performed on a virtual ringing platform.
1635733,0,simulated-sound,,Performed on a virtual ringing platform.
1635748,0,automated-ringing,5,Wheatley
1635748,1,automated-ringing,6,Wheatley
1635748,2,simulated-sound,,Performed on a virtual ringing platform.
1635178,0,first-quarter,6,
1635367,0,simulated-sound,,Performed on a virtual ringing platform.
1635294,0,automated-ringing,1,Wheatley
1635294,1,automated-ringing,2,Wheatley
1635294,2,automated-ringing,5,Wheatley
1635294,3,automated-ringing,6,Wheatley
1635294,4,simulated-sound,,Performed on a virtual ringing platform.
1635548,0,first-peal,6,
1634834,0,simulated-sound,,Performed on a virtual ringing platform.
1634813,0,first-quarter,6,
1634812,0,false,,"Following advising the conductor that this touch was false, the method was subsequently rung to a plain course (two extents) on 10 Jun 2023 to permit recognition in the CCCBR Methods Library."
1634619,0,simulated-sound,,
1634619,1,first-quarter,1,
1634756,0,simulated-sound,,Performed on a virtual ringing platform.
1634598,0,simulated-sound,,Performed on a virtual ringing platform.
1634600,0,simulated-sound,,Performed on a virtual ringing platform.
1635611,0,simulated-sound,,
1634440,0,simulated-sound,,Performed on a ring of dumb bells.
1634355,0,simulated-sound,,Performed on a ring of dumb bells.
1634333,0,simulated-sound,,Performed on a virtual ringing platform.
1648366,0,first-quarter,6,
1648500,0,first-quarter,1,
1648342,0,simulated-sound,,Performed on a virtual ringing platform.
1648235,0,simulated-sound,,Performed on a virtual ringing platform.
1648299,0,automated-ringing,1,Wheatley
1648299,1,automated-ringing,2,Wheatley
1648299,2,automated-ringing,5,Wheatley
1648299,3,automated-ringing,6,Wheatley
1648299,4,simulated-sound,,Performed on a virtual ringing platform.
1648151,0,simulated-sound,,Performed on a virtual ringing platform.
1649148,0,first-quarter,6,
1647890,0,first-quarter,6,
1647873,0,first-peal,5,
1647912,0,simulated-sound,,Performed on a virtual ringing platform.
1647669,0,first-quarter,6,
1647744,0,simulated-sound,,Performed on a virtual ringing platform.
1648563,0,first-peal,3,
1647634,0,first-quarter,6,
1647519,0,automated-ringing,1,Abel
1647519,1,automated-ringing,2,Abel
1647519,2,automated-ringing,3,Abel
1647519,3,automated-ringing,4,Abel
1647519,4,automated-ringing,5,Abel
1647519,5,automated-ringing,6,Abel
1647519,6,simulated-sound,,
1647479,0,simulated-sound,,Performed on a virtual ringing platform.
1647528,0,simulated-sound,,Performed on a virtual ringing platform.
1647537,0,automated-ringing,1,Wheatley
1647537,1,automated-ringing,2,Wheatley
1647537,2,automated-ringing,5,Wheatley
1647537,3,automated-ringing,6,Wheatley
1647537,4,simulated-sound,,Performed on a virtual ringing platform.
1647454,0,first-quarter,1,
1647364,0,simulated-sound,,Performed on a virtual ringing platform.
1647090,0,simulated-sound,,Performed on a virtual ringing platform.
1647220,0,simulated-sound,,
1649366,0,first-peal,1,
1647270,0,simulated-sound,,Performed on a virtual ringing platform.
1647142,0,simulated-sound,,
1647142,1,first-quarter,2,
1647085,0,first-quarter,6,
1647396,0,first-quarter,4,
1646990,0,automated-ringing,1,Abel
1646990,1,automated-ringing,2,Abel
1646990,2,automated-ringing,3,Abel
1646990,3,automated-ringing,4,Abel
1646990,4,automated-ringing,5,Abel
1646990,5,automated-ringing,6,Abel
1646990,6,simulated-sound,,
1647042,0,simulated-sound,,Performed on a virtual ringing platform.
1647000,0,automated-ringing,5,Wheatley
1647000,1,automated-ringing,6,Wheatley
1647000,2,simulated-sound,,Performed on a virtual ringing platform.
1646742,0,first-quarter,1,
1646902,0,simulated-sound,,Performed on a virtual ringing platform.
1646865,0,simulated-sound,,Performed on a virtual ringing platform.
1646864,0,first-peal,1,
1646864,1,first-peal,8,
1646895,0,first-quarter,1,
1646610,0,first-quarter,6,
1646583,0,automated-ringing,1,Abel
1646583,1,automated-ringing,2,Abel
1646583,2,automated-ringing,3,Abel
1646583,3,automated-ringing,4,Abel
1646583,4,automated-ringing,5,Abel
1646583,5,automated-ringing,6,Abel
1646583,6,simulated-sound,,
1646657,0,simulated-sound,,Performed on a virtual ringing platform.
1646397,0,simulated-sound,,
1646386,0,first-quarter,1,
1646386,1,first-quarter,6,
1646345,0,automated-ringing,1,Abel
1646345,1,automated-ringing,2,Abel
1646345,2,automated-ringing,3,Abel
1646345,3,automated-ringing,4,Abel
1646345,4,automated-ringing,5,Abel
1646345,5,automated-ringing,6,Abel
1646345,6,automated-ringing,7,Abel
1646345,7,automated-ringing,8,Abel
1646345,8,automated-ringing,9,Abel
1646345,9,automated-ringing,10,Abel
1646345,10,automated-ringing,11,Abel
1646345,11,automated-ringing,12,Abel
1646345,12,simulated-sound,,
1646656,0,simulated-sound,,Performed on a virtual ringing platform.
1646270,0,simulated-sound,,Performed on a virtual ringing platform.
1646371,0,simulated-sound,,Performed on a virtual ringing platform.
1646278,0,simulated-sound,,Performed on a virtual ringing platform.
1646247,0,first-quarter,1,
1646219,0,simulated-sound,,Performed on a virtual ringing platform.
1646182,0,simulated-sound,,Performed on a virtual ringing platform.
1959780,0,first-quarter,1,
1646117,0,first-quarter,6,
1646103,0,automated-ringing,1,Abel
1646103,1,automated-ringing,2,Abel
1646103,2,automated-ringing,3,Abel
1646103,3,automated-ringing,4,Abel
1646103,4,automated-ringing,5,Abel
1646103,5,automated-ringing,6,Abel
1646103,6,simulated-sound,,
1646054,0,first-quarter,1,
1646054,1,first-quarter,6,
1646197,0,simulated-sound,,Rung on a peal of Saxilby Simulators
1646128,0,first-quarter,2,
1646052,0,first-quarter,6,
1646104,0,simulated-sound,,Performed on a virtual ringing platform.
1645951,0,automated-ringing,1,Wheatley
1645951,1,automated-ringing,2,Wheatley
1645951,2,automated-ringing,5,Wheatley
1645951,3,automated-ringing,6,Wheatley
1645951,4,simulated-sound,,Performed on a virtual ringing platform.
1646003,0,first-quarter,6,
1646439,0,automated-ringing,1,Abel
1646439,1,automated-ringing,2,Abel
1646439,2,automated-ringing,3,Abel
1646439,3,automated-ringing,4,Abel
1646439,4,automated-ringing,5,Abel
1646439,5,automated-ringing,6,Abel
1646439,6,simulated-sound,,Rung on Ebells
1646438,0,automated-ringing,1,Abel
1646438,1,automated-ringing,2,Abel
1646438,2,automated-ringing,3,Abel
1646438,3,automated-ringing,4,Abel
1646438,4,automated-ringing,5,Abel
1646438,5,automated-ringing,6,Abel
1646438,6,simulated-sound,,Rung on Ebells
1645715,0,automated-ringing,1,Abel
1645715,1,automated-ringing,2,Abel
1645715,2,automated-ringing,3,Abel
1645715,3,automated-ringing,4,Abel
1645715,4,simulated-sound,,
1645727,0,automated-ringing,1,Abel
1645727,1,automated-ringing,2,Abel
1645727,2,automated-ringing,3,Abel
1645727,3,automated-ringing,4,Abel
1645727,4,automated-ringing,5,Abel
1645727,5,automated-ringing,6,Abel
1645727,6,simulated-sound,,
1645786,0,simulated-sound,,Performed on a virtual ringing platform.
1645725,0,simulated-sound,,Performed on a virtual ringing platform.
1645650,0,first-quarter,3,
1645698,0,first-quarter,1,
1645486,0,first-peal,1,
1645486,1,first-peal,6,
1645314,0,automated-ringing,1,Abel
1645314,1,automated-ringing,2,Abel
1645314,2,automated-ringing,3,Abel
1645314,3,automated-ringing,4,Abel
1645314,4,automated-ringing,5,Abel
1645314,5,automated-ringing,6,Abel
1645314,6,automated-ringing,7,Abel
1645314,7,automated-ringing,8,Abel
1645314,8,automated-ringing,9,Abel
1645314,9,automated-ringing,10,Abel
1645314,10,automated-ringing,11,Abel
1645314,11,automated-ringing,12,Abel
1645314,12,simulated-sound,,
1645391,0,first-peal,2,
1645669,0,automated-ringing,1,Abel
1645669,1,automated-ringing,2,Abel
1645669,2,automated-ringing,3,Abel
1645669,3,automated-ringing,4,Abel
1645669,4,automated-ringing,5,Abel
1645669,5,automated-ringing,6,Abel
1645669,6,automated-ringing,7,Abel
1645669,7,simulated-sound,,
1645177,0,automated-ringing,1,Abel
1645177,1,automated-ringing,2,Abel
1645177,2,automated-ringing,3,Abel
1645177,3,automated-ringing,4,Abel
1645177,4,automated-ringing,5,Abel
1645177,5,automated-ringing,6,Abel
1645177,6,automated-ringing,7,Abel
1645177,7,automated-ringing,8,Abel
1645177,8,simulated-sound,,
1645223,0,automated-ringing,1,Wheatley
1645223,1,automated-ringing,2,Wheatley
1645223,2,automated-ringing,5,Wheatley
1645223,3,automated-ringing,6,Wheatley
1645223,4,simulated-sound,,Performed on a virtual ringing platform.
1645114,0,simulated-sound,,Performed on a virtual ringing platform.
1645097,0,first-quarter,1,
1645062,0,automated-ringing,2,Abel
1645062,1,automated-ringing,3,Abel
1645062,2,automated-ringing,4,Abel
1645062,3,automated-ringing,5,Abel
1645062,4,automated-ringing,6,Abel
1645062,5,automated-ringing,7,Abel
1645062,6,automated-ringing,8,Abel
1645062,7,automated-ringing,9,Abel
1645062,8,automated-ringing,10,Abel
1645062,9,simulated-sound,,
1645037,0,automated-ringing,1,Abel
1645037,1,automated-ringing,2,Abel
1645037,2,automated-ringing,3,Abel
1645037,3,automated-ringing,4,Abel
1645037,4,automated-ringing,5,Abel
1645037,5,automated-ringing,6,Abel
1645037,6,automated-ringing,7,Abel
1645037,7,automated-ringing,8,Abel
1645037,8,simulated-sound,,
1645054,0,simulated-sound,,Performed on a virtual ringing platform.
1644962,0,simulated-sound,,Performed on a virtual ringing platform.
1644824,0,automated-ringing,1,Abel
1644824,1,automated-ringing,2,Abel
1644824,2,automated-ringing,3,Abel
1644824,3,automated-ringing,4,Abel
1644824,4,automated-ringing,5,Abel
1644824,5,automated-ringing,6,Abel
1644824,6,automated-ringing,7,Abel
1644824,7,automated-ringing,8,Abel
1644824,8,automated-ringing,9,Abel
1644824,9,simulated-sound,,
1644959,0,simulated-sound,,Performed on a virtual ringing platform.
1644888,0,simulated-sound,,Performed on a virtual ringing platform.
1644642,0,automated-ringing,2,Abel
1644642,1,automated-ringing,3,Abel
1644642,2,automated-ringing,4,Abel
1644642,3,automated-ringing,5,Abel
1644642,4,automated-ringing,6,Abel
1644642,5,automated-ringing,7,Abel
1644642,6,automated-ringing,8,Abel
1644642,7,simulated-sound,,
1644714,0,first-quarter,6,
1644749,0,simulated-sound,,
1644782,0,simulated-sound,,Performed on a virtual ringing platform.
1644686,0,simulated-sound,,Performed on a virtual ringing platform.
1644479,0,automated-ringing,1,Abel
1644479,1,automated-ringing,2,Abel
1644479,2,automated-ringing,3,Abel
1644479,3,automated-ringing,4,Abel
1644479,4,automated-ringing,5,Abel
1644479,5,automated-ringing,6,Abel
1644479,6,automated-ringing,7,Abel
1644479,7,simulated-sound,,
1644570,0,first-quarter,1,
1644570,1,first-quarter,4,
1644552,0,automated-ringing,1,Abel
1644552,1,automated-ringing,2,Abel
1644552,2,automated-ringing,3,Abel
1644552,3,automated-ringing,4,Abel
1644552,4,automated-ringing,5,Abel
1644552,5,automated-ringing,6,Abel
1644552,6,automated-ringing,7,Abel
1644552,7,automated-ringing,8,Abel
1644552,8,automated-ringing,9,Abel
1644552,9,automated-ringing,10,Abel
1644552,10,simulated-sound,,
1644605,0,simulated-sound,,Performed on a virtual ringing platform.
1644559,0,simulated-sound,,Performed on a virtual ringing platform.
1644557,0,automated-ringing,3,Wheatley
1644557,1,automated-ringing,4,Wheatley
1644557,2,simulated-sound,,Performed on a virtual ringing platform.
1644413,0,new-method,,
1676474,0,first-quarter,6,
1644358,0,first-quarter,1,
1644333,0,first-quarter,6,
1644314,0,automated-ringing,3,Wheatley
1644314,1,automated-ringing,4,Wheatley
1644314,2,automated-ringing,5,Wheatley
1644314,3,automated-ringing,6,Wheatley
1644314,4,simulated-sound,,Performed on a virtual ringing platform.
1644428,0,automated-ringing,1,Wheatley
1644428,1,automated-ringing,3,Wheatley
1644428,2,automated-ringing,4,Wheatley
1644428,3,automated-ringing,5,Wheatley
1644428,4,automated-ringing,7,Wheatley
1644428,5,automated-ringing,8,Wheatley
1644428,6,automated-ringing,9,Wheatley
1644428,7,simulated-sound,,Performed on a virtual ringing platform.
1644169,0,first-peal,4,
1644188,0,first-quarter,1,
1644270,0,simulated-sound,,Performed on a virtual ringing platform.
1644222,0,first-quarter,8,
1644044,0,automated-ringing,2,Abel
1644044,1,automated-ringing,3,Abel
1644044,2,automated-ringing,4,Abel
1644044,3,automated-ringing,5,Abel
1644044,4,automated-ringing,6,Abel
1644044,5,automated-ringing,7,Abel
1644044,6,automated-ringing,8,Abel
1644044,7,automated-ringing,9,Abel
1644044,8,automated-ringing,10,Abel
1644044,9,automated-ringing,11,Abel
1644044,10,automated-ringing,12,Abel
1644044,11,simulated-sound,,
1644131,0,simulated-sound,,
1644154,0,first-quarter,2,
1644158,0,simulated-sound,,Performed on a virtual ringing platform.
1644105,0,simulated-sound,,Performed on a virtual ringing platform.
1643997,0,simulated-sound,,Performed on a virtual ringing platform.
1644156,0,first-quarter,2,
1643886,0,automated-ringing,1,Abel
1643886,1,automated-ringing,2,Abel
1643886,2,automated-ringing,3,Abel
1643886,3,automated-ringing,4,Abel
1643886,4,automated-ringing,5,Abel
1643886,5,automated-ringing,6,Abel
1643886,6,automated-ringing,7,Abel
1643886,7,automated-ringing,8,Abel
1643886,8,automated-ringing,9,Abel
1643886,9,simulated-sound,,
1643951,0,simulated-sound,,Performed on a ring of dumb bells.
1643948,0,automated-ringing,1,Abel
1643948,1,automated-ringing,2,Abel
1643948,2,automated-ringing,3,Abel
1643948,3,automated-ringing,4,Abel
1643948,4,automated-ringing,5,Abel
1643948,5,automated-ringing,6,Abel
1643948,6,simulated-sound,,
1643982,0,simulated-sound,,Performed on a virtual ringing platform.
1643927,0,simulated-sound,,Performed on a virtual ringing platform.
1643968,0,automated-ringing,1,Wheatley
1643968,1,automated-ringing,2,Wheatley
1643968,2,automated-ringing,5,Wheatley
1643968,3,automated-ringing,6,Wheatley
1643968,4,simulated-sound,,Performed on a virtual ringing platform.
1643984,0,first-peal,4,
1643744,0,first-quarter,7,
1643887,0,automated-ringing,2,Abel
1643887,1,automated-ringing,3,Abel
1643887,2,automated-ringing,4,Abel
1643887,3,automated-ringing,5,Abel
1643887,4,automated-ringing,6,Abel
1643887,5,automated-ringing,7,Abel
1643887,6,automated-ringing,8,Abel
1643887,7,simulated-sound,,
1643814,0,simulated-sound,,Performed on a virtual ringing platform.
1643832,0,simulated-sound,,
1643663,0,automated-ringing,1,Abel
1643663,1,automated-ringing,2,Abel
1643663,2,automated-ringing,3,Abel
1643663,3,automated-ringing,4,Abel
1643663,4,automated-ringing,5,Abel
1643663,5,automated-ringing,6,Abel
1643663,6,automated-ringing,7,Abel
1643663,7,simulated-sound,,
1643647,0,automated-ringing,1,Abel
1643647,1,automated-ringing,2,Abel
1643647,2,automated-ringing,3,Abel
1643647,3,automated-ringing,4,Abel
1643647,4,automated-ringing,5,Abel
1643647,5,automated-ringing,6,Abel
1643647,6,simulated-sound,,
1643718,0,simulated-sound,,Performed on a virtual ringing platform.
1643591,0,first-quarter,6,
1643715,0,first-quarter,6,
1671344,0,simulated-sound,,Rung on a peal of Saxilby Simulators with sound from virtual belfry
1671344,1,first-quarter,6,
1643516,0,automated-ringing,2,Abel
1643516,1,automated-ringing,3,Abel
1643516,2,automated-ringing,4,Abel
1643516,3,automated-ringing,5,Abel
1643516,4,automated-ringing,6,Abel
1643516,5,automated-ringing,7,Abel
1643516,6,automated-ringing,8,Abel
1643516,7,automated-ringing,9,Abel
1643516,8,automated-ringing,10,Abel
1643516,9,simulated-sound,,
1643506,0,simulated-sound,,Performed on a ring of dumb bells.
1643517,0,automated-ringing,1,Abel
1643517,1,automated-ringing,2,Abel
1643517,2,automated-ringing,3,Abel
1643517,3,automated-ringing,4,Abel
1643517,4,automated-ringing,5,Abel
1643517,5,automated-ringing,6,Abel
1643517,6,simulated-sound,,
1643537,0,simulated-sound,,Performed on a virtual ringing platform.
1643498,0,simulated-sound,,Performed on a virtual ringing platform.
1643434,0,simulated-sound,,Rung on a peal of Saxilby Simulators with sound from virtual belfry
1643434,1,first-quarter,6,
1643386,0,first-quarter,6,
1676471,0,first-quarter,6,
1701396,0,first-quarter,6,
1643545,0,first-quarter,1,
1643338,0,first-quarter,1,
1643213,0,first-quarter,1,
1643231,0,first-quarter,5,
1643182,0,simulated-sound,,Performed on a virtual ringing platform.
1643260,0,simulated-sound,,Performed on a virtual ringing platform.
1643161,0,automated-ringing,1,Abel
1643161,1,automated-ringing,2,Abel
1643161,2,automated-ringing,3,Abel
1643161,3,automated-ringing,4,Abel
1643161,4,automated-ringing,5,Abel
1643161,5,automated-ringing,6,Abel
1643161,6,simulated-sound,,Rung on eBells
1643468,0,first-quarter,1,
1643153,0,first-quarter,1,
1642968,0,first-quarter,6,
1643004,0,first-quarter,6,
1643119,0,first-quarter,6,
1655975,0,first-quarter,1,
1655927,0,simulated-sound,,Performed on a virtual ringing platform.
1655884,0,automated-ringing,1,Wheatley
1655884,1,automated-ringing,2,Wheatley
1655884,2,automated-ringing,5,Wheatley
1655884,3,automated-ringing,6,Wheatley
1655884,4,automated-ringing,7,Wheatley
1655884,5,automated-ringing,8,Wheatley
1655884,6,simulated-sound,,Performed on a virtual ringing platform.
1655883,0,first-quarter,5,
1655883,1,first-quarter,6,
1655880,0,automated-ringing,1,Abel
1655880,1,automated-ringing,2,Abel
1655880,2,automated-ringing,3,Abel
1655880,3,automated-ringing,4,Abel
1655880,4,automated-ringing,5,Abel
1655880,5,automated-ringing,6,Abel
1655880,6,simulated-sound,,Rung on eBells
1655792,0,simulated-sound,,Performed on a virtual ringing platform.
1655641,0,first-quarter,1,
1655700,0,simulated-sound,,Performed on a virtual ringing platform.
1655656,0,automated-ringing,1,Wheatley
1655656,1,automated-ringing,2,Wheatley
1655656,2,automated-ringing,5,Wheatley
1655656,3,automated-ringing,6,Wheatley
1655656,4,automated-ringing,7,Wheatley
1655656,5,automated-ringing,8,Wheatley
1655656,6,simulated-sound,,Performed on a virtual ringing platform.
1655566,0,first-quarter,1,
1655454,0,first-peal,1,
1655563,0,automated-ringing,1,Abel
1655563,1,automated-ringing,2,Abel
1655563,2,automated-ringing,3,Abel
1655563,3,automated-ringing,4,Abel
1655563,4,simulated-sound,,
1655596,0,simulated-sound,,Performed on a virtual ringing platform.
1655544,0,simulated-sound,,Performed on a virtual ringing platform.
1655645,0,simulated-sound,,
1655568,0,automated-ringing,1,Abel
1655568,1,automated-ringing,2,Abel
1655568,2,automated-ringing,3,Abel
1655568,3,automated-ringing,4,Abel
1655568,4,simulated-sound,,Rung on eBells
1655390,0,first-quarter,8,
1655369,0,first-quarter,6,
1655339,0,first-quarter,1,
1655354,0,automated-ringing,1,Abel
1655354,1,automated-ringing,2,Abel
1655354,2,automated-ringing,3,Abel
1655354,3,automated-ringing,4,Abel
1655354,4,automated-ringing,5,Abel
1655354,5,automated-ringing,6,Abel
1655354,6,automated-ringing,7,Abel
1655354,7,automated-ringing,8,Abel
1655354,8,simulated-sound,,Rung on eBells
1655191,0,first-quarter,6,
1686152,0,first-quarter,6,
1655553,0,automated-ringing,1,Wheatley
1655553,1,automated-ringing,2,Wheatley
1655553,2,automated-ringing,5,Wheatley
1655553,3,automated-ringing,6,Wheatley
1655553,4,automated-ringing,7,Wheatley
1655553,5,automated-ringing,8,Wheatley
1655553,6,simulated-sound,,Performed on a virtual ringing platform.
1655197,0,first-quarter,6,
1655200,0,automated-ringing,1,Abel
1655200,1,automated-ringing,2,Abel
1655200,2,automated-ringing,3,Abel
1655200,3,automated-ringing,4,Abel
1655200,4,automated-ringing,5,Abel
1655200,5,automated-ringing,6,Abel
1655200,6,simulated-sound,,Rung on eBells
1655074,0,first-quarter,1,
1655095,0,first-quarter,8,
1655000,0,simulated-sound,,Performed on a virtual ringing platform.
1654962,0,first-quarter,6,
1654892,0,automated-ringing,1,Abel
1654892,1,automated-ringing,2,Abel
1654892,2,automated-ringing,3,Abel
1654892,3,automated-ringing,4,Abel
1654892,4,automated-ringing,5,Abel
1654892,5,automated-ringing,6,Abel
1654892,6,automated-ringing,7,Abel
1654892,7,automated-ringing,8,Abel
1654892,8,automated-ringing,9,Abel
1654892,9,automated-ringing,10,Abel
1654892,10,simulated-sound,,
1654790,0,simulated-sound,,Performed on a virtual ringing platform.
1654789,0,automated-ringing,1,Wheatley
1654789,1,automated-ringing,2,Wheatley
1654789,2,automated-ringing,5,Wheatley
1654789,3,automated-ringing,6,Wheatley
1654789,4,simulated-sound,,Performed on a virtual ringing platform.
1695031,0,first-peal,3,
1695031,1,first-peal,5,
1695031,2,first-peal,8,
1654812,0,automated-ringing,1,Abel
1654812,1,automated-ringing,2,Abel
1654812,2,automated-ringing,3,Abel
1654812,3,automated-ringing,4,Abel
1654812,4,automated-ringing,5,Abel
1654812,5,automated-ringing,6,Abel
1654812,6,simulated-sound,,Rung on eBells
1655068,0,first-quarter,6,
1654668,0,simulated-sound,,Performed on a virtual ringing platform.
1654568,0,simulated-sound,,Performed on a virtual ringing platform.
1654570,0,simulated-sound,,Performed on a virtual ringing platform.
1654811,0,automated-ringing,1,Abel
1654811,1,automated-ringing,2,Abel
1654811,2,automated-ringing,3,Abel
1654811,3,automated-ringing,4,Abel
1654811,4,automated-ringing,5,Abel
1654811,5,automated-ringing,6,Abel
1654811,6,simulated-sound,,Rung on eBells
1654355,0,first-quarter,8,
1654399,0,first-quarter,6,
1654370,0,automated-ringing,1,Abel
1654370,1,automated-ringing,2,Abel
1654370,2,automated-ringing,3,Abel
1654370,3,automated-ringing,4,Abel
1654370,4,automated-ringing,5,Abel
1654370,5,automated-ringing,6,Abel
1654370,6,automated-ringing,7,Abel
1654370,7,automated-ringing,8,Abel
1654370,8,automated-ringing,9,Abel
1654370,9,automated-ringing,10,Abel
1654370,10,simulated-sound,,
1654401,0,simulated-sound,,Performed on a virtual ringing platform.
1656816,0,first-quarter,1,
1654459,0,first-quarter,6,
1654073,0,simulated-sound,,Performed on a ring of dumb bells.
1654071,0,simulated-sound,,Performed on a ring of dumb bells.
1654141,0,first-peal,1,
1654141,1,first-peal,6,
1654197,0,first-quarter,6,
1654284,0,first-quarter,6,
1654809,0,automated-ringing,1,Abel
1654809,1,automated-ringing,2,Abel
1654809,2,automated-ringing,3,Abel
1654809,3,automated-ringing,4,Abel
1654809,4,automated-ringing,5,Abel
1654809,5,automated-ringing,6,Abel
1654809,6,simulated-sound,,Rung on eBells
1654293,0,first-quarter,6,
1654043,0,simulated-sound,,
1653968,0,simulated-sound,,Performed on a virtual ringing platform.
1662653,0,first-quarter,1,
1662653,1,first-quarter,2,
1653919,0,first-quarter,1,
1653919,1,first-quarter,6,
1653909,0,first-quarter,1,
1653831,0,simulated-sound,,Performed on a virtual ringing platform.
1653834,0,simulated-sound,,Performed on a virtual ringing platform.
1653721,0,automated-ringing,1,Abel
1653721,1,automated-ringing,2,Abel
1653721,2,automated-ringing,3,Abel
1653721,3,automated-ringing,4,Abel
1653721,4,automated-ringing,5,Abel
1653721,5,automated-ringing,6,Abel
1653721,6,automated-ringing,7,Abel
1653721,7,simulated-sound,,
1653695,0,automated-ringing,1,
1653695,1,automated-ringing,2,
1653695,2,automated-ringing,3,
1653695,3,automated-ringing,4,
1653695,4,simulated-sound,,Performed on a virtual ringing platform.
1653579,0,first-quarter,1,
1653601,0,simulated-sound,,
1653597,0,simulated-sound,,
1653446,0,first-quarter,1,
1653446,1,first-quarter,6,
1653472,0,simulated-sound,,Performed on a ring of dumb bells.
1653472,1,first-quarter,1,
1653472,2,first-quarter,6,
1653644,0,simulated-sound,,Performed on a virtual ringing platform.
1653646,0,automated-ringing,5,Wheatley
1653646,1,automated-ringing,6,Wheatley
1653646,2,simulated-sound,,Performed on a virtual ringing platform.
1653471,0,first-quarter,6,
1650503,0,automated-ringing,1,Abel
1650503,1,automated-ringing,2,Abel
1650503,2,automated-ringing,3,Abel
1650503,3,automated-ringing,4,Abel
1650503,4,automated-ringing,5,Abel
1650503,5,automated-ringing,6,Abel
1650503,6,simulated-sound,,
1650534,0,simulated-sound,,Performed on a virtual ringing platform.
1650511,0,simulated-sound,,Performed on a virtual ringing platform.
1650496,0,simulated-sound,,Performed on a virtual ringing platform.
1650465,0,simulated-sound,,Performed on a virtual ringing platform.
1650406,0,simulated-sound,,Performed on a virtual ringing platform.
1650270,0,first-quarter,6,
1650337,0,first-quarter,8,
1650392,0,automated-ringing,1,Wheatley
1650392,1,automated-ringing,2,Wheatley
1650392,2,automated-ringing,3,Wheatley
1650392,3,automated-ringing,5,Wheatley
1650392,4,automated-ringing,6,Wheatley
1650392,5,automated-ringing,8,Wheatley
1650392,6,simulated-sound,,Performed on a virtual ringing platform.
1650356,0,simulated-sound,,Performed on a virtual ringing platform.
1650296,0,simulated-sound,,Performed on a virtual ringing platform.
1654808,0,automated-ringing,1,Abel
1654808,1,automated-ringing,2,Abel
1654808,2,automated-ringing,3,Abel
1654808,3,automated-ringing,4,Abel
1654808,4,automated-ringing,5,Abel
1654808,5,automated-ringing,6,Abel
1654808,6,simulated-sound,,Rung on eBells
1649899,0,automated-ringing,1,
1649899,1,automated-ringing,2,
1649899,2,automated-ringing,3,
1649899,3,automated-ringing,4,
1649899,4,simulated-sound,,
1650050,0,first-peal,6,
1655783,0,first-peal,5,
1650064,0,simulated-sound,,Performed on a virtual ringing platform.
1650044,0,first-quarter,6,
1650117,0,first-quarter,6,
1650109,0,first-quarter,7,
1650109,1,first-quarter,8,
1649842,0,simulated-sound,,Performed on a virtual ringing platform.
1649829,0,simulated-sound,,Performed on a virtual ringing platform.
1649796,0,simulated-sound,,Performed on a virtual ringing platform.
1649917,0,first-quarter,6,
1649917,1,first-quarter,8,
1649765,0,simulated-sound,,
1650063,0,simulated-sound,,Performed on a virtual ringing platform.
1649745,0,simulated-sound,,Performed on a virtual ringing platform.
1649642,0,simulated-sound,,Performed on a virtual ringing platform.
1649646,0,automated-ringing,1,Wheatley
1649646,1,automated-ringing,2,Wheatley
1649646,2,automated-ringing,5,Wheatley
1649646,3,automated-ringing,6,Wheatley
1649646,4,simulated-sound,,Performed on a virtual ringing platform.
1879279,0,first-quarter,1,
1649665,0,first-quarter,6,
1649548,0,simulated-sound,,Performed on a virtual ringing platform.
1649746,0,simulated-sound,,Performed on a virtual ringing platform.
1649493,0,automated-ringing,1,Wheatley
1649493,1,automated-ringing,2,Wheatley
1649493,2,automated-ringing,5,Wheatley
1649493,3,automated-ringing,6,Wheatley
1649493,4,simulated-sound,,Performed on a virtual ringing platform.
1653574,0,first-quarter,8,
1649409,0,first-quarter,1,
1649370,0,first-peal,3,
1649357,0,first-quarter,1,
1649394,0,automated-ringing,1,Abel
1649394,1,automated-ringing,2,Abel
1649394,2,automated-ringing,3,Abel
1649394,3,automated-ringing,4,Abel
1649394,4,simulated-sound,,
1649544,0,simulated-sound,,Performed on a virtual ringing platform.
1649388,0,simulated-sound,,Performed on a virtual ringing platform.
1717052,0,first-quarter,1,
1649432,0,first-quarter,6,
1649257,0,first-quarter,6,
1649225,0,first-quarter,6,
1649217,0,first-quarter,1,
1935255,0,first-quarter,1,
1649293,0,simulated-sound,,Performed on a virtual ringing platform.
1807494,0,simulated-sound,,Performed on a virtual ringing platform.
1649215,0,first-quarter,1,
1649297,0,first-quarter,6,
1649136,0,simulated-sound,,Performed on a virtual ringing platform.
1649134,0,simulated-sound,,Performed on a virtual ringing platform.
1649039,0,automated-ringing,5,Wheatley
1649039,1,automated-ringing,6,Wheatley
1649039,2,simulated-sound,,Performed on a virtual ringing platform.
1648919,0,first-quarter,4,
1648964,0,simulated-sound,,
1649135,0,simulated-sound,,Performed on a virtual ringing platform.
1648921,0,automated-ringing,5,Wheatley
1648921,1,automated-ringing,6,Wheatley
1648921,2,simulated-sound,,Performed on a virtual ringing platform.
1655064,0,new-method,,
1648909,0,simulated-sound,,
1648909,1,first-quarter,6,
1648829,0,simulated-sound,,Performed on a ring of dumb bells.
1648827,0,automated-ringing,1,Wheatley
1648827,1,automated-ringing,2,Wheatley
1648827,2,automated-ringing,3,Wheatley
1648827,3,automated-ringing,4,Wheatley
1648827,4,automated-ringing,6,Wheatley
1648827,5,automated-ringing,7,Wheatley
1648827,6,automated-ringing,8,Wheatley
1648827,7,automated-ringing,9,Wheatley
1648827,8,automated-ringing,10,Wheatley
1648827,9,automated-ringing,12,Wheatley
1648827,10,simulated-sound,,Performed on a virtual ringing platform.
1648845,0,simulated-sound,,Performed on a virtual ringing platform.
1648819,0,first-quarter,1,
1648674,0,automated-ringing,1,Abel
1648674,1,automated-ringing,2,Abel
1648674,2,automated-ringing,3,Abel
1648674,3,automated-ringing,4,Abel
1648674,4,automated-ringing,5,Abel
1648674,5,automated-ringing,6,Abel
1648674,6,automated-ringing,7,Abel
1648674,7,automated-ringing,8,Abel
1648674,8,simulated-sound,,
1648736,0,first-peal,4,
1648752,0,simulated-sound,,Performed on a virtual ringing platform.
1648698,0,simulated-sound,,Performed on a virtual ringing platform.
1648580,0,automated-ringing,1,Abel
1648580,1,automated-ringing,2,Abel
1648580,2,automated-ringing,3,Abel
1648580,3,automated-ringing,4,Abel
1648580,4,automated-ringing,5,Abel
1648580,5,automated-ringing,6,Abel
1648580,6,automated-ringing,7,Abel
1648580,7,simulated-sound,,
1701395,0,first-quarter,1,
1701395,1,first-quarter,6,
1649045,0,first-peal,8,
1648422,0,automated-ringing,1,Abel
1648422,1,automated-ringing,2,Abel
1648422,2,automated-ringing,3,Abel
1648422,3,automated-ringing,4,Abel
1648422,4,automated-ringing,5,Abel
1648422,5,automated-ringing,6,Abel
1648422,6,automated-ringing,7,Abel
1648422,7,automated-ringing,8,Abel
1648422,8,simulated-sound,,
1648577,0,simulated-sound,,Performed on a virtual ringing platform.
1648376,0,simulated-sound,,Performed on a virtual ringing platform.
1648491,0,first-peal,3,
1648539,0,first-quarter,6,
1648385,0,first-quarter,8,
1660655,0,first-quarter,1,
1660815,0,first-quarter,2,
1660815,1,first-quarter,5,
1660686,0,first-quarter,2,
1660673,0,simulated-sound,,Performed on a virtual ringing platform.
1735240,0,first-quarter,1,
1660661,0,first-peal,1,
1660661,1,first-peal,8,
1660590,0,simulated-sound,,Performed on a virtual ringing platform.
1660532,0,simulated-sound,,Performed on a virtual ringing platform.
1660540,0,simulated-sound,,Performed on a virtual ringing platform.
1660667,0,first-quarter,1,
1660353,0,automated-ringing,1,Abel
1660353,1,automated-ringing,2,Abel
1660353,2,automated-ringing,3,Abel
1660353,3,automated-ringing,4,Abel
1660353,4,automated-ringing,5,Abel
1660353,5,automated-ringing,6,Abel
1660353,6,simulated-sound,,
1660356,0,simulated-sound,,Performed on a virtual ringing platform.
1660670,0,simulated-sound,,Rung on a peal of Saxilby Simulators with sound from virtual belfry
1660670,1,first-quarter,6,
1660254,0,simulated-sound,,Performed on a virtual ringing platform.
1660054,0,automated-ringing,1,Abel
1660054,1,automated-ringing,2,Abel
1660054,2,automated-ringing,3,Abel
1660054,3,automated-ringing,4,Abel
1660054,4,automated-ringing,5,Abel
1660054,5,automated-ringing,6,Abel
1660054,6,automated-ringing,7,Abel
1660054,7,automated-ringing,8,Abel
1660054,8,simulated-sound,,
1660102,0,simulated-sound,,Performed on a virtual ringing platform.
1660058,0,simulated-sound,,Performed on a virtual ringing platform.
1660055,0,simulated-sound,,Performed on a virtual ringing platform.
1660032,0,simulated-sound,,
1660089,0,first-quarter,1,
1659855,0,first-quarter,1,
1659792,0,first-quarter,4,
1659873,0,first-quarter,1,
1659873,1,first-quarter,6,
1659952,0,simulated-sound,,Performed on a virtual ringing platform.
1659898,0,simulated-sound,,Performed on a virtual ringing platform.
1659681,0,first-quarter,6,
1659948,0,first-quarter,6,
1659617,0,first-quarter,6,
1659582,0,first-quarter,4,
1659660,0,simulated-sound,,Performed on a virtual ringing platform.
1659496,0,automated-ringing,2,Abel
1659496,1,automated-ringing,3,Abel
1659496,2,automated-ringing,4,Abel
1659496,3,automated-ringing,5,Abel
1659496,4,automated-ringing,6,Abel
1659496,5,automated-ringing,7,Abel
1659496,6,automated-ringing,8,Abel
1659496,7,automated-ringing,9,Abel
1659496,8,automated-ringing,10,Abel
1659496,9,automated-ringing,11,Abel
1659496,10,automated-ringing,12,Abel
1659496,11,simulated-sound,,
1659908,0,simulated-sound,,Performed on a virtual ringing platform.
1659553,0,simulated-sound,,Performed on a virtual ringing platform.
1659498,0,first-quarter,1,
1659515,0,first-quarter,6,
1659315,0,automated-ringing,1,Abel
1659315,1,automated-ringing,2,Abel
1659315,2,automated-ringing,3,Abel
1659315,3,automated-ringing,4,Abel
1659315,4,automated-ringing,5,Abel
1659315,5,automated-ringing,6,Abel
1659315,6,automated-ringing,7,Abel
1659315,7,automated-ringing,8,Abel
1659315,8,automated-ringing,9,Abel
1659315,9,automated-ringing,10,Abel
1659315,10,automated-ringing,11,Abel
1659315,11,simulated-sound,,
1659388,0,first-quarter,6,
1659722,0,first-quarter,1,
1659359,0,first-quarter,6,
1659334,0,simulated-sound,,Performed on a virtual ringing platform.
1659310,0,simulated-sound,,
1659310,1,first-quarter,6,
1660909,0,simulated-sound,,
1659203,0,simulated-sound,,
1659184,0,simulated-sound,,Performed on a virtual ringing platform.
1659066,0,first-quarter,1,
1733979,0,simulated-sound,,
1733979,1,first-quarter,6,
1659064,0,simulated-sound,,
1659662,0,simulated-sound,,Performed on a virtual ringing platform.
1659037,0,automated-ringing,1,Wheatley
1659037,1,automated-ringing,2,Wheatley
1659037,2,automated-ringing,5,Wheatley
1659037,3,automated-ringing,6,Wheatley
1659037,4,automated-ringing,7,Wheatley
1659037,5,automated-ringing,8,Wheatley
1659037,6,simulated-sound,,Performed on a virtual ringing platform.
1658771,0,automated-ringing,1,Abel
1658771,1,automated-ringing,2,Abel
1658771,2,automated-ringing,3,Abel
1658771,3,automated-ringing,4,Abel
1658771,4,automated-ringing,5,Abel
1658771,5,automated-ringing,6,Abel
1658771,6,simulated-sound,,
1659551,0,simulated-sound,,Performed on a virtual ringing platform.
1658798,0,simulated-sound,,Performed on a virtual ringing platform.
1658775,0,automated-ringing,1,Wheatley
1658775,1,automated-ringing,2,Wheatley
1658775,2,automated-ringing,5,Wheatley
1658775,3,automated-ringing,6,Wheatley
1658775,4,simulated-sound,,Performed on a virtual ringing platform.
1658741,0,simulated-sound,,
1658468,0,first-quarter,1,
1658526,0,first-quarter,1,
1658467,0,first-quarter,6,
1658553,0,first-quarter,1,
1659554,0,simulated-sound,,Performed on a virtual ringing platform.
1659565,0,simulated-sound,,Performed on a virtual ringing platform.
1658324,0,first-quarter,6,
1659774,0,first-peal,2,
1658209,0,simulated-sound,,
1658176,0,automated-ringing,1,Abel
1658176,1,automated-ringing,2,Abel
1658176,2,automated-ringing,3,Abel
1658176,3,automated-ringing,4,Abel
1658176,4,automated-ringing,5,Abel
1658176,5,automated-ringing,6,Abel
1658176,6,simulated-sound,,
1658587,0,simulated-sound,,Performed on a virtual ringing platform.
1658173,0,automated-ringing,1,Abel
1658173,1,automated-ringing,2,Abel
1658173,2,automated-ringing,3,Abel
1658173,3,automated-ringing,4,Abel
1658173,4,automated-ringing,5,Abel
1658173,5,automated-ringing,6,Abel
1658173,6,simulated-sound,,Rung on eBells
1658070,0,automated-ringing,1,Abel
1658070,1,automated-ringing,2,Abel
1658070,2,automated-ringing,3,Abel
1658070,3,automated-ringing,4,Abel
1658070,4,simulated-sound,,
1658122,0,simulated-sound,,Performed on a virtual ringing platform.
1658041,0,simulated-sound,,Performed on a virtual ringing platform.
1658081,0,simulated-sound,,Performed on a virtual ringing platform.
1657939,0,automated-ringing,1,Abel
1657939,1,automated-ringing,2,Abel
1657939,2,automated-ringing,3,Abel
1657939,3,automated-ringing,4,Abel
1657939,4,automated-ringing,5,Abel
1657939,5,automated-ringing,6,Abel
1657939,6,simulated-sound,,Rung on eBells
1657721,0,simulated-sound,,Performed on a virtual ringing platform.
1657847,0,first-peal,1,
1657839,0,first-peal,3,
1657799,0,simulated-sound,,
1657799,1,first-quarter,6,
1657686,0,first-quarter,6,
1658806,0,simulated-sound,,Performed on a virtual ringing platform.
1657656,0,simulated-sound,,Performed on a virtual ringing platform.
1786199,0,first-quarter,6,
1657692,0,automated-ringing,1,Abel
1657692,1,automated-ringing,2,Abel
1657692,2,automated-ringing,3,Abel
1657692,3,automated-ringing,4,Abel
1657692,4,simulated-sound,,Rung on eBells
1657551,0,first-peal,5,
1657545,0,first-quarter,6,
1657518,0,first-quarter,1,
1657518,1,first-quarter,6,
1657603,0,simulated-sound,,Performed on a virtual ringing platform.
1657404,0,first-quarter,1,
1657848,0,first-quarter,8,
1657411,0,automated-ringing,1,Abel
1657411,1,automated-ringing,2,Abel
1657411,2,automated-ringing,3,Abel
1657411,3,automated-ringing,4,Abel
1657411,4,automated-ringing,5,Abel
1657411,5,automated-ringing,6,Abel
1657411,6,simulated-sound,,Rung on eBells
1657354,0,automated-ringing,1,Abel
1657354,1,automated-ringing,2,Abel
1657354,2,automated-ringing,3,Abel
1657354,3,automated-ringing,4,Abel
1657354,4,automated-ringing,5,Abel
1657354,5,automated-ringing,6,Abel
1657354,6,simulated-sound,,Rung on eBells
1657175,0,automated-ringing,1,Abel
1657175,1,automated-ringing,2,Abel
1657175,2,automated-ringing,3,Abel
1657175,3,automated-ringing,4,Abel
1657175,4,automated-ringing,5,Abel
1657175,5,automated-ringing,6,Abel
1657175,6,automated-ringing,7,Abel
1657175,7,automated-ringing,8,Abel
1657175,8,automated-ringing,9,Abel
1657175,9,automated-ringing,10,Abel
1657175,10,simulated-sound,,
1657611,0,simulated-sound,,Performed on a virtual ringing platform.
1657145,0,simulated-sound,,Performed on a virtual ringing platform.
1657171,0,automated-ringing,1,Abel
1657171,1,automated-ringing,2,Abel
1657171,2,automated-ringing,3,Abel
1657171,3,automated-ringing,4,Abel
1657171,4,automated-ringing,5,Abel
1657171,5,automated-ringing,6,Abel
1657171,6,simulated-sound,,Rung on eBells
1657248,0,first-quarter,1,
1657040,0,first-quarter,6,
1660669,0,first-quarter,6,
1657059,0,first-quarter,1,
1657067,0,simulated-sound,,Performed on a virtual ringing platform.
1657028,0,simulated-sound,,Performed on a virtual ringing platform.
1657063,0,automated-ringing,1,Abel
1657063,1,automated-ringing,2,Abel
1657063,2,automated-ringing,3,Abel
1657063,3,automated-ringing,4,Abel
1657063,4,automated-ringing,5,Abel
1657063,5,automated-ringing,6,Abel
1657063,6,simulated-sound,,Rung on eBells
1657030,0,automated-ringing,1,Abel
1657030,1,automated-ringing,2,Abel
1657030,2,automated-ringing,3,Abel
1657030,3,automated-ringing,4,Abel
1657030,4,automated-ringing,5,Abel
1657030,5,automated-ringing,6,Abel
1657030,6,simulated-sound,,Rung on eBells
1656893,0,simulated-sound,,Performed on a virtual ringing platform.
1656702,0,first-quarter,6,
1657613,0,simulated-sound,,Performed on a virtual ringing platform.
1686154,0,first-quarter,1,
1656495,0,automated-ringing,1,Abel
1656495,1,automated-ringing,2,Abel
1656495,2,automated-ringing,3,Abel
1656495,3,automated-ringing,4,Abel
1656495,4,automated-ringing,5,Abel
1656495,5,automated-ringing,6,Abel
1656495,6,automated-ringing,7,Abel
1656495,7,automated-ringing,8,Abel
1656495,8,simulated-sound,,
1656674,0,simulated-sound,,Performed on a virtual ringing platform.
1656490,0,simulated-sound,,Performed on a virtual ringing platform.
1656408,0,simulated-sound,,Performed on a virtual ringing platform
1656523,0,automated-ringing,1,Abel
1656523,1,automated-ringing,2,Abel
1656523,2,automated-ringing,3,Abel
1656523,3,automated-ringing,4,Abel
1656523,4,automated-ringing,5,Abel
1656523,5,automated-ringing,6,Abel
1656523,6,simulated-sound,,Rung on eBells
1656180,0,first-quarter,1,
1656180,1,first-quarter,6,
1656319,0,first-quarter,6,
1656227,0,first-quarter,1,
1656275,0,first-quarter,6,
1656370,0,automated-ringing,1,Abel
1656370,1,automated-ringing,2,Abel
1656370,2,automated-ringing,3,Abel
1656370,3,automated-ringing,4,Abel
1656370,4,automated-ringing,5,Abel
1656370,5,automated-ringing,6,Abel
1656370,6,simulated-sound,,Rung on eBells
1656179,0,first-peal,1,
1656132,0,first-quarter,6,
1656124,0,first-peal,2,
1656072,0,automated-ringing,1,Abel
1656072,1,automated-ringing,2,Abel
1656072,2,automated-ringing,3,Abel
1656072,3,automated-ringing,4,Abel
1656072,4,automated-ringing,5,Abel
1656072,5,automated-ringing,6,Abel
1656072,6,simulated-sound,,Rung on eBells
1656016,0,first-quarter,6,
1655986,0,simulated-sound,,Performed on a virtual ringing platform.
1656056,0,simulated-sound,,Performed on a virtual ringing platform.
1655994,0,simulated-sound,,Performed on a virtual ringing platform.
1655996,0,automated-ringing,1,Wheatley
1655996,1,automated-ringing,2,Wheatley
1655996,2,automated-ringing,5,Wheatley
1655996,3,automated-ringing,6,Wheatley
1655996,4,automated-ringing,7,Wheatley
1655996,5,automated-ringing,8,Wheatley
1655996,6,simulated-sound,,Performed on a virtual ringing platform.
1655961,0,simulated-sound,,Performed on a virtual ringing platform.
1790529,0,first-quarter,1,
1666222,0,simulated-sound,,Performed on a virtual ringing platform.
1667708,0,simulated-sound,,Rung on a peal of Saxilby Simulators with sound from virtual belfry
1665584,0,first-quarter,1,
1665584,1,first-quarter,6,
1665605,0,simulated-sound,,Performed on a virtual ringing platform.
1665529,0,simulated-sound,,Performed on a virtual ringing platform.
1665361,0,first-peal,6,
1665202,0,first-quarter,1,
1665201,0,first-quarter,6,
1665206,0,first-quarter,1,
1665290,0,first-quarter,1,
1665514,0,first-quarter,1,
1665295,0,first-peal,4,
1665358,0,first-quarter,6,
1665315,0,first-quarter,1,
1665140,0,first-quarter,6,
1665191,0,first-quarter,6,
1665271,0,automated-ringing,1,Abel
1665271,1,automated-ringing,2,Abel
1665271,2,automated-ringing,3,Abel
1665271,3,automated-ringing,4,Abel
1665271,4,automated-ringing,5,Abel
1665271,5,automated-ringing,6,Abel
1665271,6,simulated-sound,,
1706146,0,simulated-sound,,
1665382,0,simulated-sound,,Performed on a virtual ringing platform.
1665187,0,automated-ringing,1,Wheatley
1665187,1,automated-ringing,2,Wheatley
1665187,2,automated-ringing,5,Wheatley
1665187,3,automated-ringing,6,Wheatley
1665187,4,simulated-sound,,Performed on a virtual ringing platform.
1665325,0,first-quarter,6,
1665210,0,first-quarter,6,
1669423,0,first-peal,1,
1665089,0,first-peal,1,
1665089,1,first-peal,6,
1664971,0,first-peal,7,
1664974,0,first-peal,1,
1665006,0,first-quarter,1,
1935276,0,first-quarter,1,
1664911,0,simulated-sound,,Performed on a virtual ringing platform.
1664851,0,simulated-sound,,Performed on a virtual ringing platform.
1664853,0,simulated-sound,,Performed on a virtual ringing platform.
1664902,0,simulated-sound,,Performed on a virtual ringing platform.
1664684,0,simulated-sound,,Performed on a virtual ringing platform.
1664581,0,first-quarter,1,
1664521,0,first-quarter,6,
1664675,0,first-quarter,6,
1664444,0,automated-ringing,1,Abel
1664444,1,automated-ringing,2,Abel
1664444,2,automated-ringing,3,Abel
1664444,3,automated-ringing,4,Abel
1664444,4,automated-ringing,5,Abel
1664444,5,automated-ringing,6,Abel
1664444,6,automated-ringing,7,Abel
1664444,7,automated-ringing,8,Abel
1664444,8,simulated-sound,,
1664700,0,simulated-sound,,Performed on a virtual ringing platform.
1664511,0,first-quarter,1,
1664511,1,first-quarter,6,
1697066,0,first-quarter,6,
1935273,0,first-quarter,1,
1664362,0,simulated-sound,,Performed on a virtual ringing platform.
1664127,0,first-quarter,6,
1664144,0,simulated-sound,,
1664163,0,simulated-sound,,Performed on a virtual ringing platform.
1664111,0,simulated-sound,,Performed on a virtual ringing platform.
1664118,0,automated-ringing,1,Wheatley
1664118,1,automated-ringing,2,Wheatley
1664118,2,automated-ringing,5,Wheatley
1664118,3,automated-ringing,6,Wheatley
1664118,4,simulated-sound,,Performed on a virtual ringing platform.
1663914,0,first-quarter,6,
1664063,0,first-quarter,6,
1664001,0,first-quarter,1,
1663873,0,simulated-sound,,
1663807,0,simulated-sound,,
1663871,0,first-quarter,1,
1663871,1,first-quarter,6,
1663789,0,first-quarter,6,
1663666,0,first-peal,3,
1663916,0,first-quarter,1,
1663810,0,lost-attempt,,
1663835,0,first-peal,1,
1663606,0,simulated-sound,,Performed on a virtual ringing platform.
1663603,0,first-quarter,6,
1663519,0,first-quarter,1,
1663578,0,simulated-sound,,Performed on a virtual ringing platform.
1663283,0,simulated-sound,,Performed on a virtual ringing platform.
1663349,0,first-quarter,6,
1670558,0,first-quarter,6,
1663433,0,first-quarter,6,
1663289,0,automated-ringing,1,Abel
1663289,1,automated-ringing,2,Abel
1663289,2,automated-ringing,3,Abel
1663289,3,automated-ringing,4,Abel
1663289,4,automated-ringing,5,Abel
1663289,5,automated-ringing,6,Abel
1663289,6,automated-ringing,7,Abel
1663289,7,automated-ringing,8,Abel
1663289,8,automated-ringing,9,Abel
1663289,9,automated-ringing,10,Abel
1663289,10,simulated-sound,,
1663177,0,simulated-sound,,Performed on a virtual ringing platform.
1663159,0,simulated-sound,,Performed on a virtual ringing platform.
1663161,0,simulated-sound,,Performed on a virtual ringing platform.
1663724,0,first-quarter,6,
1663128,0,first-quarter,1,
1663057,0,simulated-sound,,
1662984,0,simulated-sound,,Performed on a ring of dumb bells.
1663092,0,first-quarter,3,
1663092,1,first-quarter,6,
1662916,0,simulated-sound,,
1662952,0,first-quarter,3,
1664566,0,simulated-sound,,Performed on a ring of dumb bells.
1662676,0,first-peal,5,
1662987,0,first-quarter,1,
1662758,0,simulated-sound,,Performed on a virtual ringing platform.
1662717,0,automated-ringing,3,Wheatley
1662717,1,automated-ringing,4,Wheatley
1662717,2,automated-ringing,5,Wheatley
1662717,3,automated-ringing,6,Wheatley
1662717,4,simulated-sound,,Performed on a virtual ringing platform.
1662936,0,first-quarter,6,
1662623,0,first-quarter,6,
1662554,0,first-quarter,6,
1662654,0,first-quarter,6,
1662593,0,simulated-sound,,Performed on a virtual ringing platform.
1662421,0,automated-ringing,5,Wheatley
1662421,1,automated-ringing,6,Wheatley
1662421,2,simulated-sound,,Performed on a virtual ringing platform.
1662375,0,simulated-sound,,Performed on a virtual ringing platform.
1662403,0,simulated-sound,,
1662330,0,simulated-sound,,
1662213,0,automated-ringing,1,Abel
1662213,1,automated-ringing,2,Abel
1662213,2,automated-ringing,3,Abel
1662213,3,automated-ringing,4,Abel
1662213,4,automated-ringing,5,Abel
1662213,5,automated-ringing,6,Abel
1662213,6,automated-ringing,7,Abel
1662213,7,automated-ringing,8,Abel
1662213,8,automated-ringing,9,Abel
1662213,9,automated-ringing,10,Abel
1662213,10,simulated-sound,,
1662324,0,first-quarter,6,
1662161,0,first-quarter,4,
1662149,0,first-quarter,5,
1662090,0,first-quarter,6,
1662160,0,first-peal,1,
1662023,0,first-quarter,1,
1662010,0,first-quarter,6,
1662008,0,simulated-sound,,
1662034,0,simulated-sound,,Performed on a virtual ringing platform.
1671340,0,simulated-sound,,
1661914,0,first-quarter,6,
1662030,0,simulated-sound,,
1661963,0,first-quarter,6,
1661892,0,first-quarter,4,
1661929,0,simulated-sound,,Performed on a virtual ringing platform.
1661870,0,simulated-sound,,Performed on a virtual ringing platform.
1661909,0,simulated-sound,,Performed on a virtual ringing platform.
1661856,0,simulated-sound,,
1661856,1,first-quarter,6,
1812981,0,first-quarter,1,
1661732,0,first-peal,1,
1807493,0,simulated-sound,,Performed on a virtual ringing platform.
1661962,0,simulated-sound,,
1661766,0,first-peal,4,
1661823,0,first-peal,6,
1661560,0,first-quarter,1,
1661549,0,simulated-sound,,"Rung on the back ten of St Mary's Redcliffe, on the front actual bells."
1661631,0,first-quarter,6,
1661515,0,simulated-sound,,
1661483,0,simulated-sound,,Performed on a virtual ringing platform.
1661445,0,simulated-sound,,Performed on a virtual ringing platform.
1661393,0,first-quarter,1,
1661389,0,simulated-sound,,
1661391,0,simulated-sound,,Performed on a ring of dumb bells.
1661313,0,simulated-sound,,Performed on a virtual ringing platform.
1661888,0,simulated-sound,,Rung on a peal of Saxilby Simulators with sound from virtual belfry
1661261,0,automated-ringing,1,Abel
1661261,1,automated-ringing,2,Abel
1661261,2,automated-ringing,3,Abel
1661261,3,automated-ringing,4,Abel
1661261,4,automated-ringing,5,Abel
1661261,5,automated-ringing,6,Abel
1661261,6,simulated-sound,,
1661264,0,simulated-sound,,Performed on a virtual ringing platform.
1661265,0,first-quarter,6,
1661145,0,first-quarter,8,
1661098,0,automated-ringing,1,Wheatley
1661098,1,automated-ringing,2,Wheatley
1661098,2,automated-ringing,3,Wheatley
1661098,3,automated-ringing,4,Wheatley
1661098,4,automated-ringing,5,Wheatley
1661098,5,automated-ringing,6,Wheatley
1661098,6,simulated-sound,,Performed on a virtual ringing platform.
1661149,0,simulated-sound,,Performed on a virtual ringing platform.
1661022,0,simulated-sound,,Performed on a virtual ringing platform.
1660973,0,simulated-sound,,Performed on a virtual ringing platform.
1660971,0,simulated-sound,,
1663993,0,first-quarter,1,
1660768,0,first-quarter,1,
1660953,0,first-quarter,6,
1660743,0,first-quarter,1,
1660723,0,first-quarter,6,
1660787,0,first-quarter,1,
1661024,0,simulated-sound,,Performed on a virtual ringing platform.
1660837,0,simulated-sound,,Performed on a virtual ringing platform.
1660772,0,first-quarter,4,
1674574,0,automated-ringing,1,Abel
1674574,1,automated-ringing,2,Abel
1674574,2,automated-ringing,3,Abel
1674574,3,automated-ringing,4,Abel
1674574,4,automated-ringing,5,Abel
1674574,5,automated-ringing,6,Abel
1674574,6,simulated-sound,,
1674555,0,simulated-sound,,Performed on a virtual ringing platform.
1714966,0,simulated-sound,,Performed on a virtual ringing platform.
1674231,0,simulated-sound,,Performed on a virtual ringing platform.
1674571,0,automated-ringing,1,Wheatley
1674571,1,automated-ringing,2,Wheatley
1674571,2,automated-ringing,5,Wheatley
1674571,3,automated-ringing,6,Wheatley
1674571,4,automated-ringing,7,Wheatley
1674571,5,automated-ringing,8,Wheatley
1674571,6,simulated-sound,,Performed on a virtual ringing platform.
1674445,0,simulated-sound,,Rung on a peal of Saxilby Simulators with sound from virtual belfry
1683975,0,first-quarter,1,
1674100,0,simulated-sound,,Performed on a virtual ringing platform.
1673665,0,simulated-sound,,Performed on a virtual ringing platform.
1673850,0,simulated-sound,,
1674016,0,simulated-sound,,Performed on a virtual ringing platform.
1673816,0,simulated-sound,,Performed on a virtual ringing platform.
1673861,0,first-quarter,1,
1673635,0,simulated-sound,,
1673613,0,simulated-sound,,
1673600,0,first-quarter,6,
1673658,0,first-quarter,1,
1673658,1,first-quarter,6,
1674804,0,first-quarter,5,
1783924,0,first-quarter,6,
1673663,0,simulated-sound,,Performed on a virtual ringing platform.
1673546,0,simulated-sound,,Performed on a virtual ringing platform.
1673823,0,simulated-sound,,Performed on a virtual ringing platform.
1673552,0,automated-ringing,1,Wheatley
1673552,1,automated-ringing,2,Wheatley
1673552,2,automated-ringing,5,Wheatley
1673552,3,automated-ringing,6,Wheatley
1673552,4,simulated-sound,,Performed on a virtual ringing platform.
1673388,0,simulated-sound,,Performed on a virtual ringing platform
1673327,0,first-peal,2,
1673637,0,simulated-sound,,Performed on a virtual ringing platform.
1673072,0,first-quarter,6,
1675409,0,first-quarter,1,
1672989,0,first-quarter,1,
1693900,0,first-quarter,1,
1673286,0,first-quarter,6,
1673310,0,automated-ringing,1,Wheatley
1673310,1,automated-ringing,6,Wheatley
1673310,2,simulated-sound,,Performed on a virtual ringing platform.
1673323,0,simulated-sound,,Performed on a virtual ringing platform.
1673291,0,simulated-sound,,Performed on a virtual ringing platform.
1673267,0,simulated-sound,,Performed on a virtual ringing platform.
1673272,0,first-quarter,1,
1673275,0,first-quarter,6,
1672792,0,first-quarter,1,
1672559,0,first-quarter,1,
1672908,0,first-quarter,6,
1672869,0,first-quarter,1,
1786475,0,first-quarter,1,
1672762,0,first-peal,1,
1672824,0,simulated-sound,,
1672821,0,simulated-sound,,
1672630,0,first-peal,5,
1672879,0,first-quarter,1,
1672879,1,first-quarter,2,
1672539,0,simulated-sound,,Performed on a virtual ringing platform.
1672738,0,first-peal,1,
1672522,0,first-peal,1,
1672505,0,first-quarter,1,
1673268,0,simulated-sound,,Performed on a virtual ringing platform.
1672450,0,automated-ringing,5,Wheatley
1672450,1,automated-ringing,6,Wheatley
1672450,2,automated-ringing,7,Wheatley
1672450,3,automated-ringing,8,Wheatley
1672450,4,simulated-sound,,Performed on a virtual ringing platform.
1671517,0,first-quarter,6,
1671466,0,automated-ringing,1,Abel
1671466,1,automated-ringing,2,Abel
1671466,2,automated-ringing,3,Abel
1671466,3,automated-ringing,4,Abel
1671466,4,automated-ringing,5,Abel
1671466,5,automated-ringing,6,Abel
1671466,6,simulated-sound,,
1671573,0,false,,
1671521,0,simulated-sound,,Performed on a virtual ringing platform.
1672060,0,simulated-sound,,Performed on a virtual ringing platform.
1671497,0,simulated-sound,,Performed on a virtual ringing platform.
1671498,0,automated-ringing,5,Wheatley
1671498,1,automated-ringing,6,Wheatley
1671498,2,simulated-sound,,Performed on a virtual ringing platform.
1672067,0,simulated-sound,,
1671301,0,first-quarter,1,
1671301,1,first-quarter,6,
1671307,0,new-method,,
1671404,0,first-quarter,5,
1671404,1,first-quarter,6,
1671291,0,simulated-sound,,
1671353,0,simulated-sound,,Performed on a virtual ringing platform.
1671273,0,simulated-sound,,Performed on a virtual ringing platform.
1744848,0,first-quarter,1,
1672794,0,lost-attempt,,
1670588,0,first-quarter,1,
1676486,0,first-quarter,6,
1670688,0,first-quarter,6,
1749141,0,first-quarter,6,
1960206,0,simulated-sound,,Performed on a virtual ringing platform.
1715861,0,first-quarter,6,
1670525,0,first-quarter,1,
1670343,0,first-quarter,6,
1803356,0,automated-ringing,1,Virtual Belfry
1803356,1,automated-ringing,2,Virtual Belfry
1803356,2,automated-ringing,3,Virtual Belfry
1803356,3,automated-ringing,4,Virtual Belfry
1803356,4,automated-ringing,5,Virtual Belfry
1803356,5,automated-ringing,6,Virtual Belfry
1803356,6,automated-ringing,7,Virtual Belfry
1803356,7,simulated-sound,,
1670519,0,first-quarter,4,
1670280,0,simulated-sound,,Performed on a virtual ringing platform.
1670155,0,simulated-sound,,
1670155,1,first-quarter,6,
1669798,0,automated-ringing,1,Abel
1669798,1,automated-ringing,2,Abel
1669798,2,automated-ringing,3,Abel
1669798,3,automated-ringing,4,Abel
1669798,4,automated-ringing,5,Abel
1669798,5,automated-ringing,6,Abel
1669798,6,automated-ringing,7,Abel
1669798,7,automated-ringing,8,Abel
1669798,8,simulated-sound,,
1670086,0,simulated-sound,,
1670086,1,first-quarter,1,
1761938,0,first-quarter,6,
1669669,0,first-quarter,6,
1669687,0,simulated-sound,,Performed on a ring of dumb bells.
1669553,0,first-quarter,6,
1669718,0,simulated-sound,,Performed on a virtual ringing platform.
1727620,0,first-quarter,6,
1669455,0,simulated-sound,,Performed on a virtual ringing platform.
1670059,0,first-quarter,6,
1669019,0,simulated-sound,,
1669024,0,first-quarter,1,
1669047,0,simulated-sound,,Performed on a virtual ringing platform.
1668753,0,simulated-sound,,Performed on a virtual ringing platform.
1668555,0,first-quarter,1,
1668527,0,first-quarter,6,
1879343,0,first-quarter,6,
1668624,0,first-quarter,1,
1668373,0,first-quarter,6,
1669004,0,first-quarter,1,
1670844,0,first-quarter,6,
1668170,0,first-quarter,5,
1668947,0,first-peal,2,
1668947,1,first-peal,3,
1668947,2,first-peal,6,
1668189,0,first-quarter,6,
1668064,0,first-quarter,1,
1667986,0,first-quarter,1,
1668122,0,first-peal,7,
1668026,0,first-quarter,6,
1668200,0,simulated-sound,,Performed on a virtual ringing platform.
1668132,0,first-quarter,6,
1668128,0,first-quarter,6,
1668164,0,first-quarter,1,
1668641,0,first-quarter,1,
1668350,0,false,,
1667832,0,automated-ringing,1,Abel
1667832,1,automated-ringing,2,Abel
1667832,2,automated-ringing,3,Abel
1667832,3,automated-ringing,4,Abel
1667832,4,automated-ringing,5,Abel
1667832,5,automated-ringing,6,Abel
1667832,6,automated-ringing,7,Abel
1667832,7,automated-ringing,8,Abel
1667832,8,simulated-sound,,
1667759,0,automated-ringing,1,Wheatley
1667759,1,automated-ringing,2,Wheatley
1667759,2,automated-ringing,3,Wheatley
1667759,3,automated-ringing,4,Wheatley
1667759,4,automated-ringing,6,Wheatley
1667759,5,automated-ringing,7,Wheatley
1667759,6,automated-ringing,8,Wheatley
1667759,7,automated-ringing,10,Wheatley
1667759,8,simulated-sound,,Performed on a virtual ringing platform.
1667931,0,simulated-sound,,Performed on a virtual ringing platform.
1667859,0,automated-ringing,1,Wheatley
1667859,1,automated-ringing,2,Wheatley
1667859,2,automated-ringing,5,Wheatley
1667859,3,automated-ringing,6,Wheatley
1667859,4,simulated-sound,,Performed on a virtual ringing platform.
1667826,0,simulated-sound,,
1667715,0,first-quarter,1,
1667685,0,first-quarter,1,
1667685,1,first-quarter,2,
1667630,0,automated-ringing,1,Abel
1667630,1,automated-ringing,2,Abel
1667630,2,automated-ringing,3,Abel
1667630,3,automated-ringing,4,Abel
1667630,4,automated-ringing,5,Abel
1667630,5,automated-ringing,6,Abel
1667630,6,simulated-sound,,
1667638,0,simulated-sound,,Performed on a virtual ringing platform.
1667554,0,simulated-sound,,Performed on a virtual ringing platform.
1667643,0,automated-ringing,1,Wheatley
1667643,1,automated-ringing,2,Wheatley
1667643,2,automated-ringing,5,Wheatley
1667643,3,automated-ringing,6,Wheatley
1667643,4,simulated-sound,,Performed on a virtual ringing platform.
1667733,0,simulated-sound,,Rung on a peal of Saxilby Simulators with sound from virtual belfry
1667543,0,first-quarter,6,
1908304,0,first-quarter,1,
1667424,0,simulated-sound,,Performed on a virtual ringing platform.
1667405,0,simulated-sound,,Performed on a virtual ringing platform.
1667445,0,first-quarter,6,
1667445,1,first-quarter,8,
1667139,0,first-quarter,5,
1667024,0,first-quarter,6,
1667063,0,automated-ringing,1,Wheatley
1667063,1,automated-ringing,2,Wheatley
1667063,2,automated-ringing,5,Wheatley
1667063,3,automated-ringing,6,Wheatley
1667063,4,simulated-sound,,Performed on a virtual ringing platform.
1667360,0,first-quarter,1,
1768520,0,first-quarter,1,
1667031,0,first-quarter,9,
1667031,1,first-quarter,10,
1666949,0,simulated-sound,,
1667508,0,first-quarter,6,
1666996,0,simulated-sound,,Performed on a virtual ringing platform.
1666920,0,simulated-sound,,Performed on a virtual ringing platform.
1666911,0,first-quarter,6,
1666893,0,simulated-sound,,
1666792,0,first-quarter,2,
1666675,0,first-quarter,6,
1666810,0,simulated-sound,,Performed on a virtual ringing platform.
1666757,0,automated-ringing,5,Wheatley
1666757,1,automated-ringing,6,Wheatley
1666757,2,simulated-sound,,Performed on a virtual ringing platform.
1666812,0,simulated-sound,,Performed on a virtual ringing platform.
1667590,0,first-quarter,6,
1741582,0,first-quarter,1,
1666711,0,first-quarter,1,
1935282,0,first-quarter,6,
1666762,0,first-quarter,6,
1666509,0,automated-ringing,1,Wheatley
1666509,1,automated-ringing,2,Wheatley
1666509,2,automated-ringing,5,Wheatley
1666509,3,automated-ringing,6,Wheatley
1666509,4,simulated-sound,,Performed on a virtual ringing platform.
1666521,0,first-quarter,6,
1666663,0,first-quarter,6,
1666333,0,simulated-sound,,
1666301,0,first-quarter,6,
1666330,0,first-quarter,4,
1678156,0,first-quarter,1,
1678156,1,first-quarter,6,
1668277,0,simulated-sound,,
1667111,0,simulated-sound,,Performed on a virtual ringing platform.
1666318,0,simulated-sound,,Performed on a virtual ringing platform.
1666235,0,simulated-sound,,Performed on a virtual ringing platform.
1673724,0,first-quarter,6,
1666199,0,first-quarter,1,
1666202,0,simulated-sound,,Performed on a ring of dumb bells.
1666158,0,automated-ringing,1,Abel
1666158,1,automated-ringing,2,Abel
1666158,2,automated-ringing,3,Abel
1666158,3,automated-ringing,4,Abel
1666158,4,automated-ringing,5,Abel
1666158,5,automated-ringing,6,Abel
1666158,6,automated-ringing,7,Abel
1666158,7,automated-ringing,8,Abel
1666158,8,automated-ringing,9,Abel
1666158,9,automated-ringing,10,Abel
1666158,10,simulated-sound,,
1666221,0,simulated-sound,,Performed on a virtual ringing platform.
1666109,0,simulated-sound,,Performed on a virtual ringing platform.
1666170,0,first-quarter,5,
1666204,0,first-quarter,6,
1666021,0,simulated-sound,,Performed on a virtual ringing platform.
1665953,0,simulated-sound,,Performed on a virtual ringing platform.
1667707,0,simulated-sound,,Rung on a peal of Saxilby Simulators with sound from virtual belfry
1695029,0,first-quarter,6,
1685380,0,first-quarter,6,
1685395,0,first-quarter,8,
1685258,0,first-quarter,6,
1685271,0,first-quarter,6,
1685359,0,first-quarter,6,
1690084,0,first-quarter,6,
1685077,0,first-quarter,1,
1685077,1,first-quarter,6,
1684998,0,first-peal,3,
1685049,0,first-peal,8,
1685126,0,first-quarter,1,
1685024,0,first-peal,4,
1685012,0,first-peal,6,
1686060,0,first-peal,6,
1685038,0,automated-ringing,1,Abel
1685038,1,automated-ringing,2,Abel
1685038,2,automated-ringing,3,Abel
1685038,3,automated-ringing,4,Abel
1685038,4,automated-ringing,5,Abel
1685038,5,automated-ringing,6,Abel
1685038,6,simulated-sound,,
1686027,0,simulated-sound,,Performed on a virtual ringing platform.
1684577,0,first-peal,1,
1684577,1,first-peal,3,
1684577,2,first-peal,6,
1684855,0,first-quarter,6,
1684681,0,first-quarter,6,
1684897,0,simulated-sound,,Performed on a virtual ringing platform.
1684683,0,simulated-sound,,Performed on a virtual ringing platform.
1684543,0,simulated-sound,,Performed on a virtual ringing platform.
1684677,0,automated-ringing,1,Wheatley
1684677,1,automated-ringing,2,Wheatley
1684677,2,automated-ringing,5,Wheatley
1684677,3,automated-ringing,6,Wheatley
1684677,4,simulated-sound,,Performed on a virtual ringing platform.
1684547,0,simulated-sound,,Performed on a virtual ringing platform.
1684325,0,first-quarter,3,
1685184,0,first-quarter,6,
1684450,0,first-quarter,1,
1684483,0,simulated-sound,,Performed on a virtual ringing platform.
1684338,0,simulated-sound,,Performed on a virtual ringing platform.
1684326,0,simulated-sound,,
1683926,0,first-quarter,1,
1683895,0,automated-ringing,1,Wheatley
1683895,1,automated-ringing,2,Wheatley
1683895,2,simulated-sound,,Performed on a virtual ringing platform.
1705126,0,first-quarter,1,
1833694,0,first-quarter,5,
1683065,0,first-quarter,6,
1683142,0,first-quarter,1,
1683176,0,automated-ringing,1,Abel
1683176,1,automated-ringing,2,Abel
1683176,2,automated-ringing,3,Abel
1683176,3,automated-ringing,4,Abel
1683176,4,automated-ringing,5,Abel
1683176,5,automated-ringing,6,Abel
1683176,6,simulated-sound,,Rung on eBells
1682559,0,automated-ringing,1,Wheatley
1682559,1,automated-ringing,2,Wheatley
1682559,2,automated-ringing,5,Wheatley
1682559,3,automated-ringing,6,Wheatley
1682559,4,simulated-sound,,Performed on a virtual ringing platform.
1682616,0,first-quarter,1,
1682514,0,automated-ringing,1,Abel
1682514,1,automated-ringing,2,Abel
1682514,2,automated-ringing,3,Abel
1682514,3,automated-ringing,4,Abel
1682514,4,automated-ringing,5,Abel
1682514,5,automated-ringing,6,Abel
1682514,6,simulated-sound,,Rung on eBells
1685402,0,first-quarter,6,
1682079,0,first-quarter,1,
1682179,0,first-quarter,6,
1682774,0,simulated-sound,,Performed on a virtual ringing platform.
1682139,0,simulated-sound,,Performed on a virtual ringing platform.
1681948,0,simulated-sound,,Performed on a virtual ringing platform.
1685232,0,new-method,,
1681833,0,simulated-sound,,Performed on a virtual ringing platform.
1681472,0,automated-ringing,2,Wheatley
1681472,1,automated-ringing,3,Wheatley
1681472,2,automated-ringing,4,Wheatley
1681472,3,automated-ringing,5,Wheatley
1681472,4,automated-ringing,6,Wheatley
1681472,5,automated-ringing,7,Wheatley
1681472,6,automated-ringing,8,Wheatley
1681472,7,automated-ringing,9,Wheatley
1681472,8,automated-ringing,10,Wheatley
1681472,9,simulated-sound,,
1681569,0,simulated-sound,,Performed on a virtual ringing platform.
1681538,0,automated-ringing,1,Wheatley
1681538,1,automated-ringing,2,Wheatley
1681538,2,automated-ringing,3,Wheatley
1681538,3,automated-ringing,4,Wheatley
1681538,4,simulated-sound,,Performed on a virtual ringing platform.
1681635,0,simulated-sound,,
1681579,0,first-quarter,6,
1681343,0,simulated-sound,,
1681218,0,automated-ringing,1,Abel
1681218,1,automated-ringing,3,Abel
1681218,2,automated-ringing,4,Abel
1681218,3,automated-ringing,5,Abel
1681218,4,automated-ringing,6,Abel
1681218,5,automated-ringing,7,Abel
1681218,6,automated-ringing,8,Abel
1681218,7,simulated-sound,,
1681377,0,simulated-sound,,Performed on a virtual ringing platform.
1681314,0,simulated-sound,,
1681427,0,simulated-sound,,
1831613,0,first-quarter,6,
1680954,0,simulated-sound,,Performed on a virtual ringing platform.
1680926,0,simulated-sound,,Performed on a virtual ringing platform.
1680882,0,simulated-sound,,Performed on a virtual ringing platform.
1680863,0,simulated-sound,,Performed on a virtual ringing platform.
1680896,0,automated-ringing,3,Wheatley
1680896,1,automated-ringing,4,Wheatley
1680896,2,automated-ringing,5,Wheatley
1680896,3,automated-ringing,6,Wheatley
1680896,4,simulated-sound,,Performed on a virtual ringing platform.
1803358,0,automated-ringing,2,Virtual Belfry
1803358,1,automated-ringing,3,Virtual Belfry
1803358,2,automated-ringing,4,Virtual Belfry
1803358,3,automated-ringing,5,Virtual Belfry
1803358,4,automated-ringing,6,Virtual Belfry
1803358,5,automated-ringing,7,Virtual Belfry
1803358,6,automated-ringing,8,Virtual Belfry
1803358,7,automated-ringing,9,Virtual Belfry
1803358,8,automated-ringing,10,Virtual Belfry
1803358,9,simulated-sound,,
1717047,0,first-quarter,1,
1680248,0,first-quarter,8,
1773479,0,first-quarter,6,
1743631,0,first-quarter,1,
1680546,0,first-quarter,1,
1680468,0,first-quarter,6,
1686439,0,first-quarter,6,
1680471,0,first-quarter,1,
1679792,0,first-quarter,1,
1680064,0,simulated-sound,,
1679753,0,first-quarter,2,
1679860,0,simulated-sound,,Performed on a virtual ringing platform.
1679769,0,first-peal,2,
1679363,0,automated-ringing,1,Virtual Belfry
1679363,1,automated-ringing,2,Virtual Belfry
1679363,2,automated-ringing,3,Virtual Belfry
1679363,3,automated-ringing,5,Virtual Belfry
1679363,4,automated-ringing,6,Virtual Belfry
1679363,5,simulated-sound,,
1679517,0,automated-ringing,1,Abel
1679517,1,automated-ringing,2,Abel
1679517,2,automated-ringing,3,Abel
1679517,3,automated-ringing,4,Abel
1679517,4,automated-ringing,5,Abel
1679517,5,automated-ringing,6,Abel
1679517,6,simulated-sound,,
1679530,0,simulated-sound,,Performed on a virtual ringing platform.
1679537,0,simulated-sound,,Performed on a virtual ringing platform.
1679423,0,simulated-sound,,Performed on a virtual ringing platform.
1679265,0,first-peal,1,
1679024,0,simulated-sound,,Performed on a virtual ringing platform.
1681636,0,simulated-sound,,
1678666,0,simulated-sound,,
1753221,0,first-quarter,1,
1753221,1,first-quarter,4,
1678643,0,simulated-sound,,Performed on a virtual ringing platform.
1678612,0,simulated-sound,,Performed on a virtual ringing platform.
1679055,0,simulated-sound,,Performed on a virtual ringing platform.
1678655,0,automated-ringing,1,Wheatley
1678655,1,automated-ringing,2,Wheatley
1678655,2,automated-ringing,5,Wheatley
1678655,3,automated-ringing,6,Wheatley
1678655,4,simulated-sound,,Performed on a virtual ringing platform.
1678431,0,simulated-sound,,
1678442,0,automated-ringing,1,Abel
1678442,1,automated-ringing,2,Abel
1678442,2,automated-ringing,3,Abel
1678442,3,automated-ringing,4,Abel
1678442,4,automated-ringing,5,Abel
1678442,5,automated-ringing,6,Abel
1678442,6,automated-ringing,7,Abel
1678442,7,automated-ringing,8,Abel
1678442,8,simulated-sound,,
1680991,0,simulated-sound,,Performed on a virtual ringing platform.
1678383,0,simulated-sound,,Performed on a virtual ringing platform.
1680141,0,first-quarter,1,
1678470,0,simulated-sound,,
1678391,0,first-quarter,1,
1678094,0,first-quarter,1,
1678239,0,first-peal,1,
1678283,0,simulated-sound,,Performed on a virtual ringing platform.
1678072,0,simulated-sound,,Performed on a virtual ringing platform.
1678230,0,simulated-sound,,Performed on a virtual ringing platform.
1678132,0,automated-ringing,5,Wheatley
1678132,1,automated-ringing,6,Wheatley
1678132,2,automated-ringing,7,Wheatley
1678132,3,automated-ringing,8,Wheatley
1678132,4,simulated-sound,,Performed on a virtual ringing platform.
1678252,0,first-quarter,4,
1678122,0,first-quarter,1,
1678129,0,first-quarter,1,
1705133,0,record-length,,
1677941,0,first-peal,2,
1677843,0,first-quarter,1,
1677798,0,first-quarter,1,
1677985,0,simulated-sound,,Performed on a virtual ringing platform.
1789676,0,first-quarter,6,
1677630,0,simulated-sound,,
1677690,0,automated-ringing,5,Wheatley
1677690,1,automated-ringing,6,Wheatley
1677690,2,simulated-sound,,Performed on a virtual ringing platform.
1677574,0,simulated-sound,,Performed on a virtual ringing platform.
1677545,0,simulated-sound,,Performed on a ring of dumb bells.
1677445,0,simulated-sound,,Rung on a peal of Saxilby Simulators with sound from virtual belfry
1677164,0,first-quarter,1,
1679949,0,automated-ringing,1,Abel
1679949,1,automated-ringing,2,Abel
1679949,2,automated-ringing,3,Abel
1679949,3,automated-ringing,4,Abel
1679949,4,automated-ringing,5,Abel
1679949,5,automated-ringing,6,Abel
1679949,6,automated-ringing,7,Abel
1679949,7,automated-ringing,8,Abel
1679949,8,automated-ringing,9,Abel
1679949,9,automated-ringing,10,Abel
1679949,10,automated-ringing,11,Abel
1679949,11,automated-ringing,12,Abel
1679949,12,simulated-sound,,
1677239,0,simulated-sound,,Performed on a virtual ringing platform.
1677344,0,first-quarter,1,
1676673,0,simulated-sound,,
1676615,0,automated-ringing,1,Wheatley
1676615,1,automated-ringing,2,Wheatley
1676615,2,automated-ringing,5,Wheatley
1676615,3,automated-ringing,6,Wheatley
1676615,4,simulated-sound,,Performed on a virtual ringing platform.
1675474,0,simulated-sound,,Performed on a ring of dumb bells.
1678992,0,first-peal,1,
1675709,0,first-quarter,6,
1675597,0,first-quarter,6,
1675537,0,first-quarter,1,
1675639,0,first-quarter,1,
1675639,1,first-quarter,6,
1675883,0,first-quarter,1,
1675701,0,first-quarter,6,
1675580,0,first-quarter,6,
1675455,0,first-quarter,6,
1675723,0,simulated-sound,,Performed on a virtual ringing platform.
1675567,0,automated-ringing,1,Wheatley
1675567,1,automated-ringing,2,Wheatley
1675567,2,automated-ringing,5,Wheatley
1675567,3,automated-ringing,6,Wheatley
1675567,4,automated-ringing,7,Wheatley
1675567,5,automated-ringing,8,Wheatley
1675567,6,simulated-sound,,Performed on a virtual ringing platform.
1677568,0,first-quarter,6,
1687695,0,first-quarter,6,
1675281,0,first-quarter,6,
1943160,0,new-method,,
1675282,0,first-quarter,1,
1675284,0,first-peal,1,
1686903,0,simulated-sound,,
1675341,0,simulated-sound,,Performed on a ring of dumb bells.
1675298,0,first-peal,4,
1675285,0,first-quarter,6,
1675056,0,simulated-sound,,
1675091,0,simulated-sound,,Performed on a virtual ringing platform.
