perf_id,position,flag_type,bell,flag_text
1697711,0,first-quarter,6,
1695360,0,simulated-sound,,Performed on a virtual ringing platform.
1694867,0,simulated-sound,,Performed on a virtual ringing platform.
1694407,0,first-quarter,1,
1695161,0,simulated-sound,,Performed on a virtual ringing platform.
1694605,0,simulated-sound,,Performed on a virtual ringing platform.
1694581,0,simulated-sound,,Performed on a virtual ringing platform.
1694298,0,first-quarter,6,
1708960,0,first-quarter,1,
1697747,0,simulated-sound,,Performed on a virtual ringing platform.
1694179,0,simulated-sound,,Performed on a virtual ringing platform.
1694208,0,first-quarter,1,
1694208,1,first-quarter,6,
1694374,0,first-quarter,6,
1803364,0,automated-ringing,1,Virtual Belfry
1803364,1,automated-ringing,2,Virtual Belfry
1803364,2,automated-ringing,3,Virtual Belfry
1803364,3,automated-ringing,4,Virtual Belfry
1803364,4,automated-ringing,5,Virtual Belfry
1803364,5,automated-ringing,6,Virtual Belfry
1803364,6,automated-ringing,7,Virtual Belfry
1803364,7,automated-ringing,8,Virtual Belfry
1803364,8,automated-ringing,9,Virtual Belfry
1803364,9,simulated-sound,,
1694077,0,simulated-sound,,Performed on a virtual ringing platform.
1693971,0,first-quarter,1,
1693864,0,first-quarter,6,
1693980,0,first-quarter,1,
1693780,0,first-quarter,6,
1693896,0,simulated-sound,,
1693594,0,simulated-sound,,
1870181,0,first-quarter,6,
1693739,0,simulated-sound,,Performed on a virtual ringing platform.
1693701,0,first-quarter,1,
1803363,0,automated-ringing,1,Virtual Belfry
1803363,1,automated-ringing,2,Virtual Belfry
1803363,2,automated-ringing,3,Virtual Belfry
1803363,3,automated-ringing,4,Virtual Belfry
1803363,4,automated-ringing,5,Virtual Belfry
1803363,5,automated-ringing,6,Virtual Belfry
1803363,6,automated-ringing,7,Virtual Belfry
1803363,7,simulated-sound,,
1693442,0,first-peal,1,
1693442,1,first-peal,2,
1693354,0,first-peal,1,
1693461,0,simulated-sound,,Performed on a virtual ringing platform.
1693381,0,simulated-sound,,Performed on a virtual ringing platform.
1693710,0,simulated-sound,,Performed on a virtual ringing platform.
1693409,0,first-peal,1,
1693187,0,automated-ringing,1,Abel
1693187,1,automated-ringing,2,Abel
1693187,2,automated-ringing,3,Abel
1693187,3,automated-ringing,4,Abel
1693187,4,automated-ringing,5,Abel
1693187,5,automated-ringing,6,Abel
1693187,6,automated-ringing,7,Abel
1693187,7,automated-ringing,8,Abel
1693187,8,automated-ringing,9,Abel
1693187,9,automated-ringing,10,Abel
1693187,10,simulated-sound,,
1693186,0,simulated-sound,,Performed on a virtual ringing platform.
1693117,0,simulated-sound,,Performed on a virtual ringing platform.
1693009,0,first-quarter,1,
1693326,0,first-quarter,6,
1693519,0,first-quarter,1,
1693519,1,first-quarter,6,
1693040,0,simulated-sound,,Performed on a virtual ringing platform.
1692961,0,simulated-sound,,Performed on a virtual ringing platform.
1692992,0,simulated-sound,,
1692763,0,first-quarter,1,
1692706,0,simulated-sound,,Performed on a virtual ringing platform.
1910498,0,first-quarter,1,
1692491,0,simulated-sound,,Performed on a ring of dumb bells.
1692506,0,automated-ringing,1,Abel
1692506,1,automated-ringing,2,Abel
1692506,2,automated-ringing,3,Abel
1692506,3,automated-ringing,4,Abel
1692506,4,automated-ringing,5,Abel
1692506,5,automated-ringing,6,Abel
1692506,6,automated-ringing,7,Abel
1692506,7,automated-ringing,8,Abel
1692506,8,automated-ringing,9,Abel
1692506,9,automated-ringing,10,Abel
1692506,10,simulated-sound,,
1692530,0,simulated-sound,,Performed on a virtual ringing platform.
1692527,0,simulated-sound,,Performed on a virtual ringing platform.
1692480,0,simulated-sound,,Performed on a virtual ringing platform.
1693225,0,simulated-sound,,
1803362,0,automated-ringing,1,Virtual Belfry
1803362,1,automated-ringing,2,Virtual Belfry
1803362,2,automated-ringing,3,Virtual Belfry
1803362,3,automated-ringing,4,Virtual Belfry
1803362,4,automated-ringing,5,Virtual Belfry
1803362,5,automated-ringing,6,Virtual Belfry
1803362,6,automated-ringing,7,Virtual Belfry
1803362,7,automated-ringing,8,Virtual Belfry
1803362,8,automated-ringing,10,Virtual Belfry
1803362,9,simulated-sound,,
1692163,0,simulated-sound,,
1692093,0,simulated-sound,,
1692081,0,simulated-sound,,Performed on a virtual ringing platform.
1691806,0,first-quarter,1,
1691955,0,simulated-sound,,Performed on a virtual ringing platform.
1697447,0,first-quarter,2,
1691911,0,first-quarter,6,
1691823,0,first-quarter,6,
1693312,0,first-peal,1,
1691670,0,simulated-sound,,
1691670,1,first-quarter,6,
1692291,0,first-quarter,1,
1691718,0,first-quarter,1,
1692524,0,simulated-sound,,Performed on a virtual ringing platform.
1691431,0,simulated-sound,,Performed on a virtual ringing platform.
1691604,0,automated-ringing,1,Abel
1691604,1,automated-ringing,2,Abel
1691604,2,automated-ringing,3,Abel
1691604,3,automated-ringing,4,Abel
1691604,4,automated-ringing,5,Abel
1691604,5,automated-ringing,6,Abel
1691604,6,simulated-sound,,Rung on eBells
1692513,0,simulated-sound,,Performed on a virtual ringing platform.
1691376,0,simulated-sound,,Performed on a virtual ringing platform.
1697444,0,first-quarter,1,
1720628,0,simulated-sound,,Rung on a peal of Saxilby Simulators with sound from virtual belfry.
1691078,0,automated-ringing,1,Abel
1691078,1,automated-ringing,2,Abel
1691078,2,automated-ringing,3,Abel
1691078,3,automated-ringing,4,Abel
1691078,4,automated-ringing,5,Abel
1691078,5,automated-ringing,6,Abel
1691078,6,simulated-sound,,Rung on eBells
1690836,0,simulated-sound,,
1690833,0,simulated-sound,,
1690833,1,first-quarter,6,
1690814,0,new-method,,
1690856,0,simulated-sound,,Performed on a virtual ringing platform.
1690816,0,automated-ringing,1,Abel
1690816,1,automated-ringing,2,Abel
1690816,2,automated-ringing,3,Abel
1690816,3,automated-ringing,4,Abel
1690816,4,simulated-sound,,Rung on eBells
1694986,0,first-quarter,6,
1690659,0,automated-ringing,1,Abel
1690659,1,automated-ringing,2,Abel
1690659,2,automated-ringing,3,Abel
1690659,3,automated-ringing,4,Abel
1690659,4,automated-ringing,5,Abel
1690659,5,automated-ringing,6,Abel
1690659,6,automated-ringing,7,Abel
1690659,7,automated-ringing,8,Abel
1690659,8,simulated-sound,,
1690729,0,simulated-sound,,Performed on a virtual ringing platform.
1690664,0,simulated-sound,,Performed on a virtual ringing platform.
1690756,0,first-quarter,6,
1690761,0,automated-ringing,1,Abel
1690761,1,automated-ringing,2,Abel
1690761,2,automated-ringing,3,Abel
1690761,3,automated-ringing,4,Abel
1690761,4,automated-ringing,5,Abel
1690761,5,automated-ringing,6,Abel
1690761,6,simulated-sound,,Rung on eBells
1690429,0,simulated-sound,,Performed on a ring of dumb bells.
1690524,0,first-quarter,1,
1690543,0,simulated-sound,,Performed on a virtual ringing platform.
1690391,0,automated-ringing,1,Abel
1690391,1,automated-ringing,2,Abel
1690391,2,automated-ringing,3,Abel
1690391,3,automated-ringing,4,Abel
1690391,4,automated-ringing,5,Abel
1690391,5,automated-ringing,6,Abel
1690391,6,simulated-sound,,Rung on eBells
1690114,0,first-quarter,1,
1803361,0,automated-ringing,2,Virtual Belfry
1803361,1,automated-ringing,3,Virtual Belfry
1803361,2,automated-ringing,4,Virtual Belfry
1803361,3,automated-ringing,5,Virtual Belfry
1803361,4,automated-ringing,6,Virtual Belfry
1803361,5,automated-ringing,7,Virtual Belfry
1803361,6,automated-ringing,8,Virtual Belfry
1803361,7,automated-ringing,9,Virtual Belfry
1803361,8,automated-ringing,10,Virtual Belfry
1803361,9,simulated-sound,,
1690116,0,first-quarter,1,
1690144,0,new-method,,
1690136,0,first-quarter,1,
1690112,0,first-quarter,2,
1689856,0,first-quarter,6,
1690148,0,automated-ringing,1,Abel
1690148,1,automated-ringing,2,Abel
1690148,2,automated-ringing,3,Abel
1690148,3,automated-ringing,4,Abel
1690148,4,automated-ringing,5,Abel
1690148,5,automated-ringing,6,Abel
1690148,6,simulated-sound,,
1690379,0,automated-ringing,1,Wheatley
1690379,1,automated-ringing,6,Wheatley
1690379,2,simulated-sound,,Performed on a virtual ringing platform.
1689777,0,simulated-sound,,Performed on a virtual ringing platform.
1690126,0,simulated-sound,,Performed on a virtual ringing platform.
1690323,0,simulated-sound,,Performed on a virtual ringing platform.
1689947,0,first-quarter,6,
1689345,0,first-quarter,6,
1689285,0,automated-ringing,1,Abel
1689285,1,automated-ringing,2,Abel
1689285,2,automated-ringing,3,Abel
1689285,3,automated-ringing,4,Abel
1689285,4,automated-ringing,5,Abel
1689285,5,automated-ringing,6,Abel
1689285,6,simulated-sound,,Rung on eBells
1689143,0,first-quarter,6,
1803360,0,automated-ringing,2,Virtual Belfry
1803360,1,automated-ringing,3,Virtual Belfry
1803360,2,automated-ringing,4,Virtual Belfry
1803360,3,automated-ringing,5,Virtual Belfry
1803360,4,automated-ringing,6,Virtual Belfry
1803360,5,automated-ringing,7,Virtual Belfry
1803360,6,automated-ringing,8,Virtual Belfry
1803360,7,simulated-sound,,
1690534,0,simulated-sound,,Performed on a virtual ringing platform.
1688856,0,simulated-sound,,Performed on a virtual ringing platform.
1689236,0,simulated-sound,,Performed on a virtual ringing platform.
1688878,0,simulated-sound,,
1688779,0,simulated-sound,,
1688729,0,simulated-sound,,Performed on a virtual ringing platform.
1688718,0,simulated-sound,,Performed on a virtual ringing platform.
1804989,0,first-quarter,1,
1688759,0,automated-ringing,1,Abel
1688759,1,automated-ringing,2,Abel
1688759,2,automated-ringing,3,Abel
1688759,3,automated-ringing,4,Abel
1688759,4,automated-ringing,5,Abel
1688759,5,automated-ringing,6,Abel
1688759,6,automated-ringing,7,Abel
1688759,7,automated-ringing,8,Abel
1688759,8,simulated-sound,,Rung on eBells
1688613,0,automated-ringing,3,Wheatley
1688613,1,automated-ringing,4,Wheatley
1688613,2,automated-ringing,5,Wheatley
1688613,3,automated-ringing,6,Wheatley
1688613,4,simulated-sound,,Performed on a virtual ringing platform.
1688623,0,first-quarter,1,
1688565,0,automated-ringing,1,Abel
1688565,1,automated-ringing,2,Abel
1688565,2,automated-ringing,3,Abel
1688565,3,automated-ringing,4,Abel
1688565,4,automated-ringing,5,Abel
1688565,5,automated-ringing,6,Abel
1688565,6,simulated-sound,,Rung on eBells
1688433,0,first-quarter,6,
1688443,0,simulated-sound,,
1688401,0,automated-ringing,1,Abel
1688401,1,automated-ringing,2,Abel
1688401,2,automated-ringing,3,Abel
1688401,3,automated-ringing,4,Abel
1688401,4,automated-ringing,5,Abel
1688401,5,automated-ringing,6,Abel
1688401,6,simulated-sound,,
1701922,0,simulated-sound,,Performed on a virtual ringing platform.
1688411,0,simulated-sound,,Performed on a virtual ringing platform.
1720629,0,simulated-sound,,Rung on a peal of Saxilby Simulators with sound from virtual belfry
1688341,0,simulated-sound,,Performed on a virtual ringing platform.
1688317,0,simulated-sound,,Performed on a virtual ringing platform.
1720631,0,simulated-sound,,Rung on a peal of Saxilby Simulators with sound from virtual belfry
1690674,0,automated-ringing,1,Abel
1690674,1,automated-ringing,2,Abel
1690674,2,automated-ringing,3,Abel
1690674,3,automated-ringing,4,Abel
1690674,4,automated-ringing,5,Abel
1690674,5,automated-ringing,6,Abel
1690674,6,simulated-sound,,Rung on eBells
1688012,0,first-quarter,6,
1688077,0,simulated-sound,,Performed on a virtual ringing platform.
1687523,0,simulated-sound,,Performed on a ring of dumb bells.
1687679,0,automated-ringing,1,Wheatley
1687679,1,automated-ringing,2,Wheatley
1687679,2,automated-ringing,5,Wheatley
1687679,3,automated-ringing,6,Wheatley
1687679,4,simulated-sound,,Performed on a virtual ringing platform.
1687625,0,first-peal,8,
1687582,0,automated-ringing,1,Abel
1687582,1,automated-ringing,2,Abel
1687582,2,automated-ringing,3,Abel
1687582,3,automated-ringing,4,Abel
1687582,4,automated-ringing,5,Abel
1687582,5,automated-ringing,6,Abel
1687582,6,simulated-sound,,Rung on eBells
1687170,0,first-quarter,6,
1687410,0,first-quarter,6,
1686972,0,first-quarter,6,
1687297,0,automated-ringing,1,Abel
1687297,1,automated-ringing,2,Abel
1687297,2,automated-ringing,3,Abel
1687297,3,automated-ringing,4,Abel
1687297,4,automated-ringing,5,Abel
1687297,5,automated-ringing,6,Abel
1687297,6,simulated-sound,,
1687440,0,simulated-sound,,Performed on a virtual ringing platform.
1687314,0,simulated-sound,,Performed on a virtual ringing platform.
1687045,0,simulated-sound,,Performed on a virtual ringing platform.
1687399,0,first-peal,6,
1686925,0,simulated-sound,,Performed on a ring of dumb bells.
1686932,0,simulated-sound,,Performed on a virtual ringing platform.
1686891,0,simulated-sound,,Performed on a virtual ringing platform.
1686910,0,simulated-sound,,Performed on a virtual ringing platform.
1686830,0,automated-ringing,1,Abel
1686830,1,automated-ringing,2,Abel
1686830,2,automated-ringing,3,Abel
1686830,3,automated-ringing,4,Abel
1686830,4,automated-ringing,5,Abel
1686830,5,automated-ringing,6,Abel
1686830,6,simulated-sound,,Rung on eBells
1686554,0,first-quarter,6,
1686536,0,simulated-sound,,Performed on a virtual ringing platform.
1686546,0,first-peal,2,
1686546,1,first-peal,4,
1686481,0,automated-ringing,1,Abel
1686481,1,automated-ringing,2,Abel
1686481,2,automated-ringing,3,Abel
1686481,3,automated-ringing,4,Abel
1686481,4,automated-ringing,5,Abel
1686481,5,automated-ringing,6,Abel
1686481,6,simulated-sound,,Rung on eBells
1688566,0,automated-ringing,1,Abel
1688566,1,automated-ringing,2,Abel
1688566,2,automated-ringing,3,Abel
1688566,3,automated-ringing,4,Abel
1688566,4,automated-ringing,5,Abel
1688566,5,automated-ringing,6,Abel
1688566,6,simulated-sound,,Rung on eBells
1686332,0,automated-ringing,1,Abel
1686332,1,automated-ringing,2,Abel
1686332,2,automated-ringing,3,Abel
1686332,3,automated-ringing,4,Abel
1686332,4,automated-ringing,5,Abel
1686332,5,automated-ringing,6,Abel
1686332,6,simulated-sound,,Rung on eBells
1803359,0,automated-ringing,2,Virtual Belfry
1803359,1,automated-ringing,3,Virtual Belfry
1803359,2,automated-ringing,4,Virtual Belfry
1803359,3,automated-ringing,5,Virtual Belfry
1803359,4,automated-ringing,6,Virtual Belfry
1803359,5,automated-ringing,7,Virtual Belfry
1803359,6,automated-ringing,8,Virtual Belfry
1803359,7,automated-ringing,9,Virtual Belfry
1803359,8,automated-ringing,10,Virtual Belfry
1803359,9,simulated-sound,,
1685503,0,first-quarter,6,
1685595,0,automated-ringing,1,Abel
1685595,1,automated-ringing,2,Abel
1685595,2,automated-ringing,3,Abel
1685595,3,automated-ringing,4,Abel
1685595,4,automated-ringing,5,Abel
1685595,5,automated-ringing,6,Abel
1685595,6,simulated-sound,,
1686571,0,simulated-sound,,Performed on a virtual ringing platform.
1685887,0,automated-ringing,1,Abel
1685887,1,automated-ringing,2,Abel
1685887,2,automated-ringing,3,Abel
1685887,3,automated-ringing,4,Abel
1685887,4,automated-ringing,5,Abel
1685887,5,automated-ringing,6,Abel
1685887,6,simulated-sound,,Rung on eBells
1803367,0,automated-ringing,1,Virtual Belfry
1803367,1,automated-ringing,2,Virtual Belfry
1803367,2,automated-ringing,3,Virtual Belfry
1803367,3,automated-ringing,4,Virtual Belfry
1803367,4,automated-ringing,5,Virtual Belfry
1803367,5,automated-ringing,6,Virtual Belfry
1803367,6,automated-ringing,7,Virtual Belfry
1803367,7,simulated-sound,,
1705057,0,simulated-sound,,
1712540,0,automated-ringing,1,Abel
1712540,1,automated-ringing,2,Abel
1712540,2,automated-ringing,3,Abel
1712540,3,automated-ringing,4,Abel
1712540,4,automated-ringing,5,Abel
1712540,5,automated-ringing,6,Abel
1712540,6,automated-ringing,7,Abel
1712540,7,automated-ringing,8,Abel
1712540,8,automated-ringing,9,Abel
1712540,9,automated-ringing,10,Abel
1712540,10,automated-ringing,11,Abel
1712540,11,automated-ringing,12,Abel
1712540,12,simulated-sound,,
1704903,0,simulated-sound,,Performed on a virtual ringing platform.
1704898,0,simulated-sound,,Performed on a virtual ringing platform.
1705427,0,simulated-sound,,Performed on a virtual ringing platform.
1705068,0,simulated-sound,,Performed on a virtual ringing platform.
1704941,0,simulated-sound,,Performed on a virtual ringing platform.
1704970,0,first-peal,1,
1704970,1,first-peal,3,
1704650,0,simulated-sound,,Performed on a virtual ringing platform.
1704654,0,simulated-sound,,Performed on a virtual ringing platform.
1704421,0,simulated-sound,,Performed on a virtual ringing platform.
1704529,0,first-quarter,1,
1704258,0,simulated-sound,,
1704274,0,first-quarter,1,
1704274,1,first-quarter,6,
1705016,0,simulated-sound,,Performed on a virtual ringing platform.
1704758,0,simulated-sound,,Performed on a virtual ringing platform.
1704202,0,simulated-sound,,Performed on a virtual ringing platform.
1704062,0,simulated-sound,,Performed on a virtual ringing platform.
1732321,0,first-quarter,6,
1703850,0,first-quarter,6,
1703787,0,simulated-sound,,
1703959,0,first-quarter,6,
1704064,0,first-quarter,6,
1703877,0,simulated-sound,,
1703802,0,simulated-sound,,
1703893,0,first-quarter,1,
1704007,0,first-peal,1,
1703891,0,first-quarter,6,
1703618,0,first-quarter,6,
1704853,0,first-peal,8,
1703538,0,first-quarter,8,
1712735,0,automated-ringing,1,Abel
1712735,1,automated-ringing,2,Abel
1712735,2,automated-ringing,3,Abel
1712735,3,automated-ringing,4,Abel
1712735,4,automated-ringing,5,Abel
1712735,5,automated-ringing,6,Abel
1712735,6,automated-ringing,7,Abel
1712735,7,automated-ringing,8,Abel
1712735,8,automated-ringing,9,Abel
1712735,9,automated-ringing,10,Abel
1712735,10,automated-ringing,11,Abel
1712735,11,automated-ringing,12,Abel
1712735,12,automated-ringing,13,Abel
1712735,13,automated-ringing,14,Abel
1712735,14,simulated-sound,,
1703306,0,simulated-sound,,Performed on a virtual ringing platform.
1703143,0,simulated-sound,,Performed on a virtual ringing platform.
1703341,0,first-quarter,6,
1703211,0,simulated-sound,,
1702970,0,first-quarter,1,
1702992,0,first-quarter,6,
1703043,0,simulated-sound,,Performed on a virtual ringing platform.
1702912,0,simulated-sound,,Performed on a virtual ringing platform.
1702847,0,simulated-sound,,Performed on a virtual ringing platform.
1703004,0,automated-ringing,1,Wheatley
1703004,1,automated-ringing,2,Wheatley
1703004,2,automated-ringing,5,Wheatley
1703004,3,automated-ringing,6,Wheatley
1703004,4,simulated-sound,,Performed on a virtual ringing platform.
1702990,0,first-quarter,6,
1702636,0,first-quarter,1,
1702571,0,simulated-sound,,Performed on a virtual ringing platform.
1702620,0,simulated-sound,,Performed on a virtual ringing platform.
1702242,0,simulated-sound,,
1702262,0,simulated-sound,,Performed on a virtual ringing platform.
1701974,0,simulated-sound,,Performed on a virtual ringing platform.
1702198,0,first-quarter,1,
1961756,0,first-quarter,1,
1701844,0,simulated-sound,,
1701831,0,false,,
1830983,0,first-quarter,6,
1701925,0,simulated-sound,,Performed on a ring of dumb bells.
1702261,0,simulated-sound,,Performed on a virtual ringing platform.
1701835,0,simulated-sound,,Performed on a virtual ringing platform.
1701931,0,simulated-sound,,Performed on a virtual ringing platform.
1701763,0,simulated-sound,,Performed on a virtual ringing platform.
1701656,0,first-quarter,6,
1701410,0,first-peal,8,
1701043,0,first-quarter,6,
1830981,0,first-quarter,6,
1701108,0,first-quarter,6,
1701237,0,simulated-sound,,
1701166,0,automated-ringing,1,Abel
1701166,1,automated-ringing,2,Abel
1701166,2,automated-ringing,3,Abel
1701166,3,automated-ringing,4,Abel
1701166,4,automated-ringing,5,Abel
1701166,5,automated-ringing,6,Abel
1701166,6,simulated-sound,,
1701417,0,automated-ringing,1,Wheatley
1701417,1,automated-ringing,2,Wheatley
1701417,2,automated-ringing,3,Wheatley
1701417,3,automated-ringing,4,Wheatley
1701417,4,automated-ringing,6,Wheatley
1701417,5,automated-ringing,7,Wheatley
1701417,6,automated-ringing,8,Wheatley
1701417,7,automated-ringing,10,Wheatley
1701417,8,simulated-sound,,Performed on a virtual ringing platform.
1703718,0,first-quarter,1,
1700729,0,first-peal,6,
1700924,0,first-peal,1,
1700924,1,first-peal,2,
1700773,0,first-quarter,3,
1700827,0,first-quarter,6,
1700702,0,first-quarter,6,
1738304,0,first-quarter,6,
1738302,0,first-quarter,6,
1700632,0,first-quarter,1,
1700632,1,first-quarter,3,
1700610,0,simulated-sound,,
1700635,0,simulated-sound,,Performed on a virtual ringing platform.
1700533,0,simulated-sound,,Performed on a virtual ringing platform.
1700277,0,simulated-sound,,Performed on a virtual ringing platform.
1699583,0,simulated-sound,,Performed on a virtual ringing platform.
1700043,0,simulated-sound,,Performed on a virtual ringing platform.
1699520,0,first-quarter,6,
1699496,0,first-quarter,1,
1699532,0,first-quarter,3,
1699541,0,simulated-sound,,Performed on a virtual ringing platform.
1699466,0,simulated-sound,,Performed on a virtual ringing platform.
1699486,0,simulated-sound,,Performed on a virtual ringing platform.
1699315,0,first-quarter,1,
1699315,1,first-quarter,2,
1953135,0,automated-ringing,1,Abel
1953135,1,automated-ringing,2,Abel
1953135,2,automated-ringing,3,Abel
1953135,3,automated-ringing,4,Abel
1953135,4,simulated-sound,,Rung on eBells
1699416,0,first-quarter,6,
1699069,0,first-quarter,1,
1699070,0,automated-ringing,1,Abel
1699070,1,automated-ringing,2,Abel
1699070,2,automated-ringing,3,Abel
1699070,3,automated-ringing,4,Abel
1699070,4,automated-ringing,5,Abel
1699070,5,automated-ringing,6,Abel
1699070,6,automated-ringing,7,Abel
1699070,7,automated-ringing,8,Abel
1699070,8,automated-ringing,9,Abel
1699070,9,automated-ringing,10,Abel
1699070,10,simulated-sound,,
1699179,0,simulated-sound,,Performed on a virtual ringing platform.
1699254,0,first-quarter,6,
1698851,0,simulated-sound,,
1698760,0,first-quarter,6,
1698839,0,simulated-sound,,Performed on a ring of dumb bells.
1699578,0,simulated-sound,,Performed on a virtual ringing platform.
1698893,0,simulated-sound,,Performed on a virtual ringing platform.
1698808,0,simulated-sound,,Performed on a virtual ringing platform.
1698916,0,first-quarter,1,
1698535,0,first-quarter,6,
1902657,0,first-quarter,1,
1698541,0,simulated-sound,,Performed on a virtual ringing platform.
1698355,0,first-quarter,6,
1698252,0,first-quarter,2,
1698252,1,first-quarter,3,
1697819,0,first-quarter,1,
1698882,0,simulated-sound,,Performed on a virtual ringing platform.
1698099,0,first-quarter,1,
1803366,0,automated-ringing,1,Virtual Belfry
1803366,1,automated-ringing,3,Virtual Belfry
1803366,2,automated-ringing,4,Virtual Belfry
1803366,3,automated-ringing,5,Virtual Belfry
1803366,4,automated-ringing,6,Virtual Belfry
1803366,5,automated-ringing,7,Virtual Belfry
1803366,6,automated-ringing,8,Virtual Belfry
1803366,7,simulated-sound,,
1697693,0,first-quarter,1,
1698143,0,simulated-sound,,Performed on a virtual ringing platform.
1697597,0,automated-ringing,1,Abel
1697597,1,automated-ringing,2,Abel
1697597,2,automated-ringing,3,Abel
1697597,3,automated-ringing,4,Abel
1697597,4,simulated-sound,,Rung on eBells
1803365,0,automated-ringing,1,Virtual Belfry
1803365,1,automated-ringing,2,Virtual Belfry
1803365,2,automated-ringing,3,Virtual Belfry
1803365,3,automated-ringing,4,Virtual Belfry
1803365,4,automated-ringing,5,Virtual Belfry
1803365,5,simulated-sound,,
1697475,0,simulated-sound,,Performed on a ring of dumb bells.
1697475,1,first-quarter,1,
1697357,0,simulated-sound,,Performed on a virtual ringing platform.
1697293,0,simulated-sound,,Performed on a virtual ringing platform.
1697051,0,first-quarter,6,
1696915,0,automated-ringing,1,Wheatley
1696915,1,automated-ringing,2,Wheatley
1696915,2,automated-ringing,3,Wheatley
1696915,3,automated-ringing,4,Wheatley
1696915,4,automated-ringing,5,Wheatley
1696915,5,automated-ringing,6,Wheatley
1696915,6,automated-ringing,8,Wheatley
1696915,7,simulated-sound,,Performed on a virtual ringing platform.
1696936,0,automated-ringing,1,Abel
1696936,1,automated-ringing,2,Abel
1696936,2,automated-ringing,3,Abel
1696936,3,automated-ringing,4,Abel
1696936,4,automated-ringing,5,Abel
1696936,5,automated-ringing,6,Abel
1696936,6,simulated-sound,,Rung on eBells
1696913,0,automated-ringing,1,Abel
1696913,1,automated-ringing,2,Abel
1696913,2,automated-ringing,3,Abel
1696913,3,automated-ringing,4,Abel
1696913,4,automated-ringing,5,Abel
1696913,5,automated-ringing,6,Abel
1696913,6,simulated-sound,,Rung on eBells
1697235,0,first-quarter,1,
1697235,1,first-quarter,6,
1696636,0,simulated-sound,,
1696630,0,first-quarter,1,
1696653,0,automated-ringing,2,Abel
1696653,1,automated-ringing,3,Abel
1696653,2,automated-ringing,4,Abel
1696653,3,automated-ringing,5,Abel
1696653,4,automated-ringing,6,Abel
1696653,5,simulated-sound,,
1696687,0,simulated-sound,,Performed on a virtual ringing platform.
1696621,0,simulated-sound,,Performed on a virtual ringing platform.
1696612,0,simulated-sound,,Performed on a virtual ringing platform.
1696594,0,simulated-sound,,Performed on a virtual ringing platform.
1696631,0,automated-ringing,1,Abel
1696631,1,automated-ringing,2,Abel
1696631,2,automated-ringing,3,Abel
1696631,3,automated-ringing,4,Abel
1696631,4,automated-ringing,5,Abel
1696631,5,automated-ringing,6,Abel
1696631,6,simulated-sound,,Rung on eBells
1696584,0,automated-ringing,1,Abel
1696584,1,automated-ringing,2,Abel
1696584,2,automated-ringing,3,Abel
1696584,3,automated-ringing,4,Abel
1696584,4,automated-ringing,5,Abel
1696584,5,automated-ringing,6,Abel
1696584,6,simulated-sound,,Rung on eBells
1696670,0,first-quarter,8,
1696377,0,simulated-sound,,Performed on a ring of dumb bells.
1698890,0,simulated-sound,,Performed on a virtual ringing platform.
1695925,0,first-quarter,1,
1695760,0,first-quarter,1,
1695950,0,first-quarter,6,
1696216,0,first-quarter,1,
1696094,0,first-quarter,1,
1695814,0,first-quarter,1,
1696005,0,simulated-sound,,Performed on a virtual ringing platform.
1695907,0,first-quarter,5,
1978290,0,first-quarter,6,
1696462,0,first-quarter,1,
1695427,0,first-quarter,6,
1695431,0,first-quarter,1,
1695518,0,automated-ringing,1,Abel
1695518,1,automated-ringing,2,Abel
1695518,2,automated-ringing,3,Abel
1695518,3,automated-ringing,4,Abel
1695518,4,automated-ringing,5,Abel
1695518,5,automated-ringing,6,Abel
1695518,6,automated-ringing,7,Abel
1695518,7,automated-ringing,8,Abel
1695518,8,automated-ringing,9,Abel
1695518,9,automated-ringing,10,Abel
1695518,10,simulated-sound,,
1695658,0,first-peal,2,
1695658,1,first-peal,4,
1747986,0,first-quarter,1,
1695394,0,first-quarter,1,
1695436,0,first-peal,2,
1695659,0,automated-ringing,1,Abel
1695659,1,automated-ringing,2,Abel
1695659,2,automated-ringing,5,Abel
1695659,3,automated-ringing,6,Abel
1695659,4,simulated-sound,,Rung on eBells
1695484,0,automated-ringing,1,Abel
1695484,1,automated-ringing,2,Abel
1695484,2,automated-ringing,3,Abel
1695484,3,automated-ringing,4,Abel
1695484,4,automated-ringing,5,Abel
1695484,5,automated-ringing,6,Abel
1695484,6,simulated-sound,,Rung on eBells
1695373,0,first-quarter,3,
1695326,0,simulated-sound,,
1696399,0,simulated-sound,,Performed on a virtual ringing platform.
1695282,0,simulated-sound,,Performed on a virtual ringing platform.
1695269,0,simulated-sound,,Performed on a virtual ringing platform.
1696599,0,simulated-sound,,Performed on a virtual ringing platform.
1695189,0,simulated-sound,,Performed on a virtual ringing platform.
1695256,0,new-method,,
1695278,0,first-quarter,1,
1716291,0,new-method,,
1813042,0,first-quarter,1,
1716545,0,simulated-sound,,Performed on a virtual ringing platform.
1716546,0,simulated-sound,,Performed on a virtual ringing platform.
1716402,0,simulated-sound,,Performed on a virtual ringing platform.
1716186,0,first-quarter,6,
1716452,0,first-quarter,1,
1716342,0,first-quarter,6,
1716068,0,automated-ringing,1,Abel
1716068,1,automated-ringing,2,Abel
1716068,2,automated-ringing,3,Abel
1716068,3,automated-ringing,4,Abel
1716068,4,automated-ringing,5,Abel
1716068,5,automated-ringing,6,Abel
1716068,6,simulated-sound,,Rung on eBells
1715629,0,simulated-sound,,
1715342,0,simulated-sound,,Performed on a virtual ringing platform.
1715690,0,automated-ringing,1,Wheatley
1715690,1,automated-ringing,2,Wheatley
1715690,2,automated-ringing,5,Wheatley
1715690,3,automated-ringing,6,Wheatley
1715690,4,simulated-sound,,Performed on a virtual ringing platform.
1803372,0,automated-ringing,2,Virtual Belfry
1803372,1,automated-ringing,3,Virtual Belfry
1803372,2,automated-ringing,4,Virtual Belfry
1803372,3,automated-ringing,5,Virtual Belfry
1803372,4,automated-ringing,6,Virtual Belfry
1803372,5,automated-ringing,7,Virtual Belfry
1803372,6,automated-ringing,8,Virtual Belfry
1803372,7,automated-ringing,9,Virtual Belfry
1803372,8,automated-ringing,10,Virtual Belfry
1803372,9,simulated-sound,,
1715034,0,simulated-sound,,
1715073,0,simulated-sound,,Performed on a virtual ringing platform.
1714952,0,simulated-sound,,Performed on a virtual ringing platform.
1714499,0,simulated-sound,,
1714477,0,simulated-sound,,
1714467,0,automated-ringing,1,Abel
1714467,1,automated-ringing,2,Abel
1714467,2,automated-ringing,3,Abel
1714467,3,automated-ringing,4,Abel
1714467,4,automated-ringing,5,Abel
1714467,5,automated-ringing,6,Abel
1714467,6,automated-ringing,7,Abel
1714467,7,automated-ringing,8,Abel
1714467,8,automated-ringing,9,Abel
1714467,9,automated-ringing,10,Abel
1714467,10,simulated-sound,,
1714529,0,simulated-sound,,Performed on a virtual ringing platform.
1714428,0,simulated-sound,,Performed on a virtual ringing platform.
1714469,0,simulated-sound,,Performed on a virtual ringing platform.
1714433,0,simulated-sound,,Performed on a virtual ringing platform.
1714444,0,simulated-sound,,Performed on a virtual ringing platform.
1714476,0,simulated-sound,,Performed on a virtual ringing platform.
1714394,0,first-quarter,3,
1714394,1,first-quarter,4,
1714394,2,first-quarter,5,
1714394,3,first-quarter,6,
1714331,0,first-quarter,1,
1714383,0,simulated-sound,,
1714383,1,first-quarter,6,
1714368,0,simulated-sound,,
1714393,0,simulated-sound,,Performed on a virtual ringing platform.
1714276,0,simulated-sound,,
1714291,0,simulated-sound,,Performed on a virtual ringing platform.
1714390,0,simulated-sound,,Performed on a virtual ringing platform.
1714171,0,simulated-sound,,Performed on a virtual ringing platform.
1714164,0,simulated-sound,,Performed on a virtual ringing platform.
1803371,0,automated-ringing,1,Virtual Belfry
1803371,1,automated-ringing,3,Virtual Belfry
1803371,2,automated-ringing,4,Virtual Belfry
1803371,3,automated-ringing,5,Virtual Belfry
1803371,4,automated-ringing,6,Virtual Belfry
1803371,5,automated-ringing,7,Virtual Belfry
1803371,6,automated-ringing,8,Virtual Belfry
1803371,7,simulated-sound,,
1714079,0,simulated-sound,,
1714036,0,automated-ringing,1,Abel
1714036,1,automated-ringing,2,Abel
1714036,2,automated-ringing,3,Abel
1714036,3,automated-ringing,4,Abel
1714036,4,automated-ringing,5,Abel
1714036,5,automated-ringing,6,Abel
1714036,6,automated-ringing,7,Abel
1714036,7,automated-ringing,8,Abel
1714036,8,automated-ringing,9,Abel
1714036,9,automated-ringing,10,Abel
1714036,10,automated-ringing,11,Abel
1714036,11,automated-ringing,12,Abel
1714036,12,simulated-sound,,
1714110,0,simulated-sound,,Performed on a virtual ringing platform.
1714102,0,simulated-sound,,Performed on a virtual ringing platform.
1714041,0,simulated-sound,,Performed on a virtual ringing platform.
1713409,0,simulated-sound,,Performed on a virtual ringing platform.
1713344,0,first-quarter,1,
1713387,0,first-quarter,6,
1713422,0,first-quarter,6,
1713039,0,simulated-sound,,
1717652,0,first-quarter,6,
1713102,0,first-quarter,6,
1713370,0,automated-ringing,1,Wheatley
1713370,1,automated-ringing,2,Wheatley
1713370,2,automated-ringing,3,Wheatley
1713370,3,automated-ringing,4,Wheatley
1713370,4,automated-ringing,6,Wheatley
1713370,5,automated-ringing,7,Wheatley
1713370,6,automated-ringing,8,Wheatley
1713370,7,automated-ringing,10,Wheatley
1713370,8,simulated-sound,,Performed on a virtual ringing platform.
1713306,0,simulated-sound,,Performed on a virtual ringing platform.
1712582,0,simulated-sound,,
1712581,0,simulated-sound,,
1715989,0,first-quarter,1,
1712571,0,simulated-sound,,Performed on a virtual ringing platform.
1712506,0,simulated-sound,,Performed on a virtual ringing platform.
1712169,0,simulated-sound,,Performed on a virtual ringing platform.
1712474,0,automated-ringing,1,Wheatley
1712474,1,automated-ringing,2,Wheatley
1712474,2,automated-ringing,3,Wheatley
1712474,3,automated-ringing,4,Wheatley
1712474,4,simulated-sound,,Performed on a virtual ringing platform.
1712217,0,simulated-sound,,Performed on a virtual ringing platform.
1712112,0,simulated-sound,,
1711837,0,first-quarter,1,
1711708,0,simulated-sound,,
1711706,0,simulated-sound,,
1711775,0,automated-ringing,1,Abel
1711775,1,automated-ringing,2,Abel
1711775,2,automated-ringing,3,Abel
1711775,3,automated-ringing,4,Abel
1711775,4,automated-ringing,5,Abel
1711775,5,automated-ringing,6,Abel
1711775,6,automated-ringing,7,Abel
1711775,7,automated-ringing,8,Abel
1711775,8,automated-ringing,9,Abel
1711775,9,automated-ringing,10,Abel
1711775,10,simulated-sound,,
1711840,0,simulated-sound,,Performed on a virtual ringing platform.
1711602,0,simulated-sound,,
1711629,0,simulated-sound,,Performed on a virtual ringing platform.
1711610,0,simulated-sound,,Performed on a virtual ringing platform.
1711531,0,simulated-sound,,Performed on a virtual ringing platform.
1713087,0,first-quarter,2,
1711380,0,simulated-sound,,Performed on a virtual ringing platform.
1711312,0,simulated-sound,,Performed on a virtual ringing platform.
1711291,0,simulated-sound,,Performed on a virtual ringing platform.
1711366,0,first-quarter,1,
1711124,0,first-quarter,6,
1711175,0,first-quarter,1,
1711056,0,first-quarter,1,
1711080,0,first-quarter,1,
1710993,0,first-quarter,1,
1711131,0,automated-ringing,5,Wheatley
1711131,1,automated-ringing,6,Wheatley
1711131,2,simulated-sound,,Performed on a virtual ringing platform.
1711110,0,simulated-sound,,Performed on a virtual ringing platform.
1711062,0,first-quarter,6,
1710975,0,first-quarter,6,
1710593,0,first-peal,10,
1710878,0,first-quarter,6,
1710665,0,first-quarter,6,
1710668,0,first-quarter,6,
1710813,0,first-peal,1,
1710813,1,first-peal,6,
1710550,0,first-quarter,1,
1710666,0,first-quarter,1,
1710666,1,first-quarter,6,
1710611,0,first-peal,3,
1710554,0,first-peal,1,
1711533,0,first-quarter,8,
1902593,0,first-peal,5,
1803370,0,automated-ringing,1,Virtual Belfry
1803370,1,automated-ringing,3,Virtual Belfry
1803370,2,automated-ringing,4,Virtual Belfry
1803370,3,automated-ringing,5,Virtual Belfry
1803370,4,automated-ringing,6,Virtual Belfry
1803370,5,automated-ringing,7,Virtual Belfry
1803370,6,automated-ringing,8,Virtual Belfry
1803370,7,simulated-sound,,
1710230,0,first-quarter,1,
1710230,1,first-quarter,2,
1710229,0,first-quarter,1,
1710229,1,first-quarter,2,
1710310,0,first-quarter,6,
1710349,0,simulated-sound,,A farmyard quarter peal with animals instead of bells? Yep.
1710435,0,first-quarter,1,
1710357,0,simulated-sound,,Performed on a virtual ringing platform.
1710288,0,simulated-sound,,Performed on a virtual ringing platform.
1709996,0,first-quarter,1,
1709779,0,first-quarter,1,
1913074,0,simulated-sound,,Performed on a virtual ringing platform.
1709802,0,simulated-sound,,Performed on a virtual ringing platform.
1709705,0,simulated-sound,,Performed on a virtual ringing platform.
1709812,0,automated-ringing,1,Wheatley
1709812,1,automated-ringing,2,Wheatley
1709812,2,automated-ringing,5,Wheatley
1709812,3,automated-ringing,6,Wheatley
1709812,4,simulated-sound,,Performed on a virtual ringing platform.
1709421,0,first-quarter,5,
1709354,0,first-quarter,1,
1709393,0,lost-attempt,,Miscalled
1709309,0,simulated-sound,,Performed on a virtual ringing platform.
1709273,0,first-quarter,6,
1708848,0,automated-ringing,1,Abel
1708848,1,automated-ringing,2,Abel
1708848,2,automated-ringing,3,Abel
1708848,3,automated-ringing,4,Abel
1708848,4,automated-ringing,5,Abel
1708848,5,automated-ringing,6,Abel
1708848,6,simulated-sound,,
1709038,0,simulated-sound,,Performed on a virtual ringing platform.
1708597,0,simulated-sound,,
1708628,0,first-quarter,6,
1708598,0,first-quarter,6,
1708587,0,simulated-sound,,Performed on a virtual ringing platform.
1709311,0,simulated-sound,,Performed on a virtual ringing platform.
1708593,0,first-quarter,2,
1708509,0,automated-ringing,1,Abel
1708509,1,automated-ringing,2,Abel
1708509,2,automated-ringing,3,Abel
1708509,3,automated-ringing,4,Abel
1708509,4,automated-ringing,5,Abel
1708509,5,automated-ringing,6,Abel
1708509,6,simulated-sound,,Rung on eBells
1708151,0,first-quarter,4,
1708111,0,first-quarter,6,
1708114,0,first-quarter,1,
1708224,0,simulated-sound,,Performed on a virtual ringing platform.
1708228,0,simulated-sound,,Performed on a virtual ringing platform.
1708101,0,first-quarter,1,
1707883,0,first-quarter,6,
1707692,0,first-quarter,1,
1707730,0,first-quarter,5,
1813043,0,first-quarter,6,
1707643,0,first-peal,1,
1707542,0,simulated-sound,,Performed on a virtual ringing platform.
1707502,0,simulated-sound,,Performed on a virtual ringing platform.
1707489,0,simulated-sound,,Performed on a virtual ringing platform.
1707453,0,automated-ringing,1,Wheatley
1707453,1,automated-ringing,2,Wheatley
1707453,2,automated-ringing,3,Wheatley
1707453,3,automated-ringing,4,Wheatley
1707453,4,automated-ringing,6,Wheatley
1707453,5,automated-ringing,7,Wheatley
1707453,6,automated-ringing,8,Wheatley
1707453,7,simulated-sound,,Performed on a virtual ringing platform.
1707352,0,simulated-sound,,Performed on a virtual ringing platform.
1707476,0,simulated-sound,,Performed on a virtual ringing platform.
1708607,0,simulated-sound,,
1707252,0,simulated-sound,,
1707305,0,first-quarter,6,
1707242,0,simulated-sound,,
1707421,0,first-quarter,1,
1707421,1,first-quarter,5,
1707421,2,first-quarter,6,
1707276,0,simulated-sound,,Performed on a virtual ringing platform.
1707072,0,simulated-sound,,Performed on a virtual ringing platform.
1706901,0,first-quarter,1,
1706868,0,simulated-sound,,Performed on a virtual ringing platform.
1706934,0,first-quarter,6,
1708946,0,first-quarter,1,
1803369,0,automated-ringing,1,Virtual Belfry
1803369,1,automated-ringing,2,Virtual Belfry
1803369,2,automated-ringing,3,Virtual Belfry
1803369,3,automated-ringing,4,Virtual Belfry
1803369,4,automated-ringing,5,Virtual Belfry
1803369,5,automated-ringing,6,Virtual Belfry
1803369,6,automated-ringing,7,Virtual Belfry
1803369,7,automated-ringing,8,Virtual Belfry
1803369,8,automated-ringing,9,Virtual Belfry
1803369,9,simulated-sound,,
1706650,0,first-quarter,1,
1712541,0,automated-ringing,1,Abel
1712541,1,automated-ringing,2,Abel
1712541,2,automated-ringing,3,Abel
1712541,3,automated-ringing,4,Abel
1712541,4,automated-ringing,5,Abel
1712541,5,automated-ringing,6,Abel
1712541,6,automated-ringing,7,Abel
1712541,7,automated-ringing,8,Abel
1712541,8,automated-ringing,9,Abel
1712541,9,automated-ringing,10,Abel
1712541,10,automated-ringing,11,Abel
1712541,11,automated-ringing,12,Abel
1712541,12,automated-ringing,13,Abel
1712541,13,automated-ringing,14,Abel
1712541,14,simulated-sound,,
1706695,0,simulated-sound,,Performed on a virtual ringing platform.
1706739,0,simulated-sound,,Performed on a virtual ringing platform.
1706628,0,automated-ringing,1,Wheatley
1706628,1,automated-ringing,2,Wheatley
1706628,2,automated-ringing,5,Wheatley
1706628,3,automated-ringing,6,Wheatley
1706628,4,simulated-sound,,Performed on a virtual ringing platform.
1803368,0,automated-ringing,1,Virtual Belfry
1803368,1,automated-ringing,2,Virtual Belfry
1803368,2,automated-ringing,3,Virtual Belfry
1803368,3,automated-ringing,4,Virtual Belfry
1803368,4,automated-ringing,5,Virtual Belfry
1803368,5,simulated-sound,,
1706472,0,simulated-sound,,
1706834,0,simulated-sound,,Performed on a virtual ringing platform.
1706515,0,simulated-sound,,Performed on a virtual ringing platform.
1706447,0,simulated-sound,,Performed on a virtual ringing platform.
1706192,0,first-quarter,1,
1831144,0,first-quarter,1,
1706068,0,first-quarter,6,
1706193,0,simulated-sound,,Performed on a virtual ringing platform.
1706230,0,simulated-sound,,Performed on a virtual ringing platform.
1705947,0,automated-ringing,1,Abel
1705947,1,automated-ringing,2,Abel
1705947,2,automated-ringing,3,Abel
1705947,3,automated-ringing,4,Abel
1705947,4,automated-ringing,5,Abel
1705947,5,automated-ringing,6,Abel
1705947,6,simulated-sound,,Rung on eBells
1705737,0,first-peal,1,
1706700,0,first-peal,2,
1705799,0,first-quarter,1,
1705394,0,simulated-sound,,
1705421,0,simulated-sound,,Performed on a virtual ringing platform.
1705425,0,simulated-sound,,Performed on a virtual ringing platform.
1705276,0,automated-ringing,1,Wheatley
1705276,1,automated-ringing,2,Wheatley
1705276,2,automated-ringing,3,Wheatley
1705276,3,automated-ringing,4,Wheatley
1705276,4,automated-ringing,6,Wheatley
1705276,5,automated-ringing,7,Wheatley
1705276,6,automated-ringing,8,Wheatley
1705276,7,simulated-sound,,Performed on a virtual ringing platform.
1705150,0,simulated-sound,,Performed on a virtual ringing platform.
1803373,0,automated-ringing,1,Virtual Belfry
1803373,1,automated-ringing,2,Virtual Belfry
1803373,2,automated-ringing,3,Virtual Belfry
1803373,3,automated-ringing,4,Virtual Belfry
1803373,4,automated-ringing,5,Virtual Belfry
1803373,5,simulated-sound,,
1735024,0,simulated-sound,,Performed on a virtual ringing platform.
1726809,0,simulated-sound,,
1726772,0,automated-ringing,1,Abel
1726772,1,automated-ringing,2,Abel
1726772,2,automated-ringing,3,Abel
1726772,3,automated-ringing,4,Abel
1726772,4,automated-ringing,5,Abel
1726772,5,automated-ringing,6,Abel
1726772,6,simulated-sound,,
1726747,0,simulated-sound,,Performed on a virtual ringing platform.
1726330,0,first-quarter,7,
1726330,1,first-quarter,8,
1726380,0,simulated-sound,,Performed on a virtual ringing platform.
1725858,0,simulated-sound,,
1725854,0,simulated-sound,,
1725814,0,first-quarter,6,
1725962,0,simulated-sound,,Performed on a virtual ringing platform.
1725520,0,first-quarter,6,
1725530,0,first-quarter,4,
1725330,0,first-quarter,6,
1725287,0,automated-ringing,1,Wheatley
1725287,1,automated-ringing,2,Wheatley
1725287,2,automated-ringing,5,Wheatley
1725287,3,automated-ringing,6,Wheatley
1725287,4,simulated-sound,,Performed on a virtual ringing platform.
1725321,0,first-quarter,6,
1725193,0,first-peal,3,
1725024,0,automated-ringing,1,Abel
1725024,1,automated-ringing,3,Abel
1725024,2,automated-ringing,4,Abel
1725024,3,automated-ringing,5,Abel
1725024,4,simulated-sound,,
1725131,0,first-quarter,1,
1725131,1,first-quarter,7,
1725131,2,first-quarter,8,
1727595,0,simulated-sound,,Performed on a virtual ringing platform.
1724735,0,simulated-sound,,
1724715,0,simulated-sound,,Performed on a virtual ringing platform.
1724184,0,first-quarter,6,
1724390,0,simulated-sound,,Performed on a virtual ringing platform.
1724353,0,first-quarter,6,
1724020,0,first-quarter,2,
1724760,0,simulated-sound,,Performed on a virtual ringing platform.
1724006,0,first-quarter,6,
1723899,0,automated-ringing,1,Abel
1723899,1,automated-ringing,2,Abel
1723899,2,automated-ringing,3,Abel
1723899,3,automated-ringing,4,Abel
1723899,4,automated-ringing,5,Abel
1723899,5,automated-ringing,6,Abel
1723899,6,simulated-sound,,
1724042,0,simulated-sound,,Performed on a virtual ringing platform.
1723686,0,first-quarter,6,
1723601,0,first-quarter,1,
1723524,0,first-quarter,6,
1723610,0,first-quarter,1,
1723610,1,first-quarter,2,
1723603,0,simulated-sound,,Performed on a virtual ringing platform.
1723593,0,simulated-sound,,Performed on a virtual ringing platform.
1723486,0,simulated-sound,,Performed on a virtual ringing platform.
1723246,0,simulated-sound,,Performed on a virtual ringing platform.
1723122,0,first-quarter,1,
1723122,1,first-quarter,6,
1723121,0,first-quarter,1,
1723121,1,first-quarter,6,
1723312,0,first-peal,8,
1723163,0,first-quarter,6,
1723173,0,first-quarter,6,
1762091,0,first-quarter,1,
1723102,0,first-quarter,6,
1723115,0,first-quarter,6,
1723228,0,simulated-sound,,Performed on a virtual ringing platform.
1723216,0,simulated-sound,,Performed on a virtual ringing platform.
1722947,0,first-quarter,6,
1723114,0,first-peal,1,
1723085,0,first-quarter,1,
1722336,0,first-quarter,1,
1722312,0,first-quarter,1,
1722588,0,first-quarter,1,
1722216,0,simulated-sound,,
1751513,0,lost-attempt,,Lost due to swappage
1722026,0,automated-ringing,1,Abel
1722026,1,automated-ringing,2,Abel
1722026,2,automated-ringing,3,Abel
1722026,3,automated-ringing,4,Abel
1722026,4,automated-ringing,5,Abel
1722026,5,automated-ringing,6,Abel
1722026,6,simulated-sound,,
1722240,0,simulated-sound,,Performed on a virtual ringing platform.
1723217,0,first-quarter,6,
1722905,0,first-quarter,6,
1769861,0,first-quarter,6,
1721915,0,simulated-sound,,Performed on a virtual ringing platform.
1779379,0,first-quarter,2,
1755964,0,first-quarter,6,
1721734,0,first-peal,1,
1721700,0,simulated-sound,,Performed on a virtual ringing platform.
1721614,0,simulated-sound,,Performed on a virtual ringing platform.
1721919,0,simulated-sound,,Performed on a virtual ringing platform.
1721663,0,first-quarter,6,
1721423,0,simulated-sound,,
1721292,0,automated-ringing,1,Abel
1721292,1,automated-ringing,2,Abel
1721292,2,automated-ringing,3,Abel
1721292,3,automated-ringing,4,Abel
1721292,4,automated-ringing,5,Abel
1721292,5,automated-ringing,6,Abel
1721292,6,simulated-sound,,
1721371,0,simulated-sound,,Performed on a virtual ringing platform.
1721358,0,simulated-sound,,Performed on a virtual ringing platform.
1721385,0,simulated-sound,,Performed on a virtual ringing platform.
1721370,0,simulated-sound,,Performed on a virtual ringing platform.
1721218,0,first-quarter,6,
1721218,1,first-quarter,8,
1727920,0,simulated-sound,,Performed on a virtual ringing platform.
1721231,0,simulated-sound,,Performed on a virtual ringing platform.
1721211,0,simulated-sound,,Performed on a virtual ringing platform.
1721036,0,first-quarter,5,
1720861,0,first-quarter,1,
1721379,0,first-quarter,8,
1720955,0,first-quarter,6,
1720721,0,first-quarter,1,
1720954,0,simulated-sound,,Performed on a virtual ringing platform.
1802830,0,simulated-sound,,Performed on a virtual ringing platform.
1720848,0,first-quarter,1,
1720843,0,first-quarter,2,
1720979,0,first-quarter,6,
1720485,0,first-quarter,4,
1935314,0,first-peal,2,
1720512,0,first-quarter,6,
1852824,0,first-quarter,6,
1720496,0,simulated-sound,,Performed on a ring of dumb bells.
1725764,0,first-quarter,6,
1720625,0,simulated-sound,,Rung on a peal of Saxilby Simulators with sound from virtual belfry.
1720625,1,first-quarter,6,
1720398,0,first-quarter,6,
1720471,0,first-quarter,6,
1720441,0,first-peal,1,
1720441,1,first-peal,2,
1720294,0,simulated-sound,,Performed on a virtual ringing platform.
1720312,0,automated-ringing,1,Wheatley
1720312,1,automated-ringing,2,Wheatley
1720312,2,automated-ringing,3,Wheatley
1720312,3,automated-ringing,4,Wheatley
1720312,4,automated-ringing,5,Wheatley
1720312,5,automated-ringing,6,Wheatley
1720312,6,automated-ringing,7,Wheatley
1720312,7,simulated-sound,,Performed on a virtual ringing platform.
1720669,0,first-quarter,6,
1720259,0,simulated-sound,,Performed on a virtual ringing platform.
1720202,0,simulated-sound,,Performed on a virtual ringing platform.
1720086,0,first-quarter,6,
1720626,0,simulated-sound,,Rung on a peal of Saxilby Simulators with sound from virtual belfry.
1720626,1,first-quarter,6,
1719652,0,simulated-sound,,Performed on a ring of dumb bells.
1719848,0,simulated-sound,,Performed on a virtual ringing platform.
1719552,0,first-quarter,3,
1719458,0,automated-ringing,1,Abel
1719458,1,automated-ringing,2,Abel
1719458,2,automated-ringing,3,Abel
1719458,3,automated-ringing,4,Abel
1719458,4,automated-ringing,5,Abel
1719458,5,automated-ringing,6,Abel
1719458,6,simulated-sound,,
1719454,0,simulated-sound,,Performed on a virtual ringing platform.
1719419,0,simulated-sound,,Performed on a virtual ringing platform.
1961758,0,first-quarter,1,
1719263,0,simulated-sound,,Performed on a virtual ringing platform.
1719180,0,simulated-sound,,Performed on a virtual ringing platform.
1719004,0,simulated-sound,,Performed on a virtual ringing platform.
1719316,0,first-quarter,1,
1718898,0,first-quarter,6,
1718673,0,first-quarter,1,
1718814,0,first-quarter,6,
1719116,0,first-quarter,1,
1719116,1,first-quarter,6,
1719104,0,first-quarter,1,
1719104,1,first-quarter,3,
1720244,0,first-quarter,6,
1718519,0,first-quarter,6,
1718557,0,simulated-sound,,Performed on a virtual ringing platform.
1718277,0,simulated-sound,,Performed on a virtual ringing platform.
1718219,0,automated-ringing,1,Abel
1718219,1,automated-ringing,2,Abel
1718219,2,automated-ringing,3,Abel
1718219,3,automated-ringing,4,Abel
1718219,4,automated-ringing,5,Abel
1718219,5,automated-ringing,6,Abel
1718219,6,simulated-sound,,
1718556,0,simulated-sound,,Performed on a virtual ringing platform.
1718224,0,simulated-sound,,Performed on a virtual ringing platform.
1718865,0,new-method,,
1718011,0,simulated-sound,,Performed on a ring of dumb bells.
1718323,0,simulated-sound,,Performed on a virtual ringing platform.
1717110,0,first-quarter,6,
1717365,0,simulated-sound,,Performed on a virtual ringing platform.
1717349,0,automated-ringing,1,Wheatley
1717349,1,automated-ringing,2,Wheatley
1717349,2,automated-ringing,5,Wheatley
1717349,3,automated-ringing,6,Wheatley
1717349,4,simulated-sound,,Performed on a virtual ringing platform.
1716924,0,first-quarter,6,
1716915,0,first-quarter,8,
1716932,0,simulated-sound,,Performed on a virtual ringing platform.
1716892,0,simulated-sound,,Performed on a virtual ringing platform.
1716842,0,simulated-sound,,Performed on a virtual ringing platform.
1716854,0,simulated-sound,,Performed on a virtual ringing platform.
1740020,0,new-method,,
1740026,0,first-quarter,3,
1740026,1,first-quarter,5,
1740026,2,first-quarter,6,
1740233,0,simulated-sound,,Performed on a virtual ringing platform.
1739828,0,simulated-sound,,Performed on a virtual ringing platform.
1739699,0,first-peal,2,
1739699,1,first-peal,4,
1739696,0,simulated-sound,,
1739708,0,first-quarter,6,
1739688,0,first-peal,1,
1740178,0,first-quarter,1,
1739391,0,simulated-sound,,Performed on a ring of dumb bells.
1739390,0,simulated-sound,,Rung on a peal of Saxilby Simulators
1773515,0,first-quarter,6,
1739209,0,automated-ringing,1,Abel
1739209,1,automated-ringing,2,Abel
1739209,2,automated-ringing,3,Abel
1739209,3,automated-ringing,4,Abel
1739209,4,automated-ringing,5,Abel
1739209,5,automated-ringing,6,Abel
1739209,6,automated-ringing,7,Abel
1739209,7,automated-ringing,8,Abel
1739209,8,simulated-sound,,
1739183,0,new-method,,
1739241,0,first-quarter,1,
1739241,1,first-quarter,6,
1738872,0,first-quarter,6,
1738807,0,first-quarter,1,
1738826,0,simulated-sound,,Performed on a virtual ringing platform.
1738843,0,simulated-sound,,Performed on a virtual ringing platform.
1738920,0,first-quarter,1,
1738743,0,first-quarter,6,
1740264,0,simulated-sound,,Performed on a virtual ringing platform.
1738479,0,simulated-sound,,Performed on a virtual ringing platform.
1777977,0,first-quarter,1,
1738333,0,first-quarter,1,
1736755,0,first-quarter,2,
1736386,0,first-quarter,1,
1738074,0,simulated-sound,,Performed on a virtual ringing platform.
1736706,0,simulated-sound,,Performed on a virtual ringing platform.
1736646,0,first-quarter,6,
1736194,0,first-quarter,1,
1947930,0,first-peal,8,
1736549,0,first-quarter,6,
1736333,0,first-quarter,6,
1736076,0,first-quarter,1,
1736107,0,simulated-sound,,Performed on a virtual ringing platform.
1736054,0,automated-ringing,1,Wheatley
1736054,1,automated-ringing,2,Wheatley
1736054,2,automated-ringing,5,Wheatley
1736054,3,automated-ringing,6,Wheatley
1736054,4,simulated-sound,,Performed on a virtual ringing platform.
1736078,0,first-quarter,6,
1735892,0,first-quarter,1,
1736046,0,simulated-sound,,Performed on a virtual ringing platform.
1735732,0,first-quarter,1,
1735315,0,first-quarter,1,
1735353,0,automated-ringing,1,Wheatley
1735353,1,automated-ringing,2,Wheatley
1735353,2,automated-ringing,5,Wheatley
1735353,3,automated-ringing,6,Wheatley
1735353,4,simulated-sound,,Performed on a virtual ringing platform.
1951185,0,first-quarter,6,
1735136,0,simulated-sound,,Performed on a virtual ringing platform.
1735018,0,simulated-sound,,Performed on a virtual ringing platform.
1735001,0,simulated-sound,,Performed on a virtual ringing platform.
1734707,0,automated-ringing,1,Abel
1734707,1,automated-ringing,2,Abel
1734707,2,automated-ringing,3,Abel
1734707,3,automated-ringing,4,Abel
1734707,4,automated-ringing,5,Abel
1734707,5,automated-ringing,6,Abel
1734707,6,automated-ringing,7,Abel
1734707,7,automated-ringing,8,Abel
1734707,8,simulated-sound,,
1734762,0,simulated-sound,,Performed on a virtual ringing platform.
1734414,0,first-quarter,1,
1734411,0,first-quarter,6,
1733865,0,first-quarter,1,
1733865,1,first-quarter,2,
1854041,0,first-quarter,6,
1734408,0,first-quarter,1,
1734408,1,first-quarter,6,
1733839,0,first-quarter,7,
1733839,1,first-quarter,8,
1733962,0,first-quarter,1,
1733686,0,simulated-sound,,
1733695,0,first-quarter,1,
1733583,0,first-peal,6,
1733716,0,first-quarter,1,
1733572,0,automated-ringing,1,Wheatley
1733572,1,automated-ringing,2,Wheatley
1733572,2,automated-ringing,3,Wheatley
1733572,3,automated-ringing,5,Wheatley
1733572,4,automated-ringing,6,Wheatley
1733572,5,automated-ringing,8,Wheatley
1733572,6,simulated-sound,,Performed on a virtual ringing platform.
1734761,0,simulated-sound,,Performed on a virtual ringing platform.
1733630,0,simulated-sound,,Performed on a virtual ringing platform.
1733567,0,simulated-sound,,Performed on a virtual ringing platform.
1733585,0,simulated-sound,,Rung on a peal of saxilby simulators with sound from virtual belfry
1801463,0,first-quarter,7,
1801463,1,first-quarter,8,
1733352,0,simulated-sound,,
1733352,1,first-quarter,1,
1754888,0,simulated-sound,,Performed on a virtual ringing platform.
1733457,0,simulated-sound,,Rung on a peal of Saxilby Simulators with sound from virtual belfry
1733153,0,first-quarter,1,
1733063,0,simulated-sound,,Performed on a virtual ringing platform.
1733002,0,simulated-sound,,Performed on a virtual ringing platform.
1733013,0,first-quarter,6,
1739186,0,first-quarter,6,
1732678,0,simulated-sound,,
1732631,0,simulated-sound,,Performed on a virtual ringing platform.
1732262,0,first-quarter,6,
1732301,0,first-quarter,6,
1733061,0,simulated-sound,,Performed on a virtual ringing platform.
1732240,0,simulated-sound,,Performed on a virtual ringing platform.
1732314,0,first-quarter,5,
1731836,0,first-quarter,6,
1731814,0,first-quarter,6,
1731745,0,first-quarter,1,
1731706,0,first-quarter,6,
1749462,0,first-quarter,6,
1732381,0,first-quarter,6,
1731781,0,first-quarter,6,
1731628,0,first-quarter,6,
1731619,0,first-quarter,6,
1731972,0,first-quarter,6,
1731857,0,simulated-sound,,Performed on a virtual ringing platform.
1731590,0,simulated-sound,,
1731750,0,first-quarter,6,
1731577,0,first-quarter,1,
1735260,0,first-quarter,4,
1735260,1,first-quarter,5,
1731141,0,first-quarter,6,
1731226,0,first-peal,4,
1732372,0,first-quarter,1,
1732372,1,first-quarter,4,
1745020,0,first-quarter,1,
1730955,0,first-quarter,6,
1730929,0,automated-ringing,1,Abel
1730929,1,automated-ringing,2,Abel
1730929,2,automated-ringing,3,Abel
1730929,3,automated-ringing,4,Abel
1730929,4,automated-ringing,5,Abel
1730929,5,automated-ringing,6,Abel
1730929,6,automated-ringing,7,Abel
1730929,7,automated-ringing,8,Abel
1730929,8,simulated-sound,,
1743346,0,simulated-sound,,Performed on a virtual ringing platform.
1730844,0,simulated-sound,,Performed on a virtual ringing platform.
1786212,0,first-quarter,7,
1730623,0,simulated-sound,,
1730677,0,first-quarter,6,
1731855,0,simulated-sound,,Performed on a virtual ringing platform.
1730593,0,simulated-sound,,Performed on a virtual ringing platform.
1730025,0,simulated-sound,,Performed on a virtual ringing platform.
1729928,0,simulated-sound,,Performed on a virtual ringing platform.
1730028,0,simulated-sound,,Performed on a virtual ringing platform.
1730893,0,new-method,,
1729044,0,first-quarter,1,
1729363,0,simulated-sound,,Performed on a virtual ringing platform.
1729303,0,simulated-sound,,Rung on a peal of Saxilby Simulators with sound from virtual belfry
1729303,1,first-quarter,7,
1728744,0,first-quarter,5,
1743348,0,simulated-sound,,Performed on a virtual ringing platform.
1729890,0,first-quarter,6,
1728470,0,first-quarter,1,
1728134,0,first-peal,2,
1728134,1,first-peal,5,
1728437,0,simulated-sound,,Performed on a virtual ringing platform.
1729799,0,simulated-sound,,Performed on a virtual ringing platform.
1728414,0,first-quarter,1,
1728553,0,lost-attempt,,Did not come round due to late shift.
1728463,0,first-quarter,1,
1947931,0,first-quarter,6,
1728816,0,first-quarter,8,
1727935,0,first-peal,1,
1731533,0,first-peal,8,
1728077,0,first-quarter,6,
1727879,0,automated-ringing,1,Wheatley
1727879,1,automated-ringing,2,Wheatley
1727879,2,automated-ringing,5,Wheatley
1727879,3,automated-ringing,6,Wheatley
1727879,4,simulated-sound,,Performed on a virtual ringing platform.
1727899,0,first-peal,3,
1727674,0,automated-ringing,1,Abel
1727674,1,automated-ringing,2,Abel
1727674,2,automated-ringing,3,Abel
1727674,3,automated-ringing,4,Abel
1727674,4,automated-ringing,5,Abel
1727674,5,automated-ringing,6,Abel
1727674,6,simulated-sound,,
1727744,0,simulated-sound,,Performed on a virtual ringing platform.
1727594,0,simulated-sound,,Performed on a virtual ringing platform.
1727652,0,new-method,,
1733646,0,first-quarter,6,
1727848,0,simulated-sound,,Performed on a ring of dumb bells.
1727493,0,simulated-sound,,Performed on a virtual ringing platform.
1727189,0,simulated-sound,,Performed on a virtual ringing platform.
1727317,0,simulated-sound,,Performed on a virtual ringing platform.
1727174,0,first-quarter,1,
1726965,0,automated-ringing,1,Wheatley
1726965,1,automated-ringing,2,Wheatley
1726965,2,automated-ringing,3,Wheatley
1726965,3,automated-ringing,5,Wheatley
1726965,4,automated-ringing,6,Wheatley
1726965,5,automated-ringing,8,Wheatley
1726965,6,simulated-sound,,Performed on a virtual ringing platform.
1727057,0,simulated-sound,,Performed on a virtual ringing platform.
1758583,0,first-quarter,6,
1751058,0,first-quarter,6,
1751023,0,first-quarter,1,
1750944,0,first-quarter,6,
1751053,0,first-quarter,6,
1751162,0,first-quarter,6,
1750706,0,first-quarter,1,
1750552,0,first-quarter,1,
1750589,0,first-peal,3,
1750271,0,first-quarter,6,
1750287,0,simulated-sound,,Performed on a virtual ringing platform.
1750194,0,simulated-sound,,Performed on a virtual ringing platform.
1750133,0,simulated-sound,,
1750133,1,first-quarter,3,
1749915,0,simulated-sound,,Performed on a virtual ringing platform.
1749702,0,first-quarter,1,
1749625,0,simulated-sound,,Performed on a virtual ringing platform.
1749512,0,simulated-sound,,
1749230,0,first-quarter,5,
1748998,0,first-quarter,6,
1749102,0,first-peal,1,
1748781,0,first-quarter,6,
1748933,0,automated-ringing,1,Wheatley
1748933,1,automated-ringing,2,Wheatley
1748933,2,automated-ringing,5,Wheatley
1748933,3,automated-ringing,6,Wheatley
1748933,4,simulated-sound,,Performed on a virtual ringing platform.
1748895,0,first-quarter,6,
1814048,0,first-quarter,1,
1814048,1,first-quarter,6,
1748824,0,first-quarter,1,
1748629,0,first-quarter,6,
1748580,0,first-quarter,1,
1748648,0,first-quarter,1,
1748810,0,false,,Realized that plain courses are false
1750282,0,simulated-sound,,
1748448,0,simulated-sound,,Performed on a virtual ringing platform.
1748431,0,first-quarter,6,
1748319,0,first-quarter,6,
1748056,0,first-peal,3,
1748167,0,first-quarter,5,
1748116,0,automated-ringing,1,Abel
1748116,1,automated-ringing,2,Abel
1748116,2,automated-ringing,3,Abel
1748116,3,automated-ringing,4,Abel
1748116,4,automated-ringing,5,Abel
1748116,5,automated-ringing,6,Abel
1748116,6,automated-ringing,7,Abel
1748116,7,automated-ringing,8,Abel
1748116,8,automated-ringing,9,Abel
1748116,9,automated-ringing,10,Abel
1748116,10,simulated-sound,,
1748204,0,simulated-sound,,Performed on a virtual ringing platform.
1747926,0,simulated-sound,,
1747925,0,simulated-sound,,
1747705,0,simulated-sound,,
1747798,0,simulated-sound,,Performed on a virtual ringing platform.
1747882,0,first-quarter,6,
1747402,0,simulated-sound,,Performed on a virtual ringing platform.
1747350,0,simulated-sound,,Performed on a virtual ringing platform.
1747294,0,simulated-sound,,Performed on a virtual ringing platform.
1747379,0,first-quarter,6,
1747035,0,first-quarter,6,
1958713,0,first-peal,6,
1747154,0,first-quarter,2,
1747187,0,simulated-sound,,Performed on a virtual ringing platform.
1747137,0,simulated-sound,,Performed on a virtual ringing platform.
1747176,0,simulated-sound,,Performed on a virtual ringing platform.
1790633,0,automated-ringing,2,Wheatley
1790633,1,automated-ringing,3,Wheatley
1790633,2,automated-ringing,4,Wheatley
1790633,3,automated-ringing,5,Wheatley
1790633,4,automated-ringing,6,Wheatley
1790633,5,automated-ringing,7,Wheatley
1790633,6,automated-ringing,8,Wheatley
1790633,7,simulated-sound,,Performed on a virtual ringing platform.
1746935,0,first-peal,5,
1746899,0,first-quarter,8,
1747395,0,first-quarter,1,
1747394,0,first-quarter,1,
1746549,0,automated-ringing,1,Wheatley
1746549,1,automated-ringing,2,Wheatley
1746549,2,automated-ringing,3,Wheatley
1746549,3,automated-ringing,4,Wheatley
1746549,4,simulated-sound,,Performed on a virtual ringing platform.
1746773,0,first-quarter,6,
1935351,0,first-quarter,1,
1879333,0,first-quarter,6,
1746337,0,automated-ringing,1,Wheatley
1746337,1,automated-ringing,2,Wheatley
1746337,2,automated-ringing,5,Wheatley
1746337,3,automated-ringing,6,Wheatley
1746337,4,simulated-sound,,Performed on a virtual ringing platform.
1746198,0,simulated-sound,,Performed on a virtual ringing platform.
1995680,0,first-quarter,6,
1745964,0,simulated-sound,,Performed on a virtual ringing platform.
1745951,0,first-quarter,6,
1745525,0,first-quarter,6,
1745234,0,simulated-sound,,Performed on a virtual ringing platform.
1745619,0,first-quarter,6,
1744958,0,first-quarter,6,
1745033,0,simulated-sound,,Performed on a virtual ringing platform.
1745007,0,simulated-sound,,Performed on a virtual ringing platform.
1744544,0,first-quarter,1,
1744853,0,first-quarter,6,
1744695,0,first-quarter,1,
1744588,0,first-peal,8,
1744518,0,first-quarter,6,
1744518,1,first-quarter,8,
1744619,0,automated-ringing,1,Abel
1744619,1,automated-ringing,2,Abel
1744619,2,automated-ringing,3,Abel
1744619,3,automated-ringing,4,Abel
1744619,4,automated-ringing,5,Abel
1744619,5,automated-ringing,6,Abel
1744619,6,simulated-sound,,
1744630,0,simulated-sound,,Performed on a virtual ringing platform.
1744771,0,simulated-sound,,Performed on a virtual ringing platform.
1744667,0,first-quarter,1,
1744699,0,first-quarter,1,
1744385,0,first-quarter,1,
1745171,0,first-quarter,4,
1744487,0,first-quarter,6,
1744746,0,first-quarter,1,
1743462,0,simulated-sound,,
1742689,0,first-quarter,1,
1742911,0,first-quarter,1,
1742730,0,first-quarter,6,
1741945,0,simulated-sound,,
1741968,0,first-quarter,6,
1935331,0,automated-ringing,2,Ding Bob
1935331,1,automated-ringing,3,Ding Bob
1935331,2,automated-ringing,4,Ding Bob
1935331,3,automated-ringing,5,Ding Bob
1935331,4,automated-ringing,6,Ding Bob
1935331,5,automated-ringing,7,Ding Bob
1935331,6,automated-ringing,8,Ding Bob
1935331,7,simulated-sound,,Performed on a virtual ringing platform.
1742088,0,first-quarter,5,
1743492,0,first-quarter,4,
1742715,0,first-quarter,1,
1743359,0,first-quarter,6,
1747295,0,first-quarter,6,
1742931,0,simulated-sound,,Performed on a virtual ringing platform.
1754887,0,simulated-sound,,Performed on a virtual ringing platform.
1741969,0,simulated-sound,,Performed on a virtual ringing platform.
1743967,0,simulated-sound,,
1743174,0,first-quarter,6,
1742250,0,first-quarter,8,
1749603,0,false,,"Bells ended in 1,3,2,4,5,6"
1741682,0,simulated-sound,,Performed on a virtual ringing platform.
1741717,0,automated-ringing,1,Wheatley
1741717,1,automated-ringing,2,Wheatley
1741717,2,automated-ringing,5,Wheatley
1741717,3,automated-ringing,6,Wheatley
1741717,4,simulated-sound,,Performed on a virtual ringing platform.
1741553,0,first-quarter,1,
1741553,1,first-quarter,6,
1741547,0,first-peal,2,
1742935,0,simulated-sound,,Performed on a virtual ringing platform.
1741270,0,simulated-sound,,Performed on a virtual ringing platform.
1830984,0,first-quarter,6,
1741076,0,simulated-sound,,Performed on a virtual ringing platform.
1740906,0,simulated-sound,,
1746341,0,first-quarter,1,
1746341,1,first-quarter,6,
1740904,0,first-quarter,6,
1740605,0,first-quarter,1,
1740748,0,first-quarter,6,
1740232,0,simulated-sound,,Performed on a virtual ringing platform.
1740243,0,simulated-sound,,Performed on a virtual ringing platform.
1740165,0,first-quarter,1,
1759798,0,first-peal,2,
1759808,0,first-quarter,8,
1759863,0,first-quarter,6,
1759833,0,simulated-sound,,Performed on a virtual ringing platform.
1759792,0,simulated-sound,,Performed on a virtual ringing platform.
1759502,0,first-quarter,6,
1759489,0,simulated-sound,,
1759491,0,simulated-sound,,
1759517,0,first-quarter,2,
1759537,0,simulated-sound,,Performed on a virtual ringing platform.
1769390,0,simulated-sound,,
1759319,0,simulated-sound,,Performed on a ring of dumb bells.
1759334,0,first-quarter,6,
1759260,0,simulated-sound,,Performed on a virtual ringing platform.
1836903,0,first-quarter,6,
1759085,0,first-quarter,1,
1807490,0,simulated-sound,,Performed on a virtual ringing platform.
1759029,0,automated-ringing,3,Wheatley
1759029,1,automated-ringing,4,Wheatley
1759029,2,automated-ringing,5,Wheatley
1759029,3,automated-ringing,6,Wheatley
1759029,4,simulated-sound,,Performed on a virtual ringing platform.
1759118,0,first-quarter,1,
1759316,0,first-quarter,6,
1759046,0,first-quarter,6,
1758796,0,first-quarter,1,
1758701,0,first-quarter,1,
1759470,0,simulated-sound,,Performed on a virtual ringing platform.
1758739,0,first-quarter,1,
1758525,0,simulated-sound,,Performed on a ring of dumb bells.
1758525,1,first-quarter,1,
1758546,0,first-quarter,1,
1758597,0,simulated-sound,,Performed on a virtual ringing platform.
1758513,0,simulated-sound,,Performed on a virtual ringing platform.
1758404,0,simulated-sound,,Performed on a virtual ringing platform.
1758129,0,automated-ringing,1,Abel
1758129,1,automated-ringing,2,Abel
1758129,2,automated-ringing,3,Abel
1758129,3,automated-ringing,4,Abel
1758129,4,automated-ringing,5,Abel
1758129,5,automated-ringing,6,Abel
1758129,6,simulated-sound,,
1758139,0,simulated-sound,,Performed on a virtual ringing platform.
1757963,0,simulated-sound,,Performed on a virtual ringing platform.
1757765,0,first-quarter,6,
1757688,0,simulated-sound,,Performed on a virtual ringing platform.
1757690,0,automated-ringing,1,Wheatley
1757690,1,automated-ringing,2,Wheatley
1757690,2,automated-ringing,5,Wheatley
1757690,3,automated-ringing,6,Wheatley
1757690,4,simulated-sound,,Performed on a virtual ringing platform.
1757454,0,first-peal,7,
1757447,0,first-quarter,1,
1757439,0,first-quarter,6,
1757301,0,first-quarter,6,
1757125,0,first-quarter,1,
1757124,0,first-quarter,1,
1757255,0,simulated-sound,,Performed on a virtual ringing platform.
1757163,0,simulated-sound,,Performed on a virtual ringing platform.
1756693,0,first-quarter,1,
1756693,1,first-quarter,6,
1756703,0,first-quarter,6,
1756849,0,first-quarter,1,
1757414,0,first-quarter,6,
1756872,0,simulated-sound,,Performed on a virtual ringing platform.
1756743,0,simulated-sound,,Performed on a virtual ringing platform.
1756691,0,automated-ringing,1,Wheatley
1756691,1,automated-ringing,2,Wheatley
1756691,2,automated-ringing,5,Wheatley
1756691,3,automated-ringing,6,Wheatley
1756691,4,simulated-sound,,Performed on a virtual ringing platform.
1756742,0,first-quarter,6,
1756571,0,first-quarter,1,
1756271,0,first-quarter,6,
1756033,0,first-peal,3,
1755936,0,simulated-sound,,
1755946,0,simulated-sound,,Performed on a virtual ringing platform.
1755910,0,simulated-sound,,Performed on a virtual ringing platform.
1755774,0,simulated-sound,,Performed on a virtual ringing platform.
1755777,0,simulated-sound,,Performed on a virtual ringing platform.
1755489,0,simulated-sound,,Performed on a virtual ringing platform.
1755601,0,simulated-sound,,Performed on a ring of dumb bells.
1755653,0,simulated-sound,,Performed on a virtual ringing platform.
1755828,0,first-quarter,6,
1755392,0,simulated-sound,,Performed on a virtual ringing platform.
1755491,0,first-quarter,3,
1755243,0,simulated-sound,,Performed on a virtual ringing platform.
1755256,0,first-quarter,1,
1830974,0,first-quarter,6,
1755001,0,automated-ringing,1,Abel
1755001,1,automated-ringing,2,Abel
1755001,2,automated-ringing,3,Abel
1755001,3,automated-ringing,4,Abel
1755001,4,automated-ringing,5,Abel
1755001,5,automated-ringing,6,Abel
1755001,6,simulated-sound,,
1755072,0,simulated-sound,,Performed on a virtual ringing platform.
1755008,0,simulated-sound,,Performed on a virtual ringing platform.
1755010,0,automated-ringing,1,Wheatley
1755010,1,automated-ringing,2,Wheatley
1755010,2,automated-ringing,5,Wheatley
1755010,3,automated-ringing,6,Wheatley
1755010,4,simulated-sound,,Performed on a virtual ringing platform.
1755085,0,first-peal,8,
1754943,0,first-quarter,6,
1754764,0,first-quarter,1,
1754795,0,first-quarter,6,
1754657,0,simulated-sound,,
1754427,0,first-quarter,6,
1754598,0,first-quarter,1,
1754603,0,simulated-sound,,Performed on a virtual ringing platform.
1753928,0,first-quarter,5,
1753996,0,first-peal,3,
1753996,1,first-peal,6,
1754003,0,simulated-sound,,
1753966,0,simulated-sound,,Performed on a virtual ringing platform.
1753967,0,automated-ringing,1,Wheatley
1753967,1,automated-ringing,2,Wheatley
1753967,2,automated-ringing,5,Wheatley
1753967,3,automated-ringing,6,Wheatley
1753967,4,simulated-sound,,Performed on a virtual ringing platform.
1753736,0,first-quarter,6,
1753792,0,simulated-sound,,Performed on a virtual ringing platform.
1754007,0,simulated-sound,,
1756579,0,simulated-sound,,
1753423,0,simulated-sound,,Performed on a virtual ringing platform.
1753238,0,simulated-sound,,Performed on a virtual ringing platform.
1753454,0,automated-ringing,1,Wheatley
1753454,1,automated-ringing,2,Wheatley
1753454,2,automated-ringing,5,Wheatley
1753454,3,automated-ringing,6,Wheatley
1753454,4,simulated-sound,,Performed on a virtual ringing platform.
1752874,0,first-quarter,6,
1752895,0,first-quarter,6,
1752843,0,first-quarter,2,
1752723,0,first-quarter,6,
1752870,0,first-quarter,2,
1752359,0,first-quarter,6,
1752648,0,first-quarter,4,
1752193,0,automated-ringing,1,Abel
1752193,1,automated-ringing,2,Abel
1752193,2,automated-ringing,3,Abel
1752193,3,automated-ringing,4,Abel
1752193,4,automated-ringing,5,Abel
1752193,5,automated-ringing,6,Abel
1752193,6,automated-ringing,7,Abel
1752193,7,automated-ringing,8,Abel
1752193,8,automated-ringing,9,Abel
1752193,9,automated-ringing,10,Abel
1752193,10,simulated-sound,,
1752345,0,simulated-sound,,Performed on a virtual ringing platform.
1752133,0,simulated-sound,,Performed on a virtual ringing platform.
1752061,0,first-quarter,4,
1751999,0,simulated-sound,,Performed on a ring of dumb bells.
1752103,0,simulated-sound,,Performed on a virtual ringing platform.
1752005,0,simulated-sound,,Performed on a virtual ringing platform.
1768544,0,simulated-sound,,
1751621,0,first-quarter,6,
1751645,0,first-quarter,6,
1751469,0,first-quarter,6,
1752106,0,simulated-sound,,Performed on a virtual ringing platform.
1751612,0,first-quarter,6,
1751635,0,first-quarter,1,
1751635,1,first-quarter,2,
1751311,0,automated-ringing,1,Abel
1751311,1,automated-ringing,2,Abel
1751311,2,automated-ringing,3,Abel
1751311,3,automated-ringing,4,Abel
1751311,4,automated-ringing,5,Abel
1751311,5,automated-ringing,6,Abel
1751311,6,automated-ringing,7,Abel
1751311,7,automated-ringing,8,Abel
1751311,8,automated-ringing,9,Abel
1751311,9,automated-ringing,10,Abel
1751311,10,simulated-sound,,
1751369,0,simulated-sound,,Performed on a virtual ringing platform.
1766858,0,automated-ringing,1,Wheatley
1766858,1,automated-ringing,2,Wheatley
1766858,2,automated-ringing,3,Wheatley
1766858,3,automated-ringing,4,Wheatley
1766858,4,simulated-sound,,Performed on a virtual ringing platform.
1766786,0,first-quarter,2,
1766730,0,simulated-sound,,Performed on a virtual ringing platform.
1766550,0,simulated-sound,,Performed on a virtual ringing platform.
1766477,0,simulated-sound,,Performed on a virtual ringing platform.
1766386,0,first-quarter,6,
1766321,0,automated-ringing,1,Wheatley
1766321,1,automated-ringing,2,Wheatley
1766321,2,automated-ringing,3,Wheatley
1766321,3,automated-ringing,5,Wheatley
1766321,4,automated-ringing,6,Wheatley
1766321,5,automated-ringing,8,Wheatley
1766321,6,simulated-sound,,Performed on a virtual ringing platform.
1766376,0,simulated-sound,,Performed on a virtual ringing platform.
1766473,0,first-quarter,6,
1766323,0,first-quarter,6,
1766165,0,first-quarter,1,
1766165,1,first-quarter,6,
1780448,0,first-peal,1,
1767434,0,first-quarter,1,
1767434,1,first-quarter,6,
1766055,0,simulated-sound,,Performed on a virtual ringing platform.
1766019,0,first-quarter,1,
1765997,0,first-quarter,1,
1766087,0,simulated-sound,,
1765904,0,simulated-sound,,Performed on a virtual ringing platform.
1765607,0,first-quarter,1,
1765992,0,first-quarter,1,
1765575,0,first-quarter,1,
1765575,1,first-quarter,6,
1765598,0,simulated-sound,,Performed on a virtual ringing platform.
1765567,0,simulated-sound,,Performed on a virtual ringing platform.
1778429,0,first-quarter,1,
1767381,0,first-peal,1,
1767381,1,first-peal,6,
1765064,0,first-quarter,1,
1993542,0,lost-attempt,,
1764947,0,first-peal,4,
1764958,0,first-quarter,1,
1764960,0,simulated-sound,,Performed on a virtual ringing platform.
1764924,0,simulated-sound,,Performed on a virtual ringing platform.
1764867,0,first-quarter,6,
1764865,0,first-quarter,1,
1764848,0,simulated-sound,,Performed on a virtual ringing platform.
1764836,0,first-quarter,8,
1764522,0,simulated-sound,,Performed on a ring of dumb bells.
1764590,0,simulated-sound,,Performed on a virtual ringing platform.
1764650,0,simulated-sound,,Performed on a virtual ringing platform.
1764943,0,new-method,,
1764420,0,first-quarter,2,
1764410,0,first-quarter,6,
1764326,0,first-quarter,1,
1764684,0,simulated-sound,,Performed on a ring of dumb bells.
1764082,0,simulated-sound,,Performed on a virtual ringing platform.
1764112,0,first-quarter,1,
1764112,1,first-quarter,6,
1763915,0,first-quarter,6,
1763957,0,simulated-sound,,Performed on a virtual ringing platform.
1763993,0,first-quarter,6,
1764007,0,first-quarter,6,
1763685,0,first-peal,1,
1763685,1,first-peal,4,
1763633,0,first-quarter,1,
1763633,1,first-quarter,6,
1850841,0,first-peal,7,
1935358,0,first-quarter,3,
1763526,0,first-quarter,6,
1763537,0,simulated-sound,,Performed on a virtual ringing platform.
1763504,0,first-quarter,6,
1763402,0,first-quarter,1,
1763436,0,simulated-sound,,Performed on a virtual ringing platform.
1763400,0,simulated-sound,,Performed on a virtual ringing platform.
1763435,0,first-quarter,2,
1763435,1,first-quarter,3,
1763318,0,first-quarter,1,
1763300,0,first-quarter,6,
1763280,0,first-quarter,6,
1763271,0,first-quarter,6,
1763404,0,first-quarter,1,
1763279,0,simulated-sound,,Performed on a virtual ringing platform.
1763257,0,new-method,,
1763161,0,simulated-sound,,
1763321,0,first-quarter,1,
1763321,1,first-quarter,2,
1763039,0,simulated-sound,,Performed on a virtual ringing platform.
1762684,0,first-quarter,1,
1763048,0,first-quarter,6,
1762778,0,first-quarter,6,
1762783,0,simulated-sound,,Performed on a virtual ringing platform.
1762649,0,first-quarter,6,
1762615,0,first-quarter,1,
1762332,0,first-quarter,2,
1762040,0,automated-ringing,1,Abel
1762040,1,automated-ringing,2,Abel
1762040,2,automated-ringing,3,Abel
1762040,3,automated-ringing,4,Abel
1762040,4,automated-ringing,5,Abel
1762040,5,automated-ringing,6,Abel
1762040,6,automated-ringing,7,Abel
1762040,7,automated-ringing,8,Abel
1762040,8,automated-ringing,9,Abel
1762040,9,automated-ringing,10,Abel
1762040,10,automated-ringing,11,Abel
1762040,11,automated-ringing,12,Abel
1762040,12,simulated-sound,,
1761980,0,simulated-sound,,Performed on a virtual ringing platform.
1762290,0,first-quarter,6,
1762533,0,simulated-sound,,Performed on a virtual ringing platform.
1761839,0,simulated-sound,,Performed on a virtual ringing platform.
1761743,0,simulated-sound,,Performed on a virtual ringing platform.
1761707,0,simulated-sound,,Performed on a virtual ringing platform.
1761373,0,first-quarter,6,
1761516,0,simulated-sound,,Performed on a virtual ringing platform.
1761551,0,first-quarter,1,
1761548,0,first-quarter,1,
1761167,0,simulated-sound,,Performed on a ring of dumb bells.
1761167,1,first-quarter,7,
1761150,0,simulated-sound,,Performed on a virtual ringing platform.
1761165,0,simulated-sound,,
1760809,0,first-peal,3,
1760836,0,first-quarter,6,
1761993,0,first-quarter,6,
1760258,0,first-quarter,1,
1760257,0,first-quarter,6,
1760327,0,first-quarter,2,
1760327,1,first-quarter,4,
1938159,0,first-quarter,1,
1760220,0,simulated-sound,,
1760236,0,first-quarter,6,
1760208,0,automated-ringing,2,Abel
1760208,1,automated-ringing,3,Abel
1760208,2,automated-ringing,4,Abel
1760208,3,automated-ringing,5,Abel
1760208,4,automated-ringing,6,Abel
1760208,5,simulated-sound,,
1760249,0,simulated-sound,,Performed on a virtual ringing platform.
1764656,0,first-quarter,1,
1772741,0,first-quarter,1,
1772755,0,simulated-sound,,Performed on a virtual ringing platform.
1772116,0,first-quarter,1,
1958752,0,first-quarter,6,
1772211,0,first-quarter,6,
1772321,0,first-quarter,1,
1772390,0,first-peal,8,
1772311,0,simulated-sound,,Performed on a virtual ringing platform.
1772269,0,first-quarter,1,
1772266,0,first-quarter,1,
1771922,0,first-quarter,1,
1771922,1,first-quarter,6,
1771779,0,first-quarter,6,
1771739,0,automated-ringing,1,Abel
1771739,1,automated-ringing,2,Abel
1771739,2,automated-ringing,3,Abel
1771739,3,automated-ringing,4,Abel
1771739,4,automated-ringing,5,Abel
1771739,5,automated-ringing,6,Abel
1771739,6,automated-ringing,7,Abel
1771739,7,automated-ringing,8,Abel
1771739,8,simulated-sound,,
1771826,0,simulated-sound,,Performed on a virtual ringing platform.
1771774,0,automated-ringing,3,Wheatley
1771774,1,automated-ringing,4,Wheatley
1771774,2,automated-ringing,5,Wheatley
1771774,3,automated-ringing,6,Wheatley
1771774,4,simulated-sound,,Performed on a virtual ringing platform.
1771596,0,simulated-sound,,Performed on a ring of dumb bells.
1771657,0,simulated-sound,,Performed on a virtual ringing platform.
1771464,0,automated-ringing,1,Wheatley
1771464,1,automated-ringing,2,Wheatley
1771464,2,automated-ringing,5,Wheatley
1771464,3,automated-ringing,6,Wheatley
1771464,4,simulated-sound,,Performed on a virtual ringing platform.
1771249,0,first-quarter,1,
1771327,0,first-quarter,2,
1771362,0,simulated-sound,,Performed on a virtual ringing platform.
1770865,0,first-quarter,1,
1770875,0,first-quarter,6,
1770872,0,first-quarter,1,
1770872,1,first-quarter,6,
1771175,0,first-quarter,6,
1771045,0,first-quarter,6,
1770855,0,first-quarter,6,
1771092,0,first-quarter,1,
1770948,0,simulated-sound,,Performed on a virtual ringing platform.
1776140,0,simulated-sound,,
1773021,0,first-quarter,1,
1813025,0,first-quarter,1,
1770962,0,first-quarter,6,
1770678,0,lost-attempt,,
1935366,0,first-quarter,6,
1771354,0,simulated-sound,,Performed on a virtual ringing platform.
1770272,0,simulated-sound,,Performed on a virtual ringing platform.
1770258,0,simulated-sound,,
1770210,0,first-quarter,1,
1770620,0,first-quarter,1,
1770064,0,first-quarter,6,
1770057,0,record-length,,
1770685,0,simulated-sound,,
1769968,0,simulated-sound,,Performed on a virtual ringing platform.
1769919,0,simulated-sound,,Performed on a virtual ringing platform.
1769803,0,first-quarter,6,
1771919,0,first-quarter,1,
1769760,0,first-quarter,8,
1769684,0,first-quarter,6,
1769715,0,first-quarter,1,
1769715,1,first-quarter,6,
1770273,0,simulated-sound,,Performed on a virtual ringing platform.
1769445,0,first-quarter,1,
1769443,0,first-quarter,1,
1769409,0,simulated-sound,,Performed on a virtual ringing platform.
1769070,0,simulated-sound,,Performed on a virtual ringing platform.
1773552,0,first-quarter,8,
1768975,0,first-peal,1,
1768975,1,first-peal,8,
1768973,0,first-quarter,1,
1769006,0,first-quarter,6,
1768833,0,simulated-sound,,Performed on a virtual ringing platform.
1768729,0,simulated-sound,,Performed on a virtual ringing platform.
1830979,0,first-quarter,6,
1768579,0,simulated-sound,,Performed on a virtual ringing platform.
1768597,0,simulated-sound,,
1768476,0,first-quarter,6,
1768407,0,first-quarter,1,
1768430,0,simulated-sound,,Performed on a virtual ringing platform.
1768514,0,simulated-sound,,Performed on a virtual ringing platform.
1768474,0,simulated-sound,,Performed on a virtual ringing platform.
1768160,0,first-quarter,6,
1767901,0,first-quarter,1,
1767755,0,simulated-sound,,Performed on a ring of dumb bells.
1767713,0,simulated-sound,,Performed on a virtual ringing platform.
1767809,0,simulated-sound,,
1767816,0,automated-ringing,1,Abel
1767816,1,automated-ringing,2,Abel
1767816,2,automated-ringing,3,Abel
1767816,3,automated-ringing,4,Abel
1767816,4,automated-ringing,5,Abel
1767816,5,automated-ringing,6,Abel
1767816,6,automated-ringing,7,Abel
1767816,7,automated-ringing,8,Abel
1767816,8,automated-ringing,9,Abel
1767816,9,automated-ringing,10,Abel
1767816,10,automated-ringing,11,Abel
1767816,11,automated-ringing,12,Abel
1767816,12,simulated-sound,,
1767641,0,simulated-sound,,Performed on a virtual ringing platform.
1767587,0,simulated-sound,,Performed on a virtual ringing platform.
1767421,0,first-quarter,1,
1767394,0,first-quarter,6,
1767184,0,simulated-sound,,Performed on a virtual ringing platform.
1767263,0,simulated-sound,,Performed on a virtual ringing platform.
1957887,0,simulated-sound,,Performed on a virtual ringing platform.
1767225,0,simulated-sound,,Performed on a virtual ringing platform.
1767086,0,first-quarter,1,
1767096,0,first-quarter,6,
1766980,0,first-quarter,1,
1767260,0,simulated-sound,,Performed on a virtual ringing platform.
1767142,0,simulated-sound,,Performed on a virtual ringing platform.
1767123,0,simulated-sound,,Performed on a virtual ringing platform.
1767135,0,first-quarter,6,
1766950,0,first-quarter,1,
1781153,0,automated-ringing,1,Wheatley
1781153,1,automated-ringing,2,Wheatley
1781153,2,automated-ringing,3,Wheatley
1781153,3,automated-ringing,5,Wheatley
1781153,4,automated-ringing,6,Wheatley
1781153,5,automated-ringing,7,Wheatley
1781153,6,simulated-sound,,Performed on a virtual ringing platform.
1781245,0,simulated-sound,,Performed on a virtual ringing platform.
1781216,0,first-peal,1,
1935373,0,first-quarter,2,
1781025,0,simulated-sound,,Performed on a virtual ringing platform.
1780937,0,simulated-sound,,Performed on a virtual ringing platform.
1780895,0,new-method,,
1781037,0,first-quarter,6,
1781056,0,first-quarter,1,
1830966,0,first-quarter,6,
1780778,0,simulated-sound,,
1780501,0,first-quarter,1,
1780623,0,first-quarter,6,
1780520,0,first-quarter,1,
1780507,0,simulated-sound,,Performed on a ring of dumb bells.
1780493,0,first-quarter,1,
1780510,0,simulated-sound,,Performed on a virtual ringing platform.
1780256,0,first-peal,1,
1780414,0,first-quarter,6,
1780016,0,first-quarter,5,
1955988,0,first-quarter,6,
1780162,0,simulated-sound,,
1780156,0,simulated-sound,,
1780164,0,first-quarter,1,
1780815,0,first-quarter,6,
1779937,0,first-quarter,6,
1780298,0,first-quarter,8,
1780194,0,first-quarter,1,
1779663,0,first-quarter,6,
1779943,0,first-quarter,6,
1801224,0,simulated-sound,,Rang on a peal of Saxilby Simulators with sound from virtual belfry
1779945,0,first-quarter,1,
1779764,0,first-quarter,1,
1779770,0,first-quarter,3,
1779770,1,first-quarter,4,
1779551,0,first-quarter,6,
1779547,0,first-quarter,6,
1779501,0,automated-ringing,1,Wheatley
1779501,1,automated-ringing,2,Wheatley
1779501,2,automated-ringing,5,Wheatley
1779501,3,automated-ringing,6,Wheatley
1779501,4,simulated-sound,,Performed on a virtual ringing platform.
1779389,0,simulated-sound,,Performed on a virtual ringing platform.
1779454,0,first-peal,2,
1779287,0,simulated-sound,,
1779281,0,first-quarter,1,
1780901,0,simulated-sound,,
1780938,0,simulated-sound,,Performed on a virtual ringing platform.
1779388,0,first-quarter,1,
1778927,0,first-quarter,1,
1778768,0,simulated-sound,,
1778730,0,automated-ringing,1,Abel
1778730,1,automated-ringing,2,Abel
1778730,2,automated-ringing,3,Abel
1778730,3,automated-ringing,5,Abel
1778730,4,automated-ringing,6,Abel
1778730,5,automated-ringing,7,Abel
1778730,6,automated-ringing,8,Abel
1778730,7,simulated-sound,,Performed on a virtual ringing platform.
1778486,0,simulated-sound,,
1778485,0,first-quarter,6,
1891474,0,first-quarter,1,
1778501,0,simulated-sound,,Performed on a virtual ringing platform.
1778446,0,simulated-sound,,Performed on a virtual ringing platform.
1778225,0,first-quarter,1,
1778294,0,first-peal,1,
1778316,0,first-quarter,6,
1778325,0,first-peal,2,
1778325,1,first-peal,3,
1778252,0,automated-ringing,1,Wheatley
1778252,1,automated-ringing,2,Wheatley
1778252,2,automated-ringing,4,Wheatley
1778252,3,automated-ringing,5,Wheatley
1778252,4,automated-ringing,6,Wheatley
1778252,5,automated-ringing,7,Wheatley
1778252,6,automated-ringing,8,Wheatley
1778252,7,automated-ringing,10,Wheatley
1778252,8,automated-ringing,11,Wheatley
1778252,9,automated-ringing,12,Wheatley
1778252,10,simulated-sound,,Performed on a virtual ringing platform.
1778077,0,first-quarter,8,
1788860,0,first-quarter,6,
1777892,0,first-quarter,1,
1777709,0,first-peal,2,
1777709,1,first-peal,3,
1777709,2,first-peal,4,
1777679,0,first-quarter,1,
1777853,0,first-quarter,1,
1779386,0,first-quarter,1,
1779386,1,first-quarter,6,
1777923,0,first-quarter,1,
1777923,1,first-quarter,6,
1777693,0,first-peal,1,
1777633,0,simulated-sound,,
1777595,0,first-quarter,1,
1777483,0,simulated-sound,,Performed on a virtual ringing platform.
1777569,0,first-quarter,1,
1777384,0,first-quarter,6,
1777405,0,first-quarter,6,
1777420,0,first-quarter,1,
1777420,1,first-quarter,6,
1777395,0,automated-ringing,1,Abel
1777395,1,automated-ringing,2,Abel
1777395,2,automated-ringing,3,Abel
1777395,3,automated-ringing,4,Abel
1777395,4,automated-ringing,5,Abel
1777395,5,automated-ringing,6,Abel
1777395,6,simulated-sound,,
1777212,0,first-quarter,1,
1777079,0,first-quarter,6,
1777020,0,first-quarter,1,
1777020,1,first-quarter,6,
1776930,0,automated-ringing,2,Virtual Belfry
1776930,1,automated-ringing,3,Virtual Belfry
1776930,2,automated-ringing,4,Virtual Belfry
1776930,3,automated-ringing,5,Virtual Belfry
1776930,4,automated-ringing,6,Virtual Belfry
1776930,5,automated-ringing,7,Virtual Belfry
1776930,6,automated-ringing,8,Virtual Belfry
1776930,7,automated-ringing,9,Virtual Belfry
1776930,8,automated-ringing,10,Virtual Belfry
1776930,9,automated-ringing,11,Virtual Belfry
1776930,10,automated-ringing,12,Virtual Belfry
1776930,11,simulated-sound,,
1777031,0,simulated-sound,,Performed on a virtual ringing platform.
1776852,0,first-quarter,6,
1776899,0,simulated-sound,,
1776846,0,first-quarter,1,
1776970,0,first-quarter,6,
1776882,0,simulated-sound,,
1776812,0,first-quarter,2,
1777029,0,simulated-sound,,Performed on a virtual ringing platform.
1776845,0,simulated-sound,,Performed on a virtual ringing platform.
1776871,0,simulated-sound,,Rung on a peal of Saxilby Simulators with sound from virtual belfry
1776871,1,first-quarter,6,
1910287,0,first-quarter,6,
1776645,0,first-quarter,1,
1776659,0,first-quarter,6,
1776664,0,first-quarter,6,
1776897,0,simulated-sound,,Performed on a virtual ringing platform.
1776763,0,simulated-sound,,Performed on a virtual ringing platform.
1776803,0,first-quarter,1,
1776670,0,first-quarter,6,
1776340,0,first-quarter,1,
1776371,0,first-quarter,1,
1777228,0,first-quarter,8,
1776446,0,automated-ringing,1,Abel
1776446,1,automated-ringing,2,Abel
1776446,2,automated-ringing,3,Abel
1776446,3,automated-ringing,4,Abel
1776446,4,automated-ringing,5,Abel
1776446,5,automated-ringing,6,Abel
1776446,6,automated-ringing,7,Abel
1776446,7,automated-ringing,8,Abel
1776446,8,simulated-sound,,
1814563,0,first-quarter,5,
1783080,0,simulated-sound,,Rung on a peal of Saxilby Simulators with sound from virtual belfry
1783080,1,first-peal,2,
1776454,0,first-quarter,1,
1776454,1,first-quarter,2,
1776428,0,first-peal,2,
1784015,0,automated-ringing,1,Virtual Belfry
1784015,1,automated-ringing,2,Virtual Belfry
1784015,2,automated-ringing,3,Virtual Belfry
1784015,3,automated-ringing,4,Virtual Belfry
1784015,4,automated-ringing,5,Virtual Belfry
1784015,5,automated-ringing,6,Virtual Belfry
1784015,6,automated-ringing,7,Virtual Belfry
1784015,7,simulated-sound,,
1776321,0,simulated-sound,,Performed on a virtual ringing platform.
1776236,0,simulated-sound,,Performed on a virtual ringing platform.
1776138,0,simulated-sound,,Performed on a ring of dumb bells.
1776185,0,simulated-sound,,Performed on a virtual ringing platform.
1776214,0,first-quarter,6,
1776075,0,first-quarter,1,
1776075,1,first-quarter,6,
1776000,0,automated-ringing,2,Virtual Belfry
1776000,1,automated-ringing,3,Virtual Belfry
1776000,2,automated-ringing,4,Virtual Belfry
1776000,3,automated-ringing,5,Virtual Belfry
1776000,4,automated-ringing,6,Virtual Belfry
1776000,5,automated-ringing,7,Virtual Belfry
1776000,6,automated-ringing,8,Virtual Belfry
1776000,7,simulated-sound,,
1776127,0,first-quarter,6,
1776130,0,first-quarter,6,
1775931,0,first-quarter,1,
1775877,0,simulated-sound,,
1775767,0,first-quarter,6,
1775676,0,simulated-sound,,Performed on a virtual ringing platform.
1775233,0,first-quarter,6,
1775288,0,first-quarter,1,
1775372,0,simulated-sound,,Performed on a virtual ringing platform.
1775172,0,first-quarter,1,
1775627,0,first-quarter,6,
1775580,0,first-quarter,5,
1774986,0,first-quarter,1,
1774986,1,first-quarter,6,
1774925,0,first-quarter,1,
1775050,0,first-peal,1,
1786295,0,first-quarter,1,
1774790,0,simulated-sound,,
1774762,0,first-quarter,1,
1774734,0,simulated-sound,,Performed on a virtual ringing platform.
1774648,0,new-method,,
1774409,0,simulated-sound,,Performed on a virtual ringing platform.
1773353,0,first-quarter,1,
1773005,0,automated-ringing,1,Virtual Belfry
1773005,1,automated-ringing,2,Virtual Belfry
1773005,2,automated-ringing,3,Virtual Belfry
1773005,3,automated-ringing,4,Virtual Belfry
1773005,4,automated-ringing,5,Virtual Belfry
1773005,5,automated-ringing,6,Virtual Belfry
1773005,6,automated-ringing,7,Virtual Belfry
1773005,7,automated-ringing,8,Virtual Belfry
1773005,8,automated-ringing,9,Virtual Belfry
1773005,9,automated-ringing,10,Virtual Belfry
1773005,10,automated-ringing,12,Virtual Belfry
1773005,11,simulated-sound,,
1773364,0,first-quarter,1,
1773113,0,simulated-sound,,Performed on a virtual ringing platform.
1791271,0,first-quarter,1,
1791323,0,first-quarter,1,
1791323,1,first-quarter,6,
1791189,0,first-quarter,6,
1793974,0,first-quarter,1,
1791239,0,first-quarter,1,
1791006,0,new-method,,
1791820,0,first-quarter,1,
1790611,0,new-method,,
1791047,0,simulated-sound,,Performed on a virtual ringing platform.
1790552,0,simulated-sound,,Performed on a virtual ringing platform.
1790505,0,simulated-sound,,Performed on a virtual ringing platform.
1814110,0,simulated-sound,,
1790046,0,first-quarter,1,
1790064,0,first-quarter,8,
1790067,0,automated-ringing,1,Abel
1790067,1,automated-ringing,2,Abel
1790067,2,automated-ringing,3,Abel
1790067,3,automated-ringing,4,Abel
1790067,4,automated-ringing,5,Abel
1790067,5,automated-ringing,6,Abel
1790067,6,simulated-sound,,
1790057,0,simulated-sound,,Performed on a virtual ringing platform.
1790018,0,simulated-sound,,Performed on a virtual ringing platform.
1790038,0,simulated-sound,,Performed on a virtual ringing platform.
1789692,0,simulated-sound,,
1789507,0,first-quarter,1,
1789620,0,first-quarter,1,
1789549,0,simulated-sound,,Performed on a virtual ringing platform.
1789346,0,simulated-sound,,Performed on a virtual ringing platform.
1789233,0,first-quarter,1,
1789043,0,first-quarter,1,
1789214,0,first-peal,6,
1788881,0,automated-ringing,1,Wheatley
1788881,1,automated-ringing,2,Wheatley
1788881,2,automated-ringing,5,Wheatley
1788881,3,automated-ringing,6,Wheatley
1788881,4,automated-ringing,7,Wheatley
1788881,5,automated-ringing,8,Wheatley
1788881,6,simulated-sound,,Performed on a virtual ringing platform.
1789083,0,first-quarter,1,
1789563,0,first-quarter,1,
1789074,0,first-quarter,6,
1788779,0,first-quarter,6,
1789564,0,first-quarter,1,
1910307,0,first-quarter,6,
1788778,0,first-quarter,6,
1788364,0,first-quarter,1,
1788625,0,first-quarter,1,
1955992,0,first-quarter,2,
1955992,1,first-quarter,6,
1788274,0,first-peal,1,
1788187,0,automated-ringing,1,Virtual Belfry
1788187,1,automated-ringing,2,Virtual Belfry
1788187,2,automated-ringing,3,Virtual Belfry
1788187,3,automated-ringing,4,Virtual Belfry
1788187,4,automated-ringing,5,Virtual Belfry
1788187,5,automated-ringing,6,Virtual Belfry
1788187,6,automated-ringing,7,Virtual Belfry
1788187,7,automated-ringing,8,Virtual Belfry
1788187,8,automated-ringing,9,Virtual Belfry
1788187,9,automated-ringing,10,Virtual Belfry
1788187,10,automated-ringing,11,Virtual Belfry
1788187,11,simulated-sound,,
1788181,0,simulated-sound,,Performed on a virtual ringing platform.
1788066,0,simulated-sound,,Performed on a virtual ringing platform.
1787835,0,simulated-sound,,Performed on a virtual ringing platform.
1787929,0,automated-ringing,1,Wheatley
1787929,1,automated-ringing,2,Wheatley
1787929,2,automated-ringing,5,Wheatley
1787929,3,automated-ringing,6,Wheatley
1787929,4,simulated-sound,,Performed on a virtual ringing platform.
1788060,0,first-quarter,1,
1787923,0,automated-ringing,1,Abel
1787923,1,automated-ringing,2,Abel
1787923,2,automated-ringing,3,Abel
1787923,3,automated-ringing,4,Abel
1787923,4,automated-ringing,5,Abel
1787923,5,automated-ringing,6,Abel
1787923,6,simulated-sound,,Rung on eBells.
1787979,0,first-quarter,1,
1787710,0,first-quarter,6,
1787482,0,new-method,,
1787436,0,first-peal,1,
1787036,0,first-quarter,6,
1787214,0,simulated-sound,,Performed on a virtual ringing platform.
1787183,0,simulated-sound,,Performed on a virtual ringing platform.
1786992,0,first-quarter,6,
1786926,0,first-quarter,6,
1786991,0,simulated-sound,,
1786958,0,simulated-sound,,Performed on a ring of dumb bells.
1789717,0,first-quarter,6,
1786902,0,automated-ringing,1,Abel
1786902,1,automated-ringing,2,Abel
1786902,2,automated-ringing,3,Abel
1786902,3,automated-ringing,4,Abel
1786902,4,automated-ringing,5,Abel
1786902,5,automated-ringing,6,Abel
1786902,6,automated-ringing,7,Abel
1786902,7,automated-ringing,8,Abel
1786902,8,automated-ringing,9,Abel
1786902,9,automated-ringing,10,Abel
1786902,10,automated-ringing,11,Abel
1786902,11,automated-ringing,12,Abel
1786902,12,simulated-sound,,
1786986,0,simulated-sound,,Performed on a virtual ringing platform.
1786899,0,simulated-sound,,Performed on a virtual ringing platform.
1786900,0,simulated-sound,,Performed on a virtual ringing platform.
1786693,0,first-quarter,1,
1786677,0,first-quarter,6,
1786600,0,first-quarter,6,
1786564,0,first-peal,6,
1786581,0,first-quarter,1,
1786689,0,simulated-sound,,Performed on a virtual ringing platform.
1786627,0,first-quarter,6,
1786791,0,first-quarter,1,
1786614,0,first-quarter,1,
1794543,0,first-quarter,6,
1961581,0,first-quarter,1,
1786045,0,first-quarter,1,
1786272,0,first-quarter,1,
1786252,0,first-quarter,6,
1786763,0,first-quarter,1,
1786763,1,first-quarter,2,
1786353,0,first-quarter,6,
1786336,0,first-quarter,6,
1786287,0,automated-ringing,1,Abel
1786287,1,automated-ringing,2,Abel
1786287,2,automated-ringing,3,Abel
1786287,3,automated-ringing,4,Abel
1786287,4,automated-ringing,5,Abel
1786287,5,automated-ringing,6,Abel
1786287,6,simulated-sound,,Rung on eBells
1786395,0,first-peal,7,
1785867,0,simulated-sound,,Performed on a virtual ringing platform.
1785871,0,first-quarter,1,
1786687,0,first-quarter,1,
1785573,0,automated-ringing,2,Wheatley
1785573,1,automated-ringing,3,Wheatley
1785573,2,automated-ringing,4,Wheatley
1785573,3,automated-ringing,5,Wheatley
1785573,4,automated-ringing,6,Wheatley
1785573,5,automated-ringing,7,Wheatley
1785573,6,simulated-sound,,Performed on a virtual ringing platform.
1785762,0,simulated-sound,,Performed on a virtual ringing platform.
1785664,0,simulated-sound,,Performed on a virtual ringing platform.
1785683,0,first-quarter,1,
1785453,0,simulated-sound,,Performed on a virtual ringing platform.
1785342,0,first-quarter,6,
1785209,0,first-quarter,6,
1785320,0,automated-ringing,1,Virtual Belfry
1785320,1,automated-ringing,2,Virtual Belfry
1785320,2,automated-ringing,3,Virtual Belfry
1785320,3,automated-ringing,4,Virtual Belfry
1785320,4,automated-ringing,5,Virtual Belfry
1785320,5,simulated-sound,,
1785270,0,first-quarter,6,
1785244,0,simulated-sound,,
1785119,0,first-quarter,1,
1784930,0,automated-ringing,1,Virtual Belfry
1784930,1,automated-ringing,2,Virtual Belfry
1784930,2,automated-ringing,3,Virtual Belfry
1784930,3,automated-ringing,4,Virtual Belfry
1784930,4,automated-ringing,5,Virtual Belfry
1784930,5,automated-ringing,6,Virtual Belfry
1784930,6,automated-ringing,7,Virtual Belfry
1784930,7,automated-ringing,8,Virtual Belfry
1784930,8,automated-ringing,9,Virtual Belfry
1784930,9,automated-ringing,10,Virtual Belfry
1784930,10,automated-ringing,11,Virtual Belfry
1784930,11,simulated-sound,,
1784986,0,first-quarter,1,
1784949,0,simulated-sound,,Performed on a virtual ringing platform.
1784892,0,simulated-sound,,
1784223,0,first-quarter,1,
1784627,0,first-quarter,1,
1784627,1,first-quarter,6,
1814803,0,first-quarter,2,
1814803,1,first-quarter,6,
1784461,0,first-quarter,6,
1802824,0,simulated-sound,,Performed on a virtual ringing platform.
1784985,0,first-quarter,1,
1785263,0,first-quarter,6,
1783989,0,first-peal,2,
1784153,0,first-quarter,6,
1783947,0,first-quarter,1,
1784008,0,automated-ringing,1,Virtual Belfry
1784008,1,automated-ringing,3,Virtual Belfry
1784008,2,automated-ringing,4,Virtual Belfry
1784008,3,automated-ringing,5,Virtual Belfry
1784008,4,automated-ringing,6,Virtual Belfry
1784008,5,automated-ringing,7,Virtual Belfry
1784008,6,automated-ringing,8,Virtual Belfry
1784008,7,simulated-sound,,
1783994,0,first-peal,3,
1784144,0,automated-ringing,1,Wheatley
1784144,1,automated-ringing,2,Wheatley
1784144,2,automated-ringing,3,Wheatley
1784144,3,automated-ringing,4,Wheatley
1784144,4,automated-ringing,6,Wheatley
1784144,5,automated-ringing,7,Wheatley
1784144,6,automated-ringing,8,Wheatley
1784144,7,automated-ringing,10,Wheatley
1784144,8,simulated-sound,,Performed on a virtual ringing platform.
1783958,0,first-quarter,6,
1784066,0,first-quarter,6,
1783914,0,first-peal,8,
1783890,0,automated-ringing,1,Virtual Belfry
1783890,1,automated-ringing,3,Virtual Belfry
1783890,2,automated-ringing,4,Virtual Belfry
1783890,3,automated-ringing,5,Virtual Belfry
1783890,4,automated-ringing,6,Virtual Belfry
1783890,5,simulated-sound,,
1783886,0,first-quarter,1,
1783849,0,first-quarter,1,
1783765,0,simulated-sound,,Performed on a virtual ringing platform.
1783763,0,first-quarter,1,
1783588,0,simulated-sound,,
1783450,0,first-quarter,6,
1783578,0,simulated-sound,,Performed on a virtual ringing platform.
1783516,0,first-quarter,6,
1783300,0,simulated-sound,,Performed on a virtual ringing platform.
1783314,0,simulated-sound,,Performed on a virtual ringing platform.
1783217,0,simulated-sound,,
1783360,0,first-quarter,6,
1789828,0,first-quarter,6,
1783820,0,automated-ringing,1,Virtual Belfry
1783820,1,automated-ringing,2,Virtual Belfry
1783820,2,automated-ringing,3,Virtual Belfry
1783820,3,automated-ringing,4,Virtual Belfry
1783820,4,automated-ringing,5,Virtual Belfry
1783820,5,automated-ringing,6,Virtual Belfry
1783820,6,automated-ringing,8,Virtual Belfry
1783820,7,simulated-sound,,
1783077,0,first-quarter,1,
1783119,0,simulated-sound,,Performed on a virtual ringing platform.
1782990,0,simulated-sound,,Performed on a virtual ringing platform.
1783010,0,automated-ringing,1,Wheatley
1783010,1,automated-ringing,2,Wheatley
1783010,2,automated-ringing,5,Wheatley
1783010,3,automated-ringing,6,Wheatley
1783010,4,simulated-sound,,Performed on a virtual ringing platform.
1782754,0,simulated-sound,,
1782610,0,first-quarter,1,
1782834,0,first-quarter,1,
1782834,1,first-quarter,4,
1830965,0,first-quarter,6,
1783121,0,simulated-sound,,Performed on a virtual ringing platform.
1782739,0,simulated-sound,,Performed on a virtual ringing platform.
1782561,0,first-quarter,1,
1782561,1,first-quarter,6,
1782319,0,first-quarter,1,
1782192,0,first-quarter,6,
1782188,0,first-quarter,6,
1786402,0,first-quarter,6,
1782211,0,first-quarter,6,
1782115,0,first-quarter,6,
1782193,0,first-quarter,1,
1782193,1,first-quarter,6,
1782180,0,first-quarter,6,
1782172,0,first-quarter,6,
1782168,0,first-quarter,6,
1782237,0,simulated-sound,,Performed on a virtual ringing platform.
1782122,0,first-quarter,6,
1782167,0,first-quarter,6,
1782159,0,first-quarter,6,
1783286,0,first-quarter,6,
1910291,0,first-quarter,6,
1781860,0,first-peal,5,
1781706,0,first-quarter,4,
1781639,0,first-quarter,6,
1781871,0,first-peal,8,
1955989,0,first-quarter,1,
1955989,1,first-quarter,6,
1781664,0,first-peal,3,
1781369,0,first-quarter,6,
1781527,0,simulated-sound,,
1781587,0,simulated-sound,,Performed on a virtual ringing platform.
1781367,0,new-method,,
1781347,0,simulated-sound,,
1782320,0,first-quarter,6,
1870345,0,first-quarter,6,
1870344,0,first-quarter,6,
1802818,0,first-quarter,4,
1802894,0,first-quarter,1,
1802877,0,simulated-sound,,Performed on a virtual ringing platform.
1802825,0,first-quarter,1,
1802555,0,simulated-sound,,
1802668,0,simulated-sound,,Performed on a virtual ringing platform.
1802588,0,simulated-sound,,Performed on a virtual ringing platform.
1802815,0,first-quarter,1,
1802567,0,first-quarter,1,
1802567,1,first-quarter,3,
1802567,2,first-quarter,5,
1802246,0,first-quarter,1,
1802508,0,first-peal,7,
1803705,0,first-quarter,1,
1801842,0,first-quarter,6,
1801916,0,first-quarter,1,
1807221,0,simulated-sound,,Performed on a virtual ringing platform.
1801846,0,first-quarter,1,
1807760,0,first-quarter,6,
1801642,0,first-peal,1,
1801414,0,first-quarter,1,
1801414,1,first-quarter,6,
1801759,0,first-peal,6,
1801510,0,simulated-sound,,
1801492,0,first-peal,3,
1801706,0,simulated-sound,,Performed on a virtual ringing platform.
1801611,0,simulated-sound,,Performed on a virtual ringing platform.
1801376,0,simulated-sound,,Performed on a virtual ringing platform.
1802457,0,simulated-sound,,Rung on a peal of Saxilby Simulators with sound from virtual belfry
1800960,0,automated-ringing,1,Wheatley
1800960,1,automated-ringing,2,Wheatley
1800960,2,automated-ringing,5,Wheatley
1800960,3,automated-ringing,6,Wheatley
1800960,4,simulated-sound,,Performed on a virtual ringing platform.
1800397,0,first-quarter,6,
1800479,0,automated-ringing,1,Abel
1800479,1,automated-ringing,2,Abel
1800479,2,automated-ringing,3,Abel
1800479,3,automated-ringing,4,Abel
1800479,4,automated-ringing,5,Abel
1800479,5,automated-ringing,6,Abel
1800479,6,automated-ringing,7,Abel
1800479,7,automated-ringing,8,Abel
1800479,8,automated-ringing,9,Abel
1800479,9,automated-ringing,10,Abel
1800479,10,simulated-sound,,
1800523,0,simulated-sound,,Performed on a virtual ringing platform.
1800516,0,first-quarter,1,
1805810,0,first-quarter,6,
1800359,0,simulated-sound,,Performed on a virtual ringing platform.
1800306,0,simulated-sound,,Performed on a virtual ringing platform.
1800320,0,first-peal,5,
1800030,0,first-quarter,6,
1800078,0,first-quarter,6,
1799837,0,first-quarter,6,
1800058,0,first-quarter,6,
1870347,0,first-quarter,6,
1800244,0,first-quarter,5,
1799878,0,first-quarter,1,
1800321,0,first-quarter,6,
1800066,0,simulated-sound,,Rung on a peal of Saxilby Simulators with sound from virtual belfry
1799879,0,first-quarter,1,
1799525,0,first-peal,4,
1799766,0,first-peal,4,
1799586,0,first-quarter,1,
1799587,0,first-quarter,1,
1799587,1,first-quarter,6,
1799159,0,first-quarter,1,
1799350,0,simulated-sound,,Performed on a virtual ringing platform.
1799229,0,simulated-sound,,Performed on a virtual ringing platform.
1799169,0,simulated-sound,,Performed on a virtual ringing platform.
1799307,0,first-quarter,1,
1799307,1,first-quarter,6,
1798785,0,first-quarter,6,
1798841,0,first-quarter,4,
1798684,0,simulated-sound,,Performed on a ring of dumb bells.
1798855,0,simulated-sound,,Performed on a virtual ringing platform.
1798621,0,simulated-sound,,Rung on a peal of Saxilby Simulators with sound from virtual belfry
1798406,0,first-quarter,6,
1798415,0,simulated-sound,,Performed on a virtual ringing platform.
1798319,0,new-method,,
1798969,0,simulated-sound,,
1797825,0,first-quarter,6,
1797615,0,simulated-sound,,Performed on a virtual ringing platform.
1797484,0,simulated-sound,,Performed on a virtual ringing platform.
1797626,0,first-quarter,6,
1796769,0,first-quarter,6,
1796602,0,first-quarter,1,
1910316,0,first-quarter,1,
1910316,1,first-quarter,6,
1796656,0,first-quarter,6,
1796944,0,first-quarter,6,
1796929,0,automated-ringing,1,Wheatley
1796929,1,automated-ringing,2,Wheatley
1796929,2,automated-ringing,3,Wheatley
1796929,3,automated-ringing,4,Wheatley
1796929,4,automated-ringing,6,Wheatley
1796929,5,automated-ringing,7,Wheatley
1796929,6,automated-ringing,8,Wheatley
1796929,7,simulated-sound,,Performed on a virtual ringing platform.
1796817,0,first-quarter,1,
1797035,0,first-quarter,6,
1803798,0,first-peal,3,
1796641,0,first-quarter,6,
1796587,0,simulated-sound,,Performed on a virtual ringing platform.
1796239,0,simulated-sound,,Performed on a virtual ringing platform.
1796128,0,first-quarter,6,
1795923,0,first-quarter,6,
1795944,0,simulated-sound,,Performed on a virtual ringing platform.
1795951,0,automated-ringing,1,Wheatley
1795951,1,automated-ringing,2,Wheatley
1795951,2,automated-ringing,5,Wheatley
1795951,3,automated-ringing,6,Wheatley
1795951,4,simulated-sound,,Performed on a virtual ringing platform.
1795865,0,simulated-sound,,Rung on a peal of Saxilby Simulators with sound from virtual belfry
1797603,0,simulated-sound,,
1795121,0,simulated-sound,,
1801019,0,simulated-sound,,
1795019,0,simulated-sound,,Performed on a virtual ringing platform.
1794848,0,simulated-sound,,Performed on a virtual ringing platform.
1794655,0,simulated-sound,,Performed on a virtual ringing platform.
1794805,0,first-quarter,6,
1794820,0,first-quarter,1,
1794477,0,first-quarter,6,
1794586,0,first-quarter,6,
1794586,1,first-quarter,8,
1794610,0,first-quarter,1,
1794428,0,first-quarter,1,
1794310,0,automated-ringing,1,Abel
1794310,1,automated-ringing,2,Abel
1794310,2,automated-ringing,3,Abel
1794310,3,automated-ringing,4,Abel
1794310,4,automated-ringing,5,Abel
1794310,5,automated-ringing,6,Abel
1794310,6,simulated-sound,,
1794518,0,simulated-sound,,Performed on a virtual ringing platform.
1794268,0,automated-ringing,1,Wheatley
1794268,1,automated-ringing,2,Wheatley
1794268,2,automated-ringing,5,Wheatley
1794268,3,automated-ringing,6,Wheatley
1794268,4,simulated-sound,,Performed on a virtual ringing platform.
1794235,0,first-peal,8,
1795266,0,first-peal,2,
1794013,0,first-quarter,1,
1794233,0,first-quarter,6,
1794068,0,first-quarter,1,
1797057,0,first-quarter,6,
1793874,0,simulated-sound,,
1793897,0,first-quarter,1,
1793897,1,first-quarter,5,
1793911,0,simulated-sound,,Performed on a virtual ringing platform.
1794443,0,first-peal,3,
1793328,0,first-quarter,4,
1793544,0,simulated-sound,,Performed on a virtual ringing platform.
1793180,0,automated-ringing,1,Wheatley
1793180,1,automated-ringing,2,Wheatley
1793180,2,automated-ringing,3,Wheatley
1793180,3,automated-ringing,4,Wheatley
1793180,4,automated-ringing,6,Wheatley
1793180,5,automated-ringing,7,Wheatley
1793180,6,automated-ringing,8,Wheatley
1793180,7,simulated-sound,,Performed on a virtual ringing platform.
1793498,0,first-quarter,6,
1793277,0,first-quarter,1,
1793061,0,simulated-sound,,Performed on a virtual ringing platform.
1792951,0,new-method,,
1792920,0,simulated-sound,,Rung on a peal of Saxilby Simulators with sound from virtual belfry
1792674,0,automated-ringing,1,Abel
1792674,1,automated-ringing,2,Abel
1792674,2,automated-ringing,3,Abel
1792674,3,automated-ringing,4,Abel
1792674,4,automated-ringing,5,Abel
1792674,5,automated-ringing,6,Abel
1792674,6,automated-ringing,7,Abel
1792674,7,automated-ringing,8,Abel
1792674,8,simulated-sound,,
1792706,0,simulated-sound,,Performed on a virtual ringing platform.
1792665,0,simulated-sound,,Performed on a virtual ringing platform.
1794856,0,first-quarter,8,
1792520,0,simulated-sound,,
1791744,0,first-peal,2,
1792069,0,first-quarter,6,
1792742,0,first-quarter,1,
1792742,1,first-quarter,6,
1808297,0,first-quarter,1,
1791791,0,first-quarter,6,
1792381,0,first-quarter,6,
1791907,0,first-quarter,6,
1791878,0,simulated-sound,,
1791780,0,simulated-sound,,
1792064,0,simulated-sound,,Performed on a virtual ringing platform.
1792005,0,simulated-sound,,Performed on a virtual ringing platform.
1792082,0,simulated-sound,,Performed on a virtual ringing platform.
1791890,0,automated-ringing,1,Wheatley
1791890,1,automated-ringing,2,Wheatley
1791890,2,automated-ringing,5,Wheatley
1791890,3,automated-ringing,6,Wheatley
1791890,4,simulated-sound,,Performed on a virtual ringing platform.
1792116,0,first-quarter,1,
1792065,0,first-quarter,6,
1805832,0,first-quarter,1,
1805832,1,first-quarter,6,
1792222,0,first-quarter,1,
1791689,0,first-quarter,6,
