building,town,county,occurrences,candidate_tower_id,candidate_confidence,decision,decision_reason
,Kington & Presteigne,Herefordshire & Powys,812,13373,medium,reject,"adjudicated: composite two-tower event, not attributable to one tower"
,Ringing Room,UK,581,,none,reject,resolver found no tower
Holy Trinity,Stow Bardolph,Norfolk,562,12914,high,accept,"high confidence, verified sample and dedication tokens"
12 Victoria Street,Cambridge,Cambridgeshire,557,,none,reject,resolver found no tower
S Andrew the Great,Cambridge,,496,15139,high,accept,"high confidence, verified sample and dedication tokens"
2 Pretyman Avenue,Bacton,Suffolk,460,,none,reject,resolver found no tower
23 Gilpin Green,Harpenden,Hertfordshire,428,,none,reject,resolver found no tower
Bellfoundry,Loughborough,,329,10191,high,accept,"high confidence, verified sample and dedication tokens"
,Meldreth,,328,16937,high,accept,"high confidence, verified sample and dedication tokens"
St Bartholomew,Sproxton,Leicestershire,295,11573,high,accept,"high confidence, verified sample and dedication tokens"
,Stratton St Margaret,Wiltshire,269,12307,high,accept,"high confidence, verified sample and dedication tokens"
Sacred Trinity,Salford,,260,13054,high,accept,"high confidence, verified sample and dedication tokens"
All Saints,Huntsham,Devon,217,14870,high,accept,"high confidence, verified sample and dedication tokens"
Vale View Cottages,Batheaston,Somerset,209,,none,reject,resolver found no tower
23 Albany Road,St Leonards on Sea,Sussex,200,,none,reject,resolver found no tower
Reynards,Heathfield,Sussex,196,,none,reject,resolver found no tower
St Peter,Saltby,Leicestershire,194,12864,high,accept,"high confidence, verified sample and dedication tokens"
Christ Church,Claremont,Western Australia,190,11687,high,accept,"high confidence, verified sample and dedication tokens"
,Barrow Gurney,,189,13023,high,accept,"high confidence, verified sample and dedication tokens"
St Margaret,Great Barr,West Midlands,180,12494,high,accept,"high confidence, verified sample and dedication tokens"
St Mary,Beetley,Norfolk,168,14067,high,accept,"high confidence, verified sample and dedication tokens"
St Mary,Willesden,Middlesex,162,14613,high,accept,"high confidence, verified sample and dedication tokens"
St John,Coppull,Lancashire,157,11331,high,accept,"high confidence, verified sample and dedication tokens"
NB Thistle,Wootton Wawen,Warwickshire,146,,none,reject,resolver found no tower
St John the Baptist,Great Amwell,Hertfordshire,141,16992,high,accept,"high confidence, verified sample and dedication tokens"
St Margaret of Antioch,Stratton St Margaret,Wiltshire,135,12307,high,accept,"high confidence, verified sample and dedication tokens"
Bell Foundry Tower,Loughborough,Leicestershire,130,10191,high,accept,"high confidence, verified sample and dedication tokens"
St Peter,Burnley,Lancashire,128,14659,high,accept,"high confidence, verified sample and dedication tokens"
"Apartment 20, 66 Graham Street",Birmingham,West Midlands,127,,none,reject,resolver found no tower
St Thomas of Canterbury,Thorverton,Devon,122,16860,high,accept,"high confidence, verified sample and dedication tokens"
St Laurence,Reading,Berkshire,114,10597,high,accept,"high confidence, verified sample and dedication tokens"
"Christ Church, Dore",Sheffield,South Yorkshire,111,15539,high,accept,"high confidence, verified sample and dedication tokens"
All Saints,Trysull,Staffordshire,108,14642,high,accept,"high confidence, verified sample and dedication tokens"
14 Paget Place,Newmarket,Suffolk,103,,none,reject,resolver found no tower
26 Redlands Road,Reading,Berkshire,101,,none,reject,resolver found no tower
St Matthew,Walsall,,101,15867,high,accept,"high confidence, verified sample and dedication tokens"
St James,Bushey,Hertfordshire,99,13627,high,accept,"high confidence, verified sample and dedication tokens"
St Margaret,Hinton Waldrist,Oxfordshire,98,16613,high,accept,"high confidence, verified sample and dedication tokens"
Holy Trinity,Rothwell,Northamptonshire,96,16897,high,accept,"high confidence, verified sample and dedication tokens"
Blessed Virgin Mary and St Edward King and Martyr,Barrow Gurney,Somerset,95,13023,high,accept,"high confidence, verified sample and dedication tokens"
Holy Trinity,Meldreth,Cambridgeshire,93,16937,high,accept,"high confidence, verified sample and dedication tokens"
Cathedral Church of St Philip,Birmingham,West Midlands,90,15513,high,accept,"high confidence, verified sample and dedication tokens"
SS Peter and Paul,Eye,Herefordshire,85,15447,high,accept,"high confidence, verified sample and dedication tokens"
Christ Church (Churchyard),Fairwarp,East Sussex,85,16191,high,accept,"high confidence, verified sample and dedication tokens"
131 Shawclough Way,Rochdale,Lancashire,81,,none,reject,resolver found no tower
,Heywood,,80,10893,medium,reject,adjudicated: multi-tower town with no building evidence
St Leonard,Shoreditch,Middlesex,80,11847,high,accept,"high confidence, verified sample and dedication tokens"
St Nicholas,Grosmont,Monmouthshire,79,11026,high,accept,"high confidence, verified sample and dedication tokens"
St Denys,Stanford Dingley,Berkshire,77,13000,high,accept,"high confidence, verified sample and dedication tokens"
Fairlight Ring,Baunton,Gloucestershire,77,25194,high,accept,"high confidence, verified sample and dedication tokens"
"Lyndhurst, 5 Copley Lane, Robin Hood",Wakefield,Yorkshire,76,,none,reject,resolver found no tower
St Paul,Fulney,Lincolnshire,75,10977,high,accept,"high confidence, verified sample and dedication tokens"
,Moulton,Northants,75,13208,high,accept,"high confidence, verified sample and dedication tokens"
St Thomas the Martyr,Oxford,Oxfordshire,74,11759,high,accept,"high confidence, verified sample and dedication tokens"
St George in the East,Stepney,Greater London,74,17069,high,accept,"high confidence, verified sample and dedication tokens"
St Mary,East Ilsley,Berkshire,74,10316,high,accept,"high confidence, verified sample and dedication tokens"
,Daventry,,73,14260,high,accept,"high confidence, verified sample and dedication tokens"
Pig-le-Tower,Marston Bigot,Somerset,72,,none,reject,resolver found no tower
St James the Apostle,Bushey,Hertfordshire,72,13627,high,accept,"high confidence, verified sample and dedication tokens"
St Martin,Birmingham,West Midlands,71,14891,high,accept,"high confidence, verified sample and dedication tokens"
,Burton Latimer,,71,12365,high,accept,"high confidence, verified sample and dedication tokens"
All Saints,Barrowby,Lincolnshire,69,12968,high,accept,"high confidence, verified sample and dedication tokens"
,Southampton,,69,13796,medium,reject,adjudicated: multi-tower town with no building evidence
"Mor Awelon, Lon Derw",Tycoch,Swansea,68,,none,reject,resolver found no tower
St Mary,Harkstead,Suffolk,67,14259,high,accept,"high confidence, verified sample and dedication tokens"
St Leonard,Shoreditch,Greater London,67,11847,high,accept,"high confidence, verified sample and dedication tokens"
,Birstall,Yorks,65,13433,high,accept,"high confidence, verified sample and dedication tokens"
St George and St Mary,Church Gresley,Derbyshire,64,12511,high,accept,"high confidence, verified sample and dedication tokens"
St Blaise,Milton,Oxfordshire,64,15970,high,accept,"high confidence, verified sample and dedication tokens"
,Easton Neston,,60,14582,high,accept,"high confidence, verified sample and dedication tokens"
Cathedral,Birmingham,,59,16786,high,accept,"high confidence, verified sample and dedication tokens"
St Michael Archangel,Warfield,Berkshire,59,14430,high,accept,"high confidence, verified sample and dedication tokens"
St Michael,Haselbech,Northamptonshire,57,15424,high,accept,"high confidence, verified sample and dedication tokens"
Cathedral Church of St Martin,Leicester,Leicestershire,57,12250,high,accept,"high confidence, verified sample and dedication tokens"
St John the Baptist,Hannington,Wiltshire,56,11536,high,accept,"high confidence, verified sample and dedication tokens"
Bishops-Ting-Tong,Bishopsteignton,Devon,56,25195,high,accept,"high confidence, verified sample and dedication tokens"
"St Laurence, Hull Road",York,,56,16125,high,accept,"high confidence, verified sample and dedication tokens"
Christ Church with St Ewen,Bristol,Bristol,56,15455,high,accept,"high confidence, verified sample and dedication tokens"
Cathedral Church of St Paul,Wellington,New Zealand,55,10533,high,accept,"high confidence, verified sample and dedication tokens"
St Lawrence,Hungerford,Berkshire,55,11892,high,accept,"high confidence, verified sample and dedication tokens"
St George,Ticknall,Derbyshire,54,15214,high,accept,"high confidence, verified sample and dedication tokens"
St Edmund King and Martyr,Holme Pierrepont,Nottinghamshire,53,11290,high,accept,"high confidence, verified sample and dedication tokens"
,Thatcham,,53,15128,high,accept,"high confidence, verified sample and dedication tokens"
Christ Church,Spitalfields,Greater London,52,13840,high,accept,"high confidence, verified sample and dedication tokens"
,South Wigston,,52,11096,high,accept,"high confidence, verified sample and dedication tokens"
,Barrow-on-Soar,Leics,52,14755,high,accept,"high confidence, verified sample and dedication tokens"
All Saints,Maidstone,Kent,50,11883,high,accept,"high confidence, verified sample and dedication tokens"
St Peter,Derby,Derbyshire,48,10354,high,accept,"high confidence, verified sample and dedication tokens"
St Mary and All Saints,Willingham,Cambridgeshire,48,16597,high,accept,"high confidence, verified sample and dedication tokens"
"St Sepulchre without Newgate, Holborn Viaduct",City of London,,48,17135,high,accept,"high confidence, verified sample and dedication tokens"
St Michael,Shepton Beauchamp,,48,12916,high,accept,"high confidence, verified sample and dedication tokens"
,Saltby,,47,12864,high,accept,"high confidence, verified sample and dedication tokens"
28 Harmers Hay Road,Hailsham,East Sussex,46,,none,reject,resolver found no tower
46 Orchard Drive,St Albans,Hertfordshire,45,,none,reject,resolver found no tower
89 Wheatear Road,Yatton,Somerset,45,,none,reject,resolver found no tower
4 Bannutree Cottages,Bridstow,Herefordshire,45,,none,reject,resolver found no tower
St Uny,Lelant,Cornwall,44,16230,high,accept,"high confidence, verified sample and dedication tokens"
7 Laburnham Road,Maidenhead,Berkshire,44,,none,reject,resolver found no tower
Southrise,Crowhurst,East Sussex,43,,none,reject,resolver found no tower
,St Albans,Herts,43,15782,medium,reject,adjudicated: multi-tower town with no building evidence
Beckington,Hereford,Herefordshire,43,,none,reject,resolver found no tower
"St Paul, Jewellery Quarter",Birmingham,,43,12955,high,accept,"high confidence, verified sample and dedication tokens"
,Stratton St Margaret,,43,12307,high,accept,"high confidence, verified sample and dedication tokens"
St Giles,West Bridgford,Nottinghamshire,43,11771,high,accept,"high confidence, verified sample and dedication tokens"
3 Ditton Lane,Cambridge,Cambridgeshire,43,,none,reject,resolver found no tower
St Paul,Walkden,Lancashire,42,12869,high,accept,"high confidence, verified sample and dedication tokens"
,Barrowford,,42,25427,high,accept,"high confidence, verified sample and dedication tokens"
All Saints,Tarrant Keyneston,Dorset,41,15231,high,accept,"high confidence, verified sample and dedication tokens"
St Michael,Fobbing,Essex,41,15181,high,accept,"high confidence, verified sample and dedication tokens"
Christ Church,"Sheffield, Dore",South Yorkshire,41,15539,high,accept,"high confidence, verified sample and dedication tokens"
St Mary de Castro,Leicester,Leicestershire,41,13828,high,accept,"high confidence, verified sample and dedication tokens"
University Church of St Mary the Great,Cambridge,Cambridgeshire,40,13748,high,accept,"high confidence, verified sample and dedication tokens"
St Mary,Thatcham,Berkshire,40,15128,high,accept,"high confidence, verified sample and dedication tokens"
,Ringing Room,UK & USA,40,,none,reject,resolver found no tower
St Mary de Castro,Leicester,,40,13828,high,accept,"high confidence, verified sample and dedication tokens"
,Lockington,,40,14614,medium,reject,adjudicated: multi-tower town with no building evidence
St Leonard,Marston Bigot,Somerset,39,17035,high,accept,"high confidence, verified sample and dedication tokens"
St Peter,Belper,Derbyshire,39,16536,high,accept,"high confidence, verified sample and dedication tokens"
106 Beaumont Road,Barrow on Soar,,39,,none,reject,resolver found no tower
4 Spencer St,Eastwood,New South Wales,38,,none,reject,resolver found no tower
St Mary Magdalen,Oxford,Oxfordshire,38,14239,high,accept,"high confidence, verified sample and dedication tokens"
St Thomas the Apostle,Heptonstall,West Yorkshire,38,16233,high,accept,"high confidence, verified sample and dedication tokens"
St Lawrence,Longney,Gloucestershire,38,12074,high,accept,"high confidence, verified sample and dedication tokens"
"St James Garlickhythe, Garlick Hill",City of London,,37,16578,high,accept,"high confidence, verified sample and dedication tokens"
St Andrew's Centre,Pershore,Worcestershire,37,11394,high,accept,"high confidence, verified sample and dedication tokens"
The Vicarage,Bretton,Peterborough,37,,none,reject,resolver found no tower
Christ Church,Swindon,Wiltshire,37,10478,high,accept,"high confidence, verified sample and dedication tokens"
St Andrew,Lismore,New South Wales,36,13969,high,accept,"high confidence, verified sample and dedication tokens"
Sacred Trinity,Salford,Greater Manchester,36,13054,high,accept,"high confidence, verified sample and dedication tokens"
"St Michael, Cornhill",City of London,,36,16131,high,accept,"high confidence, verified sample and dedication tokens"
Elizabeth College Mini Ring,St Peter Port,Guernsey,35,25248,high,accept,"high confidence, verified sample and dedication tokens"
St Andrew,North Kilworth,Leicestershire,35,13520,high,accept,"high confidence, verified sample and dedication tokens"
St Peter,Northampton,Northamptonshire,35,15709,high,accept,"high confidence, verified sample and dedication tokens"
St James Garlickhythe,City of London,,35,16578,high,accept,"high confidence, verified sample and dedication tokens"
,Rothwell,Northants,35,16897,high,accept,"high confidence, verified sample and dedication tokens"
St Giles,Northampton,Northamptonshire,35,13785,high,accept,"high confidence, verified sample and dedication tokens"
St Magnus the Martyr,City of London,,35,13189,high,accept,"high confidence, verified sample and dedication tokens"
St John the Baptist,Holywell,Cambridgeshire,34,15952,high,accept,"high confidence, verified sample and dedication tokens"
SS Mary and Michael,Trumpington,Cambridgeshire,34,10245,high,accept,"high confidence, verified sample and dedication tokens"
All Saints,Maidstone,,34,11883,high,accept,"high confidence, verified sample and dedication tokens"
NB Thistle,Edstone Aqueduct,Warwickshire,33,,none,reject,resolver found no tower
All Saints,Harrow Weald,Greater London,33,14329,high,accept,"high confidence, verified sample and dedication tokens"
St Leonard,Middleton,Greater Manchester,33,16137,high,accept,"high confidence, verified sample and dedication tokens"
St Clement Danes,Westminster,Greater London,33,13512,high,accept,"high confidence, verified sample and dedication tokens"
St Mary the Virgin and All Saints,Langdon Hills,Essex,32,10356,high,accept,"high confidence, verified sample and dedication tokens"
The John David Ring,Wellington,New Zealand,32,,none,reject,resolver found no tower
Mindinho-le-Tower,Newmarket,Suffolk,32,,none,reject,resolver found no tower
St Michael and All Angels,Highclere,Hampshire,32,12671,high,accept,"high confidence, verified sample and dedication tokens"
The Bicycle Ring,Cheltenham,Gloucestershire,31,25201,high,accept,"high confidence, verified sample and dedication tokens"
St Mary the Virgin,Burton Latimer,Northamptonshire,31,12365,high,accept,"high confidence, verified sample and dedication tokens"
St Mary the Blessed Virgin,Stanwell,Middlesex,30,,none,reject,resolver found no tower
St Mary the Virgin,Disley,Cheshire,30,15142,high,accept,"high confidence, verified sample and dedication tokens"
St Bartholomew,"Birmingham, Edgbaston",West Midlands,30,10824,high,accept,"high confidence, verified sample and dedication tokens"
St Peter,Leckhampton,Gloucestershire,30,12596,high,accept,"high confidence, verified sample and dedication tokens"
55 St Martin's Road,Bristol,Bristol,30,,none,reject,resolver found no tower
,"Ringing Room, UK",,30,,none,reject,resolver found no tower
,Chigwell,,30,13109,high,accept,"high confidence, verified sample and dedication tokens"
St James,Accrington,Lancashire,30,10851,high,accept,"high confidence, verified sample and dedication tokens"
St Michael and All Angels,Hughenden,Buckinghamshire,30,15656,high,accept,"high confidence, verified sample and dedication tokens"
,Watford,Herts,30,10317,medium,reject,adjudicated: multi-tower town with no building evidence
,Countesthorpe,,30,10557,high,accept,"high confidence, verified sample and dedication tokens"
St Peter and St Paul,Shelford,Nottinghamshire,29,13962,high,accept,"high confidence, verified sample and dedication tokens"
St Helen,Lundy Island,Bristol Channel,29,,none,reject,resolver found no tower
9 Hawthorn Lane,Wilmslow,Cheshire,29,,none,reject,resolver found no tower
Holy Trinity,Barrow-upon-Humber,Lincolnshire,29,11981,high,accept,"high confidence, verified sample and dedication tokens"
St Luke,Heywood,Lancashire,29,10893,high,accept,"high confidence, verified sample and dedication tokens"
St Martin,Birmingham,,29,14891,high,accept,"high confidence, verified sample and dedication tokens"
St Dunstan,Hunsdon,Hertfordshire,29,17103,high,accept,"high confidence, verified sample and dedication tokens"
St Mary the Virgin,Yatton,Somerset,29,13073,high,accept,"high confidence, verified sample and dedication tokens"
15 Harford Drive,Watford,Hertfordshire,29,,none,reject,resolver found no tower
All Saints,Worcester,Worcestershire,29,11249,high,accept,"high confidence, verified sample and dedication tokens"
Wobbly Bob's Campanile,Bovey Tracey,Devon,29,25196,high,accept,"high confidence, verified sample and dedication tokens"
St Sepulchre,London,EC,29,,none,reject,resolver found no tower
St Andrew the Great,Cambridge,Cambridgeshire,28,15139,high,accept,"high confidence, verified sample and dedication tokens"
St Andrew,Alwalton,Cambridgeshire,28,12351,high,accept,"high confidence, verified sample and dedication tokens"
Harwill House,Long Clawson,Leicestershire,28,,none,reject,resolver found no tower
All Saints,Stisted,Essex,28,13696,high,accept,"high confidence, verified sample and dedication tokens"
St Paul,Langleybury,Hertfordshire,28,10184,high,accept,"high confidence, verified sample and dedication tokens"
The Wolery,"Old Stoke, Ipswich",Suffolk,28,17735,high,accept,"high confidence, verified sample and dedication tokens"
106 Beaumont Road,Barrow-on-Soar,Leicestershire,28,,none,reject,resolver found no tower
All Saints,North Cerney,Gloucestershire,27,16647,high,accept,"high confidence, verified sample and dedication tokens"
St Swithin,Clunbury,Shropshire,27,15294,high,accept,"high confidence, verified sample and dedication tokens"
St Mary the Virgin,Grundisburgh,Suffolk,27,11974,high,accept,"high confidence, verified sample and dedication tokens"
Holy Nativity,Knowle,Bristol,27,15548,high,accept,"high confidence, verified sample and dedication tokens"
St Bartholomew,Westhoughton,Greater Manchester,27,15011,high,accept,"high confidence, verified sample and dedication tokens"
,Edenham,,27,13380,high,accept,"high confidence, verified sample and dedication tokens"
Windover,Much Birch,Herefordshire,27,22228,medium,reject,adjudicated: building appears to be a house name
,Creswell,,27,15007,medium,reject,adjudicated: multi-tower town with no building evidence
St Lawrence,Towcester,Northamptonshire,27,12719,high,accept,"high confidence, verified sample and dedication tokens"
St Peter,Staunton-on-Arrow,Herefordshire,26,13941,high,accept,"high confidence, verified sample and dedication tokens"
St Mary,Bucknall,Staffordshire,26,16060,high,accept,"high confidence, verified sample and dedication tokens"
44 Sidney Road,Staines,,26,,none,reject,resolver found no tower
University House,Edgbaston,,26,,none,reject,resolver found no tower
All Saints,Elsham,Lincolnshire,25,11798,high,accept,"high confidence, verified sample and dedication tokens"
St Mary,Peterborough,Cambridgeshire,25,16442,high,accept,"high confidence, verified sample and dedication tokens"
26 Thompsons Road,Keresley End,West Midlands,25,,none,reject,resolver found no tower
Cathedral,Bristol,,25,10300,high,accept,"high confidence, verified sample and dedication tokens"
,Calcot,Berks,25,25641,high,accept,"high confidence, verified sample and dedication tokens"
St Christopher's,Ringing Room,,24,,none,reject,resolver found no tower
St Mary the Virgin,Earl Stonham,Suffolk,24,13850,high,accept,"high confidence, verified sample and dedication tokens"
St Michael,Edenham,Lincolnshire,24,13380,high,accept,"high confidence, verified sample and dedication tokens"
St Mary,Willesden,Greater London,24,14613,high,accept,"high confidence, verified sample and dedication tokens"
St Mary and St Michael,Trumpington,Cambridgeshire,24,10245,high,accept,"high confidence, verified sample and dedication tokens"
SS Helena and Mary,Bourn,Cambridgeshire,24,12090,high,accept,"high confidence, verified sample and dedication tokens"
St Mary the Virgin,Amersham,Buckinghamshire,24,14913,high,accept,"high confidence, verified sample and dedication tokens"
,Ringing Room,Oxfordshire,23,,none,reject,resolver found no tower
Elizabeth college,Guernsey,Channel Islands,23,,none,reject,resolver found no tower
St Katharine,Blackrod,Greater Manchester,23,13099,high,accept,"high confidence, verified sample and dedication tokens"
St James,Norton Canes,Staffordshire,23,12109,high,accept,"high confidence, verified sample and dedication tokens"
St Michael,Shepton Beauchamp,Somerset,23,12916,high,accept,"high confidence, verified sample and dedication tokens"
St Mary,Bishopstoke,Hampshire,23,11744,high,accept,"high confidence, verified sample and dedication tokens"
Minster Church of All Saints,Rotherham,South Yorkshire,23,11336,high,accept,"high confidence, verified sample and dedication tokens"
St James,Colesbourne,Gloucestershire,22,12354,high,accept,"high confidence, verified sample and dedication tokens"
St Peter's Ringing Chamber,Fairfield,Derbyshire,22,11560,high,accept,"high confidence, verified sample and dedication tokens"
"Colchester, Norwich & Great Hockham",Ringing Room,UK,22,,none,reject,resolver found no tower
All Saints,South Wingfield,Derbyshire,22,12326,high,accept,"high confidence, verified sample and dedication tokens"
St Mary the Virgin,Dover,Kent,22,14019,high,accept,"high confidence, verified sample and dedication tokens"
Cathedral Church of the Holy and Undivided Trinity,Bristol,Bristol,22,10300,high,accept,"high confidence, verified sample and dedication tokens"
,Weedon Bec,,22,10134,high,accept,"high confidence, verified sample and dedication tokens"
,Kingsbury,Warks,22,13225,high,accept,"high confidence, verified sample and dedication tokens"
University House,Edgbaston,West Midlands,22,,none,reject,resolver found no tower
St Mary Magdalene,Chewton Mendip,Somerset,22,15316,high,accept,"high confidence, verified sample and dedication tokens"
"St Edburgha, Yardley",Birmingham,West Midlands,22,14504,high,accept,"high confidence, verified sample and dedication tokens"
St Mary and All Saints,Kirkby Underwood,Lincolnshire,21,10169,high,accept,"high confidence, verified sample and dedication tokens"
,Ringing Room,UK and USA,21,,none,reject,resolver found no tower
The Forewood Ring,Crowhurst,East Sussex,21,25203,high,accept,"high confidence, verified sample and dedication tokens"
All Saints,Cottenham,Cambridgeshire,21,14338,high,accept,"high confidence, verified sample and dedication tokens"
St Andrew,Tarvin,Cheshire,21,15036,high,accept,"high confidence, verified sample and dedication tokens"
St Michael and All Angels,Maidstone,Kent,21,12644,high,accept,"high confidence, verified sample and dedication tokens"
,Bishopstoke,,21,11744,medium,reject,adjudicated: multi-tower town with no building evidence
St Leonard,Middleton,Lancashire,21,16137,high,accept,"high confidence, verified sample and dedication tokens"
All Saints,Highweek,Devon,21,11556,high,accept,"high confidence, verified sample and dedication tokens"
,Rothwell,Yorks,21,10886,high,accept,"high confidence, verified sample and dedication tokens"
"St Magnus the Martyr, London Bridge",City of London,,21,13189,high,accept,"high confidence, verified sample and dedication tokens"
16 Blackden Close,Belper,Derbyshire,20,,none,reject,resolver found no tower
68 Rockfield Road,Fairfield,Derbyshire,20,,none,reject,resolver found no tower
,Pettistree,Suffolk,20,13016,high,accept,"high confidence, verified sample and dedication tokens"
St Helen,Etwall,Derbyshire,20,16656,high,accept,"high confidence, verified sample and dedication tokens"
Clock House Bells,Awbridge,Hampshire,20,,none,reject,resolver found no tower
St Mary,Hasfield,Gloucestershire,20,16220,high,accept,"high confidence, verified sample and dedication tokens"
St Mark,Swindon,Wiltshire,20,14500,high,accept,"high confidence, verified sample and dedication tokens"
"1a, Brampton Road",St Albans,Hertfordshire,20,,none,reject,resolver found no tower
St Mark,Exeter,Devon,20,16135,high,accept,"high confidence, verified sample and dedication tokens"
The Wayside,Leicester,Leics,20,,none,reject,resolver found no tower
St Stephen the Martyr,Bristol,Bristol,20,12993,high,accept,"high confidence, verified sample and dedication tokens"
Ladies Who,Ringing Room,,19,,none,reject,resolver found no tower
St Peter and St Paul,Algarkirk,Lincolnshire,19,15381,high,accept,"high confidence, verified sample and dedication tokens"
East Sussex,Ringing Room,,19,,none,reject,resolver found no tower
St Mary the Virgin,Westmill,Hertfordshire,19,10793,high,accept,"high confidence, verified sample and dedication tokens"
St Andrew,Backwell,Somerset,19,11245,high,accept,"high confidence, verified sample and dedication tokens"
St Mary,Overton,Hampshire,19,12543,high,accept,"high confidence, verified sample and dedication tokens"
St Saviour,Pimlico,Greater London,19,14962,high,accept,"high confidence, verified sample and dedication tokens"
,West Bridgford,,19,11771,medium,reject,adjudicated: multi-tower town with no building evidence
,Farnworth-with-Kearsley,,19,,none,reject,resolver found no tower
"St Lawrence, Hull Road",York,,19,16125,high,accept,"high confidence, verified sample and dedication tokens"
St Mark,Worsley,Greater Manchester,19,10612,high,accept,"high confidence, verified sample and dedication tokens"
45 Blanch Croft,Melbourne,Derbyshire,19,,none,reject,resolver found no tower
Town Hall,Manchester,Greater Manchester,19,16363,high,accept,"high confidence, verified sample and dedication tokens"
Hazelton,Guernsey,Channel islands,18,,none,reject,resolver found no tower
Sefton Avenue,York,North Yorkshire,18,,none,reject,resolver found no tower
,Ringing Room,East Sussex,18,,none,reject,resolver found no tower
446 Welford Road,Leicester,Leicestershire,18,,none,reject,resolver found no tower
St Peter,Tewin,Hertfordshire,18,16358,high,accept,"high confidence, verified sample and dedication tokens"
"Vernet-les-Bains, Oldham & Great Hockham",Ringing Room,UK & France,18,,none,reject,resolver found no tower
Mindinho-le-tower,Newmarket,Suffolk,18,,none,reject,resolver found no tower
St Agatha,Portsmouth,Hampshire,18,17042,high,accept,"high confidence, verified sample and dedication tokens"
St Thomas,Norbury,Cheshire,18,11240,high,accept,"high confidence, verified sample and dedication tokens"
,Highclere,,18,12671,medium,reject,adjudicated: multi-tower town with no building evidence
St Luke,Heywood,Greater Manchester,18,10893,high,accept,"high confidence, verified sample and dedication tokens"
St Giles,Stoke Poges,Buckinghamshire,18,11988,high,accept,"high confidence, verified sample and dedication tokens"
,Greasley,,18,15046,high,accept,"high confidence, verified sample and dedication tokens"
,Campsall,,18,17041,high,accept,"high confidence, verified sample and dedication tokens"
,Trumpington,,18,10245,high,accept,"high confidence, verified sample and dedication tokens"
,Helmingham,,18,13545,high,accept,"high confidence, verified sample and dedication tokens"
St Peter and St Paul,Moulton,Northamptonshire,18,13208,high,accept,"high confidence, verified sample and dedication tokens"
Cathedral,Leicester,,18,12250,high,accept,"high confidence, verified sample and dedication tokens"
80 Leconfield Road,Loughborough,Leicestershire,17,,none,reject,resolver found no tower
St John Baptist,Sully,Vale of Glamorgan,17,11445,high,accept,"high confidence, verified sample and dedication tokens"
St Thomas,Woolton Hill,Hampshire,17,14934,high,accept,"high confidence, verified sample and dedication tokens"
St Alkmund,Duffield,Derbyshire,17,11235,high,accept,"high confidence, verified sample and dedication tokens"
"5, Moat Close",Bushey,Hertfordshire,17,,none,reject,resolver found no tower
Windermere,Stretton Sugwas,Herefordshire,17,23875,medium,reject,adjudicated: building appears to be a house name
"Thorrington, Wickford, Great Hockham",Ringing Room,UK,17,,none,reject,resolver found no tower
St John the Baptist,Windsor,Berkshire,17,15169,high,accept,"high confidence, verified sample and dedication tokens"
Highbury St (Dumbbell),Peterborough,City of Peterborough,17,,none,reject,resolver found no tower
Swaledale,Holme Lacy,Herefordshire,17,,none,reject,resolver found no tower
Christ Church,Dore,South Yorkshire,17,15539,high,accept,"high confidence, verified sample and dedication tokens"
,East Ilsley,,17,10316,high,accept,"high confidence, verified sample and dedication tokens"
All Saints,Rotherham,,17,11336,high,accept,"high confidence, verified sample and dedication tokens"
Parish and Civic Church of St Mary-le-Wigford,Lincoln,Lincolnshire,16,13659,high,accept,"high confidence, verified sample and dedication tokens"
,Marston-on-Dove,,16,16800,high,accept,"high confidence, verified sample and dedication tokens"
St Nicholas,Longparish,Hampshire,16,12538,high,accept,"high confidence, verified sample and dedication tokens"
St Giles,South Mymms,Hertfordshire,16,14256,high,accept,"high confidence, verified sample and dedication tokens"
Priory Church of St Peter,Dunstable,Bedfordshire,16,15318,high,accept,"high confidence, verified sample and dedication tokens"
St Mary,Rushden,Northamptonshire,16,10504,high,accept,"high confidence, verified sample and dedication tokens"
,Dore,,16,15539,high,accept,"high confidence, verified sample and dedication tokens"
St Peter,Wellesbourne,Warwickshire,16,11177,high,accept,"high confidence, verified sample and dedication tokens"
St Nicholas,Mavesyn Ridware,Staffordshire,16,15216,high,accept,"high confidence, verified sample and dedication tokens"
St Peter,Nottingham,,16,16058,high,accept,"high confidence, verified sample and dedication tokens"
"Harrison Building, Exeter University",Exeter,Devon,16,,none,reject,resolver found no tower
Bellfoundry Tower,Loughborough,Leicestershire,16,10191,high,accept,"high confidence, verified sample and dedication tokens"
Bishop Ryder,Birmingham,,16,,none,reject,resolver found no tower
Holy Cross,Daventry,Northamptonshire,16,14260,high,accept,"high confidence, verified sample and dedication tokens"
"St Mary, Upton cum Chalvey",Slough,Berkshire,16,15564,high,accept,"high confidence, verified sample and dedication tokens"
SS Peter and Paul,Moulton,Northamptonshire,16,13208,high,accept,"high confidence, verified sample and dedication tokens"
,Drayton Bassett,,15,16528,high,accept,"high confidence, verified sample and dedication tokens"
St Helen,Great Oxendon,Northamptonshire,15,16491,high,accept,"high confidence, verified sample and dedication tokens"
St Mary the Virgin,Ashley,Northamptonshire,15,12989,high,accept,"high confidence, verified sample and dedication tokens"
The Alphabet Ring,Balga,Western Australia,15,25661,high,accept,"high confidence, verified sample and dedication tokens"
"C3 Old Court, Clare College",Cambridge,Cambridgeshire,15,,none,reject,resolver found no tower
Cathedral Church of All Saints,Derby,Derbyshire,15,16607,high,accept,"high confidence, verified sample and dedication tokens"
The John David Mini Ring,Wellington,New Zealand,15,,none,reject,resolver found no tower
St Remigius,Hethersett,Norfolk,15,16435,high,accept,"high confidence, verified sample and dedication tokens"
"170, Headstone Lane",Harrow,Middlesex,15,,none,reject,resolver found no tower
St Peter,St Albans,Hertfordshire,15,11034,high,accept,"high confidence, verified sample and dedication tokens"
Bosham & Portsmouth,Ringing Room,West Sussex & Hampshire,15,,none,reject,resolver found no tower
SS Philip and Jacob,Bristol,Bristol,15,15180,medium,accept,"medium, building shares dedication evidence"
St Mary the Virgin,Longcot,Oxfordshire,15,15804,high,accept,"high confidence, verified sample and dedication tokens"
St Nicholas,Islip,Oxfordshire,15,10318,high,accept,"high confidence, verified sample and dedication tokens"
,Turners Hill,,15,16948,high,accept,"high confidence, verified sample and dedication tokens"
St Nicholas,Stevenage,Hertfordshire,15,11994,high,accept,"high confidence, verified sample and dedication tokens"
,Royston,Herts,15,11703,high,accept,"high confidence, verified sample and dedication tokens"
St Thomas,Oxford,Oxfordshire,15,11759,high,accept,"high confidence, verified sample and dedication tokens"
All Saints,Northallerton,North Yorkshire,15,12067,high,accept,"high confidence, verified sample and dedication tokens"
All Saints,Sapcote,Leicestershire,15,13130,high,accept,"high confidence, verified sample and dedication tokens"
St Barnabas,Peasemore,Berkshire,14,11095,high,accept,"high confidence, verified sample and dedication tokens"
,Warsop,,14,11117,high,accept,"high confidence, verified sample and dedication tokens"
St James,Taxal,Derbyshire,14,12705,high,accept,"high confidence, verified sample and dedication tokens"
"St Wilfrid, Duncombe Place",York,,14,12165,high,accept,"high confidence, verified sample and dedication tokens"
St Leonard,Horringer,Suffolk,14,14771,high,accept,"high confidence, verified sample and dedication tokens"
"Little Creed Cottage, Green Lane",Bosham,West Sussex,14,,none,reject,resolver found no tower
The Plantagenet Ring,Church Lawford,Warwickshire,14,12558,high,accept,"high confidence, verified sample and dedication tokens"
St Mary le Tower,Ipswich,Suffolk,14,11217,high,accept,"high confidence, verified sample and dedication tokens"
RC Cathedral Church of St Anne,Leeds,West Yorkshire,14,11425,high,accept,"high confidence, verified sample and dedication tokens"
,Aldenham,,14,15828,high,accept,"high confidence, verified sample and dedication tokens"
Bell Foundry Campanile,Loughborough,Leicestershire,14,10191,high,accept,"high confidence, verified sample and dedication tokens"
All Saints,Isleworth,Greater London,14,13679,high,accept,"high confidence, verified sample and dedication tokens"
St Mary,Moseley,West Midlands,14,16431,high,accept,"high confidence, verified sample and dedication tokens"
St Peter,Nottingham,Nottinghamshire,14,16058,high,accept,"high confidence, verified sample and dedication tokens"
"Calcot, 18 Sandhills Way",Reading,,14,,none,reject,resolver found no tower
,Chilvers Coton,,14,13950,high,accept,"high confidence, verified sample and dedication tokens"
,Langley,Berks,14,11210,high,accept,"high confidence, verified sample and dedication tokens"
,Ringing Room,UK (Manchester and London),13,,none,reject,resolver found no tower
All Saints,Ockbrook,Derbyshire,13,11154,high,accept,"high confidence, verified sample and dedication tokens"
St Botolph,Barton Seagrave,Northamptonshire,13,14518,high,accept,"high confidence, verified sample and dedication tokens"
St Helen,Sibbertoft,Northamptonshire,13,16862,high,accept,"high confidence, verified sample and dedication tokens"
St Margaret,Old Fletton,Cambridgeshire,13,13106,high,accept,"high confidence, verified sample and dedication tokens"
St Lawrence,Frodsham,Cheshire,13,15988,high,accept,"high confidence, verified sample and dedication tokens"
St Mary the Virgin,High Halden,Kent,13,13216,high,accept,"high confidence, verified sample and dedication tokens"
1 Albany Quadrant,Glasgow,,13,,none,reject,resolver found no tower
St Mary,Aston,Hertfordshire,13,15118,high,accept,"high confidence, verified sample and dedication tokens"
,Brockenhurst,,13,25199,medium,reject,adjudicated: multi-tower town with no building evidence
St Mary the Virgin,Henham,Essex,13,12281,high,accept,"high confidence, verified sample and dedication tokens"
,Radlett,,13,15488,high,accept,"high confidence, verified sample and dedication tokens"
All Saints,Harrow Weald,Middlesex,13,14329,high,accept,"high confidence, verified sample and dedication tokens"
"Imperial College, Huxley Buliding",Knightsbridge,Middlesex,13,,none,reject,resolver found no tower
,Haselbech,,13,15424,high,accept,"high confidence, verified sample and dedication tokens"
Bellfoundry,Loughborough,Leicestershire,13,10191,high,accept,"high confidence, verified sample and dedication tokens"
,Knebworth,,13,14054,medium,reject,adjudicated: multi-tower town with no building evidence
St Mary the Virgin,Higham Ferrers,Northamptonshire,13,13375,high,accept,"high confidence, verified sample and dedication tokens"
All Saints (Base of Tower),Bristol,Bristol,13,10331,high,accept,"high confidence, verified sample and dedication tokens"
St Michael and All Angels,Ashton under Lyne,Greater Manchester,13,10838,high,accept,"high confidence, verified sample and dedication tokens"
St Andrew's,Potterhanworth,Lincolnshire,12,14584,high,accept,"high confidence, verified sample and dedication tokens"
,Ringing Room,USA,12,,none,reject,resolver found no tower
St Andrew,Brigstock,Northamptonshire,12,13766,high,accept,"high confidence, verified sample and dedication tokens"
The Michaeldene Campanile,Mitcheldean,Gloucestershire,12,11359,medium,reject,adjudicated: named private ring or non-church venue
"34 Elmslie Road, Pinehaven",Wellington,New Zealand,12,,none,reject,resolver found no tower
St Mary,Hertingfordbury,Hertfordshire,12,11915,high,accept,"high confidence, verified sample and dedication tokens"
St Mary,Otley,Suffolk,12,13615,high,accept,"high confidence, verified sample and dedication tokens"
St Mary,Graveley,Hertfordshire,12,11656,high,accept,"high confidence, verified sample and dedication tokens"
St Mary,Addington,Greater London,12,14695,high,accept,"high confidence, verified sample and dedication tokens"
St Mary the Virgin,Castle Eaton,Wiltshire,12,16619,high,accept,"high confidence, verified sample and dedication tokens"
"St Olave, Hart Street",City of London,,12,12986,high,accept,"high confidence, verified sample and dedication tokens"
St John the Evangelist,Lemsford,Hertfordshire,12,12929,high,accept,"high confidence, verified sample and dedication tokens"
St Mary Magdalene,Great Offley,Hertfordshire,12,12296,high,accept,"high confidence, verified sample and dedication tokens"
,Shoreditch,,12,11847,high,accept,"high confidence, verified sample and dedication tokens"
The Union,Edgbaston,,12,,none,reject,resolver found no tower
St Peter,Burnham,Buckinghamshire,12,15543,high,accept,"high confidence, verified sample and dedication tokens"
St Peter,Walworth,Greater London,12,17140,high,accept,"high confidence, verified sample and dedication tokens"
St Mary De Castro,Leicester,Leicestershire,12,13828,high,accept,"high confidence, verified sample and dedication tokens"
SS Mary V and Edward K and M,Barrow Gurney,Somerset,12,13023,high,accept,"high confidence, verified sample and dedication tokens"
St Mary,Amersham,Buckinghamshire,12,14913,high,accept,"high confidence, verified sample and dedication tokens"
St Andrew-the-Great,Cambridge,,12,15139,high,accept,"high confidence, verified sample and dedication tokens"
6 Knights Court,Bishops Frome,Herefordshire,12,,none,reject,resolver found no tower
15 Lytham End Tilehurst,Reading,Berkshire,12,,none,reject,resolver found no tower
,Beeston,,12,14670,medium,reject,adjudicated: multi-tower town with no building evidence
St Botolph,Knottingley,West Yorkshire,12,15888,high,accept,"high confidence, verified sample and dedication tokens"
St John the Baptist,Beeston,Nottinghamshire,12,14670,high,accept,"high confidence, verified sample and dedication tokens"
St Sepulchre Library Room,London,EC,12,,none,reject,resolver found no tower
"Cathedral Church of the Holy Trinity, St Peter, St Paul, and St Swithun",Winchester,Hampshire,12,24847,high,accept,"high confidence, verified sample and dedication tokens"
St Margaret,Bowers Gifford,Essex,11,11961,high,accept,"high confidence, verified sample and dedication tokens"
St Peter and St Paul,Stallingborough,Lincolnshire,11,11665,high,accept,"high confidence, verified sample and dedication tokens"
St Peter,St Mary Bourne,Hampshire,11,11419,high,accept,"high confidence, verified sample and dedication tokens"
St Margaret,Warnham,,11,15727,high,accept,"high confidence, verified sample and dedication tokens"
St Mary,Monewden,Suffolk,11,13855,high,accept,"high confidence, verified sample and dedication tokens"
Anchorsholme,Whiteparish,Wiltshire,11,14821,medium,reject,adjudicated: building appears to be a house name
St George,Sampford Brett,Somerset,11,13694,high,accept,"high confidence, verified sample and dedication tokens"
St Andrew,Cherry Hinton,Cambridgeshire,11,10473,high,accept,"high confidence, verified sample and dedication tokens"
St Mary,Badby,Northamptonshire,11,13715,high,accept,"high confidence, verified sample and dedication tokens"
St Mary Magdalene,Whipsnade,Bedfordshire,11,16773,high,accept,"high confidence, verified sample and dedication tokens"
The Blessed Virgin Mary and St Peter,Winford,Somerset,11,16520,high,accept,"high confidence, verified sample and dedication tokens"
The Alphabet Ring,Bridgetown,Western Australia,11,25198,high,accept,"high confidence, verified sample and dedication tokens"
Bank Cottage,Hollybush,Worcestershire,11,,none,reject,resolver found no tower
St Mary's Cathedral,Sydney,,11,15468,high,accept,"high confidence, verified sample and dedication tokens"
,Handsworth,Yorks,11,10845,high,accept,"high confidence, verified sample and dedication tokens"
St Nicolas,Newbury,Berkshire,11,15984,high,accept,"high confidence, verified sample and dedication tokens"
,Spitalfields,,11,13840,high,accept,"high confidence, verified sample and dedication tokens"
,Grundisburgh,,11,11974,high,accept,"high confidence, verified sample and dedication tokens"
St Peter,Claybrooke,Leicestershire,11,11714,high,accept,"high confidence, verified sample and dedication tokens"
St Giles,Packwood,Warwickshire,11,12988,high,accept,"high confidence, verified sample and dedication tokens"
,Tadcaster,,11,16039,high,accept,"high confidence, verified sample and dedication tokens"
St Mary,Aberavon,Neath Port Talbot,11,,none,reject,resolver found no tower
,Fairwarp,,11,16191,high,accept,"high confidence, verified sample and dedication tokens"
,Bolsterstone,,11,15595,high,accept,"high confidence, verified sample and dedication tokens"
St Mary,Cholsey,Oxfordshire,11,10717,high,accept,"high confidence, verified sample and dedication tokens"
"Cathedral Church of St Mary the Virgin, St Peter and St Cedd",Chelmsford,Essex,11,15277,high,accept,"high confidence, verified sample and dedication tokens"
Cathedral,Portsmouth,,11,13220,high,accept,"high confidence, verified sample and dedication tokens"
7 Laburnham Road,Maidenhead,,11,,none,reject,resolver found no tower
St John the Divine,Leicester,Leicestershire,11,,none,reject,resolver found no tower
The White House,Aston Rowant,Oxfordshire,11,,none,reject,resolver found no tower
9 Falstaff Gardens,St Albans,Hertfordshire,11,,none,reject,resolver found no tower
SS Mary the Virgin and John the Baptist,Newtown,Hampshire,10,14600,high,accept,"high confidence, verified sample and dedication tokens"
Under the big tree,Cambridge,Cambridgeshire,10,,none,reject,resolver found no tower
St James the Apostle,Grafton Underwood,Northamptonshire,10,14619,high,accept,"high confidence, verified sample and dedication tokens"
St Mary,Whittlebury,Northamptonshire,10,14955,high,accept,"high confidence, verified sample and dedication tokens"
St Mary V,Ashley,Northamptonshire,10,12989,high,accept,"high confidence, verified sample and dedication tokens"
St Peter,Carmarthen,Carmarthenshire,10,15084,high,accept,"high confidence, verified sample and dedication tokens"
St Leonard,Sunningwell,Oxfordshire,10,14046,high,accept,"high confidence, verified sample and dedication tokens"
St Botolph,Burgh,Suffolk,10,15844,high,accept,"high confidence, verified sample and dedication tokens"
Holy Trinity,Badgeworth,Gloucestershire,10,10798,high,accept,"high confidence, verified sample and dedication tokens"
St Kyneburgha,Castor,Cambridgeshire,10,14322,high,accept,"high confidence, verified sample and dedication tokens"
The Mythering,Gloucester,Gloucestershire,10,,none,reject,resolver found no tower
St John the Baptist,Strensham,Worcestershire,10,15577,high,accept,"high confidence, verified sample and dedication tokens"
17 College Cross,Islington,Greater London,10,,none,reject,resolver found no tower
52 Burrows Road,Kensal Green,Middlesex,10,,none,reject,resolver found no tower
53 Covent Garden,Willingham,Cambridgeshire,10,,none,reject,resolver found no tower
St Peter,Broughton,Staffordshire,10,11521,high,accept,"high confidence, verified sample and dedication tokens"
All Saints,Lapley,Staffordshire,10,10456,high,accept,"high confidence, verified sample and dedication tokens"
,Thorverton,,10,16860,high,accept,"high confidence, verified sample and dedication tokens"
St Nicholas,Harpenden,Hertfordshire,10,15119,high,accept,"high confidence, verified sample and dedication tokens"
"St Michael, Stoke",Coventry,West Midlands,10,13274,high,accept,"high confidence, verified sample and dedication tokens"
SS Mary and Nicolas,Spalding,Lincolnshire,10,15336,medium,accept,"medium, building shares dedication evidence"
St Thomas,Heptonstall,West Yorkshire,10,16233,high,accept,"high confidence, verified sample and dedication tokens"
St Luke,Cannock,Staffordshire,10,16791,high,accept,"high confidence, verified sample and dedication tokens"
"St Stephen, Barbourne",Worcester,,10,12050,high,accept,"high confidence, verified sample and dedication tokens"
,Conisbrough,,10,12310,high,accept,"high confidence, verified sample and dedication tokens"
St Bartholomew,Westhoughton,Lancashire,10,15011,high,accept,"high confidence, verified sample and dedication tokens"
St Mary,"Sheffield, Handsworth",South Yorkshire,10,10845,high,accept,"high confidence, verified sample and dedication tokens"
All Saints,Terling,Essex,10,13514,high,accept,"high confidence, verified sample and dedication tokens"
"St Martin-le-Grand, Coney Street",York,,10,15985,high,accept,"high confidence, verified sample and dedication tokens"
All Saints,Rotherham,South Yorkshire,10,11336,high,accept,"high confidence, verified sample and dedication tokens"
Holy and Undivided Trinity,Bristol,Bristol,10,10300,medium,accept,"medium, building shares dedication evidence"
,Wigston Magna,,10,12155,medium,reject,adjudicated: multi-tower town with no building evidence
Cathedral Church of St Mary the Virgin,Blackburn,Lancashire,10,10297,high,accept,"high confidence, verified sample and dedication tokens"
St Mary,Nottingham,,10,10637,high,accept,"high confidence, verified sample and dedication tokens"
,Isleworth,,10,13679,medium,reject,adjudicated: multi-tower town with no building evidence
Lordsfield Gardens,Overton,Hampshire,10,,none,reject,resolver found no tower
St Mary the Virgin,Long Crendon,Buckinghamshire,10,12735,high,accept,"high confidence, verified sample and dedication tokens"
91 Nottingham Road,Kegworth,Leicestershire,10,,none,reject,resolver found no tower
Christ Church,Bristol,,10,15455,high,accept,"high confidence, verified sample and dedication tokens"
,Holyport,Berks,10,,none,reject,resolver found no tower
The Cock Ring,Hamworthy,Dorset,9,25219,high,accept,"high confidence, verified sample and dedication tokens"
G13 Stephen Hawking Building,Cambridge,Cambridgeshire,9,,none,reject,resolver found no tower
The Waikato Mini Ring,Hamilton,New Zealand,9,13098,medium,reject,adjudicated: named private ring or non-church venue
SS Peter and Paul,Scaldwell,Northamptonshire,9,12677,high,accept,"high confidence, verified sample and dedication tokens"
St Mary the Virgin,Culworth,Northamptonshire,9,14107,high,accept,"high confidence, verified sample and dedication tokens"
St Michael,Bradden,Northamptonshire,9,16600,high,accept,"high confidence, verified sample and dedication tokens"
St Botolph,Church Brampton,Northamptonshire,9,12290,high,accept,"high confidence, verified sample and dedication tokens"
"Blessed Virgin Mary, Bathwick",Bath,Somerset,9,13019,high,accept,"high confidence, verified sample and dedication tokens"
St Paul,Birmingham,West Midlands,9,12955,high,accept,"high confidence, verified sample and dedication tokens"
All Saints,Bigby,Lincolnshire,9,12844,high,accept,"high confidence, verified sample and dedication tokens"
,East Woodhay,,9,14902,high,accept,"high confidence, verified sample and dedication tokens"
,Surfleet,,9,14910,high,accept,"high confidence, verified sample and dedication tokens"
All Saints,Tuckingmill,Cornwall,9,15288,high,accept,"high confidence, verified sample and dedication tokens"
All Saints,Datchworth,Hertfordshire,9,11025,high,accept,"high confidence, verified sample and dedication tokens"
"Oldham, Vernet-les-Bains & Great Hockham",Sonneur,UK & France,9,,none,reject,resolver found no tower
"Thorrington, Wickford & Great Hockham",Ringing Room,UK,9,,none,reject,resolver found no tower
,Newmarket,Suffolk,9,16670,medium,reject,adjudicated: multi-tower town with no building evidence
12 Victoria Street (GF),Cambridge,Cambridgeshire,9,,none,reject,resolver found no tower
't Klockhuys,Dordrecht,Netherlands,9,14275,high,accept,"high confidence, verified sample and dedication tokens"
St Mary the Virgin,Tutbury,Staffordshire,9,14535,high,accept,"high confidence, verified sample and dedication tokens"
"St Olave, Marygate",York,,9,13479,high,accept,"high confidence, verified sample and dedication tokens"
St Andrew,Presteigne,Powys,9,14991,high,accept,"high confidence, verified sample and dedication tokens"
St Bride,London,,9,21766,high,accept,"high confidence, verified sample and dedication tokens"
St Peter,Bromyard,Herefordshire,9,10558,high,accept,"high confidence, verified sample and dedication tokens"
Christ Church,Fairwarp,East Sussex,9,16191,high,accept,"high confidence, verified sample and dedication tokens"
St Giles,Chalfont St Giles,Buckinghamshire,9,15717,high,accept,"high confidence, verified sample and dedication tokens"
"Dore, Christ Church",Sheffield,South Yorkshire,9,,none,reject,resolver found no tower
St Giles,Desborough,Northamptonshire,9,15870,high,accept,"high confidence, verified sample and dedication tokens"
St Andrew,Prestwold,Leicestershire,9,13948,high,accept,"high confidence, verified sample and dedication tokens"
Blessed Virgin Mary and St Edward K and M,Barrow Gurney,Somerset,9,13023,high,accept,"high confidence, verified sample and dedication tokens"
All Saints,Pontefract,,9,13179,high,accept,"high confidence, verified sample and dedication tokens"
The Vicarage,Longthorpe,Peterborough,9,,none,reject,resolver found no tower
St Lawrence,Long Buckby,Northamptonshire,9,10487,high,accept,"high confidence, verified sample and dedication tokens"
,Kingham,,9,13974,high,accept,"high confidence, verified sample and dedication tokens"
St Andrew,Clevedon,Somerset,9,10974,high,accept,"high confidence, verified sample and dedication tokens"
St Sepulchre,City of London,City of London,9,17135,high,accept,"high confidence, verified sample and dedication tokens"
All Saints,Pontefract,West Yorkshire,9,13179,high,accept,"high confidence, verified sample and dedication tokens"
St Andrew Holborn,City of London,,9,11081,high,accept,"high confidence, verified sample and dedication tokens"
,Aston,Warks,9,10927,high,accept,"high confidence, verified sample and dedication tokens"
St Wilfrid,York,,9,12165,high,accept,"high confidence, verified sample and dedication tokens"
Cathedral Church of St Thomas of Canterbury,Portsmouth,Hampshire,9,13220,high,accept,"high confidence, verified sample and dedication tokens"
St Mary,Southampton,,9,10453,high,accept,"high confidence, verified sample and dedication tokens"
6 Ashwood Crescent,Marple,Cheshire,9,,none,reject,resolver found no tower
St Stephen,Bristol,,9,12993,high,accept,"high confidence, verified sample and dedication tokens"
Gable Farm Cottage,Reach,Cambs,9,,none,reject,resolver found no tower
The John of Gaunt Ring,Aylsham,Norfolk,8,16792,medium,reject,adjudicated: building appears to be a house name
,Heveningham,,8,13263,high,accept,"high confidence, verified sample and dedication tokens"
,Ringing Room,(Ladies Who),8,,none,reject,resolver found no tower
All Saints,Dingley,Northamptonshire,8,15465,high,accept,"high confidence, verified sample and dedication tokens"
St Mary the Blessed Virgin,Everdon,Northamptonshire,8,13623,high,accept,"high confidence, verified sample and dedication tokens"
The Elizabeth College Campanile,St Peter Port,Guernsey,8,25248,high,accept,"high confidence, verified sample and dedication tokens"
St Nicholas,Great Munden,Hertfordshire,8,15189,high,accept,"high confidence, verified sample and dedication tokens"
St Nicholas,Ashchurch,Gloucestershire,8,14753,high,accept,"high confidence, verified sample and dedication tokens"
St Mary the Virgin,Denby,Derbyshire,8,15585,high,accept,"high confidence, verified sample and dedication tokens"
St Peter,Huish Champflower,Somerset,8,15496,high,accept,"high confidence, verified sample and dedication tokens"
63 St Martin's Road,Coventry,West Midlands,8,,none,reject,resolver found no tower
,Ringing Room,Suffolk,8,,none,reject,resolver found no tower
St Margaret,Quadring,Lincolnshire,8,14136,high,accept,"high confidence, verified sample and dedication tokens"
Holy Trinity,Hatfield Heath,Essex,8,17085,high,accept,"high confidence, verified sample and dedication tokens"
St Mary's Basilica,Sydney,"New South Wales, Australia",8,15468,high,accept,"high confidence, verified sample and dedication tokens"
"Norwich, Great Hockham & Colchester",Ringing Room,,8,,none,reject,resolver found no tower
St Mary,Matching,Essex,8,17143,high,accept,"high confidence, verified sample and dedication tokens"
,Ringing Room,England,8,,none,reject,resolver found no tower
St Mary the Virgin,Stansted Mountfitchet,Essex,8,13823,high,accept,"high confidence, verified sample and dedication tokens"
19 The Green,"Romanby, Northallerton",North Yorkshire,8,,none,reject,resolver found no tower
St Mary and All Saints,Willoughby on the Wolds,Nottinghamshire,8,12133,high,accept,"high confidence, verified sample and dedication tokens"
St James,Sutton,Cheshire,8,16373,high,accept,"high confidence, verified sample and dedication tokens"
33 Kingsway Close,Ossett,Yorkshire,8,,none,reject,resolver found no tower
St Mary Magdalene,Exford,Somerset,8,12803,high,accept,"high confidence, verified sample and dedication tokens"
St Chad,Saddleworth,Greater Manchester,8,10238,high,accept,"high confidence, verified sample and dedication tokens"
Dewby's Bells,Hooe,East Sussex,8,12517,medium,reject,adjudicated: building appears to be a house name
SS Peter and Paul,Upton upon Severn,Worcestershire,8,17049,high,accept,"high confidence, verified sample and dedication tokens"
St Peter Mancroft,Norwich,Norfolk,8,11970,high,accept,"high confidence, verified sample and dedication tokens"
St Mary,Barnes,Greater London,8,11169,high,accept,"high confidence, verified sample and dedication tokens"
20 Kingshill Avenue,Cumbernauld,,8,,none,reject,resolver found no tower
St Mary the Virgin,Clifton,Nottinghamshire,8,15190,high,accept,"high confidence, verified sample and dedication tokens"
Christ Church,Spitalfields,Middlesex,8,13840,high,accept,"high confidence, verified sample and dedication tokens"
St Philip and St Jacob,Bristol,Bristol,8,15180,high,accept,"high confidence, verified sample and dedication tokens"
10 Selkirk Drive,Holmes Chapel,Cheshire,8,,none,reject,resolver found no tower
St Paul,Whitley Bay,Tyne & Wear,8,,none,reject,resolver found no tower
,Arundel,,8,10180,medium,reject,adjudicated: multi-tower town with no building evidence
St Nicholas,Warwick,,8,15025,high,accept,"high confidence, verified sample and dedication tokens"
Minster Church of St Peter ad Vincula,Stoke on Trent,Staffordshire,8,15103,high,accept,"high confidence, verified sample and dedication tokens"
St Thomas the Apostle,South Wigston,Leicestershire,8,11096,high,accept,"high confidence, verified sample and dedication tokens"
St Mary the Virgin,Hanbury,Worcestershire,8,15060,high,accept,"high confidence, verified sample and dedication tokens"
,Terling,,8,13514,high,accept,"high confidence, verified sample and dedication tokens"
St Mary the Virgin,Sprotbrough,South Yorkshire,8,14060,high,accept,"high confidence, verified sample and dedication tokens"
,Eastwood,Notts,8,13211,high,accept,"high confidence, verified sample and dedication tokens"
St Giles,Lincoln,,8,12159,high,accept,"high confidence, verified sample and dedication tokens"
Holy Sepulchre,Northampton,Northamptonshire,8,13195,high,accept,"high confidence, verified sample and dedication tokens"
St John the Baptist,Egham,Surrey,8,13581,high,accept,"high confidence, verified sample and dedication tokens"
The Grange,Llandenny,Monmouthshire,8,16697,medium,reject,adjudicated: building appears to be a house name
St Mary,Helmingham,Suffolk,8,13545,high,accept,"high confidence, verified sample and dedication tokens"
,Desborough,,8,15870,high,accept,"high confidence, verified sample and dedication tokens"
Blessed Virgin Mary & St Edward K&M,Barrow Gurney,Somerset,8,13023,high,accept,"high confidence, verified sample and dedication tokens"
St John the Baptist,Weston super Mare,Somerset,8,12821,high,accept,"high confidence, verified sample and dedication tokens"
,Rawmarsh,,8,12811,high,accept,"high confidence, verified sample and dedication tokens"
"Dore, Christchurch",Sheffield,South Yorkshire,8,,none,reject,resolver found no tower
,Lower Beeding,,8,13127,high,accept,"high confidence, verified sample and dedication tokens"
15 Lytham End,Tilehurst,Berkshire,8,,none,reject,resolver found no tower
,Long Crendon,,8,12735,high,accept,"high confidence, verified sample and dedication tokens"
All Saints,Sapcote,,8,13130,high,accept,"high confidence, verified sample and dedication tokens"
Minster Church of St Peter ad Vincula,Stoke upon Trent,Staffordshire,8,15103,high,accept,"high confidence, verified sample and dedication tokens"
St George,Vernet-les-Bains,France,8,14486,high,accept,"high confidence, verified sample and dedication tokens"
Christ Church,Macclesfield,Cheshire,8,12003,high,accept,"high confidence, verified sample and dedication tokens"
Holy Trinity,Rothwell,Nthts.,8,,none,reject,resolver found no tower
St John the Baptist,Hillingdon,Greater London,8,15193,high,accept,"high confidence, verified sample and dedication tokens"
,South Croydon,,8,15156,medium,reject,adjudicated: multi-tower town with no building evidence
The White House,Aston Rowant,Oxon,8,,none,reject,resolver found no tower
Cathedral Church of the Holy Spirit,Guildford,Surrey,8,14593,high,accept,"high confidence, verified sample and dedication tokens"
All Saints,Churchill,Oxfordshire,8,11768,high,accept,"high confidence, verified sample and dedication tokens"
,Catshill Bromsgrove,Worcestershire,7,17183,high,accept,"high confidence, verified sample and dedication tokens"
Admiral Park,Guernsey,Channel Islands,7,,none,reject,resolver found no tower
Elizabeth College,Guernsey,Channel Islands,7,,none,reject,resolver found no tower
26 Sunningfields Rd,Hendon,,7,,none,reject,resolver found no tower
St Bartholomew,Welby,Lincolnshire,7,13303,high,accept,"high confidence, verified sample and dedication tokens"
St Mary,Burry Port,Carmarthenshire,7,16887,high,accept,"high confidence, verified sample and dedication tokens"
,Hammerwood,,7,14180,high,accept,"high confidence, verified sample and dedication tokens"
St Mary Magdalene,Castle Ashby,Northamptonshire,7,13914,high,accept,"high confidence, verified sample and dedication tokens"
St Denys,Ravensthorpe,Northamptonshire,7,14550,high,accept,"high confidence, verified sample and dedication tokens"
St Mary,Southampton,Hampshire,7,10453,high,accept,"high confidence, verified sample and dedication tokens"
Holy Trinity,Penn,Buckinghamshire,7,11653,high,accept,"high confidence, verified sample and dedication tokens"
12 Victoria St,Cambridge,Cambridgeshire,7,,none,reject,resolver found no tower
St Clement,Horsley,Derbyshire,7,13529,high,accept,"high confidence, verified sample and dedication tokens"
St Peter,Fairfield,Derbyshire,7,11560,high,accept,"high confidence, verified sample and dedication tokens"
Alta Kabano,Standish,Gloucestershire,7,25252,high,accept,"high confidence, verified sample and dedication tokens"
St Senara,Zennor,Cornwall,7,12035,high,accept,"high confidence, verified sample and dedication tokens"
St Peter,Belton in Rutland,Rutland,7,10454,high,accept,"high confidence, verified sample and dedication tokens"
"24, Doyle Avenue, Hilsea",Portsmouth,Hampshire,7,,none,reject,resolver found no tower
,Stapleford,Cambs,7,16175,high,accept,"high confidence, verified sample and dedication tokens"
St Mary the Virgin,Moreton,Essex,7,12345,high,accept,"high confidence, verified sample and dedication tokens"
Trinity College,Cambridge,Cambridgeshire,7,25480,medium,accept,"medium, building shares dedication evidence"
St Mary,Whitechapel,Greater London,7,24739,high,reject,adjudicated: named church is not in Dove for this town
St Mary,Great Wymondley,Hertfordshire,7,10548,high,accept,"high confidence, verified sample and dedication tokens"
St Margaret,Downham,Essex,7,12661,high,accept,"high confidence, verified sample and dedication tokens"
All Saints,Steep,Hampshire,7,14378,high,accept,"high confidence, verified sample and dedication tokens"
St Mary the Virgin,Shipley,West Sussex,7,14716,high,accept,"high confidence, verified sample and dedication tokens"
St John the Baptist,Widford,Hertfordshire,7,10271,high,accept,"high confidence, verified sample and dedication tokens"
St John the Baptist,Cottered,Hertfordshire,7,16080,high,accept,"high confidence, verified sample and dedication tokens"
St John the Evangelist,Preston,Lancashire,7,11963,high,accept,"high confidence, verified sample and dedication tokens"
St John the Baptist,Mildenhall,Wiltshire,7,13156,high,accept,"high confidence, verified sample and dedication tokens"
46 Orchard Drive,St Albans,,7,,none,reject,resolver found no tower
All Saints,Marple,Cheshire,7,15017,high,accept,"high confidence, verified sample and dedication tokens"
St Mary,Hartfield,East Sussex,7,12747,high,accept,"high confidence, verified sample and dedication tokens"
St Michael,Kingsteignton,Devon,7,12105,high,accept,"high confidence, verified sample and dedication tokens"
Cathedral Church of St Saviour,Goulburn,New South Wales,7,15655,high,accept,"high confidence, verified sample and dedication tokens"
Christ's Church,Mandurah,Western Australia,7,10751,high,accept,"high confidence, verified sample and dedication tokens"
The Lair of the Snow Tiger,Ringing Room,,7,,none,reject,resolver found no tower
St Nicholas,Arundel,West Sussex,7,16691,high,accept,"high confidence, verified sample and dedication tokens"
St Nicholas,Abbots Bromley,Staffordshire,7,14443,high,accept,"high confidence, verified sample and dedication tokens"
St Andrew,Billingborough,Lincolnshire,7,16911,high,accept,"high confidence, verified sample and dedication tokens"
"Jubilee, New Farm Rd",New Alresford,Hampshire,7,,none,reject,resolver found no tower
37 Northbrook,Micheldever,Hampshire,7,,none,reject,resolver found no tower
,Crayford,,7,12837,high,accept,"high confidence, verified sample and dedication tokens"
St Mary the Virgin,Bowdon,Greater Manchester,7,14100,high,accept,"high confidence, verified sample and dedication tokens"
50 Needham Drive,Cranage,Cheshire,7,,none,reject,resolver found no tower
,Accrington,,7,10851,medium,reject,adjudicated: multi-tower town with no building evidence
St James,Mangotsfield,Gloucestershire,7,16932,high,accept,"high confidence, verified sample and dedication tokens"
All Saints,Allesley,West Midlands,7,13782,high,accept,"high confidence, verified sample and dedication tokens"
,Hughenden,,7,15656,high,accept,"high confidence, verified sample and dedication tokens"
,Penistone,,7,16134,high,accept,"high confidence, verified sample and dedication tokens"
St John the Baptist,Brinklow,Warwickshire,7,16910,high,accept,"high confidence, verified sample and dedication tokens"
All Saints,Basingstoke,Hampshire,7,10112,high,accept,"high confidence, verified sample and dedication tokens"
St Mary,Handsworth,South Yorkshire,7,10845,high,accept,"high confidence, verified sample and dedication tokens"
St Lawrence,York,,7,16125,high,accept,"high confidence, verified sample and dedication tokens"
,Thornhill,,7,15558,medium,reject,adjudicated: multi-tower town with no building evidence
,Wath-on-Dearne,,7,13601,high,accept,"high confidence, verified sample and dedication tokens"
,Bolsover,,7,14841,high,accept,"high confidence, verified sample and dedication tokens"
Christ Church,Pendlebury,Greater Manchester,7,,none,reject,resolver found no tower
Imperial College (Huxley Building),Knightsbridge,Middx,7,,none,reject,resolver found no tower
,Petworth,,7,14727,high,accept,"high confidence, verified sample and dedication tokens"
,Whitley Bay,,7,17001,high,accept,"high confidence, verified sample and dedication tokens"
,Rusper,,7,16522,high,accept,"high confidence, verified sample and dedication tokens"
,Tuxford,,7,14811,high,accept,"high confidence, verified sample and dedication tokens"
,Dronfield,,7,16535,high,accept,"high confidence, verified sample and dedication tokens"
,Claybrooke,,7,11714,high,accept,"high confidence, verified sample and dedication tokens"
St Wilfrid of York,West Hallam,Derbyshire,7,13398,high,accept,"high confidence, verified sample and dedication tokens"
,Higham Ferrers,,7,13375,high,accept,"high confidence, verified sample and dedication tokens"
Brambles,Brimpton,Berkshire,7,11416,medium,reject,adjudicated: building appears to be a house name
,Benington,Herts,7,13604,high,accept,"high confidence, verified sample and dedication tokens"
,Finedon,,7,12514,high,accept,"high confidence, verified sample and dedication tokens"
All Saints,High Wycombe,Buckinghamshire,7,13160,high,accept,"high confidence, verified sample and dedication tokens"
,Swillington,,7,15572,high,accept,"high confidence, verified sample and dedication tokens"
,Sproxton,,7,11573,medium,reject,adjudicated: multi-tower town with no building evidence
"73, Braithwaite Gardens",Stanmore,Middlesex,7,,none,reject,resolver found no tower
St Peter,Drayton,Oxfordshire,7,13691,high,accept,"high confidence, verified sample and dedication tokens"
St Nicholas,Lockington,Leicestershire,7,14614,high,accept,"high confidence, verified sample and dedication tokens"
St John the Evangelist,"Sheffield, Ranmoor",South Yorkshire,7,16286,high,accept,"high confidence, verified sample and dedication tokens"
"St Dunstan-in-the-West, Fleet Street",City of London,,7,11914,high,accept,"high confidence, verified sample and dedication tokens"
St Laurence,Reading,,7,10597,high,accept,"high confidence, verified sample and dedication tokens"
St Michael,Ashton-under-Lyne,,7,10838,high,accept,"high confidence, verified sample and dedication tokens"
Minster of All Saints,Rotherham,South Yorkshire,7,11336,high,accept,"high confidence, verified sample and dedication tokens"
St Mary de Castro,Leicester,Collegiate Church of,7,,none,reject,resolver found no tower
St John the Baptist,Hillingdon,Middlesex,7,15193,high,accept,"high confidence, verified sample and dedication tokens"
All Saints,Worcester,,7,11249,high,accept,"high confidence, verified sample and dedication tokens"
Cathedral,Guildford,Surrey,7,14593,high,accept,"high confidence, verified sample and dedication tokens"
,Escrick,,7,11686,high,accept,"high confidence, verified sample and dedication tokens"
,Fowlmere,Cambs,7,11382,high,accept,"high confidence, verified sample and dedication tokens"
The Vicarage,Melbourne,Derbyshire,7,,none,reject,resolver found no tower
,Vergers Lodge Alcester,Warwickshire,6,,none,reject,resolver found no tower
St Margaret,Addington,Kent,6,16347,high,accept,"high confidence, verified sample and dedication tokens"
23 Albany Road,St Leonards on Sea,East Sussex,6,,none,reject,resolver found no tower
St Laurence,Wyck Rissington,Gloucestershire,6,14446,high,accept,"high confidence, verified sample and dedication tokens"
13 Church Meadow,Lilleshall,Shropshire,6,,none,reject,resolver found no tower
St Mary,Swinstead,Lincolnshire,6,13256,high,accept,"high confidence, verified sample and dedication tokens"
"Mayscroft, Mayswood Road",Wootton Wawen,Warwickshire,6,,none,reject,resolver found no tower
,Cynwyl Elfed,Carmarthenshire,6,,none,reject,resolver found no tower
,Ringing Room,UK (London and Manchester),6,,none,reject,resolver found no tower
,Anstey,Leics,6,13745,high,accept,"high confidence, verified sample and dedication tokens"
All Saints,Staplehurst,Kent,6,13740,high,accept,"high confidence, verified sample and dedication tokens"
St Mary Magdalene,Cottingham,Northamptonshire,6,17007,high,accept,"high confidence, verified sample and dedication tokens"
St George,Evenley,Northamptonshire,6,16662,high,accept,"high confidence, verified sample and dedication tokens"
St Mary,Aldeby,Norfolk,6,15301,high,accept,"high confidence, verified sample and dedication tokens"
St Mary the Virgin,Hambleden,Buckinghamshire,6,12602,high,accept,"high confidence, verified sample and dedication tokens"
All Saints,Braywood,Berkshire,6,,none,reject,resolver found no tower
St Mary the Virgin,Shenfield,Essex,6,13454,high,accept,"high confidence, verified sample and dedication tokens"
St Edmund King and Martyr,Stoulton,Worcestershire,6,16881,high,accept,"high confidence, verified sample and dedication tokens"
,Ringing Room,Lincolnshire,6,,none,reject,resolver found no tower
St Margaret,Corse,Gloucestershire,6,13280,high,accept,"high confidence, verified sample and dedication tokens"
Holy Angels,Hoar Cross,Staffordshire,6,15683,high,accept,"high confidence, verified sample and dedication tokens"
Holy Innocents,Great Barton,Suffolk,6,10780,high,accept,"high confidence, verified sample and dedication tokens"
,Bournemouth,Hants,6,,none,reject,resolver found no tower
St Peter and St Paul,Langham,Rutland,6,11213,high,accept,"high confidence, verified sample and dedication tokens"
,Hough on the Hill,Lincs,6,15849,high,accept,"high confidence, verified sample and dedication tokens"
St Peter,Brampford Speke,Devon,6,16477,high,accept,"high confidence, verified sample and dedication tokens"
St Mary,Gayton,Northamptonshire,6,13295,high,accept,"high confidence, verified sample and dedication tokens"
Erica Magnis Campanis,Leonard Stanley,Gloucestershire,6,11889,medium,reject,adjudicated: building appears to be a house name
St Michael and All Angels,Lyonshall,Herefordshire,6,15533,high,accept,"high confidence, verified sample and dedication tokens"
St Peter and St Paul,Eye,Herefordshire,6,15447,high,accept,"high confidence, verified sample and dedication tokens"
St David's Cathedral,Hobart,Tasmania,6,11547,high,accept,"high confidence, verified sample and dedication tokens"
St George's Cathedral,Perth,Western Australia,6,12085,high,accept,"high confidence, verified sample and dedication tokens"
"Oldham, Vernet-les-Bains & Great Hockham",Ringing Room,UK & France,6,,none,reject,resolver found no tower
St Brandon,Brancepeth,Durham,6,14288,high,accept,"high confidence, verified sample and dedication tokens"
,Swardeston,Norfolk,6,17529,high,accept,"high confidence, verified sample and dedication tokens"
,Ringing Room,Heighington,6,,none,reject,resolver found no tower
St Bartholomew,Norton in the Moors,Staffordshire,6,11221,high,accept,"high confidence, verified sample and dedication tokens"
"Oldham, Vancouver (WA), South Walsham",Ringing Room,UK & USA,6,,none,reject,resolver found no tower
St Leonard,Flamstead,Hertfordshire,6,15249,high,accept,"high confidence, verified sample and dedication tokens"
Immanuel,Oswaldtwistle,Lancashire,6,15566,high,accept,"high confidence, verified sample and dedication tokens"
All Saints,Harston,Cambridgeshire,6,11244,high,accept,"high confidence, verified sample and dedication tokens"
St Bartholomew,Ashleworth,Gloucestershire,6,12427,high,accept,"high confidence, verified sample and dedication tokens"
St Mary the Virgin,Studham,Bedfordshire,6,15440,high,accept,"high confidence, verified sample and dedication tokens"
All Saints,Nocton,Lincolnshire,6,11509,high,accept,"high confidence, verified sample and dedication tokens"
St Michael and All Angels,Aston Clinton,Buckinghamshire,6,17117,high,accept,"high confidence, verified sample and dedication tokens"
St James the Less,Pangbourne,Berkshire,6,16866,high,accept,"high confidence, verified sample and dedication tokens"
St Petrock,Exeter,Devon,6,16959,high,accept,"high confidence, verified sample and dedication tokens"
All Saints,Hamerton,Cambridgeshire,6,10697,high,accept,"high confidence, verified sample and dedication tokens"
St Cecilia,Little Hadham,Hertfordshire,6,16089,high,accept,"high confidence, verified sample and dedication tokens"
All Saints,Coddington,Nottinghamshire,6,11794,high,accept,"high confidence, verified sample and dedication tokens"
Onze-Lieve-Vrouwekerk (Grote Kerk),Dordrecht,Netherlands,6,17691,high,accept,"high confidence, verified sample and dedication tokens"
St Mary the Virgin,Ilkeston,Derbyshire,6,11401,high,accept,"high confidence, verified sample and dedication tokens"
Abbey Church of St Mary the Virgin,Tewkesbury,Gloucestershire,6,15657,high,accept,"high confidence, verified sample and dedication tokens"
,Chesterfield,Derbys,6,13811,medium,reject,adjudicated: multi-tower town with no building evidence
St Wilfrid,Grappenhall,Cheshire,6,15508,high,accept,"high confidence, verified sample and dedication tokens"
,Measham,,6,25228,medium,reject,adjudicated: multi-tower town with no building evidence
,Stansted Mountfitchet,,6,13823,medium,reject,adjudicated: multi-tower town with no building evidence
Abbey Church of St Mary and St Ethelflaeda,Romsey,Hampshire,6,13589,high,accept,"high confidence, verified sample and dedication tokens"
,Aldermaston,,6,10431,high,accept,"high confidence, verified sample and dedication tokens"
St Mary,Bucklebury,Berkshire,6,11027,high,accept,"high confidence, verified sample and dedication tokens"
St James,Kingston,Dorset,6,14840,high,accept,"high confidence, verified sample and dedication tokens"
Cathedral Church of St Andrew,Wells,Somerset,6,13876,high,accept,"high confidence, verified sample and dedication tokens"
St Mary the Virgin,Pulford,Cheshire,6,11189,high,accept,"high confidence, verified sample and dedication tokens"
St Mary the Virgin,Saxlingham Nethergate,Norfolk,6,15580,high,accept,"high confidence, verified sample and dedication tokens"
Cathedral of SS Peter & Paul,Sheffield,South Yorkshire,6,13787,medium,accept,"medium, building shares dedication evidence"
St John the Baptist,Newcastle upon Tyne,Tyne & Wear,6,,none,reject,resolver found no tower
New College,Oxford,Oxfordshire,6,13271,high,accept,"high confidence, verified sample and dedication tokens"
Royal Masonic Junior School,Bushey,Herts,6,,none,reject,resolver found no tower
,Putney,,6,12162,medium,reject,adjudicated: multi-tower town with no building evidence
Abbey Church of St Peter and St Paul,Dorchester,Oxfordshire,6,10217,high,accept,"high confidence, verified sample and dedication tokens"
"297 Main Street, Tawa",Wellington,New Zealand,6,,none,reject,resolver found no tower
Minster Church of St Mary,Cheltenham,Gloucestershire,6,12704,high,accept,"high confidence, verified sample and dedication tokens"
St Philip,Sydney,,6,11518,high,accept,"high confidence, verified sample and dedication tokens"
SS Mary the Virgin and Edward K and M,Barrow Gurney,Somerset,6,13023,high,accept,"high confidence, verified sample and dedication tokens"
,Cambridge,,6,12645,medium,reject,adjudicated: multi-tower town with no building evidence
,Sutterton,,6,14739,high,accept,"high confidence, verified sample and dedication tokens"
Bellfoundry Tower,Loughborough,Leics.,6,10191,high,accept,"high confidence, verified sample and dedication tokens"
,Thorne,,6,10104,high,accept,"high confidence, verified sample and dedication tokens"
,North Stoneham,,6,10082,high,accept,"high confidence, verified sample and dedication tokens"
St Andrew's Parish Centre,Pershore,Worcestershire,6,11394,high,accept,"high confidence, verified sample and dedication tokens"
St Wilfrid,Standish,Greater Manchester,6,14666,high,accept,"high confidence, verified sample and dedication tokens"
"Great Hockham, Reach & Norwich",Ringing Room,,6,,none,reject,resolver found no tower
St James the Great,"Sheffield, Norton",South Yorkshire,6,10874,high,accept,"high confidence, verified sample and dedication tokens"
,Buxted,,6,15622,medium,reject,adjudicated: multi-tower town with no building evidence
St Mary,Usk,Monmouthshire,6,11790,high,accept,"high confidence, verified sample and dedication tokens"
"Norwich, Gt Hockham & Reach",Ringing Room,,6,,none,reject,resolver found no tower
St Leonard,Broad Blunsdon,Wiltshire,6,12338,high,accept,"high confidence, verified sample and dedication tokens"
,Weston-super-Mare,,6,12821,medium,reject,adjudicated: multi-tower town with no building evidence
St Mary and St Laurence,Bolsover,Derbyshire,6,14841,high,accept,"high confidence, verified sample and dedication tokens"
,Middleham,,6,11313,high,accept,"high confidence, verified sample and dedication tokens"
Minster Church of St George,Doncaster,South Yorkshire,6,12184,high,accept,"high confidence, verified sample and dedication tokens"
St Peter,Conisbrough,South Yorkshire,6,12310,high,accept,"high confidence, verified sample and dedication tokens"
,Heanor,,6,15653,high,accept,"high confidence, verified sample and dedication tokens"
,Chiddingstone,,6,11135,high,accept,"high confidence, verified sample and dedication tokens"
St Margaret,Leicester,,6,10495,high,accept,"high confidence, verified sample and dedication tokens"
St Mary-le-Tower,Ipswich,,6,11217,high,accept,"high confidence, verified sample and dedication tokens"
51 Castle Shannon Boulevard,Pittsburgh,Pennsylvania,6,,none,reject,resolver found no tower
St John the Baptist,Chilcompton,Somerset,6,12701,high,accept,"high confidence, verified sample and dedication tokens"
Cathedral and Abbey Church of St Alban,St Albans,Hertfordshire,6,15782,high,accept,"high confidence, verified sample and dedication tokens"
St Mark,Worsley,Lancashire,6,10612,high,accept,"high confidence, verified sample and dedication tokens"
St Helena,Lundy Island,Bristol Channel,6,,none,reject,resolver found no tower
All Saints,Inveraray,Argyll and Bute,6,15398,high,accept,"high confidence, verified sample and dedication tokens"
All Saints,Chilvers Coton,Warwickshire,6,13950,high,accept,"high confidence, verified sample and dedication tokens"
Christ Church,Bristol,Bristol,6,15455,high,accept,"high confidence, verified sample and dedication tokens"
The Most Holy and Undivided Trinity,Kingston upon Hull,East Riding of Yorkshire,6,10627,medium,accept,"medium, building shares dedication evidence"
St Michael,Melbourne,Derbyshire,6,10249,high,accept,"high confidence, verified sample and dedication tokens"
Holy Trinity,Rothwell,Nthts,6,,none,reject,resolver found no tower
St Alphege,Solihull,West Midlands,6,11354,high,accept,"high confidence, verified sample and dedication tokens"
Cathedral of St Philip,Birmingham,,6,15513,high,accept,"high confidence, verified sample and dedication tokens"
St Matthew,Walsall,West Midlands,6,15867,high,accept,"high confidence, verified sample and dedication tokens"
,Cambridge,Cambs,6,12645,medium,reject,adjudicated: multi-tower town with no building evidence
Minster Church of St James,Grimsby,Lincolnshire,5,13717,high,accept,"high confidence, verified sample and dedication tokens"
St Peter,Lodsworth,West Sussex,5,10755,high,accept,"high confidence, verified sample and dedication tokens"
St Lawrence,York,North Yorkshire,5,16125,high,accept,"high confidence, verified sample and dedication tokens"
St Mary,Breamore,Hampshire,5,10295,high,accept,"high confidence, verified sample and dedication tokens"
Westminster Road,"Birmingham, Selly Park",West Midlands,5,,none,reject,resolver found no tower
All Saints,Nottingham,Nottinghamshire,5,16412,high,accept,"high confidence, verified sample and dedication tokens"
Holy Trinity,Rayleigh,Essex,5,12322,high,accept,"high confidence, verified sample and dedication tokens"
St Mary the Virgin,Fawsley,Northamptonshire,5,14358,high,accept,"high confidence, verified sample and dedication tokens"
St Andrew,Ufford,Cambridgeshire,5,13497,high,accept,"high confidence, verified sample and dedication tokens"
St Mary V,Whiston,Northamptonshire,5,14802,high,accept,"high confidence, verified sample and dedication tokens"
"E203, EPB, UoB","Birmingham, Edgbaston",West Midlands,5,,none,reject,resolver found no tower
St Sampson,Cricklade,Wiltshire,5,11809,high,accept,"high confidence, verified sample and dedication tokens"
St Andrew,Thornhaugh,Cambridgeshire,5,16677,high,accept,"high confidence, verified sample and dedication tokens"
St Rumbald,Stoke Doyle,Northamptonshire,5,14223,high,accept,"high confidence, verified sample and dedication tokens"
St James Apostle,Grafton Underwood,Northamptonshire,5,14619,high,accept,"high confidence, verified sample and dedication tokens"
"St Andrew, West Tower",Rugby,Warwicks,5,14482,high,accept,"high confidence, verified sample and dedication tokens"
St Mary-the-Virgin,Hailsham,East Sussex,5,15312,high,accept,"high confidence, verified sample and dedication tokens"
St Bartholomew,West Cranmore,Somerset,5,15799,high,accept,"high confidence, verified sample and dedication tokens"
All Saints,Marsworth,Buckinghamshire,5,12123,high,accept,"high confidence, verified sample and dedication tokens"
St Mary,Guildford,Surrey,5,11502,high,accept,"high confidence, verified sample and dedication tokens"
St Mary the Virgin,Stoneleigh,Warwickshire,5,12286,high,accept,"high confidence, verified sample and dedication tokens"
St Mary,Barking,Suffolk,5,15693,high,accept,"high confidence, verified sample and dedication tokens"
St Guthlac,Market Deeping,Lincolnshire,5,16858,high,accept,"high confidence, verified sample and dedication tokens"
St Michael,Sutton on the Hill,Derbyshire,5,12850,high,accept,"high confidence, verified sample and dedication tokens"
St Thomas,Navestock,Essex,5,11042,high,accept,"high confidence, verified sample and dedication tokens"
St Andrew,Thursby,Cumbria,5,12028,high,accept,"high confidence, verified sample and dedication tokens"
All Saints,Brailsford,Derbyshire,5,15818,high,accept,"high confidence, verified sample and dedication tokens"
St Michael and All Angels,Bampton,Devon,5,12114,high,accept,"high confidence, verified sample and dedication tokens"
St Weneppa,Gwennap,Cornwall,5,11620,high,accept,"high confidence, verified sample and dedication tokens"
St Bene't's,Cambridge,Cambridgeshire,5,16664,high,accept,"high confidence, verified sample and dedication tokens"
Blessed Virgin Mary,Brompton Regis,Somerset,5,17155,high,accept,"high confidence, verified sample and dedication tokens"
St Mary and St Helena,Elstow,Bedfordshire,5,12912,high,accept,"high confidence, verified sample and dedication tokens"
All Saints,Hastings,East Sussex,5,15800,high,accept,"high confidence, verified sample and dedication tokens"
,"Handbell Stadium, Wellington",New Zealand,5,15981,high,accept,"high confidence, verified sample and dedication tokens"
St Peter,Raunds,Northamptonshire,5,11998,high,accept,"high confidence, verified sample and dedication tokens"
St Mary the Virgin,Whitchurch,Oxfordshire,5,12623,high,accept,"high confidence, verified sample and dedication tokens"
St Leonard,Naremburn,New South Wales,5,16841,high,accept,"high confidence, verified sample and dedication tokens"
Bettyfold,Hawkshead,Lancashire,5,,none,reject,resolver found no tower
St Michael and All Angels,Great Creaton,Northamptonshire,5,10299,high,accept,"high confidence, verified sample and dedication tokens"
St Peter,Stutton,Suffolk,5,14237,high,accept,"high confidence, verified sample and dedication tokens"
St Andrew,Spratton,Northamptonshire,5,10339,high,accept,"high confidence, verified sample and dedication tokens"
St Etheldreda,Guilsborough,Northamptonshire,5,11910,high,accept,"high confidence, verified sample and dedication tokens"
Falconwood and Acton,Ringing Room,,5,,none,reject,resolver found no tower
"Thorrington, Wickford & Great Hockham",Ringing Room,,5,,none,reject,resolver found no tower
,Offley,,5,12296,high,accept,"high confidence, verified sample and dedication tokens"
St Olave,London,,5,12986,high,accept,"high confidence, verified sample and dedication tokens"
St Mary,Frampton,Lincolnshire,5,12027,high,accept,"high confidence, verified sample and dedication tokens"
All Saints,Laughton,East Sussex,5,15991,high,accept,"high confidence, verified sample and dedication tokens"
Teignbridge,Ringing Room,Devon,5,,none,reject,resolver found no tower
Woodlands,Keele,Staffordshire,5,15793,high,accept,"high confidence, verified sample and dedication tokens"
Falconwood and Bovey Tracey,Ringing Room,,5,,none,reject,resolver found no tower
St Bene't,Cambridge,Cambridgeshire,5,16664,high,accept,"high confidence, verified sample and dedication tokens"
St Etheldreda,Hatfield,Hertfordshire,5,16620,high,accept,"high confidence, verified sample and dedication tokens"
St Helen,Lundy Island,Devon,5,11248,high,accept,"high confidence, verified sample and dedication tokens"
St Buriana,St Buryan,Cornwall,5,12575,high,accept,"high confidence, verified sample and dedication tokens"
St Michael,Wood Green,Greater London,5,10450,high,accept,"high confidence, verified sample and dedication tokens"
St Giles in the Fields,Holborn,Greater London,5,12506,high,accept,"high confidence, verified sample and dedication tokens"
"Colchester, Norwich & Great Hockham",Ringing Room,Uk,5,,none,reject,resolver found no tower
,Litlington,,5,16288,medium,reject,adjudicated: multi-tower town with no building evidence
Holy Trinity,Ashford in the Water,Derbyshire,5,15935,high,accept,"high confidence, verified sample and dedication tokens"
St Werburgh,Spondon,Derbyshire,5,13638,high,accept,"high confidence, verified sample and dedication tokens"
St Stephen,Hammerwood,East Sussex,5,14180,high,accept,"high confidence, verified sample and dedication tokens"
St John the Evangelist,Chelford,Cheshire,5,15671,high,accept,"high confidence, verified sample and dedication tokens"
St Mary,Bolsterstone,South Yorkshire,5,15595,high,accept,"high confidence, verified sample and dedication tokens"
St John the Baptist,Whittington,Shropshire,5,10162,high,accept,"high confidence, verified sample and dedication tokens"
St Oswald King and Martyr,Oswestry,Shropshire,5,13772,medium,accept,"medium, building shares dedication evidence"
St John the Baptist,Penistone,South Yorkshire,5,16134,high,accept,"high confidence, verified sample and dedication tokens"
,Hooe (Dewbys Bells),East Sussex,5,12517,high,accept,"high confidence, verified sample and dedication tokens"
't Klockhuys,Dordrecht,The Netherlands,5,14275,high,accept,"high confidence, verified sample and dedication tokens"
St Mary,Henlow,Bedfordshire,5,10174,high,accept,"high confidence, verified sample and dedication tokens"
,Rendham,Suffolk,5,12934,high,accept,"high confidence, verified sample and dedication tokens"
St Vincent,Caythorpe,Lincolnshire,5,13483,high,accept,"high confidence, verified sample and dedication tokens"
3 Macadam Close,Burntwood,Staffordshire,5,,none,reject,resolver found no tower
St Nicholas,East Dereham,Norfolk,5,11591,high,accept,"high confidence, verified sample and dedication tokens"
St Peter,Leeds,,5,13165,high,accept,"high confidence, verified sample and dedication tokens"
St Mary,Long Sutton,Lincolnshire,5,15492,high,accept,"high confidence, verified sample and dedication tokens"
St James,Sheldwich,Kent,5,15430,high,accept,"high confidence, verified sample and dedication tokens"
,Liversedge,,5,15896,high,accept,"high confidence, verified sample and dedication tokens"
St Margaret,Uxbridge,Greater London,5,14402,high,accept,"high confidence, verified sample and dedication tokens"
St Laurence,Long Eaton,Derbyshire,5,15066,high,accept,"high confidence, verified sample and dedication tokens"
Dewbys Bells,Hooe,East Sussex,5,12517,medium,reject,adjudicated: building appears to be a house name
St Peter,Walworth,London,5,17140,high,accept,"high confidence, verified sample and dedication tokens"
St Oswald,Malpas,Cheshire,5,12702,high,accept,"high confidence, verified sample and dedication tokens"
Holy Trinity,Loddon,Norfolk,5,12942,high,accept,"high confidence, verified sample and dedication tokens"
,Watlington,Oxon,5,10209,high,accept,"high confidence, verified sample and dedication tokens"
All Saints,Sawley,Derbyshire,5,14222,high,accept,"high confidence, verified sample and dedication tokens"
St Ebbe,Oxford,Oxfordshire,5,10326,high,accept,"high confidence, verified sample and dedication tokens"
St Mary the Virgin,Burghill,Herefordshire,5,13979,high,accept,"high confidence, verified sample and dedication tokens"
St Bartholomew,Edgbaston,West Midlands,5,10824,high,accept,"high confidence, verified sample and dedication tokens"
St Mary,Todmorden,,5,16893,high,accept,"high confidence, verified sample and dedication tokens"
,Crawley,Sussex,5,13308,medium,reject,adjudicated: multi-tower town with no building evidence
St Mary the Virgin,Aldridge,West Midlands,5,15282,high,accept,"high confidence, verified sample and dedication tokens"
,Hungerford,,5,11892,high,accept,"high confidence, verified sample and dedication tokens"
St James,Southam,Warwickshire,5,11684,high,accept,"high confidence, verified sample and dedication tokens"
St Bartholomew,Quorn,Leicestershire,5,10703,high,accept,"high confidence, verified sample and dedication tokens"
St Mary the Virgin,East Molesey,Surrey,5,10386,high,accept,"high confidence, verified sample and dedication tokens"
,Balderton,,5,14817,high,accept,"high confidence, verified sample and dedication tokens"
,Aspley,Notts,5,15234,high,accept,"high confidence, verified sample and dedication tokens"
Imperial College (Huxley Building),Knightsbridge,Middlesex,5,,none,reject,resolver found no tower
,Hanbury,Worcs,5,15060,high,accept,"high confidence, verified sample and dedication tokens"
St Catherine,Pontypridd,Rhondda Cynon Taf,5,14992,high,accept,"high confidence, verified sample and dedication tokens"
,Welbourn,,5,12909,high,accept,"high confidence, verified sample and dedication tokens"
2 Adlington Close,Poynton,Cheshire,5,,none,reject,resolver found no tower
Technical College,Loughborough,Leicestershire,5,,none,reject,resolver found no tower
St Ann,Stamford Hill,Greater London,5,13932,high,accept,"high confidence, verified sample and dedication tokens"
St Peter,East Tytherley,Hampshire,5,12006,high,accept,"high confidence, verified sample and dedication tokens"
St Peter,Brighton,,5,10532,high,accept,"high confidence, verified sample and dedication tokens"
All Saints,Oakham,Rutland,5,14688,high,accept,"high confidence, verified sample and dedication tokens"
,Frindsbury,,5,14133,high,accept,"high confidence, verified sample and dedication tokens"
All Saints,Bakewell,Derbyshire,5,10677,high,accept,"high confidence, verified sample and dedication tokens"
St George,Bristol,Bristol,5,11859,medium,reject,adjudicated: named church is not in Dove for this town
,Staveley,,5,15085,medium,reject,adjudicated: multi-tower town with no building evidence
,Royston,Yorks,5,15270,high,accept,"high confidence, verified sample and dedication tokens"
St John the Evangelist,Barmouth,Gwynedd,5,14343,high,accept,"high confidence, verified sample and dedication tokens"
St Nicholas,Codsall,Staffordshire,5,12370,high,accept,"high confidence, verified sample and dedication tokens"
,Willesden,,5,14613,medium,reject,adjudicated: multi-tower town with no building evidence
Cathedral Church of St Anne,Leeds,West Yorkshire,5,11425,high,accept,"high confidence, verified sample and dedication tokens"
,Helmshore,,5,10421,high,accept,"high confidence, verified sample and dedication tokens"
St Michael and All Angels,Pinhoe,Devon,5,13926,high,accept,"high confidence, verified sample and dedication tokens"
,Malmesbury,,5,14788,high,accept,"high confidence, verified sample and dedication tokens"
,Newhey,,5,10050,high,accept,"high confidence, verified sample and dedication tokens"
,Oaks-in-Charnwood,,5,11164,high,accept,"high confidence, verified sample and dedication tokens"
"Waterloo Tower, Quex Park",Birchington,Kent,5,14108,high,accept,"high confidence, verified sample and dedication tokens"
,Over,Cambs,5,10652,high,accept,"high confidence, verified sample and dedication tokens"
The Narnia Campanile,Stubbington,Hampshire,5,25255,high,accept,"high confidence, verified sample and dedication tokens"
St Margaret,Leiston,Suffolk,5,15386,high,accept,"high confidence, verified sample and dedication tokens"
The Parish Church,East Farleigh,Kent,5,13991,medium,accept,"sole tower in town, building is ecclesiastical"
,Leiston,,5,15386,high,accept,"high confidence, verified sample and dedication tokens"
Church House,Melbourne,Derbyshire,5,,none,reject,resolver found no tower
Cathedral Church of St Andrew,Sydney,New South Wales,5,16969,high,accept,"high confidence, verified sample and dedication tokens"
St Mark,Swindon,,5,14500,high,accept,"high confidence, verified sample and dedication tokens"
,Ilkley,,5,16588,medium,reject,adjudicated: multi-tower town with no building evidence
,Thurcaston,,5,17102,high,accept,"high confidence, verified sample and dedication tokens"
,Whiston,,5,14802,medium,reject,adjudicated: multi-tower town with no building evidence
Christ Church,Spitalfields,London,5,13840,high,accept,"high confidence, verified sample and dedication tokens"
St John the Baptist,Aldenham,Hertfordshire,5,15828,high,accept,"high confidence, verified sample and dedication tokens"
St Mary le More,Wallingford,Oxfordshire,5,15477,high,accept,"high confidence, verified sample and dedication tokens"
,Keighley,,5,12061,high,accept,"high confidence, verified sample and dedication tokens"
SS Mary V & Edward K&M,Barrow Gurney,Somerset,5,13023,high,accept,"high confidence, verified sample and dedication tokens"
SS Mary the Virgin & Edmund King & Martyr,Barrow Gurney,Somerset,5,13023,medium,accept,"sole tower in town, building is ecclesiastical"
St Nicholas,Warwick,Warwickshire,5,15025,high,accept,"high confidence, verified sample and dedication tokens"
,Horsham,,5,15107,medium,reject,adjudicated: multi-tower town with no building evidence
All Saints,Long Ashton,Somerset,5,10965,high,accept,"high confidence, verified sample and dedication tokens"
St John the Baptist,Staveley,Derbyshire,5,15085,high,accept,"high confidence, verified sample and dedication tokens"
Church of the Good Shepherd,Augusta,Georgia,5,16381,high,accept,"high confidence, verified sample and dedication tokens"
St Leonard,Shoreditch,London,5,11847,high,accept,"high confidence, verified sample and dedication tokens"
St Paul,Burwood,New South Wales,5,10621,high,accept,"high confidence, verified sample and dedication tokens"
,Burley,,5,14977,medium,reject,adjudicated: multi-tower town with no building evidence
St Giles,Pontefract,West Yorkshire,5,12231,high,accept,"high confidence, verified sample and dedication tokens"
Christ Church,Spitalfields,London E,5,,none,reject,resolver found no tower
"The Ascension, Bitterne Park",Southampton,Hampshire,5,11712,high,accept,"high confidence, verified sample and dedication tokens"
Christ Church,Raleigh,North Carolina,5,10203,high,accept,"high confidence, verified sample and dedication tokens"
The Assumption,Bradford Peverell,Dorset,5,15752,high,accept,"high confidence, verified sample and dedication tokens"
The Piglet Ring,Uffculme,Devon,5,25331,high,accept,"high confidence, verified sample and dedication tokens"
5 Woodfield Road,Peterborough,Cambridgeshire,5,,none,reject,resolver found no tower
18 Dalby Avenue,Bushby,Leicestershire,5,,none,reject,resolver found no tower
12 Brentnall Close,Long Eaton,Derbyshire,5,,none,reject,resolver found no tower
St Nicholas,Leeds,Kent,5,16351,high,accept,"high confidence, verified sample and dedication tokens"
All Saints,Loughborough,,5,16752,high,accept,"high confidence, verified sample and dedication tokens"
,Prittlewell,,5,13422,medium,reject,adjudicated: multi-tower town with no building evidence
All Saints,Isleworth,Middlesex,5,13679,high,accept,"high confidence, verified sample and dedication tokens"
St Helen,Abingdon,,5,15023,high,accept,"high confidence, verified sample and dedication tokens"
St Sepulchre,London,,5,17135,high,accept,"high confidence, verified sample and dedication tokens"
,Northallerton,,5,12067,high,accept,"high confidence, verified sample and dedication tokens"
St Michael Archangel,Southampton,Hampshire,5,13354,high,accept,"high confidence, verified sample and dedication tokens"
All Saints,Hursley,Hampshire,5,17077,high,accept,"high confidence, verified sample and dedication tokens"
Cathedral,Blackburn,,5,10297,high,accept,"high confidence, verified sample and dedication tokens"
Abbey Church of St Andrew,Hexham,Northumberland,5,16213,high,accept,"high confidence, verified sample and dedication tokens"
St Mary the Virgin,Nottingham,Nottinghamshire,5,10637,high,accept,"high confidence, verified sample and dedication tokens"
St Mary,Abergavenny,Monmouthshire,5,10227,high,accept,"high confidence, verified sample and dedication tokens"
,Knottingley,,5,15888,high,accept,"high confidence, verified sample and dedication tokens"
All Saints,Loughborough,Leicestershire,5,16752,high,accept,"high confidence, verified sample and dedication tokens"
All Saints,West Ham,Essex,5,,none,reject,resolver found no tower
St Mary the Virgin,Ecclesfield,South Yorkshire,5,15876,high,accept,"high confidence, verified sample and dedication tokens"
St Mary le Bow,City of London,,5,10588,high,accept,"high confidence, verified sample and dedication tokens"
St Sepulchre,London,City of London,5,17135,high,accept,"high confidence, verified sample and dedication tokens"
"St Giles, Cripplegate",City of London,,5,16634,high,accept,"high confidence, verified sample and dedication tokens"
16 Godesdone Rd,Cambridge,Cambridgeshire,5,,none,reject,resolver found no tower
38 Priory Avenue,Caversham,Berkshire,5,,none,reject,resolver found no tower
Minster church of St John the Baptist,Halifax,West Yorkshire,5,11592,high,accept,"high confidence, verified sample and dedication tokens"
St Mary-le-Bow,London,,5,10588,high,accept,"high confidence, verified sample and dedication tokens"
"St Peter, Preston Park",Brighton,East Sussex,4,10532,high,accept,"high confidence, verified sample and dedication tokens"
St Mary,Carlton,Bedfordshire,4,15609,high,accept,"high confidence, verified sample and dedication tokens"
All Saints,Seckington,Warwickshire,4,14225,high,accept,"high confidence, verified sample and dedication tokens"
Room 1011,Hartley Library,Hampshire,4,,none,reject,resolver found no tower
All Saints,Kempston,Bedfordshire,4,15732,high,accept,"high confidence, verified sample and dedication tokens"
Christ Church,Moreton,Merseyside,4,11144,high,accept,"high confidence, verified sample and dedication tokens"
76 Rectory Road,"Old Stoke, Ipswich",Suffolk,4,,none,reject,resolver found no tower
"Whitehaven, Tredova Crescent",Falmouth,Cornwall,4,,none,reject,resolver found no tower
St Peter Apostle and Martyr Town Church,St Peter Port,Guernsey,4,12910,medium,accept,"medium, building shares dedication evidence"
,Grantham,,4,15759,medium,reject,adjudicated: multi-tower town with no building evidence
Potters Yard,Taunton,Somerset,4,,none,reject,resolver found no tower
St Leonard,Streatham,Greater London,4,14547,high,accept,"high confidence, verified sample and dedication tokens"
St Oswald,Hooe,East Sussex,4,12517,high,accept,"high confidence, verified sample and dedication tokens"
St Martin,Laugharne,Carmarthenshire,4,14750,high,accept,"high confidence, verified sample and dedication tokens"
Blessed Virgin Mary,Ston Easton,Somerset,4,10029,high,accept,"high confidence, verified sample and dedication tokens"
St Mary,Stoke d'Abernon,Surrey,4,11165,high,accept,"high confidence, verified sample and dedication tokens"
St Nicolas,North Stoneham,Hampshire,4,10082,high,accept,"high confidence, verified sample and dedication tokens"
St Margaret,Alderton,Northamptonshire,4,10269,high,accept,"high confidence, verified sample and dedication tokens"
St Matthew,Pentrich,Derbyshire,4,13273,high,accept,"high confidence, verified sample and dedication tokens"
All Saints,Hutton,Essex,4,11099,high,accept,"high confidence, verified sample and dedication tokens"
St Giles,Killamarsh,Derbyshire,4,13726,high,accept,"high confidence, verified sample and dedication tokens"
Holy Trinity,Abbots Leigh,Somerset,4,13048,high,accept,"high confidence, verified sample and dedication tokens"
All Saints,Ashcott,Somerset,4,12065,high,accept,"high confidence, verified sample and dedication tokens"
St James the Great,Gretton,Northamptonshire,4,11441,high,accept,"high confidence, verified sample and dedication tokens"
St Mary,Grafton Regis,Northamptonshire,4,11984,high,accept,"high confidence, verified sample and dedication tokens"
St John the Baptist,Hellidon,Northamptonshire,4,15765,high,accept,"high confidence, verified sample and dedication tokens"
St Andrew,Hambleton,Rutland,4,13199,high,accept,"high confidence, verified sample and dedication tokens"
SS Peter and Paul,Chipping Warden,Northamptonshire,4,11668,high,accept,"high confidence, verified sample and dedication tokens"
St Edmund,Hardingstone,Northamptonshire,4,16723,high,accept,"high confidence, verified sample and dedication tokens"
SS Peter and Paul,Preston Capes,Northamptonshire,4,15475,high,accept,"high confidence, verified sample and dedication tokens"
St Mary,Barby,Northamptonshire,4,10922,high,accept,"high confidence, verified sample and dedication tokens"
St Lawrence,Gotham,Nottinghamshire,4,14553,high,accept,"high confidence, verified sample and dedication tokens"
All Saints,Wilbarston,Northamptonshire,4,13270,high,accept,"high confidence, verified sample and dedication tokens"
St Nicholas,Ulceby,Lincolnshire,4,13818,high,accept,"high confidence, verified sample and dedication tokens"
All Saints,Hannington,Hampshire,4,16832,high,accept,"high confidence, verified sample and dedication tokens"
Blessed Virgin Mary,Luccombe,Somerset,4,10595,high,accept,"high confidence, verified sample and dedication tokens"
All Saints,Brandeston,Suffolk,4,16527,high,accept,"high confidence, verified sample and dedication tokens"
St Nicholas,Silton,Dorset,4,12793,high,accept,"high confidence, verified sample and dedication tokens"
Bettyfold,Hawkshead,Lancs,4,,none,reject,resolver found no tower
All Saints,Ashbocking,Suffolk,4,16123,high,accept,"high confidence, verified sample and dedication tokens"
,Basford,,4,12073,medium,reject,adjudicated: multi-tower town with no building evidence
St Peter and St Paul,Pettistree,Suffolk,4,13016,high,accept,"high confidence, verified sample and dedication tokens"
St Peter,Roydon,Essex,4,16262,high,accept,"high confidence, verified sample and dedication tokens"
,Packington,,4,10740,high,accept,"high confidence, verified sample and dedication tokens"
St Francis Xavier,Liverpool,Merseyside,4,11694,high,accept,"high confidence, verified sample and dedication tokens"
The Students Union,Edgbaston,West Midlands,4,,none,reject,resolver found no tower
St Mary,Hailsham,East Sussex,4,15312,high,accept,"high confidence, verified sample and dedication tokens"
St Vigor,Fulbourn,Cambridgeshire,4,15561,high,accept,"high confidence, verified sample and dedication tokens"
Galey Cottage,Blackden,Cheshire,4,,none,reject,resolver found no tower
St Andrew,Great Cransley,Northamptonshire,4,11218,high,accept,"high confidence, verified sample and dedication tokens"
St Peter,Sharnbrook,Bedfordshire,4,10226,high,accept,"high confidence, verified sample and dedication tokens"
St Giles,Totternhoe,Bedfordshire,4,13097,high,accept,"high confidence, verified sample and dedication tokens"
St Bartholomew,Cadeleigh,Devon,4,11717,high,accept,"high confidence, verified sample and dedication tokens"
St Peter and St Paul,Combe Florey,Somerset,4,12710,high,accept,"high confidence, verified sample and dedication tokens"
,Burghclere,,4,16251,high,accept,"high confidence, verified sample and dedication tokens"
St Thomas,Norbury,Greater Manchester,4,11240,high,accept,"high confidence, verified sample and dedication tokens"
St Catwg,Cadoxton juxta Neath,Neath Port Talbot,4,14141,high,accept,"high confidence, verified sample and dedication tokens"
Holy Trinity,Ash Priors,Somerset,4,13609,high,accept,"high confidence, verified sample and dedication tokens"
The Ascension,Burghclere,Hampshire,4,16251,high,accept,"high confidence, verified sample and dedication tokens"
St Mary's,Amersham,Buckinghamshire,4,14913,high,accept,"high confidence, verified sample and dedication tokens"
All Saints,Bradbourne,Derbyshire,4,10554,high,accept,"high confidence, verified sample and dedication tokens"
The Stonebroom Campanile,Stonebroom,Derbyshire,4,25330,high,accept,"high confidence, verified sample and dedication tokens"
St Giles,Sandiacre,Derbyshire,4,15360,high,accept,"high confidence, verified sample and dedication tokens"
St Isan,Llanishen,Cardiff,4,13169,high,accept,"high confidence, verified sample and dedication tokens"
All Saints,Mugginton,Derbyshire,4,16556,high,accept,"high confidence, verified sample and dedication tokens"
,Weldon,,4,15750,high,accept,"high confidence, verified sample and dedication tokens"
St Botolph,Stoke Albany,Northamptonshire,4,11704,high,accept,"high confidence, verified sample and dedication tokens"
St Nicholas,Twywell,Northamptonshire,4,17083,high,accept,"high confidence, verified sample and dedication tokens"
14 Stuart Close,Stone,Staffordshire,4,,none,reject,resolver found no tower
,Hingham,Norfolk,4,10650,high,accept,"high confidence, verified sample and dedication tokens"
St Mary,Marlborough,,4,14009,high,accept,"high confidence, verified sample and dedication tokens"
"6, Gibbon Walk",Roehampton,Surrey,4,,none,reject,resolver found no tower
All Saints,Great Addington,Northamptonshire,4,13330,high,accept,"high confidence, verified sample and dedication tokens"
St Lawrence,Swindon Village,Gloucestershire,4,11721,high,accept,"high confidence, verified sample and dedication tokens"
St John and St Giles,Great Easton,Essex,4,12302,high,accept,"high confidence, verified sample and dedication tokens"
St Denys,Cold Ashby,Northamptonshire,4,11572,high,accept,"high confidence, verified sample and dedication tokens"
,Harbury,,4,15565,high,accept,"high confidence, verified sample and dedication tokens"
St Lalluwy and St Antoninus,Menheniot,Cornwall,4,13403,high,accept,"high confidence, verified sample and dedication tokens"
Mindinho-Le-Tower,Newmarket,Suffolk,4,,none,reject,resolver found no tower
St Laurence,Stanwick,Northamptonshire,4,17036,high,accept,"high confidence, verified sample and dedication tokens"
St Basil,Bassaleg,Newport,4,12626,high,accept,"high confidence, verified sample and dedication tokens"
SS Peter and Paul,Pettistree,Suffolk,4,13016,high,accept,"high confidence, verified sample and dedication tokens"
St Nicholas,Elstree,Hertfordshire,4,10946,high,accept,"high confidence, verified sample and dedication tokens"
St Mary the Virgin,Warbleton,East Sussex,4,16359,high,accept,"high confidence, verified sample and dedication tokens"
St Michael,Bath,Somerset,4,15431,high,accept,"high confidence, verified sample and dedication tokens"
St Bartholomew,Clay Cross,Derbyshire,4,14577,high,accept,"high confidence, verified sample and dedication tokens"
St Denys,Kelmarsh,Northamptonshire,4,10674,high,accept,"high confidence, verified sample and dedication tokens"
,Broad Blunsdon,,4,12338,high,accept,"high confidence, verified sample and dedication tokens"
Holy Cross,Byfield,Northamptonshire,4,15633,high,accept,"high confidence, verified sample and dedication tokens"
St John the Evangelist,Caterham Valley,Surrey,4,16667,high,accept,"high confidence, verified sample and dedication tokens"
St Nicholas,Chawton,Hampshire,4,16900,high,accept,"high confidence, verified sample and dedication tokens"
St Anta and All Saints,Carbis Bay,Cornwall,4,14778,high,accept,"high confidence, verified sample and dedication tokens"
St Mary the Virgin,Chieveley,Berkshire,4,15971,high,accept,"high confidence, verified sample and dedication tokens"
St Mary of Holy Rood,Little Chart,Kent,4,14247,high,accept,"high confidence, verified sample and dedication tokens"
"Thorrington, Wickford & Sabarat",Ringing Room,UK & France,4,,none,reject,resolver found no tower
East Sussex and Notts,Ringing Room,,4,,none,reject,resolver found no tower
33 Sandringham Road,Macclesfield,Cheshire,4,,none,reject,resolver found no tower
St Michael,Tirley,Gloucestershire,4,10451,high,accept,"high confidence, verified sample and dedication tokens"
,Ringing Room,Suffolk and Eastern Ontario,4,,none,reject,resolver found no tower
St Augustine,Penarth,Vale of Glamorgan,4,15761,high,accept,"high confidence, verified sample and dedication tokens"
St Peter and St Paul,Eckington,Derbyshire,4,16901,high,accept,"high confidence, verified sample and dedication tokens"
St Paul,Armitage Bridge,West Yorkshire,4,12478,high,accept,"high confidence, verified sample and dedication tokens"
Holy Trinity,Capenhurst,Cheshire,4,15547,high,accept,"high confidence, verified sample and dedication tokens"
,Chiddingly,East Sussex,4,14881,high,accept,"high confidence, verified sample and dedication tokens"
The Clock Tower,Morpeth,Northumberland,4,13176,high,accept,"high confidence, verified sample and dedication tokens"
St Hilda's School Chapel,Mosman Park,Western Australia,4,12726,high,accept,"high confidence, verified sample and dedication tokens"
St Peter and St Paul,Kingsbury,Warwickshire,4,13225,high,accept,"high confidence, verified sample and dedication tokens"
Christ Church,Eastbourne,East Sussex,4,10836,high,accept,"high confidence, verified sample and dedication tokens"
17 Westergreen Meadow,Braintree,Essex,4,,none,reject,resolver found no tower
St Mary Magdalene,Tanworth in Arden,Warwickshire,4,11260,high,accept,"high confidence, verified sample and dedication tokens"
St Mary the Virgin,Marlborough,Wiltshire,4,14009,high,accept,"high confidence, verified sample and dedication tokens"
St James,Marietta,Georgia,4,14694,high,accept,"high confidence, verified sample and dedication tokens"
"St Mary without the Walls, Handbridge",Chester,Cheshire,4,13678,high,accept,"high confidence, verified sample and dedication tokens"
St Michael,Rocester,Staffordshire,4,15229,high,accept,"high confidence, verified sample and dedication tokens"
St Peter,Hope,Derbyshire,4,14000,high,accept,"high confidence, verified sample and dedication tokens"
St Mary,Wirksworth,Derbyshire,4,11839,high,accept,"high confidence, verified sample and dedication tokens"
Wells House,Alderney,Channel Islands,4,,none,reject,resolver found no tower
St Mary V and St Edward K&M,Barrow Gurney,Somerset,4,13023,high,accept,"high confidence, verified sample and dedication tokens"
,Debenham,,4,12680,high,accept,"high confidence, verified sample and dedication tokens"
,Nuneaton,,4,13950,medium,reject,adjudicated: multi-tower town with no building evidence
St Michael,St Albans,Hertfordshire,4,14427,high,accept,"high confidence, verified sample and dedication tokens"
High Hall,Edgbaston,,4,,none,reject,resolver found no tower
,Kirtlington,,4,12535,high,accept,"high confidence, verified sample and dedication tokens"
,Witney,,4,14418,medium,reject,adjudicated: multi-tower town with no building evidence
St Wilfrid (Ringing Chamber),Grappenhall,Cheshire,4,15508,high,accept,"high confidence, verified sample and dedication tokens"
Imperial College (Huxley Building),London,Greater London,4,,none,reject,resolver found no tower
All Saints,Waldron,East Sussex,4,13864,high,accept,"high confidence, verified sample and dedication tokens"
,Guiseley,,4,13608,high,accept,"high confidence, verified sample and dedication tokens"
,Fulbourn,,4,15561,high,accept,"high confidence, verified sample and dedication tokens"
St Andrew,Whilton,Northamptonshire,4,12138,high,accept,"high confidence, verified sample and dedication tokens"
Blessed Virgin Mary and St Peter,Winford,Somerset,4,16520,high,accept,"high confidence, verified sample and dedication tokens"
St John,Farnworth,Greater Manchester,4,16563,high,accept,"high confidence, verified sample and dedication tokens"
St Mary,Handsworth,West Midlands,4,13749,high,accept,"high confidence, verified sample and dedication tokens"
St John the Baptist,Dronfield,Derbyshire,4,16535,high,accept,"high confidence, verified sample and dedication tokens"
St Mary the Virgin,Finedon,Northamptonshire,4,12514,high,accept,"high confidence, verified sample and dedication tokens"
St James,Norton Canes,West Midlands,4,12109,high,accept,"high confidence, verified sample and dedication tokens"
St Andrew,Countesthorpe,Leicestershire,4,10557,high,accept,"high confidence, verified sample and dedication tokens"
St Michael and All Angels,Buckland Dinham,Somerset,4,13471,high,accept,"high confidence, verified sample and dedication tokens"
52 Burrows Road,Kensal Green,,4,,none,reject,resolver found no tower
,Cleckheaton,,4,14438,medium,reject,adjudicated: multi-tower town with no building evidence
,Mytholmroyd,,4,16038,high,accept,"high confidence, verified sample and dedication tokens"
,Bushey Heath,Herts,4,13858,high,accept,"high confidence, verified sample and dedication tokens"
All Hallows,Harthill,South Yorkshire,4,13448,high,accept,"high confidence, verified sample and dedication tokens"
,Ossett,,4,13163,high,accept,"high confidence, verified sample and dedication tokens"
,Chiddingfold,,4,10544,high,accept,"high confidence, verified sample and dedication tokens"
St Mary,Balcombe,West Sussex,4,16605,high,accept,"high confidence, verified sample and dedication tokens"
,Steyning,,4,10639,high,accept,"high confidence, verified sample and dedication tokens"
"Clapham Junc, 55d, Cologne Road",London,,4,,none,reject,resolver found no tower
St Mary,Spalding,,4,15336,high,accept,"high confidence, verified sample and dedication tokens"
,Yatton,,4,13073,medium,reject,adjudicated: multi-tower town with no building evidence
All Saints,Wokingham,Berkshire,4,13834,high,accept,"high confidence, verified sample and dedication tokens"
St Wilfrid,Metheringham,Lincolnshire,4,16973,high,accept,"high confidence, verified sample and dedication tokens"
"Guy's Hospital, St Thomas St",Southwark,,4,,none,reject,resolver found no tower
St Nicholas,Saintbury,Gloucestershire,4,13413,high,accept,"high confidence, verified sample and dedication tokens"
St Mary,Greasley,Nottinghamshire,4,15046,high,accept,"high confidence, verified sample and dedication tokens"
St John,Farnworth and Kearsley,Greater Manchester,4,,none,reject,resolver found no tower
All Saints,Breadsall,Derbyshire,4,14117,high,accept,"high confidence, verified sample and dedication tokens"
St John the Evangelist,Lambeth,Greater London,4,10973,high,accept,"high confidence, verified sample and dedication tokens"
64 Mount Pleasant Road,Exeter,Devon,4,,none,reject,resolver found no tower
Sacred Trinity,Salford,Lancashire,4,13054,high,accept,"high confidence, verified sample and dedication tokens"
St John the Baptist,Pinner,Middlesex,4,15302,high,accept,"high confidence, verified sample and dedication tokens"
,Longney,,4,12074,high,accept,"high confidence, verified sample and dedication tokens"
,Birstwith,,4,14536,high,accept,"high confidence, verified sample and dedication tokens"
217 Reading Road,Wokingham,Berkshire,4,,none,reject,resolver found no tower
St Leonard,Bilston,West Midlands,4,11005,high,accept,"high confidence, verified sample and dedication tokens"
St Mary,Beverley,East Riding of Yorkshire,4,10618,high,accept,"high confidence, verified sample and dedication tokens"
,Buckland,Oxon,4,12723,high,accept,"high confidence, verified sample and dedication tokens"
St Mary the Virgin,Witney,Oxfordshire,4,14418,high,accept,"high confidence, verified sample and dedication tokens"
Manor Cottage,Great Hockham,Norfolk,4,,none,reject,resolver found no tower
"St Laurence, Hull Road",York,.,4,16125,high,accept,"high confidence, verified sample and dedication tokens"
Holy Rood,Holybourne,Hampshire,4,12932,high,accept,"high confidence, verified sample and dedication tokens"
,Ashby Folville,,4,10350,high,accept,"high confidence, verified sample and dedication tokens"
,Newton Abbot,,4,16043,medium,reject,adjudicated: multi-tower town with no building evidence
,Hinton-on-the-Green,,4,15884,high,accept,"high confidence, verified sample and dedication tokens"
St Peter,Benington,Hertfordshire,4,13604,high,accept,"high confidence, verified sample and dedication tokens"
,Edenbridge,,4,11957,high,accept,"high confidence, verified sample and dedication tokens"
,Warfield,,4,14430,high,accept,"high confidence, verified sample and dedication tokens"
Pig le Tower Campanile,Marston Bigot,Somerset,4,17035,medium,reject,adjudicated: named private ring or non-church venue
,Danbury,Essex,4,16524,high,accept,"high confidence, verified sample and dedication tokens"
,Southam,,4,11684,medium,reject,adjudicated: multi-tower town with no building evidence
St Peter,Hinton on the Green,Worcestershire,4,15884,high,accept,"high confidence, verified sample and dedication tokens"
,Longcot,,4,15804,high,accept,"high confidence, verified sample and dedication tokens"
St James,Sydney,New South Wales,4,13677,high,accept,"high confidence, verified sample and dedication tokens"
First Presbyterian Church,Texarkana,"Arkansas, United States of America",4,11754,high,accept,"high confidence, verified sample and dedication tokens"
St Giles,Ashtead,Surrey,4,15485,high,accept,"high confidence, verified sample and dedication tokens"
SS Peter and Paul,Tonbridge,Kent,4,11378,medium,accept,"medium, building shares dedication evidence"
Cathedral Church of The Holy & Undivided Trinity,Bristol,Bristol,4,10300,high,accept,"high confidence, verified sample and dedication tokens"
,Tichmarsh,,4,10065,high,accept,"high confidence, verified sample and dedication tokens"
,Hemsworth,,4,15339,high,accept,"high confidence, verified sample and dedication tokens"
All Saints,Alrewas,Staffordshire,4,15616,high,accept,"high confidence, verified sample and dedication tokens"
SS Mary and Nicholas,Leatherhead,Surrey,4,16692,high,accept,"high confidence, verified sample and dedication tokens"
St James,East Crompton,Lancashire,4,14199,high,accept,"high confidence, verified sample and dedication tokens"
St Meugan,Llanfeugan,Powys,4,15242,high,accept,"high confidence, verified sample and dedication tokens"
Blessed Virgin Mary and St Edward K&M,Barrow Gurney,Somerset,4,13023,high,accept,"high confidence, verified sample and dedication tokens"
St Paul,Wokingham,Berkshire,4,11452,high,accept,"high confidence, verified sample and dedication tokens"
"17, Coniston Road",Beeston,Nottinghamshire,4,,none,reject,resolver found no tower
St Peter,Bolton,,4,11515,high,accept,"high confidence, verified sample and dedication tokens"
St Mary,Guilden Morden,Cambridgeshire,4,16109,high,accept,"high confidence, verified sample and dedication tokens"
All Hallows,Whitchurch,Hampshire,4,16907,high,accept,"high confidence, verified sample and dedication tokens"
All Saints,Frindsbury,Kent,4,14133,high,accept,"high confidence, verified sample and dedication tokens"
All Saints,Campton,Bedfordshire,4,15134,high,accept,"high confidence, verified sample and dedication tokens"
,Beddington,,4,16391,high,accept,"high confidence, verified sample and dedication tokens"
,Widmer End,Bucks,4,,none,reject,resolver found no tower
Wobbly Bobs Campanile,Bovey Tracey,Devon,4,25196,medium,accept,"medium, building shares dedication evidence"
"St James the Great, Norton",Sheffield,South Yorkshire,4,10874,high,accept,"high confidence, verified sample and dedication tokens"
Blessed Virgin Mary,Hardington Mandeville,Somerset,4,12507,high,accept,"high confidence, verified sample and dedication tokens"
Cathedral Church of St Peter and St Paul,Sheffield,South Yorkshire,4,13787,high,accept,"high confidence, verified sample and dedication tokens"
St Mary,North Creake,Norfolk,4,11557,high,accept,"high confidence, verified sample and dedication tokens"
St Mary V,Aldridge,West Midlands,4,15282,high,accept,"high confidence, verified sample and dedication tokens"
Southminster Presbyterian Church,Pittsburgh,Pennsylvania,4,11188,high,accept,"high confidence, verified sample and dedication tokens"
Cathedral Church of St Peter,Bradford,West Yorkshire,4,10691,high,accept,"high confidence, verified sample and dedication tokens"
Massachusetts Institute of Technology,Cambridge,,4,,none,reject,resolver found no tower
St James the Great,Dursley,Gloucestershire,4,11104,high,accept,"high confidence, verified sample and dedication tokens"
"St Paul, Jewellery Quarter",Birmingham,West Midlands,4,12955,high,accept,"high confidence, verified sample and dedication tokens"
St Mary Abbots,Kensington,Greater London,4,12662,high,accept,"high confidence, verified sample and dedication tokens"
The Bell Tower,Evesham,Worcestershire,4,13495,high,accept,"high confidence, verified sample and dedication tokens"
St Mary the Virgin,Rickmansworth,Hertfordshire,4,15098,high,accept,"high confidence, verified sample and dedication tokens"
St Michael,Minehead,Somerset,4,11747,high,accept,"high confidence, verified sample and dedication tokens"
,Slough,,4,15564,medium,reject,adjudicated: multi-tower town with no building evidence
St Mary,Banbury,Oxfordshire,4,13990,high,accept,"high confidence, verified sample and dedication tokens"
St Thomas,Dudley,,4,10607,high,accept,"high confidence, verified sample and dedication tokens"
St Mary the Virgin,Bathwick,Avon,4,,none,reject,resolver found no tower
St Michael,Southampton,,4,13354,high,accept,"high confidence, verified sample and dedication tokens"
52 Wyvern Avenue,Long Eaton,Derbyshire,4,,none,reject,resolver found no tower
St Mary,Chepstow,Monmouthshire,4,13883,high,accept,"high confidence, verified sample and dedication tokens"
,Maidenhead,Berks,4,15877,medium,reject,adjudicated: multi-tower town with no building evidence
Christ Church,Swindon,,4,10478,high,accept,"high confidence, verified sample and dedication tokens"
,High Wycombe,Bucks,4,13160,medium,reject,adjudicated: multi-tower town with no building evidence
St Mary,Whitby,North Yorkshire,4,10263,high,accept,"high confidence, verified sample and dedication tokens"
Cathedral Church of St Mary,Sydney,New South Wales,4,15468,high,accept,"high confidence, verified sample and dedication tokens"
,Gerrards Cross,Bucks,4,,none,reject,resolver found no tower
St Martin,Birmingham,Warwickshire,4,14891,high,accept,"high confidence, verified sample and dedication tokens"
St Sepulchre,City of London,,4,17135,high,accept,"high confidence, verified sample and dedication tokens"
St Michael Cornhill,City of London,,4,16131,high,accept,"high confidence, verified sample and dedication tokens"
"St Michael, Cornhill (Vestry)",City of London,,4,16131,high,accept,"high confidence, verified sample and dedication tokens"
Cathedral of St Philip,Birmingham,West Midlands,4,15513,high,accept,"high confidence, verified sample and dedication tokens"
Minster Church of St John the Baptist,Croydon,Greater London,4,16938,high,accept,"high confidence, verified sample and dedication tokens"
"St Mary le Bow, Cheapside",City of London,,4,10588,high,accept,"high confidence, verified sample and dedication tokens"
Cathedral Church of Christ,Liverpool,Merseyside,4,13402,high,accept,"high confidence, verified sample and dedication tokens"
Woodstock,Brandon Parva,Norfolk,4,18613,medium,reject,adjudicated: building appears to be a house name
St Mary,Cheltenham,Gloucestershire,4,12704,high,accept,"high confidence, verified sample and dedication tokens"
106 Beaumont Road,Barrow Upon Soar,Leicestershire,4,,none,reject,resolver found no tower
,Midsomer Norton,,4,15593,high,accept,"high confidence, verified sample and dedication tokens"
The Campanile,Horsted Keynes,West Sussex,3,25670,high,accept,"high confidence, verified sample and dedication tokens"
St Peter,Lilley,Hertfordshire,3,16499,high,accept,"high confidence, verified sample and dedication tokens"
,Bluebells Cottage,Gloucestershire,3,,none,reject,resolver found no tower
"St. Mary The Virgin, Churchyard",Hayes,Kent,3,,none,reject,resolver found no tower
St Peter,Coughton,Warwickshire,3,10058,high,accept,"high confidence, verified sample and dedication tokens"
St Mary,Syston,Lincolnshire,3,17089,high,accept,"high confidence, verified sample and dedication tokens"
St John the Baptist,Aston Cantlow,Warwickshire,3,17054,high,accept,"high confidence, verified sample and dedication tokens"
,Langdon Hills,Essex,3,10356,high,accept,"high confidence, verified sample and dedication tokens"
St Mary the Virgin,Ayston,Rutland,3,13052,high,accept,"high confidence, verified sample and dedication tokens"
St Martin,Lyndon,Rutland,3,16935,high,accept,"high confidence, verified sample and dedication tokens"
The Patch,Lodsworth,West Sussex,3,10755,medium,reject,adjudicated: building appears to be a house name
14 Elmore Road,Sheffield,South Yorkshire,3,,none,reject,resolver found no tower
St Mary the Virgin,South Luffenham,Rutland,3,11140,high,accept,"high confidence, verified sample and dedication tokens"
All Saints,Westborough,Lincolnshire,3,12472,high,accept,"high confidence, verified sample and dedication tokens"
St Mary the Virgin and St John the Baptist,Newtown,Hampshire,3,14600,high,accept,"high confidence, verified sample and dedication tokens"
,Moreton,Merseyside,3,11144,high,accept,"high confidence, verified sample and dedication tokens"
St John the Baptist,Thorpe Achurch,Northamptonshire,3,11215,high,accept,"high confidence, verified sample and dedication tokens"
St Mary,Carlton le Moorland,Lincolnshire,3,11863,high,accept,"high confidence, verified sample and dedication tokens"
St Teilo,Llandeilo,Carmarthenshire,3,10912,high,accept,"high confidence, verified sample and dedication tokens"
,Woodborough,Notts,3,12096,high,accept,"high confidence, verified sample and dedication tokens"
St Mary-le-Wigford,Lincoln,,3,13659,high,accept,"high confidence, verified sample and dedication tokens"
St Michael,Lichfield,Staffordshire,3,11065,high,accept,"high confidence, verified sample and dedication tokens"
Great St Mary,Cambridge,Cambridgeshire,3,13748,medium,accept,"medium, building shares dedication evidence"
,Trumpington,Cambridgeshire,3,10245,high,accept,"high confidence, verified sample and dedication tokens"
St Mary,Newton Valence,Hampshire,3,14677,high,accept,"high confidence, verified sample and dedication tokens"
The Wesleyan Chapel,Castlereagh,New South Wales,3,13900,high,accept,"high confidence, verified sample and dedication tokens"
Lady St Mary,Wareham,Dorset,3,11178,high,accept,"high confidence, verified sample and dedication tokens"
St Giles,Reading,Berkshire,3,16811,high,accept,"high confidence, verified sample and dedication tokens"
St John on the Wall,Bristol,Bristol,3,11615,high,accept,"high confidence, verified sample and dedication tokens"
"Stetson Chapel, Kalamazoo College",Kalamazoo,Michigan,3,11102,high,accept,"high confidence, verified sample and dedication tokens"
St Nicholas,Marston Trussell,Northamptonshire,3,14692,high,accept,"high confidence, verified sample and dedication tokens"
4 Rushton Drive,Marple,Cheshire,3,,none,reject,resolver found no tower
Craigdhu House,Inveraray,Argyll,3,,none,reject,resolver found no tower
St Margaret,Queen Charlton,Somerset,3,10571,high,accept,"high confidence, verified sample and dedication tokens"
St Peter,Bickenhill,West Midlands,3,15943,high,accept,"high confidence, verified sample and dedication tokens"
St Peter,Peterchurch,Herefordshire,3,11548,high,accept,"high confidence, verified sample and dedication tokens"
St Laurence,Brafield on the Green,Northamptonshire,3,16810,high,accept,"high confidence, verified sample and dedication tokens"
St Mary,Offton,Suffolk,3,13140,high,accept,"high confidence, verified sample and dedication tokens"
,Badingham,,3,15830,high,accept,"high confidence, verified sample and dedication tokens"
Blessed Virgin Mary,Wanstrow,Somerset,3,11122,high,accept,"high confidence, verified sample and dedication tokens"
St Helen,Thornby,Northamptonshire,3,15315,high,accept,"high confidence, verified sample and dedication tokens"
St Mary the Virgin and All Saints,Nassington,Northamptonshire,3,12241,high,accept,"high confidence, verified sample and dedication tokens"
St Hugh,Durleigh,Somerset,3,12810,high,accept,"high confidence, verified sample and dedication tokens"
St Lawrence,Marston St Lawrence,Northamptonshire,3,12637,high,accept,"high confidence, verified sample and dedication tokens"
All Saints,Goxhill,Lincolnshire,3,16953,high,accept,"high confidence, verified sample and dedication tokens"
All Saints,Fawley,Hampshire,3,10721,high,accept,"high confidence, verified sample and dedication tokens"
St Leonard,Ipstones,Staffordshire,3,12738,high,accept,"high confidence, verified sample and dedication tokens"
Holy Trinity,Barrow upon Humber,Lincolnshire,3,11981,high,accept,"high confidence, verified sample and dedication tokens"
St Thomas,Neath,Neath Port Talbot,3,12761,high,accept,"high confidence, verified sample and dedication tokens"
St John the Baptist,Ashbrittle,Somerset,3,11897,high,accept,"high confidence, verified sample and dedication tokens"
St Mary,Barnsley,Gloucestershire,3,15834,high,accept,"high confidence, verified sample and dedication tokens"
SS Peter and Paul,Exton,Rutland,3,16717,high,accept,"high confidence, verified sample and dedication tokens"
St Paul,Burton upon Trent,Staffordshire,3,15964,high,accept,"high confidence, verified sample and dedication tokens"
St Michael,Eastrington,East Riding of Yorkshire,3,13269,high,accept,"high confidence, verified sample and dedication tokens"
St Mary's Cathedral,Sydney,New South Wales,3,15468,high,accept,"high confidence, verified sample and dedication tokens"
St Peter,Caversham,Berkshire,3,15422,high,accept,"high confidence, verified sample and dedication tokens"
2 Long Close,Oxford,Oxfordshire,3,,none,reject,resolver found no tower
Christ Church,Kilndown,Kent,3,10687,high,accept,"high confidence, verified sample and dedication tokens"
St George,Thriplow,Cambridgeshire,3,10698,high,accept,"high confidence, verified sample and dedication tokens"
St Peter,Droitwich,Worcestershire,3,,none,reject,resolver found no tower
"Oldham, Vernet-les-Bains, Great Hockham",Sonneur,UK & France,3,,none,reject,resolver found no tower
St Mary and St Michael,Mistley,Essex,3,16748,high,accept,"high confidence, verified sample and dedication tokens"
St Martin,Little Waltham,Essex,3,10414,high,accept,"high confidence, verified sample and dedication tokens"
St Lawrence,Brentford,Middlesex,3,18640,high,reject,adjudicated: named church is not in Dove for this town
St Andrew,Stokeinteignhead,Devon,3,13578,high,accept,"high confidence, verified sample and dedication tokens"
St Michael and All Angels,Alvaston,Derbyshire,3,10163,high,accept,"high confidence, verified sample and dedication tokens"
,Gosport,Hants,3,17544,medium,reject,adjudicated: multi-tower town with no building evidence
26 St Margaret's Road,Oxford,Oxfordshire,3,,none,reject,resolver found no tower
St John the Baptist,Barlaston,Staffordshire,3,14405,high,accept,"high confidence, verified sample and dedication tokens"
St Mary,Amport,Hampshire,3,15890,high,accept,"high confidence, verified sample and dedication tokens"
St Etheldreda,West Quantoxhead,Somerset,3,15788,high,accept,"high confidence, verified sample and dedication tokens"
St Mary,Astbury,Cheshire,3,12924,high,accept,"high confidence, verified sample and dedication tokens"
The Roost,Hawkshead,Lancs,3,,none,reject,resolver found no tower
St Mary the Virgin,Bramford,Suffolk,3,11952,high,accept,"high confidence, verified sample and dedication tokens"
14 Park Road,Willaston,Cheshire,3,,none,reject,resolver found no tower
St Mary the Virgin,Edwardstone,Suffolk,3,11930,high,accept,"high confidence, verified sample and dedication tokens"
2 Santos Close,Coventry,West Midlands,3,,none,reject,resolver found no tower
St Mary the Virgin,Wilby,Northamptonshire,3,15095,high,accept,"high confidence, verified sample and dedication tokens"
St Constantine,Constantine,Cornwall,3,15807,high,accept,"high confidence, verified sample and dedication tokens"
St Mary,Clifton,Nottinghamshire,3,15190,high,accept,"high confidence, verified sample and dedication tokens"
65 Melbourne Street,Derby,Derbyshire,3,,none,reject,resolver found no tower
St John the Baptist,Honiley,Warwickshire,3,11156,high,accept,"high confidence, verified sample and dedication tokens"
St John,Lockerley,Hampshire,3,16094,high,accept,"high confidence, verified sample and dedication tokens"
St Mary the Virgin,Eardisland,Herefordshire,3,13697,high,accept,"high confidence, verified sample and dedication tokens"
,Lamberhurst,,3,10661,high,accept,"high confidence, verified sample and dedication tokens"
St Giles,Kilmington,Devon,3,10866,high,accept,"high confidence, verified sample and dedication tokens"
Blessed Virgin Mary,Hemington,Somerset,3,15459,high,accept,"high confidence, verified sample and dedication tokens"
St John the Baptist,Holcombe Burnell,Devon,3,15746,high,accept,"high confidence, verified sample and dedication tokens"
St Dunawd,Bangor is y Coed,Wrexham,3,,none,reject,resolver found no tower
St Michael,Doddiscombsleigh,Devon,3,11075,high,accept,"high confidence, verified sample and dedication tokens"
St Hubert,Corfe Mullen,Dorset,3,10741,high,accept,"high confidence, verified sample and dedication tokens"
All Saints,Mears Ashby,Northamptonshire,3,11182,high,accept,"high confidence, verified sample and dedication tokens"
St Martin,Fiddington,Somerset,3,11328,high,accept,"high confidence, verified sample and dedication tokens"
Bellflowering,Stoke Orchard,Gloucestershire,3,25254,high,accept,"high confidence, verified sample and dedication tokens"
"25a Alma Rd, The Bicycle Ring On Tour V2",Cheltenham,Gloucestershire,3,,none,reject,resolver found no tower
St Andrew,Swavesey,Cambridgeshire,3,16854,high,accept,"high confidence, verified sample and dedication tokens"
St James,Brassington,Derbyshire,3,11791,high,accept,"high confidence, verified sample and dedication tokens"
SS Peter and Paul,Thruxton,Hampshire,3,13084,high,accept,"high confidence, verified sample and dedication tokens"
St Leonard,Sherfield on Loddon,Hampshire,3,14154,high,accept,"high confidence, verified sample and dedication tokens"
St John the Baptist,Beckford,Worcestershire,3,11179,high,accept,"high confidence, verified sample and dedication tokens"
St Mary,Builth Wells,Powys,3,15296,high,accept,"high confidence, verified sample and dedication tokens"
St Catherine,Litlington,Cambridgeshire,3,16288,high,accept,"high confidence, verified sample and dedication tokens"
St Nicholas,Dersingham,Norfolk,3,12713,high,accept,"high confidence, verified sample and dedication tokens"
The Cygnet Ring,Balga,Western Australia,3,25661,high,accept,"high confidence, verified sample and dedication tokens"
St Laurence,Adwick le Street,South Yorkshire,3,14127,high,accept,"high confidence, verified sample and dedication tokens"
St Mary,Ripple,Worcestershire,3,14205,high,accept,"high confidence, verified sample and dedication tokens"
Carfax Tower,Oxford,Oxfordshire,3,11850,high,accept,"high confidence, verified sample and dedication tokens"
St Edmund,Warkton,Northamptonshire,3,10388,high,accept,"high confidence, verified sample and dedication tokens"
St Luke,Cold Higham,Northamptonshire,3,10919,high,accept,"high confidence, verified sample and dedication tokens"
St Bartholomew,Greens Norton,Northamptonshire,3,15879,high,accept,"high confidence, verified sample and dedication tokens"
St Mary the Virgin,Moreton Pinkney,Northamptonshire,3,10224,high,accept,"high confidence, verified sample and dedication tokens"
All Saints,Flore,Northamptonshire,3,16162,high,accept,"high confidence, verified sample and dedication tokens"
,Anstey,Herts,3,11971,high,accept,"high confidence, verified sample and dedication tokens"
,Stratton St Margaret,Wilts,3,12307,high,accept,"high confidence, verified sample and dedication tokens"
,Speen,,3,14169,high,accept,"high confidence, verified sample and dedication tokens"
St Giles,Cheddington,Buckinghamshire,3,16696,high,accept,"high confidence, verified sample and dedication tokens"
St Peter,Church Lawford,Warwicks,3,14823,high,accept,"high confidence, verified sample and dedication tokens"
,Wendens Ambo,,3,10822,high,accept,"high confidence, verified sample and dedication tokens"
"Thorrington, Wickford & Great Hockham",Ringing Room,Uk,3,,none,reject,resolver found no tower
St Barbara,Ashton under Hill,Worcestershire,3,10526,high,accept,"high confidence, verified sample and dedication tokens"
2 Pretyman Ave,Bacton,Suffolk,3,,none,reject,resolver found no tower
St Mary,Rushden,Hertfordshire,3,11501,high,accept,"high confidence, verified sample and dedication tokens"
St Mary Magdalene,Twyning,Gloucestershire,3,13313,high,accept,"high confidence, verified sample and dedication tokens"
St Decuman,Watchet,Somerset,3,13299,high,accept,"high confidence, verified sample and dedication tokens"
St Mary-the-Virgin,High Halden,Kent,3,13216,high,accept,"high confidence, verified sample and dedication tokens"
,Sible Hedingham,Essex,3,10157,high,accept,"high confidence, verified sample and dedication tokens"
St Michael and All Angels,Kingsland,Herefordshire,3,15443,high,accept,"high confidence, verified sample and dedication tokens"
St Nicholas,Earls Croome,Worcestershire,3,16379,high,accept,"high confidence, verified sample and dedication tokens"
,Shaw,,3,11896,medium,reject,adjudicated: multi-tower town with no building evidence
Blessed Mary of Upham,Upham,Hampshire,3,12563,high,accept,"high confidence, verified sample and dedication tokens"
St Mary the Virgin,Westwood,Wiltshire,3,16178,high,accept,"high confidence, verified sample and dedication tokens"
St Thomas a Becket,Greatford,Lincolnshire,3,15993,high,accept,"high confidence, verified sample and dedication tokens"
St Winwaloe,Towednack,Cornwall,3,14661,high,accept,"high confidence, verified sample and dedication tokens"
St Luke,Duston,Northamptonshire,3,10089,high,accept,"high confidence, verified sample and dedication tokens"
,Binsted,,3,16467,medium,reject,adjudicated: multi-tower town with no building evidence
St Matthew,Wookey,Somerset,3,14911,high,accept,"high confidence, verified sample and dedication tokens"
,Waltham,Kent,3,12297,high,accept,"high confidence, verified sample and dedication tokens"
St Stedyana,Stithians,Cornwall,3,14397,high,accept,"high confidence, verified sample and dedication tokens"
St Mary the Virgin,Ideford,Devon,3,13103,high,accept,"high confidence, verified sample and dedication tokens"
St John the Baptist,Berkswell,West Midlands,3,16795,high,accept,"high confidence, verified sample and dedication tokens"
All Saints,Dunkerton,Somerset,3,17114,high,accept,"high confidence, verified sample and dedication tokens"
St Nicholas,Bradfield,South Yorkshire,3,11773,high,accept,"high confidence, verified sample and dedication tokens"
All Saints,Silkstone,South Yorkshire,3,16393,high,accept,"high confidence, verified sample and dedication tokens"
St Mary the Virgin,Furneux Pelham,Hertfordshire,3,12597,high,accept,"high confidence, verified sample and dedication tokens"
St Mary,Albury,Hertfordshire,3,11127,high,accept,"high confidence, verified sample and dedication tokens"
,Woolton Hill,,3,14934,high,accept,"high confidence, verified sample and dedication tokens"
St Leonard,Sandridge,Hertfordshire,3,15478,high,accept,"high confidence, verified sample and dedication tokens"
St Andrew,Tostock,Suffolk,3,10852,high,accept,"high confidence, verified sample and dedication tokens"
,Beedon,,3,14015,high,accept,"high confidence, verified sample and dedication tokens"
St Hilda's Chapel,Mosman Park,Western Australia,3,12726,high,accept,"high confidence, verified sample and dedication tokens"
St Oswald King and Martyr,Durham,Durham,3,12379,high,accept,"high confidence, verified sample and dedication tokens"
Great Orchard Campanile,North Wootton,Somerset,3,11529,high,accept,"high confidence, verified sample and dedication tokens"
Channel Islands' Ringing Centre,Longis Common,Alderney,3,,none,reject,resolver found no tower
St Michael and All Angels,Coningsby,Lincolnshire,3,15647,high,accept,"high confidence, verified sample and dedication tokens"
St Stephen,St Albans,Hertfordshire,3,10871,high,accept,"high confidence, verified sample and dedication tokens"
St Andrew,Great Easton,Leicestershire,3,12918,high,accept,"high confidence, verified sample and dedication tokens"
St Pol-de-Leon,Paul,Cornwall,3,13468,high,accept,"high confidence, verified sample and dedication tokens"
St Gwinear,Gwinear,Cornwall,3,12867,high,accept,"high confidence, verified sample and dedication tokens"
The Bell Tower,Perth,Western Australia,3,16028,high,accept,"high confidence, verified sample and dedication tokens"
St Margaret,Edgware,Middlesex,3,15069,high,accept,"high confidence, verified sample and dedication tokens"
St Oswald,Durham,Durham,3,12379,high,accept,"high confidence, verified sample and dedication tokens"
St Lawrence,Eyam,Derbyshire,3,10126,high,accept,"high confidence, verified sample and dedication tokens"
,Sturry,Kent,3,14787,high,accept,"high confidence, verified sample and dedication tokens"
St Andrew,Arthingworth,Northamptonshire,3,14160,high,accept,"high confidence, verified sample and dedication tokens"
St Mary the Virgin,Westham,East Sussex,3,14298,high,accept,"high confidence, verified sample and dedication tokens"
St Mary the Virgin,Bathwick,Somerset,3,13019,high,accept,"high confidence, verified sample and dedication tokens"
St Nicholas,Chiswick,Greater London,3,15523,high,accept,"high confidence, verified sample and dedication tokens"
All Saints,Rushton,Northamptonshire,3,10991,high,accept,"high confidence, verified sample and dedication tokens"
Tulloch Ringing Centre,Tulloch,Highland,3,10120,high,accept,"high confidence, verified sample and dedication tokens"
St John the Evangelist,Stoke-next-Guildford,Surrey,3,10675,high,accept,"high confidence, verified sample and dedication tokens"
St Nicolas,Guildford,Surrey,3,12695,high,accept,"high confidence, verified sample and dedication tokens"
St George,Poynton,Cheshire,3,11072,high,accept,"high confidence, verified sample and dedication tokens"
,Mavesyn Ridware,,3,15216,high,accept,"high confidence, verified sample and dedication tokens"
,Brampford Speke,Devon,3,16477,high,accept,"high confidence, verified sample and dedication tokens"
St John the Baptist,Clowne,Derbyshire,3,14097,high,accept,"high confidence, verified sample and dedication tokens"
All Saints,Parramatta,New South Wales,3,15020,high,accept,"high confidence, verified sample and dedication tokens"
St Mary,Wilby,Suffolk,3,14736,high,accept,"high confidence, verified sample and dedication tokens"
St Peter and St Paul,Old Brampton,Derbyshire,3,16055,high,accept,"high confidence, verified sample and dedication tokens"
St Mary the Virgin,Cheshunt,Hertfordshire,3,12800,high,accept,"high confidence, verified sample and dedication tokens"
St Michael and All Angels,Illston on the Hill,Leicestershire,3,16633,high,accept,"high confidence, verified sample and dedication tokens"
All Saints,Beckley,East Sussex,3,15113,high,accept,"high confidence, verified sample and dedication tokens"
Minster Church of St Mary the Virgin,Reading,Berkshire,3,22964,high,accept,"high confidence, verified sample and dedication tokens"
,Earl Stonham,Suffolk,3,13850,high,accept,"high confidence, verified sample and dedication tokens"
St Cynfarch,Hope,Flintshire,3,11056,high,accept,"high confidence, verified sample and dedication tokens"
SS Peter and Paul,Kingsbury,Warwickshire,3,13225,high,accept,"high confidence, verified sample and dedication tokens"
Cathedral of St Chad (RC),Birmingham,West Midlands,3,13032,high,accept,"high confidence, verified sample and dedication tokens"
Holy Trinity,Hawley,Hampshire,3,13720,high,accept,"high confidence, verified sample and dedication tokens"
St John the Baptist,Feckenham,Worcestershire,3,10076,high,accept,"high confidence, verified sample and dedication tokens"
,Rendham,,3,12934,high,accept,"high confidence, verified sample and dedication tokens"
St Martin of Tours,West Coker,Somerset,3,17129,high,accept,"high confidence, verified sample and dedication tokens"
St Andrew,Hingham,Norfolk,3,10650,high,accept,"high confidence, verified sample and dedication tokens"
"West Hill, Holy Trinity",Wandsworth,Greater London,3,16214,high,accept,"high confidence, verified sample and dedication tokens"
St Thomas,Salisbury,,3,13300,high,accept,"high confidence, verified sample and dedication tokens"
Holy and Undivided Trinity,Ossett,West Yorkshire,3,13163,high,accept,"high confidence, verified sample and dedication tokens"
All Hallows,Twickenham,Greater London,3,12600,high,accept,"high confidence, verified sample and dedication tokens"
Cathedral Church of St Machar,Aberdeen,Aberdeen,3,13827,high,accept,"high confidence, verified sample and dedication tokens"
45 Bramley Avenue,Faversham,Kent,3,,none,reject,resolver found no tower
St Luke,Grayshott,Hampshire,3,13795,high,accept,"high confidence, verified sample and dedication tokens"
St Michael Archangel,Aldershot,Hampshire,3,10989,high,accept,"high confidence, verified sample and dedication tokens"
St Mary the Virgin,Aldermaston,Berkshire,3,10431,high,accept,"high confidence, verified sample and dedication tokens"
St Martin,Alfreton,Derbyshire,3,11489,high,accept,"high confidence, verified sample and dedication tokens"
St Mary the Virgin,Kintbury,Berkshire,3,13090,high,accept,"high confidence, verified sample and dedication tokens"
St Mary Magdalene,Rusper,West Sussex,3,16522,high,accept,"high confidence, verified sample and dedication tokens"
St Michael and All Angels,Heydour,Lincolnshire,3,11252,high,accept,"high confidence, verified sample and dedication tokens"
St Mary the Virgin,Fairford,Gloucestershire,3,10862,high,accept,"high confidence, verified sample and dedication tokens"
St George,Clun,Shropshire,3,11946,high,accept,"high confidence, verified sample and dedication tokens"
,Huddersfield,,3,10804,medium,reject,adjudicated: multi-tower town with no building evidence
St Mary within the Walls,Chester,Cheshire,3,13678,medium,accept,"medium, building shares dedication evidence"
Trentwood,Burton-on-Stather,Lincs,3,12498,medium,reject,adjudicated: building appears to be a house name
"St Peter, Fairfield",Buxton,Derbyshire,3,11560,high,accept,"high confidence, verified sample and dedication tokens"
St Giles,Hartington,Derbyshire,3,16698,high,accept,"high confidence, verified sample and dedication tokens"
St Lawrence Jewry,London,,3,16020,high,accept,"high confidence, verified sample and dedication tokens"
St Mary the Virgin,Kidlington,Oxfordshire,3,10826,high,accept,"high confidence, verified sample and dedication tokens"
St James the Great,Norton,South Yorkshire,3,10874,high,accept,"high confidence, verified sample and dedication tokens"
St Helen,Darley Dale,Derbyshire,3,13637,high,accept,"high confidence, verified sample and dedication tokens"
,Earl Shilton,,3,13202,high,accept,"high confidence, verified sample and dedication tokens"
,Handsworth,Staffs,3,13749,medium,reject,adjudicated: multi-tower town with no building evidence
,Whitwick,,3,11676,high,accept,"high confidence, verified sample and dedication tokens"
,Barrow-upon-Humber,,3,11981,high,accept,"high confidence, verified sample and dedication tokens"
,Sheffield,Yorks,3,10439,medium,reject,adjudicated: multi-tower town with no building evidence
Holy Trinity,Guildford,,3,14592,high,accept,"high confidence, verified sample and dedication tokens"
,Buckley,,3,17124,high,accept,"high confidence, verified sample and dedication tokens"
St Mary,Hemel Hempstead,Hertfordshire,3,15479,high,accept,"high confidence, verified sample and dedication tokens"
St Cuthbert,Allendale,Northumberland,3,15435,high,accept,"high confidence, verified sample and dedication tokens"
,Reading,Berks,3,16811,medium,reject,adjudicated: multi-tower town with no building evidence
182 Freshwater Drive,Hamworthy,Dorset,3,,none,reject,resolver found no tower
St Leodegarius,Basford,Nottinghamshire,3,12073,high,accept,"high confidence, verified sample and dedication tokens"
Assumption of the Blessed Virgin Mary,Gressenhall,Norfolk,3,10047,high,accept,"high confidence, verified sample and dedication tokens"
St Mary the Virgin,Welwyn,Hertfordshire,3,14639,high,accept,"high confidence, verified sample and dedication tokens"
,Birstall,Leics,3,16453,high,accept,"high confidence, verified sample and dedication tokens"
St John the Baptist,Broadclyst,Devon,3,13355,high,accept,"high confidence, verified sample and dedication tokens"
"St Bride's, Fleet Street",City of London,,3,21766,high,accept,"high confidence, verified sample and dedication tokens"
St Margaret,Westminster,,3,13657,high,accept,"high confidence, verified sample and dedication tokens"
22 Portugal Street,Cambridge,Cambridgeshire,3,,none,reject,resolver found no tower
"Briarwood, Goostrey Lane",Cranage,Cheshire,3,,none,reject,resolver found no tower
,Walesby,,3,16848,medium,reject,adjudicated: multi-tower town with no building evidence
St Mary the Virgin,Eccleston,Cheshire,3,14636,high,accept,"high confidence, verified sample and dedication tokens"
All Saints,Bisley,Gloucestershire,3,10527,high,accept,"high confidence, verified sample and dedication tokens"
,Broughton-in-Furness,,3,12023,high,accept,"high confidence, verified sample and dedication tokens"
Christ Church,Tunstall,Staffordshire,3,12994,high,accept,"high confidence, verified sample and dedication tokens"
St Luke,Silverdale,Staffordshire,3,10610,high,accept,"high confidence, verified sample and dedication tokens"
,Hunslet,,3,15244,high,accept,"high confidence, verified sample and dedication tokens"
Cathedral Church of St Nicholas,Newcastle upon Tyne,Tyne and Wear,3,10887,high,accept,"high confidence, verified sample and dedication tokens"
St Mary,Hawkesbury,Gloucestershire,3,17512,high,accept,"high confidence, verified sample and dedication tokens"
,Deddington,,3,11642,high,accept,"high confidence, verified sample and dedication tokens"
Larkfield,Holyport,Berkshire,3,,none,reject,resolver found no tower
St Michael,Basingstoke,Hampshire,3,16758,high,accept,"high confidence, verified sample and dedication tokens"
St Mary,Bow,Greater London,3,13996,high,accept,"high confidence, verified sample and dedication tokens"
St Gregory,Sudbury,Suffolk,3,15687,high,accept,"high confidence, verified sample and dedication tokens"
,Hollesley,,3,16100,high,accept,"high confidence, verified sample and dedication tokens"
,East Coker,,3,10605,high,accept,"high confidence, verified sample and dedication tokens"
,Horwich,,3,10582,medium,reject,adjudicated: multi-tower town with no building evidence
,Netherton,,3,15501,medium,reject,adjudicated: multi-tower town with no building evidence
St Peter,Ashton-under-Lyne,,3,15994,high,accept,"high confidence, verified sample and dedication tokens"
,Shirley,,3,16743,medium,reject,adjudicated: multi-tower town with no building evidence
,Tring,,3,15131,high,accept,"high confidence, verified sample and dedication tokens"
St Peter,Great Berkhamsted,Hertfordshire,3,12786,high,accept,"high confidence, verified sample and dedication tokens"
,Essendon,,3,15444,high,accept,"high confidence, verified sample and dedication tokens"
St Andrew,Old Cleeve,Somerset,3,15208,high,accept,"high confidence, verified sample and dedication tokens"
Holy Trinity,Eccleshall,Staffordshire,3,10452,high,accept,"high confidence, verified sample and dedication tokens"
St Nicholas,Tuxford,Nottinghamshire,3,14811,high,accept,"high confidence, verified sample and dedication tokens"
St Mary Magdalene,Clitheroe,Lancashire,3,11713,high,accept,"high confidence, verified sample and dedication tokens"
St Mary the Virgin and All Souls,Bulwell,Nottinghamshire,3,14775,high,accept,"high confidence, verified sample and dedication tokens"
St Martin,Brighouse,West Yorkshire,3,13843,high,accept,"high confidence, verified sample and dedication tokens"
Cathedral Church of the Blessed Virgin Mary,Lincoln,Lincolnshire,3,12153,high,accept,"high confidence, verified sample and dedication tokens"
Holy Trinity,Bledlow,Buckinghamshire,3,16778,high,accept,"high confidence, verified sample and dedication tokens"
St Chad,Welbourn,Lincolnshire,3,12909,high,accept,"high confidence, verified sample and dedication tokens"
St Mary,Eaton Socon,Cambridgeshire,3,16021,high,accept,"high confidence, verified sample and dedication tokens"
St David,Moreton in Marsh,Gloucestershire,3,14752,high,accept,"high confidence, verified sample and dedication tokens"
Cathedral Church of St Anne (RC),Leeds,West Yorkshire,3,11425,high,accept,"high confidence, verified sample and dedication tokens"
"St Stephen, Barbourne",Worcester,Worcestershire,3,12050,high,accept,"high confidence, verified sample and dedication tokens"
,Ripponden,,3,16188,high,accept,"high confidence, verified sample and dedication tokens"
Marches Teaching Belfry,Hopton Heath,Shropshire,3,13820,medium,reject,adjudicated: named private ring or non-church venue
St Lawrence,Alton,Hampshire,3,11925,high,accept,"high confidence, verified sample and dedication tokens"
St Mary,Radcliffe,Greater Manchester,3,13493,high,accept,"high confidence, verified sample and dedication tokens"
,Gressenhall,,3,10047,high,accept,"high confidence, verified sample and dedication tokens"
St Augustine,Broxbourne,Hertfordshire,3,10369,high,accept,"high confidence, verified sample and dedication tokens"
St Bertoline,Barthomley,Cheshire,3,15065,high,accept,"high confidence, verified sample and dedication tokens"
,Bromley,,3,14144,medium,reject,adjudicated: multi-tower town with no building evidence
,Woolwich,,3,14252,high,accept,"high confidence, verified sample and dedication tokens"
St John the Evangelist,Stanmore,Middlesex,3,10079,high,accept,"high confidence, verified sample and dedication tokens"
,Batley,,3,10394,medium,reject,adjudicated: multi-tower town with no building evidence
,Balcombe,,3,16605,high,accept,"high confidence, verified sample and dedication tokens"
St Peter,Harrogate,,3,11630,high,accept,"high confidence, verified sample and dedication tokens"
,Fulney,,3,10977,high,accept,"high confidence, verified sample and dedication tokens"
St Andrew,Banwell,Somerset,3,11561,high,accept,"high confidence, verified sample and dedication tokens"
,Deane,Lancs,3,11462,high,accept,"high confidence, verified sample and dedication tokens"
,Ewell,,3,12749,medium,reject,adjudicated: multi-tower town with no building evidence
Pig-le-Tower,Marston Bigot,,3,,none,reject,resolver found no tower
St Mary,Maulden,Bedfordshire,3,16127,high,accept,"high confidence, verified sample and dedication tokens"
,Bermondsey,,3,11128,medium,reject,adjudicated: multi-tower town with no building evidence
St Andrew,Moretonhampstead,Devon,3,14478,high,accept,"high confidence, verified sample and dedication tokens"
St Peter and St Paul,Buckingham,Buckinghamshire,3,12905,high,accept,"high confidence, verified sample and dedication tokens"
St Peter,Congleton,Cheshire,3,10579,high,accept,"high confidence, verified sample and dedication tokens"
St Michael,Maidstone,,3,12644,high,accept,"high confidence, verified sample and dedication tokens"
St Thomas,Helmshore,Lancashire,3,10421,high,accept,"high confidence, verified sample and dedication tokens"
18 Sandhills Way Calcot,Reading,Berkshire,3,,none,reject,resolver found no tower
Home Farmhouse,Burghill,Herefordshire,3,13979,medium,reject,adjudicated: building appears to be a house name
Christ Church,Raleigh,"North Carolina, United States of America",3,10203,high,accept,"high confidence, verified sample and dedication tokens"
,King's Norton,Leics,3,10950,high,accept,"high confidence, verified sample and dedication tokens"
,Norton,Worcs,3,14265,medium,reject,adjudicated: multi-tower town with no building evidence
,Uppingham,,3,13320,high,accept,"high confidence, verified sample and dedication tokens"
All Saints,Cottesbrooke,Northamptonshire,3,13783,high,accept,"high confidence, verified sample and dedication tokens"
Collegiate Church of St Mary de Castro,Leicester,Leicestershire,3,13828,high,accept,"high confidence, verified sample and dedication tokens"
St Michael with St Paul,Bath,,3,15431,high,accept,"high confidence, verified sample and dedication tokens"
,Easebourne,,3,16972,high,accept,"high confidence, verified sample and dedication tokens"
,East Grinstead,,3,15810,medium,reject,adjudicated: multi-tower town with no building evidence
,Oakham,,3,14688,high,accept,"high confidence, verified sample and dedication tokens"
First Presbyterian Church,Texarkana,Arkansas,3,11754,high,accept,"high confidence, verified sample and dedication tokens"
St Leonard,Shoreditch,London E,3,,none,reject,resolver found no tower
St Mary Magdalene,Creswell,Derbyshire,3,15007,high,accept,"high confidence, verified sample and dedication tokens"
St Andrew,Wanborough,Wiltshire,3,11390,high,accept,"high confidence, verified sample and dedication tokens"
,Wincanton,,3,12189,high,accept,"high confidence, verified sample and dedication tokens"
,Bishops Cannings,,3,16193,high,accept,"high confidence, verified sample and dedication tokens"
St Nicholas,Brockenhurst,Hampshire,3,12797,high,accept,"high confidence, verified sample and dedication tokens"
Holy Trinity,Buckfastleigh,Devon,3,11599,high,accept,"high confidence, verified sample and dedication tokens"
St Mary-de-Crypt,Gloucester,,3,11105,high,accept,"high confidence, verified sample and dedication tokens"
St James,Quedgeley,Gloucestershire,3,12499,high,accept,"high confidence, verified sample and dedication tokens"
St Andrew,Wiveliscombe,Somerset,3,12340,high,accept,"high confidence, verified sample and dedication tokens"
St Mary the Virgin,Bishops Cannings,Wiltshire,3,16193,high,accept,"high confidence, verified sample and dedication tokens"
,East Tytherley,,3,12006,high,accept,"high confidence, verified sample and dedication tokens"
St Mary the Virgin,Frensham,Surrey,3,10379,high,accept,"high confidence, verified sample and dedication tokens"
St John-the-Baptist,Erith,,3,16332,high,accept,"high confidence, verified sample and dedication tokens"
,Wellesbourne,,3,11177,high,accept,"high confidence, verified sample and dedication tokens"
St John the Baptist,New Alresford,Hampshire,3,15518,high,accept,"high confidence, verified sample and dedication tokens"
,Pulborough,,3,13676,high,accept,"high confidence, verified sample and dedication tokens"
Blessed Virgin Mary,Woolavington,Somerset,3,14170,high,accept,"high confidence, verified sample and dedication tokens"
St Mary,Prestbury,Gloucestershire,3,12141,high,accept,"high confidence, verified sample and dedication tokens"
All Saints,Hessle,Yorkshire,3,11671,high,accept,"high confidence, verified sample and dedication tokens"
St Helen,Tarporley,Cheshire,3,13819,high,accept,"high confidence, verified sample and dedication tokens"
,Bicester,,3,11528,high,accept,"high confidence, verified sample and dedication tokens"
,Heydour,,3,11252,high,accept,"high confidence, verified sample and dedication tokens"
"St Ambrose, Whitehall",Bristol,Bristol,3,15775,high,accept,"high confidence, verified sample and dedication tokens"
St Pancras,Widecombe in the Moor,Devon,3,14248,high,accept,"high confidence, verified sample and dedication tokens"
39 Titian Avenue,Bushey Heath,Hertfordshire,3,,none,reject,resolver found no tower
,Bushey,Herts,3,13627,medium,reject,adjudicated: multi-tower town with no building evidence
,Beaconsfield,,3,13441,medium,reject,adjudicated: multi-tower town with no building evidence
,Stanford-in-the-Vale,,3,17078,high,accept,"high confidence, verified sample and dedication tokens"
,Bourn,,3,12090,high,accept,"high confidence, verified sample and dedication tokens"
Christ Church,Southport,,3,10014,high,accept,"high confidence, verified sample and dedication tokens"
St Peter,Pebworth,Worcestershire,3,14179,high,accept,"high confidence, verified sample and dedication tokens"
All Saints,Earls Barton,Northamptonshire,3,13546,high,accept,"high confidence, verified sample and dedication tokens"
St Mary,Liverpool,Merseyside,3,12572,high,accept,"high confidence, verified sample and dedication tokens"
St Thomas of Canterbury,Goring on Thames,Oxfordshire,3,10908,high,accept,"high confidence, verified sample and dedication tokens"
St Mary the Virgin,Buckland,Oxfordshire,3,12723,high,accept,"high confidence, verified sample and dedication tokens"
,Barnwood,,3,10976,high,accept,"high confidence, verified sample and dedication tokens"
,Barkingside,,3,16995,medium,reject,adjudicated: multi-tower town with no building evidence
St Mary the Virgin,Woodford,Northamptonshire,3,17015,high,accept,"high confidence, verified sample and dedication tokens"
,Amblecote,,3,14839,high,accept,"high confidence, verified sample and dedication tokens"
St Michael & All Angels,Hughenden,Buckinghamshire,3,15656,high,accept,"high confidence, verified sample and dedication tokens"
St John,Farnworth and Kearsley,Lancashire,3,16563,high,accept,"high confidence, verified sample and dedication tokens"
St Peter and St Paul,Deddington,Oxfordshire,3,11642,high,accept,"high confidence, verified sample and dedication tokens"
,Donington,,3,14561,medium,reject,adjudicated: multi-tower town with no building evidence
"Cath and Parish Ch of St Mary, St Denys, & St George",Manchester,Greater Manchester,3,12311,high,accept,"high confidence, verified sample and dedication tokens"
St Mary and Michael,Trumpington,Cambridgeshire,3,10245,high,accept,"high confidence, verified sample and dedication tokens"
St Mary,Easton Neston,Northamptonshire,3,14582,high,accept,"high confidence, verified sample and dedication tokens"
,Holmfirth,,3,12802,high,accept,"high confidence, verified sample and dedication tokens"
St Michael & All Angels,Highclere,Hampshire,3,12671,high,accept,"high confidence, verified sample and dedication tokens"
,Old Windsor,,3,12878,high,accept,"high confidence, verified sample and dedication tokens"
St Andrew and St Cuthman,Steyning,West Sussex,3,10639,high,accept,"high confidence, verified sample and dedication tokens"
Stella Maris,"Charleston, Sullivan's Island","South Carolina, United States of America",3,,none,reject,resolver found no tower
St John,Lambeth,,3,10973,high,accept,"high confidence, verified sample and dedication tokens"
St Peter ad Vincula,Coggeshall,Essex,3,13518,high,accept,"high confidence, verified sample and dedication tokens"
St Martin,Caerphilly,Caerphilly,3,16855,high,accept,"high confidence, verified sample and dedication tokens"
Holy Cross,Mark,Somerset,3,14301,high,accept,"high confidence, verified sample and dedication tokens"
,Bushey,,3,13627,medium,reject,adjudicated: multi-tower town with no building evidence
,Colston Bassett,,3,11976,high,accept,"high confidence, verified sample and dedication tokens"
't klockhuys,Dordrecht,The Netherlands,3,14275,high,accept,"high confidence, verified sample and dedication tokens"
2 Orchard Road,Hitchin,Hertfordshire,3,,none,reject,resolver found no tower
,Withyham,,3,16152,medium,reject,adjudicated: multi-tower town with no building evidence
St Michael the Archangel,Aldershot,Hampshire,3,10989,high,accept,"high confidence, verified sample and dedication tokens"
,Hook Norton,,3,10393,high,accept,"high confidence, verified sample and dedication tokens"
,Oxhey,,3,13572,medium,reject,adjudicated: multi-tower town with no building evidence
St Mary,Watford,Hertfordshire,3,10317,high,accept,"high confidence, verified sample and dedication tokens"
St Laurence,York,,3,16125,high,accept,"high confidence, verified sample and dedication tokens"
,Norton,Yorks,3,10874,high,accept,"high confidence, verified sample and dedication tokens"
,Dewsbury,,3,10877,high,accept,"high confidence, verified sample and dedication tokens"
St Owen,Bromham,Bedfordshire,3,16225,high,accept,"high confidence, verified sample and dedication tokens"
St Peter,Birstall,West Yorkshire,3,13433,high,accept,"high confidence, verified sample and dedication tokens"
St Margaret the Queen,Buxted,East Sussex,3,15622,medium,accept,"medium, building shares dedication evidence"
Holy Trinity,Wandsworth,London SW,3,,none,reject,resolver found no tower
,Barnet,,3,14421,high,accept,"high confidence, verified sample and dedication tokens"
St Barnabas,Bromborough,Wirral,3,,none,reject,resolver found no tower
St Mary,Aspenden,Hertfordshire,3,10505,high,accept,"high confidence, verified sample and dedication tokens"
St Giles,Balderton,Nottinghamshire,3,14817,high,accept,"high confidence, verified sample and dedication tokens"
St Mary and All Saints,Chesterfield,Derbyshire,3,13811,high,accept,"high confidence, verified sample and dedication tokens"
St Martin in the Cornmarket,Worcester,Worcestershire,3,10704,high,accept,"high confidence, verified sample and dedication tokens"
Piltdown House,St Mary's Platt,Kent,3,,none,reject,resolver found no tower
St Mary the Virgin,Hugh Town,Isles of Scilly,3,15205,high,accept,"high confidence, verified sample and dedication tokens"
St Michael and St Wulfad,Stone,Staffordshire,3,12438,high,accept,"high confidence, verified sample and dedication tokens"
"SS Peter, Paul and Thomas of Canterbury",Bovey Tracey,Devon,3,14690,high,accept,"high confidence, verified sample and dedication tokens"
St John the Baptist,Weston-super-Mare,Somerset,3,12821,high,accept,"high confidence, verified sample and dedication tokens"
St Helen,Abingdon,Oxfordshire,3,15023,high,accept,"high confidence, verified sample and dedication tokens"
St Mary,Wolborough,Devon,3,12315,high,accept,"high confidence, verified sample and dedication tokens"
SS Mary and Edward,Barrow Gurney,Somerset,3,13023,medium,accept,"sole tower in town, building is ecclesiastical"
SS Mary & Edward,Barrow Gurney,Somerset,3,13023,medium,accept,"sole tower in town, building is ecclesiastical"
St Margaret,Warnham,West Sussex,3,15727,high,accept,"high confidence, verified sample and dedication tokens"
St John,Weston-super-mare,North Somerset,3,12821,high,accept,"high confidence, verified sample and dedication tokens"
St John the Baptist,Wolverley,Worcestershire,3,16470,high,accept,"high confidence, verified sample and dedication tokens"
St Gregory,Dawlish,Devon,3,10507,high,accept,"high confidence, verified sample and dedication tokens"
All Saints,Hertford,Hertfordshire,3,14953,high,accept,"high confidence, verified sample and dedication tokens"
St George,Benenden,Kent,3,10534,high,accept,"high confidence, verified sample and dedication tokens"
Holy Trinity,Stratford upon Avon,Warwickshire,3,10264,high,accept,"high confidence, verified sample and dedication tokens"
St Andrew,Farnham,Surrey,3,11301,high,accept,"high confidence, verified sample and dedication tokens"
St Mary the Virgin,Prittlewell,Essex,3,13422,high,accept,"high confidence, verified sample and dedication tokens"
St Peter,St Albans,,3,11034,high,accept,"high confidence, verified sample and dedication tokens"
28 Mardale Court,Holmes Chapel,Cheshire,3,,none,reject,resolver found no tower
St Peter,Bolton,Greater Manchester,3,11515,high,accept,"high confidence, verified sample and dedication tokens"
,Cox Green,Berks,3,19423,high,accept,"high confidence, verified sample and dedication tokens"
Magdalen College,Oxford,Oxon.,3,11203,high,accept,"high confidence, verified sample and dedication tokens"
St Editha,Tamworth,Staffordshire,3,11411,high,accept,"high confidence, verified sample and dedication tokens"
"18 Sandhills Way, Calcot",Reading,Berkshire,3,,none,reject,resolver found no tower
St Mary,Beddington,Surrey,3,,none,reject,resolver found no tower
,Berkeley,,3,12607,medium,reject,adjudicated: multi-tower town with no building evidence
St Andrew,Shrivenham,Oxfordshire,3,16485,high,accept,"high confidence, verified sample and dedication tokens"
,Bishop's Stortford,,3,13338,medium,reject,adjudicated: multi-tower town with no building evidence
St Paul,Bedford,Bedfordshire,3,14240,high,accept,"high confidence, verified sample and dedication tokens"
"St John the Evangelist, Ranmoor",Sheffield,South Yorkshire,3,16286,high,accept,"high confidence, verified sample and dedication tokens"
,Bury St Edmunds,,3,12587,medium,reject,adjudicated: multi-tower town with no building evidence
St James the Great,Colwall,Herefordshire,3,12769,high,accept,"high confidence, verified sample and dedication tokens"
,West Ham,,3,13183,high,accept,"high confidence, verified sample and dedication tokens"
All Saints,Ashover,Derbyshire,3,13902,high,accept,"high confidence, verified sample and dedication tokens"
,Wisbech,,3,11719,medium,reject,adjudicated: multi-tower town with no building evidence
,Duffield,,3,11235,high,accept,"high confidence, verified sample and dedication tokens"
St Sepulchre Ringing Chamber,City of London,,3,17135,medium,accept,"medium, building shares dedication evidence"
Cathedral Church of St James and St Edmund,Bury St Edmunds,Suffolk,3,12587,high,accept,"high confidence, verified sample and dedication tokens"
St Martin in the Fields,Westminster,Middlesex,3,15153,high,accept,"high confidence, verified sample and dedication tokens"
St Helen,Escrick,North Yorkshire,3,11686,high,accept,"high confidence, verified sample and dedication tokens"
"St Michael, Cornhill, Vestry",City of London,,3,16131,high,accept,"high confidence, verified sample and dedication tokens"
St Sepulchre without Newgate,City of London,,3,17135,high,accept,"high confidence, verified sample and dedication tokens"
,Ealing,Middx,3,13776,medium,reject,adjudicated: multi-tower town with no building evidence
Cathedral Church of St Saviour,Southwark,Greater London,3,16296,high,accept,"high confidence, verified sample and dedication tokens"
"Cathedral Church of the Holy Trinity, St Peter, St Paul and St Swithun",Winchester,Hampshire,3,24847,high,accept,"high confidence, verified sample and dedication tokens"
,Southampton,Hampshire,2,13796,medium,reject,adjudicated: multi-tower town with no building evidence
St Michael and All Angels,Haworth,West Yorkshire,2,10409,high,accept,"high confidence, verified sample and dedication tokens"
,Catshill,Worcestershire,2,17183,high,accept,"high confidence, verified sample and dedication tokens"
"St Mary, South Stoneham",Southampton,Hampshire,2,12022,high,accept,"high confidence, verified sample and dedication tokens"
St Mary,Harrington,Lincolnshire,2,16056,high,accept,"high confidence, verified sample and dedication tokens"
St Mary,Ashby Magna,Leicestershire,2,16462,high,accept,"high confidence, verified sample and dedication tokens"
,"Beacon Hill, Lickey",Worcestershire,2,,none,reject,resolver found no tower
,Lickey incline Bromsgrove,Worcestershire,2,,none,reject,resolver found no tower
All Saints,Wistow,North Yorkshire,2,10690,high,accept,"high confidence, verified sample and dedication tokens"
St Andrew's Church,Potterhanworth,Lincolnshire,2,14584,high,accept,"high confidence, verified sample and dedication tokens"
All Saints,Thorp Arch,West Yorkshire,2,13009,high,accept,"high confidence, verified sample and dedication tokens"
,"Catshill, Bromsgrove",Worcestershire,2,10080,high,accept,"high confidence, verified sample and dedication tokens"
Abbey Church of St Andrew,Sempringham,Lincolnshire,2,15245,high,accept,"high confidence, verified sample and dedication tokens"
St Thomas a Becket,Burton le Coggles,Lincolnshire,2,11921,high,accept,"high confidence, verified sample and dedication tokens"
"Mary Allan Building, Homerton College",Cambridge,Cambridgeshire,2,,none,reject,resolver found no tower
St Martin,Bole,Nottinghamshire,2,11802,high,accept,"high confidence, verified sample and dedication tokens"
,Sutton-cum-Lound,Notts,2,13122,high,accept,"high confidence, verified sample and dedication tokens"
All Saints,Pickwell,Leicestershire,2,10700,high,accept,"high confidence, verified sample and dedication tokens"
St Nicholas,Cherington,Gloucestershire,2,16449,high,accept,"high confidence, verified sample and dedication tokens"
St Peter,Kinver,Staffordshire,2,10945,high,accept,"high confidence, verified sample and dedication tokens"
St Mary le Wigford,Lincoln,Lincolnshire,2,13659,high,accept,"high confidence, verified sample and dedication tokens"
St Augustine,East Langdon,Kent,2,13450,high,accept,"high confidence, verified sample and dedication tokens"
Rolt Crescent,Middlewich,Cheshire,2,,none,reject,resolver found no tower
,Ringing Room,UK & USA & Switzerland,2,,none,reject,resolver found no tower
All Saints,Landbeach,Cambridgeshire,2,15449,high,accept,"high confidence, verified sample and dedication tokens"
All Saints,Tinwell,Rutland,2,16139,high,accept,"high confidence, verified sample and dedication tokens"
St Martin of Tours,Elworthy,Somerset,2,11997,high,accept,"high confidence, verified sample and dedication tokens"
St Mary Magdalene and St Andrew,Ridlington,Rutland,2,14895,high,accept,"high confidence, verified sample and dedication tokens"
Town Church,Guernsey,Channel islands,2,,none,reject,resolver found no tower
"Cathedral Church of St Marie, Hallam",Sheffield,South Yorkshire,2,10439,high,accept,"high confidence, verified sample and dedication tokens"
St Andrew,Cold Aston,Gloucestershire,2,16479,high,accept,"high confidence, verified sample and dedication tokens"
,Ringing Room,"Stanford in the Vale, Oxon",2,,none,reject,resolver found no tower
St John the Baptist,Campsea Ashe,Suffolk,2,15112,high,accept,"high confidence, verified sample and dedication tokens"
,"All Saints, Crondall",,2,12140,high,accept,"high confidence, verified sample and dedication tokens"
St Paul's College,Cheltenham,Gloucestershire,2,19105,high,accept,"high confidence, verified sample and dedication tokens"
,Basildon,Essex,2,11028,medium,reject,adjudicated: multi-tower town with no building evidence
,Ringing Room,Cheshire and Kent,2,,none,reject,resolver found no tower
"The Cathedral Church of St. Thomas of Canterbury, Ringing Room.",Portsmouth,Hampshire,2,13220,high,accept,"high confidence, verified sample and dedication tokens"
,"Exeter, 14 Brookfield Gardens",Devon,2,,none,reject,resolver found no tower
St Helen,Kneeton,Nottinghamshire,2,11584,high,accept,"high confidence, verified sample and dedication tokens"
St Oswald,East Stoke,Nottinghamshire,2,16915,high,accept,"high confidence, verified sample and dedication tokens"
"Tumulus, St Peter's Churchyard",Wootton Wawen,Warwickshire,2,10550,high,accept,"high confidence, verified sample and dedication tokens"
The Old Workhouse,Upton Bishop,Herefordshire,2,11201,medium,reject,adjudicated: building appears to be a house name
St Lawrence,Canon Pyon,Herefordshire,2,12706,high,accept,"high confidence, verified sample and dedication tokens"
St Mary,Winterborne Stickland,Dorset,2,10939,high,accept,"high confidence, verified sample and dedication tokens"
St George,Trotton,West Sussex,2,15306,high,accept,"high confidence, verified sample and dedication tokens"
St Milburga,Stoke St Milborough,Shropshire,2,15014,high,accept,"high confidence, verified sample and dedication tokens"
St Mary Magdalene,Yarwell,Northamptonshire,2,15600,high,accept,"high confidence, verified sample and dedication tokens"
All Saints,Hougham,Lincolnshire,2,14959,high,accept,"high confidence, verified sample and dedication tokens"
St Mary,Whaplode,Lincolnshire,2,14273,high,accept,"high confidence, verified sample and dedication tokens"
,Langdon Hills,,2,10356,high,accept,"high confidence, verified sample and dedication tokens"
,Fobbing,,2,15181,high,accept,"high confidence, verified sample and dedication tokens"
Channel Islands' Ringing Centre,Alderney,Alderney,2,13059,high,accept,"high confidence, verified sample and dedication tokens"
Holy Trinity,Gedney Hill,Lincolnshire,2,12767,high,accept,"high confidence, verified sample and dedication tokens"
All Saints,Moulton,Lincolnshire,2,15979,high,accept,"high confidence, verified sample and dedication tokens"
St Mary,Great Massingham,Norfolk,2,11581,high,accept,"high confidence, verified sample and dedication tokens"
All Saints,Holbeach,Lincolnshire,2,14527,high,accept,"high confidence, verified sample and dedication tokens"
"St Bartholomew the Great, Smithfield",City of London,,2,13868,high,accept,"high confidence, verified sample and dedication tokens"
,Lincoln,,2,12153,medium,reject,adjudicated: multi-tower town with no building evidence
St James the Great,Kimbolton,Herefordshire,2,15489,high,accept,"high confidence, verified sample and dedication tokens"
All Saints,Little Shelford,Cambridgeshire,2,11637,high,accept,"high confidence, verified sample and dedication tokens"
,Itchingfield,,2,10107,high,accept,"high confidence, verified sample and dedication tokens"
All Saints,Roos,East Riding of Yorkshire,2,14327,high,accept,"high confidence, verified sample and dedication tokens"
St Mary's Cathedral Ringing Room,Sydney,New South Wales,2,15468,high,accept,"high confidence, verified sample and dedication tokens"
St Llonio,Llandinam,Powys,2,15602,high,accept,"high confidence, verified sample and dedication tokens"
St Mary the Virgin,Shincliffe,County Durham,2,16794,high,accept,"high confidence, verified sample and dedication tokens"
St Mary,Broughton,Lincolnshire,2,11749,high,accept,"high confidence, verified sample and dedication tokens"
St Mary,Claxby,Lincolnshire,2,12072,high,accept,"high confidence, verified sample and dedication tokens"
St Nicholas,Great Wilbraham,Cambridgeshire,2,15674,high,accept,"high confidence, verified sample and dedication tokens"
St Margaret,Heveningham,Suffolk,2,13263,high,accept,"high confidence, verified sample and dedication tokens"
St John the Baptist,Penhow,Newport,2,14537,high,accept,"high confidence, verified sample and dedication tokens"
,Isham,,2,10292,high,accept,"high confidence, verified sample and dedication tokens"
St Nicholas,Marston,Oxfordshire,2,15711,high,accept,"high confidence, verified sample and dedication tokens"
4/4 Barnpark Terrace,Teignmouth,Devon,2,,none,reject,resolver found no tower
St Paul,Southville,Bristol,2,12016,high,accept,"high confidence, verified sample and dedication tokens"
In the Belfry of All Saints’ Church,Marple,Cheshire,2,15017,high,accept,"high confidence, verified sample and dedication tokens"
Basingstoke,Ringing Room,,2,,none,reject,resolver found no tower
,Croft,Leics,2,15866,high,accept,"high confidence, verified sample and dedication tokens"
Unknown,Durleigh,Somerset,2,12810,medium,accept,"sole tower in town, no building named"
St Peter,Pimperne,Dorset,2,11455,high,accept,"high confidence, verified sample and dedication tokens"
St George,Damerham,Hampshire,2,15111,high,accept,"high confidence, verified sample and dedication tokens"
,Midgham,,2,12976,high,accept,"high confidence, verified sample and dedication tokens"
St Giles,Bradford on Tone,Somerset,2,16990,high,accept,"high confidence, verified sample and dedication tokens"
,Sutton Coldfield,,2,11924,medium,reject,adjudicated: multi-tower town with no building evidence
St Peter,Goodworth Clatford,Hampshire,2,14231,high,accept,"high confidence, verified sample and dedication tokens"
All Saints,Barton Stacey,Hampshire,2,13777,high,accept,"high confidence, verified sample and dedication tokens"
St Peter,Westleigh,Devon,2,15042,high,accept,"high confidence, verified sample and dedication tokens"
The Parish church,East Farleigh,Kent,2,13991,medium,accept,"sole tower in town, building is ecclesiastical"
St Mary Magdalene,Croome D'Abitot,Worcestershire,2,12711,high,accept,"high confidence, verified sample and dedication tokens"
St Mary the Virgin,Weston by Welland,Northamptonshire,2,11695,high,accept,"high confidence, verified sample and dedication tokens"
Holy Trinity,Thrussington,Leicestershire,2,13754,high,accept,"high confidence, verified sample and dedication tokens"
St Luke,Kislingbury,Northamptonshire,2,16945,high,accept,"high confidence, verified sample and dedication tokens"
Holy Cross,Milton Malsor,Northamptonshire,2,11900,high,accept,"high confidence, verified sample and dedication tokens"
St Mary the Virgin,Whiston,Northamptonshire,2,14802,high,accept,"high confidence, verified sample and dedication tokens"
St John Baptist,Hellidon,Northamptonshire,2,15765,high,accept,"high confidence, verified sample and dedication tokens"
St Peter,Tilton-on-the-Hill,Leicestershire,2,10083,high,accept,"high confidence, verified sample and dedication tokens"
St Andrew,Cotterstock,Northamptonshire,2,12936,high,accept,"high confidence, verified sample and dedication tokens"
All Saints,Croughton,Northamptonshire,2,16632,high,accept,"high confidence, verified sample and dedication tokens"
St Nicholas,Great Doddington,Northamptonshire,2,10585,high,accept,"high confidence, verified sample and dedication tokens"
All Saints,Norton,Northamptonshire,2,16864,high,accept,"high confidence, verified sample and dedication tokens"
All Hallows,Upper Dean,Bedfordshire,2,13499,high,accept,"high confidence, verified sample and dedication tokens"
St Peter,Aldwincle,Northamptonshire,2,16124,high,accept,"high confidence, verified sample and dedication tokens"
St Mary the Virgin,Stoke Bruerne,Northamptonshire,2,16261,high,accept,"high confidence, verified sample and dedication tokens"
St Mary the Blessed Virgin,Little Houghton,Northamptonshire,2,12180,high,accept,"high confidence, verified sample and dedication tokens"
St Michael and All Angels,Ashton,Northamptonshire,2,14066,high,accept,"high confidence, verified sample and dedication tokens"
St Mary V,Stoke Bruerne,Northamptonshire,2,16261,high,accept,"high confidence, verified sample and dedication tokens"
St Michael and All Angels,Bugbrooke,Northamptonshire,2,17122,high,accept,"high confidence, verified sample and dedication tokens"
All Saints,West Haddon,Northamptonshire,2,14032,high,accept,"high confidence, verified sample and dedication tokens"
St Guthlac,Passenham,Northamptonshire,2,16965,high,accept,"high confidence, verified sample and dedication tokens"
St Mary V,Harby,Leicestershire,2,16872,high,accept,"high confidence, verified sample and dedication tokens"
SS Peter and Paul,Rothersthorpe,Northamptonshire,2,10341,high,accept,"high confidence, verified sample and dedication tokens"
St Tegai,Llandegai,Gwynedd,2,16840,high,accept,"high confidence, verified sample and dedication tokens"
All Saints,Sudborough,Northamptonshire,2,12846,high,accept,"high confidence, verified sample and dedication tokens"
"St Dingad, Llandingat",Llandovery,Carmarthenshire,2,12245,high,accept,"high confidence, verified sample and dedication tokens"
All Saints,Clipston,Northamptonshire,2,11370,high,accept,"high confidence, verified sample and dedication tokens"
St Stephen,Sparsholt,Hampshire,2,14627,high,accept,"high confidence, verified sample and dedication tokens"
St John the Baptist,Carhampton,Somerset,2,14980,high,accept,"high confidence, verified sample and dedication tokens"
St Mary Magdalene,Winsford,Somerset,2,10676,high,accept,"high confidence, verified sample and dedication tokens"
,Kewstoke,Somerset,2,13361,high,accept,"high confidence, verified sample and dedication tokens"
St Nicholas,Beedon,Berkshire,2,14015,high,accept,"high confidence, verified sample and dedication tokens"
St Stephen,Old Radnor,Powys,2,15009,high,accept,"high confidence, verified sample and dedication tokens"
Waikato Cathedral Church of St Peter,Hamilton,New Zealand,2,13098,high,accept,"high confidence, verified sample and dedication tokens"
S Margaret,Clenchwarton,Norfolk,2,12505,high,accept,"high confidence, verified sample and dedication tokens"
St Senara the Virgin,Zennor,Cornwall,2,12035,high,accept,"high confidence, verified sample and dedication tokens"
Unknown,Maisemore,Gloucestershire,2,14147,medium,accept,"sole tower in town, no building named"
At the Youth Hostel,Inglesham,Wiltshire,2,21172,medium,reject,adjudicated: named private ring or non-church venue
,Ashbocking,,2,16123,high,accept,"high confidence, verified sample and dedication tokens"
St Mary,Sturminster Newton,Dorset,2,14218,high,accept,"high confidence, verified sample and dedication tokens"
St Lawrence,Bardney,Lincolnshire,2,11893,high,accept,"high confidence, verified sample and dedication tokens"
St John the Baptist,Aston Ingham,Herefordshire,2,10896,high,accept,"high confidence, verified sample and dedication tokens"
,Barton Stacey,,2,13777,high,accept,"high confidence, verified sample and dedication tokens"
All Saints,Martin,Hampshire,2,11576,high,accept,"high confidence, verified sample and dedication tokens"
St Luke,Milland,West Sussex,2,13470,high,accept,"high confidence, verified sample and dedication tokens"
St Katherine,Litlington,Cambridgeshire,2,16288,high,accept,"high confidence, verified sample and dedication tokens"
St Mary,Meysey Hampton,Gloucestershire,2,14163,high,accept,"high confidence, verified sample and dedication tokens"
St Mary,Clifton upon Dunsmore,Warwickshire,2,12288,high,accept,"high confidence, verified sample and dedication tokens"
All Saints',Staplehurst,Kent,2,13740,high,accept,"high confidence, verified sample and dedication tokens"
Holy Trinity,Newton St Loe,Somerset,2,14236,high,accept,"high confidence, verified sample and dedication tokens"
St Giles,Imber,Wiltshire,2,15797,high,accept,"high confidence, verified sample and dedication tokens"
University of Washington,Seattle,Washington,2,16423,high,accept,"high confidence, verified sample and dedication tokens"
,Lamberhurst,Kent,2,10661,high,accept,"high confidence, verified sample and dedication tokens"
St Margaret,Stratton Strawless,Norfolk,2,11310,high,accept,"high confidence, verified sample and dedication tokens"
All Saints,Shipdham,Norfolk,2,14784,high,accept,"high confidence, verified sample and dedication tokens"
St Barnabas,Swanmore,Hampshire,2,11834,high,accept,"high confidence, verified sample and dedication tokens"
St Clement Bishop and the Martyr,Powderham,Devon,2,12083,high,accept,"high confidence, verified sample and dedication tokens"
"39 Wakefield Drive, Leasowe",Wallasey,Cheshire,2,,none,reject,resolver found no tower
St Mary Magdalene,Thorrington,Essex,2,14914,high,accept,"high confidence, verified sample and dedication tokens"
Somerville College,Oxford,Oxfordshire,2,12299,medium,accept,"medium, building shares dedication evidence"
St James,Shardlow,Derbyshire,2,10542,high,accept,"high confidence, verified sample and dedication tokens"
The Campanile,Belper,Derbyshire,2,,none,reject,resolver found no tower
St Ida,Ide,Devon,2,14492,high,accept,"high confidence, verified sample and dedication tokens"
St Winifred,Manaton,Devon,2,10880,high,accept,"high confidence, verified sample and dedication tokens"
,Kentisbeare,Devon,2,10743,high,accept,"high confidence, verified sample and dedication tokens"
St Mary,Whimple,Devon,2,16256,high,accept,"high confidence, verified sample and dedication tokens"
Holy Cross,Hillfarrance,Somerset,2,10363,high,accept,"high confidence, verified sample and dedication tokens"
All Saints,Sandon,Hertfordshire,2,11170,high,accept,"high confidence, verified sample and dedication tokens"
St Mary,Walsham le Willows,Suffolk,2,16638,high,accept,"high confidence, verified sample and dedication tokens"
The Residence of Mr F Knights,Norwich,Norfolk,2,,none,reject,resolver found no tower
155 Waterloo Street,Burton-on-Trent,Staffordshire,2,,none,reject,resolver found no tower
St Matthew,Stretton,Cheshire,2,15122,high,accept,"high confidence, verified sample and dedication tokens"
,Ringing Room ( Homelands),Hampshire,2,,none,reject,resolver found no tower
"52, Lammas Park Road",Ealing,Middlesex,2,,none,reject,resolver found no tower
,Eastwell,,2,19858,high,accept,"high confidence, verified sample and dedication tokens"
St Mary and St Hugh,Harlow,Essex,2,10392,high,accept,"high confidence, verified sample and dedication tokens"
St Thomas,Belfast,Antrim,2,11316,high,accept,"high confidence, verified sample and dedication tokens"
St George,Beckenham,Kent,2,,none,reject,resolver found no tower
St Wennapa,Gwennap,Cornwall,2,11620,high,accept,"high confidence, verified sample and dedication tokens"
St Mary,Seavington St Mary,Somerset,2,13857,high,accept,"high confidence, verified sample and dedication tokens"
St Mary the Virgin,Piddlehinton,Dorset,2,13438,high,accept,"high confidence, verified sample and dedication tokens"
St Thomas a Becket,Bridford,Devon,2,10997,high,accept,"high confidence, verified sample and dedication tokens"
"St George, Colegate",Norwich,Norfolk,2,13293,high,accept,"high confidence, verified sample and dedication tokens"
Cathedral Church of St John the Evangelist,Brecon,Powys,2,10499,high,accept,"high confidence, verified sample and dedication tokens"
St Mary the Virgin,Holne,Devon,2,13913,high,accept,"high confidence, verified sample and dedication tokens"
,Danbury,,2,16524,high,accept,"high confidence, verified sample and dedication tokens"
St Clydog,Clodock,Herefordshire,2,10787,high,accept,"high confidence, verified sample and dedication tokens"
"St Michael on the Mount, Without",Bristol,Bristol,2,16354,high,accept,"high confidence, verified sample and dedication tokens"
Holy Trinity,Burrington,Somerset,2,12641,high,accept,"high confidence, verified sample and dedication tokens"
St Laurence,East Harptree,Somerset,2,13283,high,accept,"high confidence, verified sample and dedication tokens"
St Mary Magdalene,Stoke Canon,Devon,2,16200,high,accept,"high confidence, verified sample and dedication tokens"
St John the Baptist,Plymtree,Devon,2,14958,high,accept,"high confidence, verified sample and dedication tokens"
St Mary,Lakenheath,Suffolk,2,12368,high,accept,"high confidence, verified sample and dedication tokens"
Christ Church,Bacup,Lancashire,2,12876,high,accept,"high confidence, verified sample and dedication tokens"
St James',Turramurra,"New South Wales, Australia",2,15074,high,accept,"high confidence, verified sample and dedication tokens"
St Michael,Linby,Nottinghamshire,2,10855,high,accept,"high confidence, verified sample and dedication tokens"
St Thomas,Milnthorpe,Cumbria,2,14024,high,accept,"high confidence, verified sample and dedication tokens"
St Mary the Virgin,Ashwell,Hertfordshire,2,12848,high,accept,"high confidence, verified sample and dedication tokens"
,Ockley,,2,10310,medium,reject,adjudicated: multi-tower town with no building evidence
St Dubricius,Porlock,Somerset,2,15031,high,accept,"high confidence, verified sample and dedication tokens"
All Saints,Burton upon Trent,Staffordshire,2,17025,high,accept,"high confidence, verified sample and dedication tokens"
All Saints,Stone,Gloucestershire,2,13226,high,accept,"high confidence, verified sample and dedication tokens"
The Bell Tower (Swan Bells),Perth,Western Australia,2,16028,high,accept,"high confidence, verified sample and dedication tokens"
St Mary,Bromsberrow,Gloucestershire,2,14464,high,accept,"high confidence, verified sample and dedication tokens"
,Upwell,,2,12664,medium,reject,adjudicated: multi-tower town with no building evidence
,Laverstoke,,2,13884,high,accept,"high confidence, verified sample and dedication tokens"
78 Nunts Park Avenue,Coventry,West Midlands,2,,none,reject,resolver found no tower
Blessed Virgin Mary,Aylesbeare,Devon,2,13311,high,accept,"high confidence, verified sample and dedication tokens"
All Saints,Kirby Hill,North Yorkshire,2,12091,high,accept,"high confidence, verified sample and dedication tokens"
,Ockbrook,Derbyshire,2,11154,high,accept,"high confidence, verified sample and dedication tokens"
St Paul,Kewstoke,Somerset,2,13361,high,accept,"high confidence, verified sample and dedication tokens"
SS Peter and Paul,Bishop's Hull,Somerset,2,13530,high,accept,"high confidence, verified sample and dedication tokens"
Holy Cross,Middlezoy,Somerset,2,10228,high,accept,"high confidence, verified sample and dedication tokens"
St Mary,Speen,Berkshire,2,14169,high,accept,"high confidence, verified sample and dedication tokens"
All Saints,Hampreston,Dorset,2,16241,high,accept,"high confidence, verified sample and dedication tokens"
St Mary and All Saints,Broomfield,Somerset,2,14838,high,accept,"high confidence, verified sample and dedication tokens"
Holy Ghost,Crowcombe,Somerset,2,11877,high,accept,"high confidence, verified sample and dedication tokens"
Blessed Virgin Mary,Nether Stowey,Somerset,2,10626,high,accept,"high confidence, verified sample and dedication tokens"
St James,Nunburnholme,East Riding of Yorkshire,2,14640,high,accept,"high confidence, verified sample and dedication tokens"
St Peter and St Paul,Bishop's Hull,Somerset,2,13530,high,accept,"high confidence, verified sample and dedication tokens"
St Mary,Bickleigh,Devon,2,10623,high,accept,"high confidence, verified sample and dedication tokens"
St Peter,Minsterworth,Gloucestershire,2,10987,high,accept,"high confidence, verified sample and dedication tokens"
St Michael,Great Comberton,Worcestershire,2,14645,high,accept,"high confidence, verified sample and dedication tokens"
"Music Centre, Churchill College",Cambridge,Cambridgeshire,2,,none,reject,resolver found no tower
St Michael,Brimpsfield,Gloucestershire,2,14059,high,accept,"high confidence, verified sample and dedication tokens"
The Abbeyfold Ring,Tewkesbury,Gloucestershire,2,,none,reject,resolver found no tower
All Saints,Hough on the Hill,Lincolnshire,2,15849,high,accept,"high confidence, verified sample and dedication tokens"
Blessed Virgin Mary,Shapwick,Somerset,2,16190,high,accept,"high confidence, verified sample and dedication tokens"
St Mary,Storrington,West Sussex,2,16169,high,accept,"high confidence, verified sample and dedication tokens"
St Mary,Shaw,Berkshire,2,11896,high,accept,"high confidence, verified sample and dedication tokens"
St Mary,Herriard,Hampshire,2,13093,high,accept,"high confidence, verified sample and dedication tokens"
St Leonard,Shirland,Derbyshire,2,11272,high,accept,"high confidence, verified sample and dedication tokens"
St Mary,Hampstead Norreys,Berkshire,2,12363,high,accept,"high confidence, verified sample and dedication tokens"
St Andrew,Hasketon,Suffolk,2,16920,high,accept,"high confidence, verified sample and dedication tokens"
The Cygnet Ring,Mount Claremont,Western Australia,2,,none,reject,resolver found no tower
,Great Rissington,Gloucestershire,2,12663,high,accept,"high confidence, verified sample and dedication tokens"
10 Stockmore Street,Oxford,Oxfordshire,2,,none,reject,resolver found no tower
,Shipley,West Sussex,2,14716,high,accept,"high confidence, verified sample and dedication tokens"
2 Rosemoor Grove,Chandler's Ford,Hampshire,2,,none,reject,resolver found no tower
St Firmin,Thurlby,Lincolnshire,2,12451,high,accept,"high confidence, verified sample and dedication tokens"
Cathedral Ringing Chamber,Wellington,New Zealand,2,,none,reject,resolver found no tower
,Brailsford,Derbyshire,2,15818,high,accept,"high confidence, verified sample and dedication tokens"
All Saints,Rayne,Essex,2,11091,high,accept,"high confidence, verified sample and dedication tokens"
St John the Baptist,Shipton Moyne,Gloucestershire,2,12636,high,accept,"high confidence, verified sample and dedication tokens"
Holy Trinity,Clapham,Greater London,2,15420,high,accept,"high confidence, verified sample and dedication tokens"
The Coleridge Campanile,Walsoken,Norfolk,2,13692,medium,reject,adjudicated: named private ring or non-church venue
St Mary the Virgin,Kemsing,Kent,2,15526,high,accept,"high confidence, verified sample and dedication tokens"
The Kowhai Mini-Ring,Oamaru,New Zealand,2,,none,reject,resolver found no tower
Knapps Farm Campanile,Doulting Beacon,Somerset,2,14595,medium,reject,adjudicated: named private ring or non-church venue
SS Peter and Paul,Caistor,Lincolnshire,2,13804,high,accept,"high confidence, verified sample and dedication tokens"
St Laurence,Brafield-on-the-Green,Northamptonshire,2,16810,high,accept,"high confidence, verified sample and dedication tokens"
St Mary of the Purification,Blidworth,Nottinghamshire,2,13389,high,accept,"high confidence, verified sample and dedication tokens"
St Mary the Blessed Virgin,Warmington,Northamptonshire,2,16066,high,accept,"high confidence, verified sample and dedication tokens"
St Nicholas,Potterspury,Northamptonshire,2,16614,high,accept,"high confidence, verified sample and dedication tokens"
St Mary the Virgin,East Haddon,Northamptonshire,2,12415,high,accept,"high confidence, verified sample and dedication tokens"
St Mary Magdalene,Helmdon,Northamptonshire,2,15676,high,accept,"high confidence, verified sample and dedication tokens"
Cowgill Grange,Cowgill,Cumbria,2,,none,reject,resolver found no tower
All Saints Centre,"Norwich, Westlegate",Norfolk,2,,none,reject,resolver found no tower
St John the Baptist,Elmore,Gloucestershire,2,16682,high,accept,"high confidence, verified sample and dedication tokens"
St Mary,"Walkley, Sheffield",S. Yorks,2,23300,high,reject,adjudicated: named church is not in Dove for this town
St Nicolas,Abingdon,Oxfordshire,2,10628,high,accept,"high confidence, verified sample and dedication tokens"
,Winchester,Hants,2,14349,medium,reject,adjudicated: multi-tower town with no building evidence
All Saints,Holme on Spalding Moor,East Riding of Yorkshire,2,13821,high,accept,"high confidence, verified sample and dedication tokens"
St Mary the Virgin,High Ongar,Essex,2,15742,high,accept,"high confidence, verified sample and dedication tokens"
,Bourne,Lincs,2,15330,high,accept,"high confidence, verified sample and dedication tokens"
St James the Great,Aston Abbots,Buckinghamshire,2,12342,high,accept,"high confidence, verified sample and dedication tokens"
St John the Baptist,Sully,Vale of Glamorgan,2,11445,high,accept,"high confidence, verified sample and dedication tokens"
St Martin,North Nibley,Gloucestershire,2,13100,high,accept,"high confidence, verified sample and dedication tokens"
St Hippolytus,St Ippolyts,Hertfordshire,2,12149,high,accept,"high confidence, verified sample and dedication tokens"
St Benedict,West Hunsbury,Northamptonshire,2,10657,high,accept,"high confidence, verified sample and dedication tokens"
St Peter,Ashburnham,East Sussex,2,10635,high,accept,"high confidence, verified sample and dedication tokens"
St Peter,Gamston,Nottinghamshire,2,11655,high,accept,"high confidence, verified sample and dedication tokens"
Holy Trinity,Chrishall,Essex,2,11621,high,accept,"high confidence, verified sample and dedication tokens"
St Margaret of Antioch,Barley,Hertfordshire,2,12453,high,accept,"high confidence, verified sample and dedication tokens"
St George,Monkleigh,Devon,2,11785,high,accept,"high confidence, verified sample and dedication tokens"
St Dunstan,Cranford,Middlesex,2,12431,high,accept,"high confidence, verified sample and dedication tokens"
24 Overstone Road,Harpenden,Hertfordshire,2,,none,reject,resolver found no tower
St Peter,Arlesey,Bedfordshire,2,16001,high,accept,"high confidence, verified sample and dedication tokens"
St Botolph without Bishopsgate,City of London,,2,13028,high,accept,"high confidence, verified sample and dedication tokens"
SS Mary and Michael,Mistley,Essex,2,16748,high,accept,"high confidence, verified sample and dedication tokens"
42 Devon Way,Trowse,Norfolk,2,,none,reject,resolver found no tower
St Mary Magdalene,Thornham Magna,Suffolk,2,10753,high,accept,"high confidence, verified sample and dedication tokens"
Lindum,Southampton,Hants,2,,none,reject,resolver found no tower
,Darlington,Durham,2,14923,medium,reject,adjudicated: multi-tower town with no building evidence
,Wigston,Leics,2,,none,reject,resolver found no tower
St Andrew,Harlestone,Northamptonshire,2,15610,high,accept,"high confidence, verified sample and dedication tokens"
All Saints,Little Munden,Hertfordshire,2,14651,high,accept,"high confidence, verified sample and dedication tokens"
All Saints,Darton,South Yorkshire,2,10897,high,accept,"high confidence, verified sample and dedication tokens"
,Spratton,,2,10339,high,accept,"high confidence, verified sample and dedication tokens"
St Mary,South Walsham,Norfolk,2,14954,high,accept,"high confidence, verified sample and dedication tokens"
St Mary the Virgin,Bramshott,Hampshire,2,10870,high,accept,"high confidence, verified sample and dedication tokens"
St Peter,Church Lawford,Warwickshire,2,14823,high,accept,"high confidence, verified sample and dedication tokens"
St Mary,Shrawley,Worcestershire,2,14534,high,accept,"high confidence, verified sample and dedication tokens"
Christ Church,St Leonards on Sea,East Sussex,2,13523,high,accept,"high confidence, verified sample and dedication tokens"
St Martin,Stamford Baron,Lincolnshire,2,12129,high,accept,"high confidence, verified sample and dedication tokens"
St Paul,Staverton,Devon,2,17033,high,accept,"high confidence, verified sample and dedication tokens"
Holy Cross,Seend,Wiltshire,2,17084,high,accept,"high confidence, verified sample and dedication tokens"
Holy Trinity,Woolfardisworthy (West),Devon,2,12076,high,accept,"high confidence, verified sample and dedication tokens"
St Giles,Maisemore,Gloucestershire,2,14147,high,accept,"high confidence, verified sample and dedication tokens"
St Bartholomew,Great Gransden,Cambridgeshire,2,13807,high,accept,"high confidence, verified sample and dedication tokens"
All Saints,King's Bromley,Staffordshire,2,16545,high,accept,"high confidence, verified sample and dedication tokens"
St Mary,Burlescombe,Devon,2,13171,high,accept,"high confidence, verified sample and dedication tokens"
Holy Trinity,Drewsteignton,Devon,2,10159,high,accept,"high confidence, verified sample and dedication tokens"
St James,Ashwick,Somerset,2,14171,high,accept,"high confidence, verified sample and dedication tokens"
St Giles,Great Longstone,Derbyshire,2,16437,high,accept,"high confidence, verified sample and dedication tokens"
St John Evangelist,Whitfield,Northamptonshire,2,16780,high,accept,"high confidence, verified sample and dedication tokens"
Holy Trinity,Wickwar,Gloucestershire,2,12531,high,accept,"high confidence, verified sample and dedication tokens"
St Mary,Wappenham,Northamptonshire,2,13342,high,accept,"high confidence, verified sample and dedication tokens"
St Michael and All Angels,Diseworth,Leicestershire,2,12396,high,accept,"high confidence, verified sample and dedication tokens"
All Saints,Farmborough,Somerset,2,12820,high,accept,"high confidence, verified sample and dedication tokens"
Holy Cross,Pattishall,Northamptonshire,2,11238,high,accept,"high confidence, verified sample and dedication tokens"
St Peter,Shirwell,Devon,2,12503,high,accept,"high confidence, verified sample and dedication tokens"
St Botolph,Aspley Guise,Bedfordshire,2,10223,high,accept,"high confidence, verified sample and dedication tokens"
St Michael and All Angels,Uffington,Lincolnshire,2,16849,high,accept,"high confidence, verified sample and dedication tokens"
St Kenelm,Upton Snodsbury,Worcestershire,2,16138,high,accept,"high confidence, verified sample and dedication tokens"
Bovey Tracey and Falconwood,Ringing Room,,2,,none,reject,resolver found no tower
St Michael and All Angels,Waddesdon,Buckinghamshire,2,16338,high,accept,"high confidence, verified sample and dedication tokens"
St Edmund Hall,Oxford,Oxfordshire,2,,none,reject,resolver found no tower
,Ashwell,Herts,2,12848,high,accept,"high confidence, verified sample and dedication tokens"
"Bovey Tracey, Falconwood and Acton",Ringing Room,,2,,none,reject,resolver found no tower
St Martin,Fincham,Norfolk,2,16857,high,accept,"high confidence, verified sample and dedication tokens"
St George,Whatley,Somerset,2,12897,high,accept,"high confidence, verified sample and dedication tokens"
St Tudy,St Tudy,Cornwall,2,12468,high,accept,"high confidence, verified sample and dedication tokens"
St Peter,Yaxham,Norfolk,2,11828,high,accept,"high confidence, verified sample and dedication tokens"
St Leonard,Misterton,Leicestershire,2,13984,high,accept,"high confidence, verified sample and dedication tokens"
St Margaret,Paston,Norfolk,2,10031,high,accept,"high confidence, verified sample and dedication tokens"
"St Mary of the Assumption, Upper Froyle",Froyle,Hampshire,2,16971,high,accept,"high confidence, verified sample and dedication tokens"
St Mary the Virgin,Arkesden,Essex,2,13022,high,accept,"high confidence, verified sample and dedication tokens"
St Peter,Dyrham,Gloucestershire,2,11078,high,accept,"high confidence, verified sample and dedication tokens"
St Peter,Barrowden,Rutland,2,14211,high,accept,"high confidence, verified sample and dedication tokens"
,Whitestone,Devon,2,15150,high,accept,"high confidence, verified sample and dedication tokens"
St Mary the Virgin,Staverton,Northamptonshire,2,16367,high,accept,"high confidence, verified sample and dedication tokens"
The Mobile Woodside Campanile,The Lincolnshire Showground,Lincolnshire,2,,none,reject,resolver found no tower
St Mary,Great Barrington,Gloucestershire,2,15570,high,accept,"high confidence, verified sample and dedication tokens"
St Andrew,Middleton,North Yorkshire,2,15908,high,accept,"high confidence, verified sample and dedication tokens"
St Cuthbert,Edinburgh,Lothian,2,,none,reject,resolver found no tower
St Andrew,Cromhall,Gloucestershire,2,15905,high,accept,"high confidence, verified sample and dedication tokens"
55 St Martin's Road,Bristol,,2,,none,reject,resolver found no tower
St Peter,Netherseal,Leicestershire,2,,none,reject,resolver found no tower
St Bartholomew,Holmer,Herefordshire,2,12066,high,accept,"high confidence, verified sample and dedication tokens"
St Mary,Ston Easton,Somerset,2,10029,high,accept,"high confidence, verified sample and dedication tokens"
,East Ogwell,Devon,2,12624,high,accept,"high confidence, verified sample and dedication tokens"
,Ideford,Devon,2,13103,high,accept,"high confidence, verified sample and dedication tokens"
,Coffinswell,Devon,2,11672,high,accept,"high confidence, verified sample and dedication tokens"
,Stokeinteignhead,Devon,2,13578,high,accept,"high confidence, verified sample and dedication tokens"
,North Bovey,Devon,2,16637,high,accept,"high confidence, verified sample and dedication tokens"
St Andrew,Walkerville,South Australia,2,17138,high,accept,"high confidence, verified sample and dedication tokens"
Cathedral of St Columba,Dunkeld,Tayside,2,,none,reject,resolver found no tower
St Oswald's,Blankney,Lincolnshire,2,12203,high,accept,"high confidence, verified sample and dedication tokens"
St David,Barton St David,Somerset,2,14424,high,accept,"high confidence, verified sample and dedication tokens"
All Saints,Tilsworth,Bedfordshire,2,14730,high,accept,"high confidence, verified sample and dedication tokens"
St Leonard,Pitcombe,Somerset,2,14159,high,accept,"high confidence, verified sample and dedication tokens"
Christ Church,Radlett,Hertfordshire,2,15488,high,accept,"high confidence, verified sample and dedication tokens"
St Giles,Leigh on Mendip,Somerset,2,11148,high,accept,"high confidence, verified sample and dedication tokens"
St Mary,Buxhall,Suffolk,2,16316,high,accept,"high confidence, verified sample and dedication tokens"
St Leonard,Shipham,Somerset,2,13574,high,accept,"high confidence, verified sample and dedication tokens"
St James the Great,Silsoe,Bedfordshire,2,13407,high,accept,"high confidence, verified sample and dedication tokens"
Uniting Church,Bowral,New South Wales,2,13305,high,accept,"high confidence, verified sample and dedication tokens"
St Martin,Kingsbury Episcopi,Somerset,2,11271,high,accept,"high confidence, verified sample and dedication tokens"
All Saints,Caddington,Bedfordshire,2,14138,high,accept,"high confidence, verified sample and dedication tokens"
Holy Trinity,Weston,Hertfordshire,2,15921,high,accept,"high confidence, verified sample and dedication tokens"
St George and St Mary,Cockington,Devon,2,14123,high,accept,"high confidence, verified sample and dedication tokens"
St Materiana,Tintagel,Cornwall,2,12890,high,accept,"high confidence, verified sample and dedication tokens"
St Peter and St Paul,Little Gaddesden,Hertfordshire,2,15239,high,accept,"high confidence, verified sample and dedication tokens"
St Nicholas,Hinxworth,Hertfordshire,2,15902,high,accept,"high confidence, verified sample and dedication tokens"
Holy Cross,Avening,Gloucestershire,2,13359,high,accept,"high confidence, verified sample and dedication tokens"
The Vicarage,Great Longstone,Derbyshire,2,,none,reject,resolver found no tower
St George,Anstey,Hertfordshire,2,11971,high,accept,"high confidence, verified sample and dedication tokens"
"Vernet-les-Bains, Oldham & Sabarat",Ringing Room,France & UK,2,,none,reject,resolver found no tower
46 Byfords Road,Huntley,Gloucestershire,2,,none,reject,resolver found no tower
St Andrew,Sandon,Essex,2,14287,high,accept,"high confidence, verified sample and dedication tokens"
All Saints,Brixworth,Northamptonshire,2,16626,high,accept,"high confidence, verified sample and dedication tokens"
St Michael,Ilsington,Devon,2,11196,high,accept,"high confidence, verified sample and dedication tokens"
St Mary,Prestwich,Greater Manchester,2,15467,high,accept,"high confidence, verified sample and dedication tokens"
"St Katharine Cree, Leadenhall Street",City of London,,2,10471,high,accept,"high confidence, verified sample and dedication tokens"
"3 Copper Beeches, Milton Road",Harpenden,Hertfordshire,2,,none,reject,resolver found no tower
All Saints,Sudbury,Derbyshire,2,11541,high,accept,"high confidence, verified sample and dedication tokens"
All Saints,Combeinteignhead,Devon,2,11208,high,accept,"high confidence, verified sample and dedication tokens"
St Mary the Virgin,Send,Surrey,2,12357,high,accept,"high confidence, verified sample and dedication tokens"
St Nicholas,Tolleshunt D'Arcy,Essex,2,15322,high,accept,"high confidence, verified sample and dedication tokens"
St Michael and All Angels,Kingsnorth,Kent,2,10377,high,accept,"high confidence, verified sample and dedication tokens"
St Peter,East Carlton,Northamptonshire,2,16767,high,accept,"high confidence, verified sample and dedication tokens"
All Saints,Harpole,Northamptonshire,2,10385,high,accept,"high confidence, verified sample and dedication tokens"
All Saints,Pitsford,Northamptonshire,2,11530,high,accept,"high confidence, verified sample and dedication tokens"
St Mary,Radcliffe,Lancashire,2,13493,high,accept,"high confidence, verified sample and dedication tokens"
St Stythians,Stithians,Cornwall,2,14397,high,accept,"high confidence, verified sample and dedication tokens"
St Peter,Edensor,Derbyshire,2,14965,high,accept,"high confidence, verified sample and dedication tokens"
St Andrew,Yardley Hastings,Northamptonshire,2,13252,high,accept,"high confidence, verified sample and dedication tokens"
St Mary the Virgin,Kempsey,Worcestershire,2,10712,high,accept,"high confidence, verified sample and dedication tokens"
Holy Cross,Morton,Derbyshire,2,12528,high,accept,"high confidence, verified sample and dedication tokens"
,Harston,Cambs,2,11244,high,accept,"high confidence, verified sample and dedication tokens"
,Collingbourne Kingston,,2,11964,high,accept,"high confidence, verified sample and dedication tokens"
St Mary the Virgin,Lytchett Matravers,Dorset,2,14010,high,accept,"high confidence, verified sample and dedication tokens"
St Peter,Isham,Northamptonshire,2,10292,high,accept,"high confidence, verified sample and dedication tokens"
St Werburgh,Blackwell,Derbyshire,2,12086,high,accept,"high confidence, verified sample and dedication tokens"
St Wystan,Repton,Derbyshire,2,15421,high,accept,"high confidence, verified sample and dedication tokens"
St Mary’s,Norton Cuckney,Nottinghamshire,2,11412,high,accept,"high confidence, verified sample and dedication tokens"
St Mary,Graveley,,2,11656,high,accept,"high confidence, verified sample and dedication tokens"
,Cuddington,,2,14131,medium,reject,adjudicated: multi-tower town with no building evidence
"Colchester, Norwich & Great Hockham",Ringing Room,,2,,none,reject,resolver found no tower
St Marychurch,Torquay,Devon,2,24178,medium,reject,adjudicated: named church is not in Dove for this town
St Nicholas,Great Hormead,Hertfordshire,2,14200,high,accept,"high confidence, verified sample and dedication tokens"
St John the Baptist,Aldbury,Hertfordshire,2,17145,high,accept,"high confidence, verified sample and dedication tokens"
All Saints',Coddington,Nottinghamshire,2,11794,high,accept,"high confidence, verified sample and dedication tokens"
St Mary,Brent Pelham,Hertfordshire,2,14474,high,accept,"high confidence, verified sample and dedication tokens"
St Catherine,The Leigh,Gloucestershire,2,13390,high,accept,"high confidence, verified sample and dedication tokens"
St Swithun,Hempsted,Gloucestershire,2,11616,high,accept,"high confidence, verified sample and dedication tokens"
St Mary the Virgin,Weston Turville,Buckinghamshire,2,12548,high,accept,"high confidence, verified sample and dedication tokens"
Holy Trinity,Bosham,West Sussex,2,10960,high,accept,"high confidence, verified sample and dedication tokens"
Wesleyan Chapel,Castlereagh,New South Wales,2,13900,high,accept,"high confidence, verified sample and dedication tokens"
St Mary the Virgin,Ashford,Kent,2,15743,high,accept,"high confidence, verified sample and dedication tokens"
The Channel Islands Ringing Centre,Alderney,Alderney,2,13059,high,accept,"high confidence, verified sample and dedication tokens"
St Mary the Virgin,Lynton,Devon,2,15893,high,accept,"high confidence, verified sample and dedication tokens"
St Nectan,Welcombe,Devon,2,11740,high,accept,"high confidence, verified sample and dedication tokens"
United Reformed Church,Saltaire,West Yorkshire,2,10472,high,accept,"high confidence, verified sample and dedication tokens"
St Aelhaiarn,Guilsfield,Powys,2,12758,high,accept,"high confidence, verified sample and dedication tokens"
The Cygnet Ring,Hilton,Western Australia,2,,none,reject,resolver found no tower
St Thomas a Becket,Chapel en le Frith,Derbyshire,2,10752,high,accept,"high confidence, verified sample and dedication tokens"
All Hallows,Kirkburton,West Yorkshire,2,10093,high,accept,"high confidence, verified sample and dedication tokens"
All Saints,Selworthy,Somerset,2,12412,high,accept,"high confidence, verified sample and dedication tokens"
St John the Baptist,Cranford St John,Northamptonshire,2,14655,high,accept,"high confidence, verified sample and dedication tokens"
All Saints,Wath upon Dearne,South Yorkshire,2,13601,high,accept,"high confidence, verified sample and dedication tokens"
St Lawrence,Gnosall,Staffordshire,2,11071,high,accept,"high confidence, verified sample and dedication tokens"
St Werburgh,Kingsley,Staffordshire,2,16714,high,accept,"high confidence, verified sample and dedication tokens"
St Mary,Belstone,Devon,2,13074,high,accept,"high confidence, verified sample and dedication tokens"
St James Greater,Oaks in Charnwood,Leicestershire,2,11164,high,accept,"high confidence, verified sample and dedication tokens"
St Margaret,Ridge,Hertfordshire,2,13489,high,accept,"high confidence, verified sample and dedication tokens"
,Easton,,2,11443,medium,reject,adjudicated: multi-tower town with no building evidence
St Mary,Leigh,Kent,2,15704,high,accept,"high confidence, verified sample and dedication tokens"
SS Peter and Paul,Cosgrove,Northamptonshire,2,16740,high,accept,"high confidence, verified sample and dedication tokens"
,Ringing Room,"UK, USA and Switzerland",2,,none,reject,resolver found no tower
All Saints,Deane,Hampshire,2,11126,high,accept,"high confidence, verified sample and dedication tokens"
St Mary the Virgin,Potton,Bedfordshire,2,16529,high,accept,"high confidence, verified sample and dedication tokens"
,Deane,Hants,2,11126,high,accept,"high confidence, verified sample and dedication tokens"
St Mary the Virgin,Brighstone,Isle of Wight,2,12827,high,accept,"high confidence, verified sample and dedication tokens"
All Saints,Daresbury,Cheshire,2,13254,high,accept,"high confidence, verified sample and dedication tokens"
The Last Tower,Tulloch,Highland,2,15856,high,accept,"high confidence, verified sample and dedication tokens"
St Edburgha,"Birmingham, Yardley",West Midlands,2,14504,high,accept,"high confidence, verified sample and dedication tokens"
St Mary the Virgin,Gateshead,Durham,2,,none,reject,resolver found no tower
"16 King Edward Street, Roseville.",Sydney,"New South Wales, Australia",2,,none,reject,resolver found no tower
Metropolitan Cathedral Church of St Chad,Birmingham,West Midlands,2,13032,high,accept,"high confidence, verified sample and dedication tokens"
St Michael and All Angels,Milverton,Somerset,2,15344,high,accept,"high confidence, verified sample and dedication tokens"
All Saints,Crondall,Hampshire,2,12140,high,accept,"high confidence, verified sample and dedication tokens"
St Cybi,Llangybi,Monmouthshire,2,12355,high,accept,"high confidence, verified sample and dedication tokens"
St John the Baptist,Hagley,Worcestershire,2,13672,high,accept,"high confidence, verified sample and dedication tokens"
St Nicholas,North Bradley,Wiltshire,2,11723,high,accept,"high confidence, verified sample and dedication tokens"
St Giles,Norwich,Norfolk,2,15574,high,accept,"high confidence, verified sample and dedication tokens"
St Michael,Boldmere,West Midlands,2,14893,high,accept,"high confidence, verified sample and dedication tokens"
Little Orchard Tower,East Huntspill,Somerset,2,17459,high,accept,"high confidence, verified sample and dedication tokens"
St Michael,Aldbourne,,2,16642,high,accept,"high confidence, verified sample and dedication tokens"
All Saints,Banstead,Surrey,2,17086,high,accept,"high confidence, verified sample and dedication tokens"
St Martin,Bryanston,Dorset,2,16497,high,accept,"high confidence, verified sample and dedication tokens"
SS Peter & Paul,Kimpton,Hertfordshire,2,10097,high,accept,"high confidence, verified sample and dedication tokens"
St Dunstan-in-the-West,City of London,,2,11914,high,accept,"high confidence, verified sample and dedication tokens"
Cathedral Church of Christ and the Blessed Virgin Mary,Rochester,Kent,2,16583,high,accept,"high confidence, verified sample and dedication tokens"
All Saints,Corston,Somerset,2,14309,high,accept,"high confidence, verified sample and dedication tokens"
St Lawrence,Alvechurch,Worcestershire,2,15221,high,accept,"high confidence, verified sample and dedication tokens"
Cathedral Church of St Woolos,Newport,Newport,2,10583,high,accept,"high confidence, verified sample and dedication tokens"
St John,Hackney,Middlesex,2,16961,high,accept,"high confidence, verified sample and dedication tokens"
St Edward,Knighton,Powys,2,10474,high,accept,"high confidence, verified sample and dedication tokens"
,Ding,England,2,,none,reject,resolver found no tower
St Mary's Cathedral Belfry,Sydney,New South Wales,2,15468,high,accept,"high confidence, verified sample and dedication tokens"
"26, Wilsthorpe Road",Breaston,Derbyshire,2,,none,reject,resolver found no tower
St Peter,Alton,Staffordshire,2,14384,high,accept,"high confidence, verified sample and dedication tokens"
Calvary United Methodist Church,"Frederick, Maryland",,2,11424,high,accept,"high confidence, verified sample and dedication tokens"
All Saints,Helmsley,North Yorkshire,2,13629,high,accept,"high confidence, verified sample and dedication tokens"
St Ystyffan,Llansteffan,Carmarthenshire,2,11097,high,accept,"high confidence, verified sample and dedication tokens"
All Saints,Bristol,Bristol,2,10331,high,accept,"high confidence, verified sample and dedication tokens"
5 Lune Way,Reddish,Cheshire,2,,none,reject,resolver found no tower
Spen Lane,Leeds,West Yorkshire,2,,none,reject,resolver found no tower
,Aston,,2,15118,medium,reject,adjudicated: multi-tower town with no building evidence
St Mary,Reading,Berkshire,2,16674,high,accept,"high confidence, verified sample and dedication tokens"
,Caversham,,2,15422,medium,reject,adjudicated: multi-tower town with no building evidence
The Vicarage,Surfleet,Lincolnshire,2,,none,reject,resolver found no tower
St John the Baptist,Kirkheaton,West Yorkshire,2,12530,high,accept,"high confidence, verified sample and dedication tokens"
St Mary,Huntingdon,Cambridgeshire,2,16387,high,accept,"high confidence, verified sample and dedication tokens"
,Dartford,,2,16136,medium,reject,adjudicated: multi-tower town with no building evidence
,Kings Langley,,2,16532,high,accept,"high confidence, verified sample and dedication tokens"
"50, Rudolph Road",Bushey,Hertfordshire,2,,none,reject,resolver found no tower
,Bilston,,2,11005,medium,reject,adjudicated: multi-tower town with no building evidence
16 Godesdone Road,Cambridge,Cambridgeshire,2,,none,reject,resolver found no tower
St Giles RC,Cheadle,,2,12251,high,accept,"high confidence, verified sample and dedication tokens"
,Uttoxeter,,2,15255,high,accept,"high confidence, verified sample and dedication tokens"
St James,Christleton,Cheshire,2,14126,high,accept,"high confidence, verified sample and dedication tokens"
St Mary,Liscard,Wirral,2,,none,reject,resolver found no tower
St Giles,Norwich,,2,15574,high,accept,"high confidence, verified sample and dedication tokens"
,Gosforth,,2,12171,medium,reject,adjudicated: multi-tower town with no building evidence
St Mary the Virgin,Radwinter,Essex,2,11679,high,accept,"high confidence, verified sample and dedication tokens"
,Daresbury,,2,13254,high,accept,"high confidence, verified sample and dedication tokens"
,Wem,,2,11491,high,accept,"high confidence, verified sample and dedication tokens"
St James,Avebury,Wiltshire,2,14799,high,accept,"high confidence, verified sample and dedication tokens"
"St Michael and All Angels, Coslany",Norwich,Norfolk,2,15623,high,accept,"high confidence, verified sample and dedication tokens"
St Mary,Willesden,MIddlesex,2,14613,high,accept,"high confidence, verified sample and dedication tokens"
St Mary,Staines upon Thames,Middlesex,2,,none,reject,resolver found no tower
St Mary the Virgin,Clifford,Herefordshire,2,16406,high,accept,"high confidence, verified sample and dedication tokens"
,Great Holland,,2,14657,high,accept,"high confidence, verified sample and dedication tokens"
,Deptford,,2,12533,medium,reject,adjudicated: multi-tower town with no building evidence
St Peter,Goldhanger,Essex,2,15283,high,accept,"high confidence, verified sample and dedication tokens"
St Saviour,Coalpit Heath,Gloucestershire,2,15724,high,accept,"high confidence, verified sample and dedication tokens"
St John the Evangelist,Alloa,Clackmannanshire,2,11838,high,accept,"high confidence, verified sample and dedication tokens"
50 Needham Drive,Cranage,,2,,none,reject,resolver found no tower
St John the Baptist,Enderby,Leicestershire,2,15254,high,accept,"high confidence, verified sample and dedication tokens"
Cathedral Church of St Marie (RC),Sheffield,South Yorkshire,2,10439,high,accept,"high confidence, verified sample and dedication tokens"
,Harpenden,,2,15119,medium,reject,adjudicated: multi-tower town with no building evidence
St Peter and St Paul,Ospringe,Kent,2,16263,high,accept,"high confidence, verified sample and dedication tokens"
St Peter,Prestbury,Cheshire,2,16364,high,accept,"high confidence, verified sample and dedication tokens"
St Mary,Chiddingstone,Kent,2,11135,high,accept,"high confidence, verified sample and dedication tokens"
Holy Cross,Felsted,Essex,2,11414,high,accept,"high confidence, verified sample and dedication tokens"
"Christ Church, Old North",Boston,Massachusetts,2,12291,high,accept,"high confidence, verified sample and dedication tokens"
St Mary,Weldon,Northamptonshire,2,15750,high,accept,"high confidence, verified sample and dedication tokens"
St John the Evangelist,Bournemouth,Dorset,2,15520,high,accept,"high confidence, verified sample and dedication tokens"
All Saints,Marsham,Norfolk,2,13590,high,accept,"high confidence, verified sample and dedication tokens"
St Giles,Whittington,Staffordshire,2,11804,high,accept,"high confidence, verified sample and dedication tokens"
,Babbacombe,,2,16112,high,accept,"high confidence, verified sample and dedication tokens"
St Peter and St Mary,Stowmarket,Suffolk,2,10131,high,accept,"high confidence, verified sample and dedication tokens"
,Moorside,,2,15726,high,accept,"high confidence, verified sample and dedication tokens"
Holy Trinity,Cuckfield,West Sussex,2,11100,high,accept,"high confidence, verified sample and dedication tokens"
,Offton,,2,13140,high,accept,"high confidence, verified sample and dedication tokens"
"Vernet-les-Bains, Oldham, Norwich & Great Hockham",Ringing Room,UK & France,2,,none,reject,resolver found no tower
"St Barnabas, Penny Lane, Mossley Hill",Liverpool,Merseyside,2,11800,high,accept,"high confidence, verified sample and dedication tokens"
,Much Hadham,,2,14194,high,accept,"high confidence, verified sample and dedication tokens"
St John at Hackney,Hackney,Greater London,2,16961,high,accept,"high confidence, verified sample and dedication tokens"
,Culcheth (Newchurch),Cheshire,2,16197,high,accept,"high confidence, verified sample and dedication tokens"
St Mary,Rolleston on Dove,Staffordshire,2,14612,high,accept,"high confidence, verified sample and dedication tokens"
St Margaret,Wolstanton,Staffordshire,2,15506,high,accept,"high confidence, verified sample and dedication tokens"
,Thorner,,2,12249,high,accept,"high confidence, verified sample and dedication tokens"
St James Gt,Norton Canes,Staffordshire,2,12109,high,accept,"high confidence, verified sample and dedication tokens"
St Katharine,Irchester,Northamptonshire,2,13551,high,accept,"high confidence, verified sample and dedication tokens"
Holy Trinity,Skipton in Craven,North Yorkshire,2,13655,high,accept,"high confidence, verified sample and dedication tokens"
St Mary,Todmorden,West Yorkshire,2,16893,high,accept,"high confidence, verified sample and dedication tokens"
St John the Baptist,Weston-super-Mare,North Somerset,2,12821,high,accept,"high confidence, verified sample and dedication tokens"
,Wetherby,,2,14249,high,accept,"high confidence, verified sample and dedication tokens"
St Mary-the-Virgin,Burton Latimer,Northamptonshire,2,12365,high,accept,"high confidence, verified sample and dedication tokens"
All Saints,Sedgley,West Midlands,2,13370,high,accept,"high confidence, verified sample and dedication tokens"
St Andrew,Netherton,West Midlands,2,15501,high,accept,"high confidence, verified sample and dedication tokens"
St John of Beverley,Whatton in the Vale,Nottinghamshire,2,10882,high,accept,"high confidence, verified sample and dedication tokens"
St Michael and St Mary Magdalene,Easthampstead,Berkshire,2,16428,high,accept,"high confidence, verified sample and dedication tokens"
St John-the-Baptist,Windsor,,2,15169,high,accept,"high confidence, verified sample and dedication tokens"
Advent,Boston,,2,11198,high,accept,"high confidence, verified sample and dedication tokens"
St Mary the Virgin,Bottesford,Leicestershire,2,14195,high,accept,"high confidence, verified sample and dedication tokens"
St Andrew,Kirton in Lindsey,Lincolnshire,2,13723,high,accept,"high confidence, verified sample and dedication tokens"
St Botolph,Chevening,Kent,2,15821,high,accept,"high confidence, verified sample and dedication tokens"
St Leonard,Wortley,South Yorkshire,2,10313,high,accept,"high confidence, verified sample and dedication tokens"
St Mary,Penwortham,Lancashire,2,11158,high,accept,"high confidence, verified sample and dedication tokens"
St Peter,Church Langton,Leicestershire,2,10201,high,accept,"high confidence, verified sample and dedication tokens"
All Hallows,Almondbury,West Yorkshire,2,13733,high,accept,"high confidence, verified sample and dedication tokens"
SS Peter and Paul,Wingrave,Buckinghamshire,2,11352,high,accept,"high confidence, verified sample and dedication tokens"
St James,Chipping Campden,Gloucestershire,2,13513,high,accept,"high confidence, verified sample and dedication tokens"
St James the Great,Birstall,Leicestershire,2,16453,high,accept,"high confidence, verified sample and dedication tokens"
St Matthew,Harwell,Oxfordshire,2,13755,high,accept,"high confidence, verified sample and dedication tokens"
St Wilfrid,Kirkby in Ashfield,Nottinghamshire,2,13587,high,accept,"high confidence, verified sample and dedication tokens"
St Laurence,Surfleet,Lincolnshire,2,14910,high,accept,"high confidence, verified sample and dedication tokens"
St Mary,Radcliffe on Trent,Nottinghamshire,2,13814,high,accept,"high confidence, verified sample and dedication tokens"
St James,Hemingford Grey,Cambridgeshire,2,12009,high,accept,"high confidence, verified sample and dedication tokens"
St John the Baptist,Yarkhill,Herefordshire,2,10512,high,accept,"high confidence, verified sample and dedication tokens"
All Saints,Ilkley,West Yorkshire,2,16588,high,accept,"high confidence, verified sample and dedication tokens"
St James,Menangle,New South Wales,2,13982,high,accept,"high confidence, verified sample and dedication tokens"
St John the Evangelist,Wicken,Northamptonshire,2,12991,high,accept,"high confidence, verified sample and dedication tokens"
St Mary,Ely,Cambridgeshire,2,12859,high,accept,"high confidence, verified sample and dedication tokens"
St Matthew,Northowram,West Yorkshire,2,16999,high,accept,"high confidence, verified sample and dedication tokens"
St Andrew,Holt,Norfolk,2,11756,high,accept,"high confidence, verified sample and dedication tokens"
Kalamazoo College,Kalamazoo,,2,11102,high,accept,"high confidence, verified sample and dedication tokens"
Guy's Hospital,Southwark,Surrey,2,,none,reject,resolver found no tower
,Marylebone,Middx,2,22014,medium,reject,adjudicated: multi-tower town with no building evidence
,Enderby,,2,15254,high,accept,"high confidence, verified sample and dedication tokens"
Old Post Office,Washington,,2,15305,high,accept,"high confidence, verified sample and dedication tokens"
,Elveden,,2,11570,high,accept,"high confidence, verified sample and dedication tokens"
Lincoln College,Oxford,Oxfordshire,2,12299,high,accept,"high confidence, verified sample and dedication tokens"
St James Apostle,Bushey,Hertfordshire,2,13627,high,accept,"high confidence, verified sample and dedication tokens"
,Scofton-with-Osberton,,2,14610,high,accept,"high confidence, verified sample and dedication tokens"
Christ Church,Southport,Merseyside,2,10014,high,accept,"high confidence, verified sample and dedication tokens"
,Bodicote,,2,14961,high,accept,"high confidence, verified sample and dedication tokens"
21 Fladbury Crescent,Selly Oak,West Midlands,2,,none,reject,resolver found no tower
St Mary,Rawmarsh,South Yorkshire,2,12811,high,accept,"high confidence, verified sample and dedication tokens"
St Andrew,Keighley,West Yorkshire,2,12061,high,accept,"high confidence, verified sample and dedication tokens"
Former Church of St Peter,Peterstone Wentloog,Newport,2,13377,high,accept,"high confidence, verified sample and dedication tokens"
St Mary Magdalene,Bolney,West Sussex,2,15393,high,accept,"high confidence, verified sample and dedication tokens"
All Saints,Hessle,East Yorkshire,2,,none,reject,resolver found no tower
55d Cologne Road,Clapham,Surrey,2,,none,reject,resolver found no tower
St Mary,Lifton,Devon,2,12537,high,accept,"high confidence, verified sample and dedication tokens"
"Compton Gifford, Emmanuel",Plymouth,Devon,2,,none,reject,resolver found no tower
St Edburg,Bicester,Oxfordshire,2,11528,high,accept,"high confidence, verified sample and dedication tokens"
,Lambourn,,2,14437,high,accept,"high confidence, verified sample and dedication tokens"
St John the Baptist,Tideswell,Derbyshire,2,16875,high,accept,"high confidence, verified sample and dedication tokens"
St Mary,Felmersham,Bedfordshire,2,16293,high,accept,"high confidence, verified sample and dedication tokens"
St Mary,Kingswinford,,2,16378,high,accept,"high confidence, verified sample and dedication tokens"
"52, Burrows Road",Kensal Green,Middlesex,2,,none,reject,resolver found no tower
St Peter,Huddersfield,,2,10804,high,accept,"high confidence, verified sample and dedication tokens"
St Anne's Cathedral (R C),Leeds,West Yorkshire,2,11425,high,accept,"high confidence, verified sample and dedication tokens"
,Stoney Stanton,,2,14037,high,accept,"high confidence, verified sample and dedication tokens"
St Olave,City of London,Hart Street,2,,none,reject,resolver found no tower
,Wimbledon,,2,11453,medium,reject,adjudicated: multi-tower town with no building evidence
,Lymington,,2,12765,medium,reject,adjudicated: multi-tower town with no building evidence
St Andrew,Uxbridge,Greater London,2,12550,high,accept,"high confidence, verified sample and dedication tokens"
All Saints,Otley,West Yorkshire,2,13758,high,accept,"high confidence, verified sample and dedication tokens"
,Oadby,,2,10602,medium,reject,adjudicated: multi-tower town with no building evidence
St James,Marietta,"Georgia, United States of America",2,14694,high,accept,"high confidence, verified sample and dedication tokens"
,Sowerby,,2,14448,high,accept,"high confidence, verified sample and dedication tokens"
,Withycombe Raleigh,,2,16183,medium,reject,adjudicated: multi-tower town with no building evidence
St Laurence,Chorley,Lancashire,2,12122,high,accept,"high confidence, verified sample and dedication tokens"
,Oxenhope,,2,11937,high,accept,"high confidence, verified sample and dedication tokens"
,New Alresford,,2,25153,medium,reject,adjudicated: multi-tower town with no building evidence
St James,Thrapston,Northamptonshire,2,12688,high,accept,"high confidence, verified sample and dedication tokens"
,Cubitt Town,,2,,none,reject,resolver found no tower
St Beuno,Berriew,Powys,2,12215,high,accept,"high confidence, verified sample and dedication tokens"
Holy Trinity,Much Wenlock,Shropshire,2,14040,high,accept,"high confidence, verified sample and dedication tokens"
"19 The Green, Romanby",Northallerton,North Yorkshire,2,,none,reject,resolver found no tower
,Kimpton,,2,10097,medium,reject,adjudicated: multi-tower town with no building evidence
St Mary,Market Drayton,Shropshire,2,12374,high,accept,"high confidence, verified sample and dedication tokens"
,Congresbury,,2,10693,high,accept,"high confidence, verified sample and dedication tokens"
,Overseale,,2,,none,reject,resolver found no tower
Blessed Virgin Mary,Yatton,Somerset,2,13073,high,accept,"high confidence, verified sample and dedication tokens"
St Mary,Portsmouth,,2,16279,high,accept,"high confidence, verified sample and dedication tokens"
St Mary,Putney,Greater London,2,12162,high,accept,"high confidence, verified sample and dedication tokens"
St Mary the Virgin,Reading,Berkshire,2,16674,high,accept,"high confidence, verified sample and dedication tokens"
St Margaret,Littleham,Devon,2,15338,high,accept,"high confidence, verified sample and dedication tokens"
,Cattistock,,2,12314,high,accept,"high confidence, verified sample and dedication tokens"
,Burford,,2,14981,medium,reject,adjudicated: multi-tower town with no building evidence
St Peter,Tawstock,Devon,2,11949,high,accept,"high confidence, verified sample and dedication tokens"
All Saints,Northampton,Northamptonshire,2,12689,high,accept,"high confidence, verified sample and dedication tokens"
,Kibworth,,2,14116,high,accept,"high confidence, verified sample and dedication tokens"
St Mary,Balderstone,Greater Manchester,2,13120,high,accept,"high confidence, verified sample and dedication tokens"
,Newbold-on-Avon,,2,13231,high,accept,"high confidence, verified sample and dedication tokens"
St John Bapt,Newcastle Upon Tyne,Tyne & Wear,2,,none,reject,resolver found no tower
St Augustine,West Monkton,Somerset,2,10596,high,accept,"high confidence, verified sample and dedication tokens"
Civic Centre,Rockingham,Western Australia,2,12984,high,accept,"high confidence, verified sample and dedication tokens"
,Ickleton,,2,15773,high,accept,"high confidence, verified sample and dedication tokens"
The Residence of Mr H J Mee,Sproughton,Suffolk,2,12907,medium,reject,adjudicated: named private ring or non-church venue
Minet House,Whitechapel,Middx,2,,none,reject,resolver found no tower
St Mary,Eastwood,Nottinghamshire,2,13211,high,accept,"high confidence, verified sample and dedication tokens"
,Thrapston,,2,12688,high,accept,"high confidence, verified sample and dedication tokens"
St John Bapt.,Newcastle-upon-Tyne,,2,12945,high,accept,"high confidence, verified sample and dedication tokens"
,Jesmond,,2,14507,medium,reject,adjudicated: multi-tower town with no building evidence
,Ringwood,,2,16719,high,accept,"high confidence, verified sample and dedication tokens"
,Sedgley,,2,13370,high,accept,"high confidence, verified sample and dedication tokens"
St Andrew,Kirk Ella,East Riding of Yorkshire,2,15090,high,accept,"high confidence, verified sample and dedication tokens"
All Saints,Market Weighton,East Riding of Yorkshire,2,11690,high,accept,"high confidence, verified sample and dedication tokens"
All Saints,Chigwell Row,Essex,2,12552,high,accept,"high confidence, verified sample and dedication tokens"
,Goring-on-Thames,,2,10908,high,accept,"high confidence, verified sample and dedication tokens"
,Ashdon,,2,16053,high,accept,"high confidence, verified sample and dedication tokens"
,Selston,,2,15448,high,accept,"high confidence, verified sample and dedication tokens"
St Laurence,Measham,Leicestershire,2,15760,high,accept,"high confidence, verified sample and dedication tokens"
St Paul,Chippenham,Wiltshire,2,12210,high,accept,"high confidence, verified sample and dedication tokens"
Bellfoundry tower,Loughborough,Leicestershire,2,10191,high,accept,"high confidence, verified sample and dedication tokens"
,Bisley,,2,10527,medium,reject,adjudicated: multi-tower town with no building evidence
,Yardley,Warks,2,14504,high,accept,"high confidence, verified sample and dedication tokens"
,Kirby-le-Soken,,2,16560,high,accept,"high confidence, verified sample and dedication tokens"
St Mary Magdalene,Harlow Common,Essex,2,13686,high,accept,"high confidence, verified sample and dedication tokens"
,Great Tew,,2,10028,high,accept,"high confidence, verified sample and dedication tokens"
10 West Drive Gardens,Harrow Weald,Middlesex,2,,none,reject,resolver found no tower
All Saints,Maldon,Essex,2,16229,high,accept,"high confidence, verified sample and dedication tokens"
All Saints,Longstanton,Cambridgeshire,2,11562,high,accept,"high confidence, verified sample and dedication tokens"
,Helions Bumpstead,,2,11049,high,accept,"high confidence, verified sample and dedication tokens"
,Upham,,2,12563,high,accept,"high confidence, verified sample and dedication tokens"
St Mary,Childrey,Oxfordshire,2,14183,high,accept,"high confidence, verified sample and dedication tokens"
All Saints,Ashdon,Essex,2,16053,high,accept,"high confidence, verified sample and dedication tokens"
,Faringdon,,2,15801,high,accept,"high confidence, verified sample and dedication tokens"
,Hagley,,2,13672,high,accept,"high confidence, verified sample and dedication tokens"
,Rowley Regis,,2,13081,high,accept,"high confidence, verified sample and dedication tokens"
St Egwin,Norton,Worcestershire,2,14265,high,accept,"high confidence, verified sample and dedication tokens"
,Long Sutton,,2,15492,medium,reject,adjudicated: multi-tower town with no building evidence
St Aidan,Bamburgh,Northumberland,2,12148,high,accept,"high confidence, verified sample and dedication tokens"
St Andrew,Kirton-in-Lindsey,Lincolnshire,2,13723,high,accept,"high confidence, verified sample and dedication tokens"
St Andrew,Biggleswade,Bedfordshire,2,16357,high,accept,"high confidence, verified sample and dedication tokens"
,Stanton Lacy,,2,12343,high,accept,"high confidence, verified sample and dedication tokens"
St Michael,Yorktown,Surrey,2,16052,high,accept,"high confidence, verified sample and dedication tokens"
St John the Baptist,Westbourne,West Sussex,2,11270,high,accept,"high confidence, verified sample and dedication tokens"
,Watermoor,,2,14235,high,accept,"high confidence, verified sample and dedication tokens"
,Speldhurst,,2,11923,high,accept,"high confidence, verified sample and dedication tokens"
All Saints,Wraxall,Somerset,2,10711,high,accept,"high confidence, verified sample and dedication tokens"
St Michael,Stoke Prior,Worcestershire,2,11782,high,accept,"high confidence, verified sample and dedication tokens"
Christ Church,Fairwarp,Sussex,2,16191,high,accept,"high confidence, verified sample and dedication tokens"
,Heene,,2,10702,high,accept,"high confidence, verified sample and dedication tokens"
Holy Trinity,Guildford,Surrey,2,14592,high,accept,"high confidence, verified sample and dedication tokens"
St James,Bermondsey,London,2,11128,high,accept,"high confidence, verified sample and dedication tokens"
St Mary and St Nicolas,Spalding,Lincolnshire,2,15336,high,accept,"high confidence, verified sample and dedication tokens"
,Colwall,,2,12769,high,accept,"high confidence, verified sample and dedication tokens"
,Shepshed,,2,12743,high,accept,"high confidence, verified sample and dedication tokens"
,Benenden,,2,10534,high,accept,"high confidence, verified sample and dedication tokens"
,Wantage,,2,14030,medium,reject,adjudicated: multi-tower town with no building evidence
St Mary,Barnsley,South Yorkshire,2,10481,high,accept,"high confidence, verified sample and dedication tokens"
Abbey,Erdington,,2,12089,high,accept,"high confidence, verified sample and dedication tokens"
,Newchurch Kenyon,,2,,none,reject,resolver found no tower
St Peter,Oakford,Devon,2,16156,high,accept,"high confidence, verified sample and dedication tokens"
St Ann,Stamford Hill,Middlesex,2,13932,high,accept,"high confidence, verified sample and dedication tokens"
St Mary the Virgin,Welford,Northamptonshire,2,14851,high,accept,"high confidence, verified sample and dedication tokens"
Blessed Virgin Mary,Huish Episcopi,Somerset,2,12467,high,accept,"high confidence, verified sample and dedication tokens"
Cathedral,Southwell,,2,12847,high,accept,"high confidence, verified sample and dedication tokens"
,Old Swinford,,2,15874,high,accept,"high confidence, verified sample and dedication tokens"
St John the Evangelist,Highbridge,Somerset,2,11783,high,accept,"high confidence, verified sample and dedication tokens"
,Brackley,,2,16592,high,accept,"high confidence, verified sample and dedication tokens"
St Peter and St Paul,Cattistock,Dorset,2,12314,high,accept,"high confidence, verified sample and dedication tokens"
St Peter,Winchcombe,Gloucestershire,2,10105,high,accept,"high confidence, verified sample and dedication tokens"
,Market Weighton,,2,11690,high,accept,"high confidence, verified sample and dedication tokens"
,Billingshurst,,2,15040,high,accept,"high confidence, verified sample and dedication tokens"
,Queensbury,,2,13272,medium,reject,adjudicated: multi-tower town with no building evidence
St James,Barton under Needwood,Staffordshire,2,13369,high,accept,"high confidence, verified sample and dedication tokens"
Holy Trinity,Lower Beeding,West Sussex,2,13127,high,accept,"high confidence, verified sample and dedication tokens"
,Epworth,,2,15171,high,accept,"high confidence, verified sample and dedication tokens"
St Paul's,Burwood,"New South Wales, Australia",2,10621,high,accept,"high confidence, verified sample and dedication tokens"
,Sutton-on-Trent,,2,11372,high,accept,"high confidence, verified sample and dedication tokens"
Cathedral Church of St Paul,Melbourne,Victoria,2,15996,high,accept,"high confidence, verified sample and dedication tokens"
All Saints,Sutton on Trent,Nottinghamshire,2,11372,high,accept,"high confidence, verified sample and dedication tokens"
St Mary the Virgin,Stotfold,Bedfordshire,2,14081,high,accept,"high confidence, verified sample and dedication tokens"
,Kintbury,,2,13090,high,accept,"high confidence, verified sample and dedication tokens"
St Peter,Ashton under Lyne,Greater Manchester,2,15994,high,accept,"high confidence, verified sample and dedication tokens"
St Mary,Purton,Wiltshire,2,13174,high,accept,"high confidence, verified sample and dedication tokens"
,Wanborough,,2,11390,medium,reject,adjudicated: multi-tower town with no building evidence
St Mary,Longcot,Oxfordshire,2,15804,high,accept,"high confidence, verified sample and dedication tokens"
,Tetbury,,2,15266,medium,reject,adjudicated: multi-tower town with no building evidence
Cathedral Church of St Nicholas,Newcastle upon Tyne,Tyne & Wear,2,,none,reject,resolver found no tower
,Hugglescote,,2,10045,high,accept,"high confidence, verified sample and dedication tokens"
SS Peter and Paul,Uppingham,Rutland,2,13320,high,accept,"high confidence, verified sample and dedication tokens"
Christ Church,Esher,Surrey,2,10290,high,accept,"high confidence, verified sample and dedication tokens"
St John the Baptist,Knaresborough,North Yorkshire,2,12456,high,accept,"high confidence, verified sample and dedication tokens"
St Mary Magdalene,Woolwich,Greater London,2,14252,high,accept,"high confidence, verified sample and dedication tokens"
,West Wycombe,,2,12842,medium,reject,adjudicated: multi-tower town with no building evidence
St Andrew,East Hagbourne,Oxfordshire,2,11398,high,accept,"high confidence, verified sample and dedication tokens"
Holy Trinity,Cookham,Berkshire,2,11061,high,accept,"high confidence, verified sample and dedication tokens"
,Ambrosden,,2,10327,high,accept,"high confidence, verified sample and dedication tokens"
,Selling,,2,14311,high,accept,"high confidence, verified sample and dedication tokens"
,Irthlingborough,,2,13376,high,accept,"high confidence, verified sample and dedication tokens"
,Edmonton,,2,10584,medium,reject,adjudicated: multi-tower town with no building evidence
St Peter,Farnborough,Hampshire,2,14575,high,accept,"high confidence, verified sample and dedication tokens"
St Philip's Church Hill,Sydney,"New South Wales, Australia",2,11518,high,accept,"high confidence, verified sample and dedication tokens"
"St Philip, Church Hill",Sydney,New South Wales,2,11518,high,accept,"high confidence, verified sample and dedication tokens"
St Lawrence,Barnwood,Gloucestershire,2,10976,high,accept,"high confidence, verified sample and dedication tokens"
,Chewton Mendip,,2,15316,high,accept,"high confidence, verified sample and dedication tokens"
,Hindley,,2,13391,high,accept,"high confidence, verified sample and dedication tokens"
,Sutton Courtenay,,2,15735,high,accept,"high confidence, verified sample and dedication tokens"
St Mary,Lambeth,Greater London,2,10973,medium,reject,adjudicated: names a saint absent from the sole tower
St John the Baptist,Newton Nottage,Bridgend,2,12990,high,accept,"high confidence, verified sample and dedication tokens"
St Lawrence Jewry,City of London,,2,16020,high,accept,"high confidence, verified sample and dedication tokens"
St Mary,Chiddingfold,Surrey,2,10544,high,accept,"high confidence, verified sample and dedication tokens"
St Mary the Virgin,Shalford,Surrey,2,16320,high,accept,"high confidence, verified sample and dedication tokens"
,Drogheda,,2,15123,medium,reject,adjudicated: multi-tower town with no building evidence
,Broughton Astley,,2,13152,high,accept,"high confidence, verified sample and dedication tokens"
,Harwell,,2,13755,high,accept,"high confidence, verified sample and dedication tokens"
,Eastwood,Yorks,2,15197,high,accept,"high confidence, verified sample and dedication tokens"
St Mary,Woburn,Bedfordshire,2,13400,high,accept,"high confidence, verified sample and dedication tokens"
,Caythorpe,,2,13483,high,accept,"high confidence, verified sample and dedication tokens"
,Billingborough,,2,16911,high,accept,"high confidence, verified sample and dedication tokens"
St Mary,Slaugham,West Sussex,2,15378,high,accept,"high confidence, verified sample and dedication tokens"
St James,Hendersonville,North Carolina,2,12823,high,accept,"high confidence, verified sample and dedication tokens"
St Peter,Petersfield,Hampshire,2,10078,high,accept,"high confidence, verified sample and dedication tokens"
St Thomas,Houston,,2,12900,high,accept,"high confidence, verified sample and dedication tokens"
19 The Green,Romanby,North Yorkshire,2,,none,reject,resolver found no tower
,Great Glen,,2,13762,high,accept,"high confidence, verified sample and dedication tokens"
St Mark's Cathedral,Shreveport,Louisiana,2,10716,high,accept,"high confidence, verified sample and dedication tokens"
,Henfield,,2,11797,high,accept,"high confidence, verified sample and dedication tokens"
St Peter,Colchester,,2,11757,high,accept,"high confidence, verified sample and dedication tokens"
St Peter,Colchester,Essex,2,11757,high,accept,"high confidence, verified sample and dedication tokens"
St Laurence,Ludlow,Shropshire,2,10168,high,accept,"high confidence, verified sample and dedication tokens"
St Helen,Wheathampstead,Hertfordshire,2,12673,high,accept,"high confidence, verified sample and dedication tokens"
,Hurst,Berks,2,11786,high,accept,"high confidence, verified sample and dedication tokens"
,Frittenden,,2,16185,high,accept,"high confidence, verified sample and dedication tokens"
"Tilehurst, 15 Lytham End",Reading,,2,,none,reject,resolver found no tower
St Martin in the Fields,Philadelphia,Pennsylvania,2,13478,high,accept,"high confidence, verified sample and dedication tokens"
,Edgbaston,,2,10824,medium,reject,adjudicated: multi-tower town with no building evidence
St Mary the Virgin,Ewell,Surrey,2,12749,high,accept,"high confidence, verified sample and dedication tokens"
St Cuthbert,Holme Lacy,Herefordshire,2,13592,high,accept,"high confidence, verified sample and dedication tokens"
St Matthias,Malvern Link,Worcestershire,2,16823,high,accept,"high confidence, verified sample and dedication tokens"
,Bucklebury,,2,11027,high,accept,"high confidence, verified sample and dedication tokens"
St Mary,Bletchingley,Surrey,2,14118,high,accept,"high confidence, verified sample and dedication tokens"
St Paul,Adlington,Lancashire,2,14168,high,accept,"high confidence, verified sample and dedication tokens"
,Evesham,,2,13495,medium,reject,adjudicated: multi-tower town with no building evidence
,Brierley Hill,,2,10071,medium,reject,adjudicated: multi-tower town with no building evidence
St Mary,Ealing,Middlesex,2,14868,high,accept,"high confidence, verified sample and dedication tokens"
Holy Trinity,Horwich,Lancashire,2,10582,high,accept,"high confidence, verified sample and dedication tokens"
,Burnham,Bucks,2,15543,high,accept,"high confidence, verified sample and dedication tokens"
St Edmund,Downham Market,Norfolk,2,15293,high,accept,"high confidence, verified sample and dedication tokens"
St Mary,Reading,,2,16674,high,accept,"high confidence, verified sample and dedication tokens"
,Hitchin,,2,11700,medium,reject,adjudicated: multi-tower town with no building evidence
,Drighlington,,2,10734,high,accept,"high confidence, verified sample and dedication tokens"
St Helen,Sefton,Merseyside,2,11163,high,accept,"high confidence, verified sample and dedication tokens"
St John the Baptist,Claines,Worcestershire,2,16916,high,accept,"high confidence, verified sample and dedication tokens"
52 Burrows Road,London,Greater London,2,,none,reject,resolver found no tower
,Wrotham,,2,16345,high,accept,"high confidence, verified sample and dedication tokens"
St Peter,Swinton,Greater Manchester,2,12298,high,accept,"high confidence, verified sample and dedication tokens"
,Ormskirk,,2,11268,high,accept,"high confidence, verified sample and dedication tokens"
St Edmund King and Martyr,Southwold,Suffolk,2,10026,high,accept,"high confidence, verified sample and dedication tokens"
St James,Bermondsey,Greater London,2,11128,high,accept,"high confidence, verified sample and dedication tokens"
St Michael,Charleston,South Carolina,2,14807,high,accept,"high confidence, verified sample and dedication tokens"
Christ Church,Wanstead,Greater London,2,12782,high,accept,"high confidence, verified sample and dedication tokens"
St Peter,Market Bosworth,Leicestershire,2,13763,high,accept,"high confidence, verified sample and dedication tokens"
St Leonard the Less,Samlesbury,Lancashire,2,10494,high,accept,"high confidence, verified sample and dedication tokens"
St James the Great,Hanslope,Buckinghamshire,2,11622,high,accept,"high confidence, verified sample and dedication tokens"
,Oswaldtwistle,,2,15566,medium,reject,adjudicated: multi-tower town with no building evidence
114 Park Street Lane,St Albans,Hertfordshire,2,,none,reject,resolver found no tower
170 Headstone Lane,Harrow,Middlesex,2,,none,reject,resolver found no tower
,Houghton-le-Spring,,2,15992,high,accept,"high confidence, verified sample and dedication tokens"
,Aston Clinton,,2,17117,high,accept,"high confidence, verified sample and dedication tokens"
"Cathedral and Parish Church of St Mary, St Denys, and St George",Manchester,Greater Manchester,2,12311,medium,accept,"medium, building shares dedication evidence"
St Michael,Hughenden,Buckinghamshire,2,15656,high,accept,"high confidence, verified sample and dedication tokens"
St Paul,Burton-upon-Trent,,2,15964,high,accept,"high confidence, verified sample and dedication tokens"
St Mary the Virgin,Wotton-under-Edge,Gloucestershire,2,11667,high,accept,"high confidence, verified sample and dedication tokens"
The Assumption of The Blessed Virgin Mary,Bradford Peverell,Dorset,2,15752,high,accept,"high confidence, verified sample and dedication tokens"
SS Peter and Paul,Weedon Bec,Northamptonshire,2,10134,high,accept,"high confidence, verified sample and dedication tokens"
St Michael and All Angels,"Leeds, Headingley",West Yorkshire,2,16033,high,accept,"high confidence, verified sample and dedication tokens"
St Michael,Elmley Lovett,Worcestershire,2,16031,high,accept,"high confidence, verified sample and dedication tokens"
St Thomas,Houston,Texas,2,12900,high,accept,"high confidence, verified sample and dedication tokens"
Ruined Church of Holy Trinity,Buckfastleigh,Devon,2,11599,high,accept,"high confidence, verified sample and dedication tokens"
St Leonard,Seaford,East Sussex,2,11538,high,accept,"high confidence, verified sample and dedication tokens"
St Mary,Nantwich,Cheshire,2,15949,high,accept,"high confidence, verified sample and dedication tokens"
St Mary Magdalene,Ditcheat,Somerset,2,14440,high,accept,"high confidence, verified sample and dedication tokens"
"St Michael, Garston",Liverpool,Merseyside,2,14155,high,accept,"high confidence, verified sample and dedication tokens"
All Saints,Heathfield,East Sussex,2,10785,high,accept,"high confidence, verified sample and dedication tokens"
St Leonard,Bretforton,Worcestershire,2,17154,high,accept,"high confidence, verified sample and dedication tokens"
St Barnabas,Linslade,Bedfordshire,2,11980,high,accept,"high confidence, verified sample and dedication tokens"
Cathedral Church of Holy and Undivided Trinity,Bristol,Bristol,2,10300,high,accept,"high confidence, verified sample and dedication tokens"
"Virginia Theological Seminary, Immanuel Chapel",Alexandria,Virginia,2,13507,high,accept,"high confidence, verified sample and dedication tokens"
St Mary,Portsea,Hampshire,2,16279,high,accept,"high confidence, verified sample and dedication tokens"
St Mary,Haddington,East Lothian,2,11648,high,accept,"high confidence, verified sample and dedication tokens"
St Mary the Virgin,Selling,Kent,2,14311,high,accept,"high confidence, verified sample and dedication tokens"
St Mary,Horton Kirby,Kent,2,15371,high,accept,"high confidence, verified sample and dedication tokens"
Holy Trinity,Bradpole,Dorset,2,11115,high,accept,"high confidence, verified sample and dedication tokens"
3 King Charles Court,Worcester,Worcestershire,2,,none,reject,resolver found no tower
"Great Hockham, Oldham, Norwich & Wetton",Ringing Room,UK,2,,none,reject,resolver found no tower
Hayes Close,Wimborne Minster,Dorset,2,,none,reject,resolver found no tower
St Andrew and St George West,Edinburgh,,2,,none,reject,resolver found no tower
The Potters Yard Ring,Holcombe,Somerset,2,17774,high,accept,"high confidence, verified sample and dedication tokens"
St Andrew,Hertford,Hertfordshire,2,16209,high,accept,"high confidence, verified sample and dedication tokens"
St Mary,Brownsea Island,Dorset,2,10975,high,accept,"high confidence, verified sample and dedication tokens"
St Peter and St Paul,Shepton Mallet,Somerset,2,14574,high,accept,"high confidence, verified sample and dedication tokens"
"St James, Queen's Square",Sydney,New South Wales,2,13677,high,accept,"high confidence, verified sample and dedication tokens"
Holy Trinity,Orange,New South Wales,2,15917,high,accept,"high confidence, verified sample and dedication tokens"
St Saviour,Pimlico,Middlesex,2,14962,high,accept,"high confidence, verified sample and dedication tokens"
St Lawrence,Mickleton,Gloucestershire,2,16821,high,accept,"high confidence, verified sample and dedication tokens"
St Margaret,Uxbridge,Middlesex,2,14402,high,accept,"high confidence, verified sample and dedication tokens"
Piglet Ring,Uffculme,Devon,2,25331,high,accept,"high confidence, verified sample and dedication tokens"
St John the Baptist,Wellington,Somerset,2,15613,high,accept,"high confidence, verified sample and dedication tokens"
St Paul,Maryborough,Queensland,2,14939,high,accept,"high confidence, verified sample and dedication tokens"
"Great Hockham, Reach, Norwich & Wetton",Ringing Room,UK,2,,none,reject,resolver found no tower
St Giles,Lincoln,Lincolnshire,2,12159,high,accept,"high confidence, verified sample and dedication tokens"
St John Bapt,Shenstone,Staffordshire,2,15251,high,accept,"high confidence, verified sample and dedication tokens"
All Saints,Bloxwich,West Midlands,2,15802,high,accept,"high confidence, verified sample and dedication tokens"
Christ Church,Coseley,West Midlands,2,12306,high,accept,"high confidence, verified sample and dedication tokens"
St Margaret,Draycott in the Moors,Staffordshire,2,12033,high,accept,"high confidence, verified sample and dedication tokens"
St Peter,Clayworth,Nottinghamshire,2,13168,high,accept,"high confidence, verified sample and dedication tokens"
,Harthill,,2,13448,medium,reject,adjudicated: multi-tower town with no building evidence
St Oswald,Ashbourne,Derbyshire,2,15741,high,accept,"high confidence, verified sample and dedication tokens"
,Attenborough,,2,14213,high,accept,"high confidence, verified sample and dedication tokens"
"St Thomas, Moorside",Oldham,Lancashire,2,15726,high,accept,"high confidence, verified sample and dedication tokens"
Cathedral Church of the Holy Trinity,Chichester,West Sussex,2,10237,high,accept,"high confidence, verified sample and dedication tokens"
St Denys,Sleaford,Lincolnshire,2,10240,high,accept,"high confidence, verified sample and dedication tokens"
,Quorndon,,2,10703,high,accept,"high confidence, verified sample and dedication tokens"
,Darling Point,,2,11755,high,accept,"high confidence, verified sample and dedication tokens"
Christ Church,Boston,,2,12291,high,accept,"high confidence, verified sample and dedication tokens"
,Highworth,,2,10272,high,accept,"high confidence, verified sample and dedication tokens"
St Mary,Wigton,Cumbria,2,11142,high,accept,"high confidence, verified sample and dedication tokens"
St Margaret,Barking,Greater London,2,15510,high,accept,"high confidence, verified sample and dedication tokens"
St George,Wrotham,Kent,2,16345,high,accept,"high confidence, verified sample and dedication tokens"
,Little Rock,,2,11263,high,accept,"high confidence, verified sample and dedication tokens"
Church of the Advent,Boston,Massachusetts,2,11198,high,accept,"high confidence, verified sample and dedication tokens"
St Oswald,Durham,,2,12379,high,accept,"high confidence, verified sample and dedication tokens"
St Paul,Walkden,Greater Manchester,2,12869,high,accept,"high confidence, verified sample and dedication tokens"
,Holywood,,2,13444,high,accept,"high confidence, verified sample and dedication tokens"
St Mary,Caldicot,Monmouthshire,2,10062,high,accept,"high confidence, verified sample and dedication tokens"
35 Provis Wharf,Aylesbury,Buckinghamshire,2,,none,reject,resolver found no tower
The Bell Meadow Peal,Warnham,Sussex,2,,none,reject,resolver found no tower
St Mary,Swaffham Bulbeck,Cambridgeshire,2,13661,high,accept,"high confidence, verified sample and dedication tokens"
St Kyneburgha,Castor,Northamptonshire,2,,none,reject,resolver found no tower
St Mary,Selborne,Hampshire,2,16706,high,accept,"high confidence, verified sample and dedication tokens"
St Leonard's Tower,Newton Abbot,Devon,2,16043,high,accept,"high confidence, verified sample and dedication tokens"
St Bartholomew,Sutton cum Lound,Nottinghamshire,2,13122,high,accept,"high confidence, verified sample and dedication tokens"
Cathedral Church of St James and St Edmund (the Norman Tower),Bury St Edmunds,Suffolk,2,12587,high,accept,"high confidence, verified sample and dedication tokens"
17 Bramley Gardens,Whimple,Devon,2,,none,reject,resolver found no tower
"All Saints, Chilvers Coton",Nuneaton,Warwickshire,2,13950,high,accept,"high confidence, verified sample and dedication tokens"
St Mary,Kingskerswell,Devon,2,11038,high,accept,"high confidence, verified sample and dedication tokens"
Southminster Presbyterian,"Pittsburgh, Pennsylvania",,2,11188,high,accept,"high confidence, verified sample and dedication tokens"
"House of Mr William Booth, Bailey Lane",Sheffield,South Yorkshire,2,,none,reject,resolver found no tower
,Salt Lake City,,2,23155,high,accept,"high confidence, verified sample and dedication tokens"
84 Coventry Road,Exhall,Warwickshire,2,,none,reject,resolver found no tower
"Stoke, St Michael",Coventry,,2,13274,high,accept,"high confidence, verified sample and dedication tokens"
SS Peter and Paul,Headcorn,Kent,2,13670,high,accept,"high confidence, verified sample and dedication tokens"
St John the Evangelist,Washingborough,Lincolnshire,2,16208,high,accept,"high confidence, verified sample and dedication tokens"
St Thomas and St Luke,Dudley,West Midlands,2,10607,high,accept,"high confidence, verified sample and dedication tokens"
St Margaret of Antioch,Westminster,Middlesex,2,13657,high,accept,"high confidence, verified sample and dedication tokens"
St Michael the Archangel,Lyme Regis,Dorset,2,14094,high,accept,"high confidence, verified sample and dedication tokens"
,Chesterfield,,2,13811,medium,reject,adjudicated: multi-tower town with no building evidence
,Evercreech,,2,14423,high,accept,"high confidence, verified sample and dedication tokens"
All Saints,West Ham,Greater London,2,13183,high,accept,"high confidence, verified sample and dedication tokens"
,Leeds,Kent,2,16351,high,accept,"high confidence, verified sample and dedication tokens"
St Mary,St Neots,Cambridgeshire,2,12275,high,accept,"high confidence, verified sample and dedication tokens"
Trinity Wall Street,New York,New York,2,,none,reject,resolver found no tower
Trinity Church,New York,New York,2,10490,high,accept,"high confidence, verified sample and dedication tokens"
All Saints,Wrington,Somerset,2,16110,high,accept,"high confidence, verified sample and dedication tokens"
St Bartholomew,Wednesbury,West Midlands,2,13013,high,accept,"high confidence, verified sample and dedication tokens"
St Bartholomew,Wednesbury,,2,13013,high,accept,"high confidence, verified sample and dedication tokens"
"29, Thoresby Road",Beeston,Nottinghamshire,2,,none,reject,resolver found no tower
"St Andrew, Roker",Sunderland,Tyne & Wear,2,11440,high,accept,"high confidence, verified sample and dedication tokens"
,Wymondham,Norfolk,2,16892,high,accept,"high confidence, verified sample and dedication tokens"
St Laurence,St Laurence in Thanet,Kent,2,16943,high,accept,"high confidence, verified sample and dedication tokens"
Cathedral Church of St Peter,Exeter,Devon,2,13963,high,accept,"high confidence, verified sample and dedication tokens"
,Lydney,,2,12490,high,accept,"high confidence, verified sample and dedication tokens"
St Giles,Pontefract,,2,12231,high,accept,"high confidence, verified sample and dedication tokens"
St Peter,Evercreech,Somerset,2,14423,high,accept,"high confidence, verified sample and dedication tokens"
St Michael the Archangel,Braintree,Essex,2,16457,high,accept,"high confidence, verified sample and dedication tokens"
St Stephen,Bristol,Bristol,2,12993,high,accept,"high confidence, verified sample and dedication tokens"
St Andrew,Leyland,Lancashire,2,16375,high,accept,"high confidence, verified sample and dedication tokens"
All Saints,Wigan,Lancashire,2,15730,high,accept,"high confidence, verified sample and dedication tokens"
37 Northbrook,Micheldever,,2,,none,reject,resolver found no tower
All Saints,Wakefield,Yorkshire,2,14172,high,accept,"high confidence, verified sample and dedication tokens"
,Stroud,,2,14747,medium,reject,adjudicated: multi-tower town with no building evidence
St Mary the Virgin,Lydney,Gloucestershire,2,12490,high,accept,"high confidence, verified sample and dedication tokens"
St Cuthberga,Wimborne Minster,Dorset,2,11816,high,accept,"high confidence, verified sample and dedication tokens"
,Soham,,2,11376,high,accept,"high confidence, verified sample and dedication tokens"
"Tilehurst, 15 Lytham End",Reading,Berkshire,2,,none,reject,resolver found no tower
Magdalen College,Oxford,Oxfordshire,2,11203,high,accept,"high confidence, verified sample and dedication tokens"
St Martin,Dorking,Surrey,2,16625,high,accept,"high confidence, verified sample and dedication tokens"
,East Retford,,2,16540,medium,reject,adjudicated: multi-tower town with no building evidence
,Kettering,,2,15324,medium,reject,adjudicated: multi-tower town with no building evidence
SS Peter and Paul,Kettering,Northamptonshire,2,15324,medium,accept,"medium, building shares dedication evidence"
St Michael,Bishop's Stortford,Hertfordshire,2,13338,high,accept,"high confidence, verified sample and dedication tokens"
"40 Ridge Crescent, Hawk Green",Marple,Cheshire,2,,none,reject,resolver found no tower
St Peter and St Paul,Wisbech,Cambridgeshire,2,11719,high,accept,"high confidence, verified sample and dedication tokens"
St Thomas the Martyr,Oxford,,2,11759,high,accept,"high confidence, verified sample and dedication tokens"
,Ewerby,,2,10801,high,accept,"high confidence, verified sample and dedication tokens"
St Andrew,Cullompton,Devon,2,15280,high,accept,"high confidence, verified sample and dedication tokens"
St Mary,Luton,Bedfordshire,2,17088,high,accept,"high confidence, verified sample and dedication tokens"
Cathedral of St Mary the Virgin,Blackburn,Lancashire,2,10297,high,accept,"high confidence, verified sample and dedication tokens"
St Peter ad Vincula,Stoke on Trent,Staffordshire,2,15103,high,accept,"high confidence, verified sample and dedication tokens"
St John the Baptist,Midsomer Norton,Somerset,2,15593,high,accept,"high confidence, verified sample and dedication tokens"
,Caversham,Berks,2,15422,medium,reject,adjudicated: multi-tower town with no building evidence
St Andrew,Leyland,,2,16375,high,accept,"high confidence, verified sample and dedication tokens"
,King's Norton,Warks,2,12070,high,accept,"high confidence, verified sample and dedication tokens"
St Laurence,Appleton,Oxfordshire,2,12653,high,accept,"high confidence, verified sample and dedication tokens"
SS Peter and Paul,Wisbech,Cambridgeshire,2,11719,medium,accept,"medium, building shares dedication evidence"
St Thomas Martyr,Oxford,Oxfordshire,2,11759,high,accept,"high confidence, verified sample and dedication tokens"
Cathedral Church of St Peter and St Wilfrid,Ripon,North Yorkshire,2,16628,high,accept,"high confidence, verified sample and dedication tokens"
Cathedral Church of St Peter and St Paul,Llandaff,Cardiff,2,11207,high,accept,"high confidence, verified sample and dedication tokens"
"Cheltenham, Naperville (IL), Glasgow, Vancouver (WA), Vernet-les-Bains",Ringing Room,"UK, USA, & France",2,,none,reject,resolver found no tower
"Minster Church of St Peter ad Vincula, Stoke-upon-Trent",Stoke on Trent,Staffordshire,2,15103,high,accept,"high confidence, verified sample and dedication tokens"
18 Dalby Avenue,Bushby,,2,,none,reject,resolver found no tower
,Reading 3 Cranmer Close Tilehurst,Berkshire,2,,none,reject,resolver found no tower
St Mary-de-Castro,Leicester,,2,13828,high,accept,"high confidence, verified sample and dedication tokens"
St Mary & All Saints,Chesterfield,Derbyshire,2,13811,high,accept,"high confidence, verified sample and dedication tokens"
,Selby,,2,14413,medium,reject,adjudicated: multi-tower town with no building evidence
St Peter,South Croydon,Greater London,2,15156,high,accept,"high confidence, verified sample and dedication tokens"
Cathedral Church of Holy Spirit,Guildford,Surrey,2,14593,high,accept,"high confidence, verified sample and dedication tokens"
"St Mary le Bow, Cheapside",London,City of London,2,10588,high,accept,"high confidence, verified sample and dedication tokens"
St Patrick,Ballymena,Antrim,2,16273,high,accept,"high confidence, verified sample and dedication tokens"
Christ Church,Oxford,,2,14542,high,accept,"high confidence, verified sample and dedication tokens"
Cathedral,Newcastle-upon-Tyne,,2,10887,high,accept,"high confidence, verified sample and dedication tokens"
Trinity Church,New York City,New York,2,10490,high,accept,"high confidence, verified sample and dedication tokens"
Cathedral,Canterbury,,2,12513,high,accept,"high confidence, verified sample and dedication tokens"
St Martins,Leicester Cathedral,Leicestershire,2,,none,reject,resolver found no tower
St Michael and All Angels,Macclesfield,Cheshire,2,15811,high,accept,"high confidence, verified sample and dedication tokens"
Cathedral,Southwark,,2,16296,high,accept,"high confidence, verified sample and dedication tokens"
,Christchurch,Hants,2,,none,reject,resolver found no tower
Cathedral,Winchester,,2,14349,high,accept,"high confidence, verified sample and dedication tokens"
Cathedral,Lincoln,,2,12153,high,accept,"high confidence, verified sample and dedication tokens"
"St Michael, Cornhill",City of London,City of London,2,16131,high,accept,"high confidence, verified sample and dedication tokens"
"St Mary the Virgin, Redcliffe",Bristol,Bristol,2,12166,high,accept,"high confidence, verified sample and dedication tokens"
12 Hertford St,Cambridge,Cambridgeshire,2,,none,reject,resolver found no tower
"Cathedral Church of Holy Trinity, SS Peter, Paul and Swithun",Winchester,Hampshire,2,24847,high,accept,"high confidence, verified sample and dedication tokens"
Swan Bells,Perth,Western Australia,2,16028,high,accept,"high confidence, verified sample and dedication tokens"
43 Arkley Court,Holyport,Berkshire,2,,none,reject,resolver found no tower
All Saints,Covington,Cambridgeshire,1,12152,high,accept,"high confidence, verified sample and dedication tokens"
St Mary's,Watford,Hertfordshire,1,10317,high,accept,"high confidence, verified sample and dedication tokens"
"Trumpington, SS Mary and Michael",Trumpington,Cambridgeshire,1,10245,high,accept,"high confidence, verified sample and dedication tokens"
"Thistle Downe, Scotter Road",Messingham,North Lincolnshire,1,,none,reject,resolver found no tower
All Saints,Botley,Hampshire,1,12336,high,accept,"high confidence, verified sample and dedication tokens"
"Minster (clock chamber, SW tower)",York,,1,,none,reject,resolver found no tower
,Vergers Lodge,Warwickshire,1,,none,reject,resolver found no tower
St Mary,Haselor churchyard,Warwickshire,1,20685,high,accept,"high confidence, verified sample and dedication tokens"
St John the Baptist,Cayton,North Yorkshire,1,13166,high,accept,"high confidence, verified sample and dedication tokens"
St Andrews,Lismore,New South Wales,1,13969,high,accept,"high confidence, verified sample and dedication tokens"
,Worcester Beacon Malvern hills,Worcestershire,1,,none,reject,resolver found no tower
St Nicholas,Alcester St Nicholas,Warwickshire,1,12246,high,accept,"high confidence, verified sample and dedication tokens"
St Giles,Marston Montgomery,Derbyshire,1,14912,high,accept,"high confidence, verified sample and dedication tokens"
St Mary,South Stoneham,Hampshire,1,12022,high,accept,"high confidence, verified sample and dedication tokens"
,Weethley churchyard,Warwickshire,1,24503,high,accept,"high confidence, verified sample and dedication tokens"
St Nicholas,Vergers Lodge Alcester living room,Warwickshire,1,,none,reject,resolver found no tower
Holy Trinity,"Arrow church yard, Holy Trinity",Warwickshire,1,17954,high,accept,"high confidence, verified sample and dedication tokens"
St Helen,Gumley,Leicestershire,1,12591,high,accept,"high confidence, verified sample and dedication tokens"
St Peter,Horninghold,Leicestershire,1,15947,high,accept,"high confidence, verified sample and dedication tokens"
St Peter,Ashby Parva,Leicestershire,1,14035,high,accept,"high confidence, verified sample and dedication tokens"
St Mary,Newton Regis,Warwickshire,1,12378,high,accept,"high confidence, verified sample and dedication tokens"
,"Catshill, In the sunny garden",Worcestershire,1,17183,high,accept,"high confidence, verified sample and dedication tokens"
,Catshill in front of Tetrapanax Rex,Worcestershire,1,17183,high,accept,"high confidence, verified sample and dedication tokens"
,"Carding mill, lightspout waterfall",Shropshire,1,,none,reject,resolver found no tower
,"Nanny's cave, Kinver Edge",Worcestershire,1,,none,reject,resolver found no tower
All Saints,Dunton Bassett,Leicestershire,1,10436,high,accept,"high confidence, verified sample and dedication tokens"
St Nicholas,Frolesworth,Leicestershire,1,15480,high,accept,"high confidence, verified sample and dedication tokens"
All Saints,Downhead,Somerset,1,13456,high,accept,"high confidence, verified sample and dedication tokens"
St Mary,Sparham,Norfolk,1,12894,high,accept,"high confidence, verified sample and dedication tokens"
Holy Trinity,Sutton Montis,Somerset,1,14735,high,accept,"high confidence, verified sample and dedication tokens"
St Margaret,Long Riston,East Riding of Yorkshire,1,13408,high,accept,"high confidence, verified sample and dedication tokens"
Wimberry Apartments,Sheffield,South Yorkshire,1,,none,reject,resolver found no tower
St Mary,Sevington,Kent,1,10044,high,accept,"high confidence, verified sample and dedication tokens"
St Thomas a Becket,Fairfield,Kent,1,16768,high,accept,"high confidence, verified sample and dedication tokens"
,"Lickey church , holy trinity",Worcestershire,1,,none,reject,resolver found no tower
St Michael's Churchyard,Rushock,Worcestershire,1,23121,high,accept,"high confidence, verified sample and dedication tokens"
St Nicholas,Vergers Lodge Alcester front room,Warwickshire,1,,none,reject,resolver found no tower
St Martin,Welton le Wold,Lincolnshire,1,10470,high,accept,"high confidence, verified sample and dedication tokens"
,Kinwarton Dovecote,Warwickshire,1,21346,high,accept,"high confidence, verified sample and dedication tokens"
All Saints,Broughton,North Yorkshire,1,11473,high,accept,"high confidence, verified sample and dedication tokens"
All Saints,Lowesby,Leicestershire,1,13636,high,accept,"high confidence, verified sample and dedication tokens"
,"The Old Bakehouse, Ashton under Hill",Worcestershire,1,10526,high,accept,"high confidence, verified sample and dedication tokens"
All Saints,Didcot,Oxfordshire,1,17010,high,accept,"high confidence, verified sample and dedication tokens"
,Cofton Hackett St Michael's churchyard,Worcestershire,1,19278,high,accept,"high confidence, verified sample and dedication tokens"
St Michael,Great Oakley,Northamptonshire,1,12475,high,accept,"high confidence, verified sample and dedication tokens"
St Oswald,Grasmere,Cumbria,1,16299,high,accept,"high confidence, verified sample and dedication tokens"
St Mary the Virgin,Aldworth,Berkshire,1,11600,high,accept,"high confidence, verified sample and dedication tokens"
,Hopton castle,,1,21012,high,accept,"high confidence, verified sample and dedication tokens"
St Peter,Farmington,Gloucestershire,1,13213,high,accept,"high confidence, verified sample and dedication tokens"
St Nicholas,Vergers Lodge Alcester,Warwickshire,1,,none,reject,resolver found no tower
,Gumley,,1,12591,high,accept,"high confidence, verified sample and dedication tokens"
,"Tracey's Art Studio, Catshill",Worcestershire,1,17183,high,accept,"high confidence, verified sample and dedication tokens"
St Michael and St Martin,Eastleach Martin,Gloucestershire,1,10832,high,accept,"high confidence, verified sample and dedication tokens"
St Nicholas,Vergers Lodge,Warwickshire,1,,none,reject,resolver found no tower
St John the Baptist,Tunstall,Lancashire,1,14672,high,accept,"high confidence, verified sample and dedication tokens"
,Vegetable patch Catshill garden,Worcestershire,1,,none,reject,resolver found no tower
,"Wychbury obelisk, Hagley",Worcestershire,1,13672,high,accept,"high confidence, verified sample and dedication tokens"
,Catshill country garden,Worcestershire,1,17183,high,accept,"high confidence, verified sample and dedication tokens"
St Nicholas,Swayfield,Lincolnshire,1,13435,high,accept,"high confidence, verified sample and dedication tokens"
,"The Rookery Alcester, living room",Warwickshire,1,,none,reject,resolver found no tower
,The deck of ' The minds eye ',"Catshill ,Worcestershire",1,,none,reject,resolver found no tower
St Nicholas,Compton,Surrey,1,10309,high,accept,"high confidence, verified sample and dedication tokens"
St Peter,Monkton Farleigh,Wiltshire,1,13881,high,accept,"high confidence, verified sample and dedication tokens"
,Hanbury woods,Worcestershire,1,15060,high,accept,"high confidence, verified sample and dedication tokens"
,"Catshill ,Bromsgrove",Worcestershire,1,10080,high,accept,"high confidence, verified sample and dedication tokens"
Holy Trinity,Elsworth,Cambridgeshire,1,13909,high,accept,"high confidence, verified sample and dedication tokens"
St Bartholomew,Chalvington,East Sussex,1,15885,high,accept,"high confidence, verified sample and dedication tokens"
St James,Waresley,Cambridgeshire,1,11423,high,accept,"high confidence, verified sample and dedication tokens"
St John the Baptist,Aston Cantlow memorial garden,Warwickshire,1,,none,reject,resolver found no tower
St Nicholas,"Vergers Lodge Alcester, front room",Warwickshire,1,,none,reject,resolver found no tower
,"Vergers lodge, Alcester",Warwickshire,1,12246,high,accept,"high confidence, verified sample and dedication tokens"
All Saints,Ledsham,West Yorkshire,1,10220,high,accept,"high confidence, verified sample and dedication tokens"
St Michael and All Angels,Ravenstone,Leicestershire,1,13799,high,accept,"high confidence, verified sample and dedication tokens"
St Remigius,Water Newton,Cambridgeshire,1,15487,high,accept,"high confidence, verified sample and dedication tokens"
St Mary the Virgin,Nether Broughton,Leicestershire,1,13786,high,accept,"high confidence, verified sample and dedication tokens"
St Margaret,Fernhurst,West Sussex,1,11575,high,accept,"high confidence, verified sample and dedication tokens"
St Peter,West Tytherley,Hampshire,1,10070,high,accept,"high confidence, verified sample and dedication tokens"
All Saints,Goodmanham,East Riding of Yorkshire,1,15213,high,accept,"high confidence, verified sample and dedication tokens"
Holy Cross,Bury,Cambridgeshire,1,16571,high,accept,"high confidence, verified sample and dedication tokens"
St Katherine,Netherhampton,Wiltshire,1,10921,high,accept,"high confidence, verified sample and dedication tokens"
St Thomas a Becket,Lovington,Somerset,1,10570,high,accept,"high confidence, verified sample and dedication tokens"
Blessed Virgin Mary,Yarlington,Somerset,1,11190,high,accept,"high confidence, verified sample and dedication tokens"
St Peter,South Barrow,Somerset,1,15573,high,accept,"high confidence, verified sample and dedication tokens"
,Mynedd Mechell,Anglesey,1,,none,reject,resolver found no tower
,Parys Mountain Copper mine,Anglesey,1,,none,reject,resolver found no tower
St Mary,North Somercotes,Lincolnshire,1,16402,high,accept,"high confidence, verified sample and dedication tokens"
,"The Rookery, Alcester",Warwickshire,1,12246,high,accept,"high confidence, verified sample and dedication tokens"
,Pontysyllte Aquaduct,,1,,none,reject,resolver found no tower
Estate Church of St Oswald's,Blankney,Lincolnshire,1,12203,high,accept,"high confidence, verified sample and dedication tokens"
St Martin,Hayton,East Riding of Yorkshire,1,14369,high,accept,"high confidence, verified sample and dedication tokens"
St Clement,Grainthorpe,Lincolnshire,1,13588,high,accept,"high confidence, verified sample and dedication tokens"
,Beaumaris sea front,Anglesey,1,,none,reject,resolver found no tower
All Saints,Langton Long Blandford,Dorset,1,15188,high,accept,"high confidence, verified sample and dedication tokens"
St Mary,Wilsford,Lincolnshire,1,17057,high,accept,"high confidence, verified sample and dedication tokens"
,"Penllidiart, Mynydd mechell",Anglesey,1,,none,reject,resolver found no tower
St Peter,Shepton Montague,Somerset,1,12214,high,accept,"high confidence, verified sample and dedication tokens"
Cornhill Close,Duffield,Derbyshire,1,,none,reject,resolver found no tower
,"Catshill, the patio garden",Worcestershire,1,17183,high,accept,"high confidence, verified sample and dedication tokens"
St Philippe de Torteval,Torteval,Guernsey,1,11796,high,accept,"high confidence, verified sample and dedication tokens"
St John the Baptist,Middleton,Warwickshire,1,15719,high,accept,"high confidence, verified sample and dedication tokens"
,Ringing Room,,1,,none,reject,resolver found no tower
,Catshill Bromsgrove,,1,17183,high,accept,"high confidence, verified sample and dedication tokens"
,Catshill lighthouse!,Warwickshire,1,,none,reject,resolver found no tower
Brambles Villa East,Lundy Island,Devon,1,11248,medium,reject,adjudicated: named private ring or non-church venue
St Giles,Lockton,North Yorkshire,1,21737,high,accept,"high confidence, verified sample and dedication tokens"
Kinver,Ringing Room,,1,,none,reject,resolver found no tower
All Saints,Preston,Gloucestershire,1,12775,high,accept,"high confidence, verified sample and dedication tokens"
St Swithun,Woodborough,Nottinghamshire,1,12096,high,accept,"high confidence, verified sample and dedication tokens"
St Mary,Coity,Mid Glamorgan,1,13249,high,accept,"high confidence, verified sample and dedication tokens"
St Nicholas,Withycombe,Somerset,1,15088,high,accept,"high confidence, verified sample and dedication tokens"
,Alkham,,1,16602,high,accept,"high confidence, verified sample and dedication tokens"
,"Hayes, The Study, Everard Avenue",Kent,1,,none,reject,resolver found no tower
,Stoke Orchard (Bellflowermews),Gloucestershire,1,,none,reject,resolver found no tower
,Carlton,Beds,1,15609,high,accept,"high confidence, verified sample and dedication tokens"
,Ampton,Suffolk,1,16426,high,accept,"high confidence, verified sample and dedication tokens"
814 Filton Avenue,Filton,Gloucestershire,1,,none,reject,resolver found no tower
15 Preston Park,Faversham,Kent,1,,none,reject,resolver found no tower
St David,Llanarthne,Carmarthenshire,1,10235,high,accept,"high confidence, verified sample and dedication tokens"
Town Church,Guernsey,Channel Islands,1,,none,reject,resolver found no tower
St Mary,Chediston,Suffolk,1,12872,high,accept,"high confidence, verified sample and dedication tokens"
All Saints,Ringsfield,Suffolk,1,14026,high,accept,"high confidence, verified sample and dedication tokens"
"St Judes, Ringing Chamber",Randwick,"New South Wales, Australia",1,15415,high,accept,"high confidence, verified sample and dedication tokens"
All Saints,Parramatta,"New South Wales, Australia",1,15020,high,accept,"high confidence, verified sample and dedication tokens"
St Mary the Virgin,North Aston,Oxfordshire,1,11673,high,accept,"high confidence, verified sample and dedication tokens"
,Addington,Kent,1,16347,high,accept,"high confidence, verified sample and dedication tokens"
,Ringing Room,Corston,1,,none,reject,resolver found no tower
,Yapton,,1,11297,high,accept,"high confidence, verified sample and dedication tokens"
St Laurence,Lighthorne,Warwickshire,1,12108,high,accept,"high confidence, verified sample and dedication tokens"
St Margaret,Margaret Marsh,Dorset,1,17127,high,accept,"high confidence, verified sample and dedication tokens"
St Richard,Aldwick,West Sussex,1,15116,high,accept,"high confidence, verified sample and dedication tokens"
8 Derry Park,Minety,Wiltshire,1,,none,reject,resolver found no tower
,Spofforth,,1,11284,high,accept,"high confidence, verified sample and dedication tokens"
,Barbon,,1,12443,high,accept,"high confidence, verified sample and dedication tokens"
Rose Cottage,West Raddon,Devon,1,,none,reject,resolver found no tower
"38 Cusworth House, Doncaster",Doncaster,South Yorkshire,1,,none,reject,resolver found no tower
,Trotton,,1,15306,high,accept,"high confidence, verified sample and dedication tokens"
,Graffham,,1,15265,high,accept,"high confidence, verified sample and dedication tokens"
St Peter and St Paul,Ospringe Ringing Chamber,Kent,1,16263,high,accept,"high confidence, verified sample and dedication tokens"
,Sparsholt,,1,14627,medium,reject,adjudicated: multi-tower town with no building evidence
St Peter,Sibthorpe,Nottinghamshire,1,14717,high,accept,"high confidence, verified sample and dedication tokens"
94 Cotham Brow Garden,Bristol,Bristol,1,,none,reject,resolver found no tower
St George,Stowlangtoft,Suffolk,1,15053,high,accept,"high confidence, verified sample and dedication tokens"
St John-the-Baptist,Newtown,Hampshire,1,14600,medium,accept,"medium, building shares dedication evidence"
'Halcyon',Evercreech,Somerset,1,14423,medium,reject,adjudicated: building appears to be a house name
"School Chapel Arts Centre, Cann",Shaftesbury,Dorset,1,15589,high,accept,"high confidence, verified sample and dedication tokens"
St Michael and All Angels,Halton,Buckinghamshire,1,10277,high,accept,"high confidence, verified sample and dedication tokens"
St Mary,Cheldon,Devon,1,10599,high,accept,"high confidence, verified sample and dedication tokens"
Elizabeth college,Guernsey,Channel islands,1,,none,reject,resolver found no tower
St George,George Nympton,Devon,1,11187,high,accept,"high confidence, verified sample and dedication tokens"
Quay visitors car park,Poole,Dorset,1,,none,reject,resolver found no tower
St George,Orcheston,Wiltshire,1,12440,high,accept,"high confidence, verified sample and dedication tokens"
Holy Trinity,Takeley,Essex,1,16989,high,accept,"high confidence, verified sample and dedication tokens"
St Mary,Winterborne Zelston,Dorset,1,16289,high,accept,"high confidence, verified sample and dedication tokens"
St Mary the Virgin,Buscot,Oxfordshire,1,12654,high,accept,"high confidence, verified sample and dedication tokens"
St Mary,Buscot,Oxfordshire,1,12654,high,accept,"high confidence, verified sample and dedication tokens"
St Mary,Slindon,West Sussex,1,11543,high,accept,"high confidence, verified sample and dedication tokens"
St Catherine,Draughton,Northamptonshire,1,12586,high,accept,"high confidence, verified sample and dedication tokens"
St James the Apostle,Bondleigh,Devon,1,13502,high,accept,"high confidence, verified sample and dedication tokens"
4 St Denys Close,Stanford in the Vale,Oxfordshire,1,,none,reject,resolver found no tower
,Kilsby,,1,16154,high,accept,"high confidence, verified sample and dedication tokens"
St Nicholas,Lutton,Lincolnshire,1,13833,high,accept,"high confidence, verified sample and dedication tokens"
,Cold Ashby,,1,11572,high,accept,"high confidence, verified sample and dedication tokens"
Balgonie Rd,Chingford,Greater London,1,,none,reject,resolver found no tower
Brittany Ferries Islander (outside deck),English Channel,,1,,none,reject,resolver found no tower
Vale Church,Guernsey,Channel Islands,1,,none,reject,resolver found no tower
,Thorpe Achurch,,1,11215,high,accept,"high confidence, verified sample and dedication tokens"
"NB Thistle, Bancroft Basin",Stratford Upon Avon,Warwickshire,1,,none,reject,resolver found no tower
"NB Thistle, Docks Barge Arm",Gloucester,Gloucestershire,1,,none,reject,resolver found no tower
74100 Platanes,Rethymno,Greece,1,,none,reject,resolver found no tower
"City Wall, by North Eastern Railways War Memorial",York,North Yorkshire,1,,none,reject,resolver found no tower
St Anthony,Alkham,Kent,1,16602,high,accept,"high confidence, verified sample and dedication tokens"
,Winterbourne Zelston,,1,,none,reject,resolver found no tower
All Saints,Winwick,Cambridgeshire,1,15407,high,accept,"high confidence, verified sample and dedication tokens"
,Landgon Hills,,1,,none,reject,resolver found no tower
Ambridge,Guernsey,CI,1,,none,reject,resolver found no tower
The Tree of Achilleos,Chingford (Pole Hill),Greater London,1,,none,reject,resolver found no tower
St John the Baptist,Wistow,Cambridgeshire,1,10391,high,accept,"high confidence, verified sample and dedication tokens"
Brittany Ferries Islander,Portsmouth,Hampshire,1,,none,reject,resolver found no tower
Beagle Channel,On board the MS Roald Amundsen,Argentina,1,,none,reject,resolver found no tower
7 Bradley Drive,Tunstall,Kent,1,,none,reject,resolver found no tower
1st Solihull Scout Hut,Solihull,West Midlands,1,,none,reject,resolver found no tower
St John the Baptist,Achurch,Northamptonshire,1,11215,high,accept,"high confidence, verified sample and dedication tokens"
All Saints,Hargrave,Northamptonshire,1,15554,high,accept,"high confidence, verified sample and dedication tokens"
St Michael,Church Brough,Cumbria,1,12920,high,accept,"high confidence, verified sample and dedication tokens"
St Peter,Allexton,Leicestershire,1,11242,high,accept,"high confidence, verified sample and dedication tokens"
Parish and Civic Church of St Mary-Le-Wigford,Lincoln,Lincolnshire,1,13659,high,accept,"high confidence, verified sample and dedication tokens"
St John the Baptist,Old Dalby,Leicestershire,1,11760,high,accept,"high confidence, verified sample and dedication tokens"
St Thomas a Becket,Tugby,Leicestershire,1,10604,high,accept,"high confidence, verified sample and dedication tokens"
St Swithin,Bicker,Lincolnshire,1,15363,high,accept,"high confidence, verified sample and dedication tokens"
St James the Great,Melsonby,North Yorkshire,1,11174,high,accept,"high confidence, verified sample and dedication tokens"
St Mary and Holy Rood,Donington,Lincolnshire,1,14561,high,accept,"high confidence, verified sample and dedication tokens"
Millcombe House,Lundy Island,Devon,1,,none,reject,resolver found no tower
St Faith,Kilsby,Northamptonshire,1,16154,high,accept,"high confidence, verified sample and dedication tokens"
St David and St Cyfelach,Llangyfelach,Swansea,1,16766,high,accept,"high confidence, verified sample and dedication tokens"
St Mary,Conington,Cambridgeshire,1,12209,high,accept,"high confidence, verified sample and dedication tokens"
,Holmbury St Mary Youth Hostel,Surrey,1,20958,high,accept,"high confidence, verified sample and dedication tokens"
76 Rectory Road,Ipswich,Suffolk,1,,none,reject,resolver found no tower
Chestnut Avenue,Chandler's Ford,Hampshire,1,,none,reject,resolver found no tower
St Mark,Brighton,Sussex,1,16546,high,accept,"high confidence, verified sample and dedication tokens"
The Spire,Ufton Nervet,Berkshire,1,14700,high,accept,"high confidence, verified sample and dedication tokens"
St Alphege churchyard,Solihull,W Midlands,1,,none,reject,resolver found no tower
Hereward Rise,Halesowen,West Midlands,1,16876,medium,reject,adjudicated: building appears to be a house name
NB Thistle,Lapworth,Warwickshire,1,,none,reject,resolver found no tower
"In a tree, by the gate of Wootton Wawen Primary School",Wootton Wawen,Warwickshire,1,10550,medium,reject,adjudicated: named private ring or non-church venue
Station Buildings,Ludlow,Shropshire,1,,none,reject,resolver found no tower
,Purleigh,,1,16474,high,accept,"high confidence, verified sample and dedication tokens"
St Paul,Broadwell,Gloucestershire,1,10795,high,accept,"high confidence, verified sample and dedication tokens"
St Benedict,Candlesby,Lincolnshire,1,16669,high,accept,"high confidence, verified sample and dedication tokens"
St James,Arlington,Devon,1,12237,high,accept,"high confidence, verified sample and dedication tokens"
St Nicholas and St John the Baptist,Shepperton,Middlesex,1,,none,reject,resolver found no tower
Christ Church (Nave),Fairwarp,East Sussex,1,16191,high,accept,"high confidence, verified sample and dedication tokens"
17 Bateman Street,Cambridge,Cambridgeshire,1,,none,reject,resolver found no tower
,"Christ Church Cathedral, Dublin, Ireland",,1,,none,reject,resolver found no tower
Christ Church Cathedral,Dublin,Dublin,1,15915,high,accept,"high confidence, verified sample and dedication tokens"
St Andrew,Blo' Norton,Norfolk,1,10685,high,accept,"high confidence, verified sample and dedication tokens"
,Solihull,Warwickshire,1,11354,high,accept,"high confidence, verified sample and dedication tokens"
"Malvern Villas, New Road",Solihull,Warwickshire,1,,none,reject,resolver found no tower
,Bicester,Oxon,1,11528,high,accept,"high confidence, verified sample and dedication tokens"
St Dunstan,Canterbury,Kent,1,10102,high,accept,"high confidence, verified sample and dedication tokens"
All Saints,Riseley,Bedfordshire,1,16215,high,accept,"high confidence, verified sample and dedication tokens"
,Sulgrave,,1,15537,high,accept,"high confidence, verified sample and dedication tokens"
Village Green,Fairwarp,East Sussex,1,16191,medium,reject,adjudicated: named private ring or non-church venue
All Saints,Heath,Derbyshire,1,13611,high,accept,"high confidence, verified sample and dedication tokens"
Holy Trinity,Stourpaine,Dorset,1,16820,high,accept,"high confidence, verified sample and dedication tokens"
All Hallows,Tillington,West Sussex,1,12892,high,accept,"high confidence, verified sample and dedication tokens"
St John the Baptist,Ripe,East Sussex,1,13971,high,accept,"high confidence, verified sample and dedication tokens"
,,Oxon,1,,none,reject,resolver found no tower
Holy Rood,Ampney Crucis,Gloucestershire,1,11001,high,accept,"high confidence, verified sample and dedication tokens"
"Flat 2, 22 Carpenter Road",Edgbaston,West Midlands,1,,none,reject,resolver found no tower
St Nicholas,Bishops Sutton,Hampshire,1,,none,reject,resolver found no tower
27 Shackleton Close,Market Deeping,Lincolnshire,1,,none,reject,resolver found no tower
St Bartholomew,Ducklington,Oxfordshire,1,13577,high,accept,"high confidence, verified sample and dedication tokens"
St Mary,Bronllys,Powys,1,11553,high,accept,"high confidence, verified sample and dedication tokens"
St Mary,Edgeworth,Gloucestershire,1,12295,high,accept,"high confidence, verified sample and dedication tokens"
St Cuthbert,Doveridge,Derbyshire,1,16095,high,accept,"high confidence, verified sample and dedication tokens"
St Michael,Hunston,Suffolk,1,12206,high,accept,"high confidence, verified sample and dedication tokens"
St Andrew,Old Chesterton,Cambridgeshire,1,,none,reject,resolver found no tower
221 Portreath Drive,Allestree,Derbyshire,1,,none,reject,resolver found no tower
St Mary,Huntingfield,Suffolk,1,10796,high,accept,"high confidence, verified sample and dedication tokens"
St John the Baptist,Willey,Shropshire,1,13436,high,accept,"high confidence, verified sample and dedication tokens"
St Peter and St Paul,Hambledon,Hampshire,1,15195,high,accept,"high confidence, verified sample and dedication tokens"
,Acton,Suffolk,1,11817,high,accept,"high confidence, verified sample and dedication tokens"
Elizabeth College,Guernsey,CI,1,,none,reject,resolver found no tower
St Mary Magdalene,South Marston,Wiltshire,1,12116,high,accept,"high confidence, verified sample and dedication tokens"
,Brampford Speke,,1,16477,high,accept,"high confidence, verified sample and dedication tokens"
Baptist Church,Tottlebank,Lancs,1,,none,reject,resolver found no tower
,Little Houghton,,1,12180,high,accept,"high confidence, verified sample and dedication tokens"
St Mary,Silchester,Hampshire,1,11482,high,accept,"high confidence, verified sample and dedication tokens"
,Accrington,Lancashire,1,10851,medium,reject,adjudicated: multi-tower town with no building evidence
38 Heath Park Road,Buxton,Derbyshire,1,,none,reject,resolver found no tower
,Hatherop,,1,13680,high,accept,"high confidence, verified sample and dedication tokens"
St Denys,Eaton,Leicestershire,1,14224,high,accept,"high confidence, verified sample and dedication tokens"
"Whingarth, Ridge Road",Marple,Cheshire,1,,none,reject,resolver found no tower
,Warmley,,1,12727,high,accept,"high confidence, verified sample and dedication tokens"
St Andrew,Loxton,Somerset,1,15864,high,accept,"high confidence, verified sample and dedication tokens"
The Residence of Mr F Lambert,Halesworth,Suffolk,1,10096,medium,reject,adjudicated: named private ring or non-church venue
7 Waterside,Marple,Cheshire,1,,none,reject,resolver found no tower
All Saints,Great Barford,Bedfordshire,1,16610,high,accept,"high confidence, verified sample and dedication tokens"
St Bartholomew,Church Minshull,Cheshire,1,13761,high,accept,"high confidence, verified sample and dedication tokens"
"St Peter, Twineham",Ringing Room,,1,,none,reject,resolver found no tower
Thursday Doubles Club,Ringing Room,,1,,none,reject,resolver found no tower
St Peter,Copdock,Suffolk,1,16654,high,accept,"high confidence, verified sample and dedication tokens"
St Andrew,Bramfield,Suffolk,1,15164,high,accept,"high confidence, verified sample and dedication tokens"
Wyggeston Grammar School for Boys,Leicester,Leics,1,,none,reject,resolver found no tower
Polmear Lodge,Guernsey,CI,1,,none,reject,resolver found no tower
All Saints,Farnborough,Berkshire,1,10629,high,accept,"high confidence, verified sample and dedication tokens"
All Saints,Winterton,Lincolnshire,1,10848,high,accept,"high confidence, verified sample and dedication tokens"
St Catherine,Ludham,Norfolk,1,15469,high,accept,"high confidence, verified sample and dedication tokens"
St Laurence and All Saints,Eastwood,Essex,1,16429,high,accept,"high confidence, verified sample and dedication tokens"
All Saints,Coddington,Herefordshire,1,10925,high,accept,"high confidence, verified sample and dedication tokens"
St Bartholomew,Thurstaston,Merseyside,1,11603,high,accept,"high confidence, verified sample and dedication tokens"
,Skillington,,1,13675,high,accept,"high confidence, verified sample and dedication tokens"
St Piran,Perranarworthal,Cornwall,1,14036,high,accept,"high confidence, verified sample and dedication tokens"
All Saints,Merriott,Somerset,1,13036,high,accept,"high confidence, verified sample and dedication tokens"
All Saints,Wetheringsett,Suffolk,1,15546,high,accept,"high confidence, verified sample and dedication tokens"
SS Peter and Mary (Ringing Chamber),Stowmarket,Suffolk,1,10131,medium,accept,"sole tower in town, building is ecclesiastical"
,Cotterstock,,1,12936,high,accept,"high confidence, verified sample and dedication tokens"
227 Greenhill Road,Adelaide,South Australia,1,,none,reject,resolver found no tower
"St Andrew's, Ringing Chamber.","Walkerville, Adelaide",South Australia,1,17138,high,accept,"high confidence, verified sample and dedication tokens"
St Peter,Stockbridge,Hampshire,1,16227,high,accept,"high confidence, verified sample and dedication tokens"
St Margaret,Lewknor,Oxfordshire,1,11230,high,accept,"high confidence, verified sample and dedication tokens"
St Mary,Abbotts Ann,Hampshire,1,15904,high,accept,"high confidence, verified sample and dedication tokens"
,Little Glemham,,1,14569,high,accept,"high confidence, verified sample and dedication tokens"
,Leck,,1,16898,high,accept,"high confidence, verified sample and dedication tokens"
St Bartholomew,Oake,Somerset,1,12698,high,accept,"high confidence, verified sample and dedication tokens"
Arborfield,Little Aston,Warks,1,,none,reject,resolver found no tower
School House,Burbage,Derbyshire,1,,none,reject,resolver found no tower
All Saints,Hordle,Hampshire,1,14809,high,accept,"high confidence, verified sample and dedication tokens"
St Bega,Bassenthwaite,Cumberland,1,18168,high,accept,"high confidence, verified sample and dedication tokens"
,Earl Stonham,,1,13850,high,accept,"high confidence, verified sample and dedication tokens"
St Mary,Great Bedwyn,Wiltshire,1,13806,high,accept,"high confidence, verified sample and dedication tokens"
St Michael,Heckfield,Hampshire,1,14134,high,accept,"high confidence, verified sample and dedication tokens"
All Saints,Chilton,Oxfordshire,1,10648,high,accept,"high confidence, verified sample and dedication tokens"
The Plantagenet Ring,Church Lawford,Warwicks,1,12558,high,accept,"high confidence, verified sample and dedication tokens"
St Mary,Turville,Buckinghamshire,1,15373,high,accept,"high confidence, verified sample and dedication tokens"
All saints,Wilbarston,Northamptonshire,1,13270,high,accept,"high confidence, verified sample and dedication tokens"
St Nicholas,Stanford on Avon,Northamptonshire,1,14768,high,accept,"high confidence, verified sample and dedication tokens"
St John Baptist,South Collingham,Nottinghamshire,1,11916,high,accept,"high confidence, verified sample and dedication tokens"
St Nicholas,Bulwick,Northamptonshire,1,11146,high,accept,"high confidence, verified sample and dedication tokens"
St Mary V,Stevington,Bedfordshire,1,14643,high,accept,"high confidence, verified sample and dedication tokens"
SS Peter and Paul,Courteenhall,Northamptonshire,1,14320,high,accept,"high confidence, verified sample and dedication tokens"
St John Baptist,Boughton,Northamptonshire,1,11973,high,accept,"high confidence, verified sample and dedication tokens"
All Saints,Naseby,Northamptonshire,1,10666,high,accept,"high confidence, verified sample and dedication tokens"
St Michael and All Angels,Marden,Kent,1,16564,high,accept,"high confidence, verified sample and dedication tokens"
Dedication Unknown,Corley,Warwickshire,1,16606,high,accept,"high confidence, verified sample and dedication tokens"
SS Peter and Paul,Easton Maudit,Northamptonshire,1,11975,high,accept,"high confidence, verified sample and dedication tokens"
,Arnold,Nottinghamshire,1,17152,high,accept,"high confidence, verified sample and dedication tokens"
Cathedral Church of St Peter the Apostle,Hamilton,New Zealand,1,13098,high,accept,"high confidence, verified sample and dedication tokens"
The Kowhai Mini Ring,Oamaru,New Zealand,1,,none,reject,resolver found no tower
St Peter,Ketteringham,Norfolk,1,13687,high,accept,"high confidence, verified sample and dedication tokens"
St Martin,Welton,Northamptonshire,1,11036,high,accept,"high confidence, verified sample and dedication tokens"
Parish Church,Lytchett Minster,Dorset,1,15544,medium,accept,"sole tower in town, building is ecclesiastical"
Christ Church,Colliers Wood,Greater London,1,13606,high,accept,"high confidence, verified sample and dedication tokens"
,Carhampton,Somerset,1,14980,high,accept,"high confidence, verified sample and dedication tokens"
St John the Evangelist,Brigg,Lincolnshire,1,13867,high,accept,"high confidence, verified sample and dedication tokens"
St Mary,Chilham,Kent,1,12618,high,accept,"high confidence, verified sample and dedication tokens"
St Faith,Berrow,Worcestershire,1,14786,high,accept,"high confidence, verified sample and dedication tokens"
St Mary Magdalene,Eardisley,Sir Gaerfyrddin,1,,none,reject,resolver found no tower
All Saints,Husbands Bosworth,Leicestershire,1,10190,high,accept,"high confidence, verified sample and dedication tokens"
All Saints,Theddingworth,Leicestershire,1,13683,high,accept,"high confidence, verified sample and dedication tokens"
All Saints,Lubenham,Leicestershire,1,16085,high,accept,"high confidence, verified sample and dedication tokens"
St John Baptist,Great Carlton,Lincolnshire,1,14583,high,accept,"high confidence, verified sample and dedication tokens"
St Mary,Great Shefford,Berkshire,1,14533,high,accept,"high confidence, verified sample and dedication tokens"
St Peter and St Paul,Caistor,Lincolnshire,1,13804,high,accept,"high confidence, verified sample and dedication tokens"
St Mary the Virgin,Crimplesham,Norfolk,1,14792,high,accept,"high confidence, verified sample and dedication tokens"
SS Mary and Milburgh,Offenham,Worcestershire,1,16128,high,accept,"high confidence, verified sample and dedication tokens"
All Saints,North Cave,East Yorkshire,1,,none,reject,resolver found no tower
Spurriergate Centre,York,,1,10509,high,accept,"high confidence, verified sample and dedication tokens"
St Botolph without Aldgate,City of London,,1,12429,high,accept,"high confidence, verified sample and dedication tokens"
St Lawrence,Alton,Hants,1,11925,high,accept,"high confidence, verified sample and dedication tokens"
,"Trowbridge (various, Ding)",Wiltshire,1,,none,reject,resolver found no tower
,Ringing Room,South Manchester,1,,none,reject,resolver found no tower
St Luke,Stoke Prior,Herefordshire,1,11161,high,accept,"high confidence, verified sample and dedication tokens"
St Luke,Hickling,Nottinghamshire,1,13620,high,accept,"high confidence, verified sample and dedication tokens"
Holy Trinity,Shenington,Oxfordshire,1,14877,high,accept,"high confidence, verified sample and dedication tokens"
St Peter-ad-Vincula,South Newington,Oxfordshire,1,12604,high,accept,"high confidence, verified sample and dedication tokens"
,Merton,Surrey,1,,none,reject,resolver found no tower
All Saints,Barnby in the Willows,Nottinghamshire,1,14951,high,accept,"high confidence, verified sample and dedication tokens"
St John the Baptist Churchyard,Ripe,East Sussex,1,13971,high,accept,"high confidence, verified sample and dedication tokens"
18 Westwood Road,Southampton,Hampshire,1,,none,reject,resolver found no tower
All Saints,Winterslow,Wiltshire,1,10387,high,accept,"high confidence, verified sample and dedication tokens"
St Peter and St Paul,Cosgrove,Northamptonshire,1,16740,high,accept,"high confidence, verified sample and dedication tokens"
All Saints,Bubwith,East Riding of Yorkshire,1,12235,high,accept,"high confidence, verified sample and dedication tokens"
St Andrew's Vicarage,Derby,Derbyshire,1,,none,reject,resolver found no tower
Holy Trinity,Horfield,Bristol,1,14927,high,accept,"high confidence, verified sample and dedication tokens"
Nativity of the Blessed Virgin Mary,Madley,Herefordshire,1,11004,high,accept,"high confidence, verified sample and dedication tokens"
,Needwood,,1,,none,reject,resolver found no tower
St Andrew,Raveningham,Norfolk,1,15499,high,accept,"high confidence, verified sample and dedication tokens"
St Martin of Tours,St Martins,Shropshire,1,12760,high,accept,"high confidence, verified sample and dedication tokens"
,Paul,Cornwall,1,13468,high,accept,"high confidence, verified sample and dedication tokens"
All Saints,Kington Magna,Dorset,1,12051,high,accept,"high confidence, verified sample and dedication tokens"
,Coln St Dennis,,1,14549,high,accept,"high confidence, verified sample and dedication tokens"
,Ascott,Somerset,1,,none,reject,resolver found no tower
St Tysul,Llandysul,Ceredigion,1,11469,high,accept,"high confidence, verified sample and dedication tokens"
SS Peter and Paul,Ospringe,Kent,1,16263,high,accept,"high confidence, verified sample and dedication tokens"
St Mary the Virgin,Strensall,Yorkshire,1,15384,high,accept,"high confidence, verified sample and dedication tokens"
St Mary,Dallington,Northamptonshire,1,15899,high,accept,"high confidence, verified sample and dedication tokens"
94 Eastern Avenue,Reading,Berkshire,1,,none,reject,resolver found no tower
,Magor,Monmouthshire,1,14698,high,accept,"high confidence, verified sample and dedication tokens"
St Mary,Magor,Monmouthshire,1,14698,high,accept,"high confidence, verified sample and dedication tokens"
,Great Gidding,,1,16711,high,accept,"high confidence, verified sample and dedication tokens"
St Michael,Compton Martin,Somerset,1,13412,high,accept,"high confidence, verified sample and dedication tokens"
St Nicholas,Standish,Gloucestershire,1,12798,high,accept,"high confidence, verified sample and dedication tokens"
Holy Trinity,Bowerchalke,Wiltshire,1,11689,high,accept,"high confidence, verified sample and dedication tokens"
SS. Mary & Nicholas,Compton Parva,Berkshire,1,11395,high,accept,"high confidence, verified sample and dedication tokens"
St Helen,Trowell,Nottinghamshire,1,15498,high,accept,"high confidence, verified sample and dedication tokens"
Tow path opposite Aston's Eyot (The Very Lonely Rooster),Oxford,Oxfordshire,1,,none,reject,resolver found no tower
26 Sancton Rd,Market Weighton,East Yorkshire,1,,none,reject,resolver found no tower
,Belper,Derbyshire,1,16536,medium,reject,adjudicated: multi-tower town with no building evidence
,Gayton,Northamptonshire,1,13295,high,accept,"high confidence, verified sample and dedication tokens"
St Peter,Astley,Worcestershire,1,15965,high,accept,"high confidence, verified sample and dedication tokens"
St Andrew,Nether Wallop,Hampshire,1,10117,high,accept,"high confidence, verified sample and dedication tokens"
10 Knipe Close,Huntingdon,,1,,none,reject,resolver found no tower
33 Westbourne Avenue,Kingston upon Hull,,1,,none,reject,resolver found no tower
St James the Apostle,Swimbridge,Devon,1,16570,high,accept,"high confidence, verified sample and dedication tokens"
All Saints,Hillesden,Buckinghamshire,1,12887,high,accept,"high confidence, verified sample and dedication tokens"
,Charlton,Wiltshire,1,19071,high,accept,"high confidence, verified sample and dedication tokens"
ss Peter & Paul,Pettistree,Suffolk,1,13016,high,accept,"high confidence, verified sample and dedication tokens"
Humphrey Perkins School,Barrow-on-Soar,Leics,1,14755,medium,reject,adjudicated: named private ring or non-church venue
,Pettistree,,1,13016,high,accept,"high confidence, verified sample and dedication tokens"
St Mary,Cratfield,Suffolk,1,14556,high,accept,"high confidence, verified sample and dedication tokens"
,Silk Willoughby,,1,11578,high,accept,"high confidence, verified sample and dedication tokens"
St John Ev,Clevedon,Somerset,1,15021,high,accept,"high confidence, verified sample and dedication tokens"
St Peter,Hartshorne,Derbyshire,1,15102,high,accept,"high confidence, verified sample and dedication tokens"
,Hendon,Middlesex,1,13894,high,accept,"high confidence, verified sample and dedication tokens"
,Warehorne,,1,17059,high,accept,"high confidence, verified sample and dedication tokens"
St Peter,Monks Eleigh,Suffolk,1,10872,high,accept,"high confidence, verified sample and dedication tokens"
All Saints,Houghton Conquest,Bedfordshire,1,13569,high,accept,"high confidence, verified sample and dedication tokens"
St Nicholas,Sutton St Nicholas,Herefordshire,1,13524,high,accept,"high confidence, verified sample and dedication tokens"
St Mary the Virgin,Fryerning,Essex,1,12553,high,accept,"high confidence, verified sample and dedication tokens"
St Mary,Micheldever,Hampshire,1,13846,high,accept,"high confidence, verified sample and dedication tokens"
Blessed V Mary,Ston Easton,Somerset,1,10029,medium,accept,"sole tower in town, building is ecclesiastical"
"St Andrew's,",Potterhanworth,"Lincolnshire,",1,14584,high,accept,"high confidence, verified sample and dedication tokens"
St Andrew,Potterhanworth,Lincolnshire,1,14584,high,accept,"high confidence, verified sample and dedication tokens"
St Swithun,Shobrooke,Devon,1,13768,high,accept,"high confidence, verified sample and dedication tokens"
St Mary the Virgin,Rewe,Devon,1,13175,high,accept,"high confidence, verified sample and dedication tokens"
St John the Baptist,Charlton,Wiltshire,1,19071,medium,reject,adjudicated: names a saint absent from the sole tower
St James,Waterfoot,Lancashire,1,,none,reject,resolver found no tower
"St Peter, West Liss",Liss,Hampshire,1,10378,high,accept,"high confidence, verified sample and dedication tokens"
St Andrew,Owslebury,Hampshire,1,16439,high,accept,"high confidence, verified sample and dedication tokens"
St Peter,Stanton Lacy,Shropshire,1,12343,high,accept,"high confidence, verified sample and dedication tokens"
St Edmund King and Martyr,Tendring,Essex,1,14995,high,accept,"high confidence, verified sample and dedication tokens"
College,Winchester,,1,11660,high,accept,"high confidence, verified sample and dedication tokens"
Abbey Ch of St Andrew,Sempringham,Lincolnshire,1,15245,high,accept,"high confidence, verified sample and dedication tokens"
St Gregory,Weare,Somerset,1,11112,high,accept,"high confidence, verified sample and dedication tokens"
All Saints,Curry Mallet,Somerset,1,12423,high,accept,"high confidence, verified sample and dedication tokens"
St George the Martyr,Dean Prior,Devon,1,11393,high,accept,"high confidence, verified sample and dedication tokens"
St Leonard,Wollaton,Nottinghamshire,1,12674,high,accept,"high confidence, verified sample and dedication tokens"
Piglet in the Wilde,Marston Bigot,Somerset,1,17035,medium,reject,adjudicated: building appears to be a house name
St Benet Fink,City of London,,1,21749,medium,accept,"medium, building shares dedication evidence"
St John the Baptist,Garboldisham,Norfolk,1,10815,high,accept,"high confidence, verified sample and dedication tokens"
,Worcester Cathedral Ringing Room,Worcestershire,1,,none,reject,resolver found no tower
All Saints,Hitcham,Suffolk,1,13509,high,accept,"high confidence, verified sample and dedication tokens"
,Fallowfield,Lancs,1,16503,high,accept,"high confidence, verified sample and dedication tokens"
"Watford, Wickford",Ringing Room,,1,,none,reject,resolver found no tower
"Watford, Hemel Hempstead",Ringing Room,,1,,none,reject,resolver found no tower
St Mary the Virgin,Hemingbrough,North Yorkshire,1,10529,high,accept,"high confidence, verified sample and dedication tokens"
All Saints,Rockwell Green,Somerset,1,10049,high,accept,"high confidence, verified sample and dedication tokens"
St James,Preston Plucknett,Somerset,1,14971,high,accept,"high confidence, verified sample and dedication tokens"
,Fulbeck,,1,15670,high,accept,"high confidence, verified sample and dedication tokens"
Mor-Awelon,Swansea,Glam,1,16084,medium,reject,adjudicated: building appears to be a house name
,Limpsfield Chart,,1,16336,high,accept,"high confidence, verified sample and dedication tokens"
,Gaywood,,1,14029,high,accept,"high confidence, verified sample and dedication tokens"
,Rattlesden,,1,11214,high,accept,"high confidence, verified sample and dedication tokens"
St Mary,Widford,Essex,1,11451,high,accept,"high confidence, verified sample and dedication tokens"
,Wollaston,Worcs,1,12980,high,accept,"high confidence, verified sample and dedication tokens"
St Mary and All Saints,Willoughby-on-the-Wolds,Nottinghamshire,1,12133,high,accept,"high confidence, verified sample and dedication tokens"
St Peter,Great Totham,Essex,1,12187,high,accept,"high confidence, verified sample and dedication tokens"
,Newdigate,,1,15916,high,accept,"high confidence, verified sample and dedication tokens"
St Germain,Bobbingworth,Essex,1,10142,high,accept,"high confidence, verified sample and dedication tokens"
,Ingoldmells,,1,15549,high,accept,"high confidence, verified sample and dedication tokens"
St Mary,Mablethorpe,Lincolnshire,1,12692,high,accept,"high confidence, verified sample and dedication tokens"
St Paul,Tiverton,Devon,1,11748,high,accept,"high confidence, verified sample and dedication tokens"
St Mary,St Mary Cray,Kent,1,,none,reject,resolver found no tower
St Petrock,Lydford,Devon,1,16380,high,accept,"high confidence, verified sample and dedication tokens"
SS Peter and Paul,Wigtoft,Lincolnshire,1,16557,high,accept,"high confidence, verified sample and dedication tokens"
The Ascension,Southampton (Bitterne Park),Hampshire,1,,none,reject,resolver found no tower
Former Church of St Mary Magdalene,Monkton,Devon,1,17027,high,accept,"high confidence, verified sample and dedication tokens"
St John the Evangelist,Penge,Kent,1,,none,reject,resolver found no tower
St John the Baptist,Symondsbury,Dorset,1,13031,high,accept,"high confidence, verified sample and dedication tokens"
All Saints,Danehill,East Sussex,1,17032,high,accept,"high confidence, verified sample and dedication tokens"
St Giles,Chetton,Shropshire,1,14526,high,accept,"high confidence, verified sample and dedication tokens"
St Helen,Alveston,Gloucestershire,1,11351,high,accept,"high confidence, verified sample and dedication tokens"
St Mary the Virgin,Stebbing,Essex,1,12071,high,accept,"high confidence, verified sample and dedication tokens"
Blessed Virgin Mary,Nempnett Thrubwell,Somerset,1,14020,high,accept,"high confidence, verified sample and dedication tokens"
St Peter,Upwell,Norfolk,1,12664,high,accept,"high confidence, verified sample and dedication tokens"
,Winterton,Lincs,1,10848,high,accept,"high confidence, verified sample and dedication tokens"
,Cheriton,Kent,1,15395,high,accept,"high confidence, verified sample and dedication tokens"
St Michael,Breaston,Derbyshire,1,10301,high,accept,"high confidence, verified sample and dedication tokens"
St James,Fitzhead,Somerset,1,16888,high,accept,"high confidence, verified sample and dedication tokens"
St Michael and All Angels,Stanton by Dale,Derbyshire,1,14722,high,accept,"high confidence, verified sample and dedication tokens"
,Longparish,,1,12538,high,accept,"high confidence, verified sample and dedication tokens"
St Mary,Crosthwaite,Cumbria,1,13673,high,accept,"high confidence, verified sample and dedication tokens"
St Leonard,Beoley,Worcestershire,1,16649,high,accept,"high confidence, verified sample and dedication tokens"
St George,Wembdon,Somerset,1,12460,high,accept,"high confidence, verified sample and dedication tokens"
St Bartholomew,Ubley,Somerset,1,15331,high,accept,"high confidence, verified sample and dedication tokens"
Blessed Virgin Mary,Cossington,Somerset,1,14121,high,accept,"high confidence, verified sample and dedication tokens"
St Michael and All Angels,Butcombe,Somerset,1,14316,high,accept,"high confidence, verified sample and dedication tokens"
St Peter and St Paul,Odcombe,Somerset,1,16815,high,accept,"high confidence, verified sample and dedication tokens"
SS Peter and Paul,Bleadon,Somerset,1,14230,high,accept,"high confidence, verified sample and dedication tokens"
,Stoke d'Abernon,,1,11165,high,accept,"high confidence, verified sample and dedication tokens"
,Manaton,Devon,1,10880,high,accept,"high confidence, verified sample and dedication tokens"
St Mary the Virgin,Calverleigh,Devon,1,13367,high,accept,"high confidence, verified sample and dedication tokens"
St Mary V,Purley,Berkshire,1,10056,high,accept,"high confidence, verified sample and dedication tokens"
St Stephen,St Albans,,1,10871,high,accept,"high confidence, verified sample and dedication tokens"
,Stone,Worcestershire,1,13942,high,accept,"high confidence, verified sample and dedication tokens"
the Holy Rude,Stirling,Stirlingshire,1,17099,high,accept,"high confidence, verified sample and dedication tokens"
St Peter and St Paul,Broadhempston,Devon,1,12156,high,accept,"high confidence, verified sample and dedication tokens"
SS Mary the Virgin and Martin,Ideford,Devon,1,13103,high,accept,"high confidence, verified sample and dedication tokens"
St Peter,Rock Ferry,Merseyside,1,14109,high,accept,"high confidence, verified sample and dedication tokens"
St Oswald,Bidston,Cheshire,1,16744,high,accept,"high confidence, verified sample and dedication tokens"
Holy Cross,Binsted,Hampshire,1,16467,high,accept,"high confidence, verified sample and dedication tokens"
4 Windmill Close,Buerton,,1,,none,reject,resolver found no tower
,Andover,,1,15738,medium,reject,adjudicated: multi-tower town with no building evidence
St Mary,Great Brington,Northamptonshire,1,14442,high,accept,"high confidence, verified sample and dedication tokens"
Blessed Virgin Mary,Abbotskerswell,Devon,1,11765,high,accept,"high confidence, verified sample and dedication tokens"
St Mary,Brixton,Devon,1,16921,high,accept,"high confidence, verified sample and dedication tokens"
St Mary the Virgin,Exbourne,Devon,1,14185,high,accept,"high confidence, verified sample and dedication tokens"
St Nicholas,Brushford,Somerset,1,10888,high,accept,"high confidence, verified sample and dedication tokens"
St Leonard,Minety,Wiltshire,1,16187,high,accept,"high confidence, verified sample and dedication tokens"
St Christopher,Lympsham,Somerset,1,11150,high,accept,"high confidence, verified sample and dedication tokens"
St John the Evangelist,Clevedon,Somerset,1,15021,high,accept,"high confidence, verified sample and dedication tokens"
St Michael & All Angels,Shap,Cumbria,1,13505,high,accept,"high confidence, verified sample and dedication tokens"
"Gonville & Caius College, St Mary's Court, Staircase J",Cambridge,Cambridgeshire,1,,none,reject,resolver found no tower
St Augustine,Locking,Somerset,1,14679,high,accept,"high confidence, verified sample and dedication tokens"
Holy Trinity,Bottisham,Cambridgeshire,1,14271,high,accept,"high confidence, verified sample and dedication tokens"
All Saints,Norton Fitzwarren,Somerset,1,11982,high,accept,"high confidence, verified sample and dedication tokens"
,Thornham Magna,Suffolk,1,10753,high,accept,"high confidence, verified sample and dedication tokens"
St George,Bicknoller,Somerset,1,15172,high,accept,"high confidence, verified sample and dedication tokens"
St Mary the Virgin,Stanton Drew,Somerset,1,14552,high,accept,"high confidence, verified sample and dedication tokens"
St Peter,Exton,Somerset,1,13368,high,accept,"high confidence, verified sample and dedication tokens"
St Giles,Hawkridge,Somerset,1,11138,high,accept,"high confidence, verified sample and dedication tokens"
St John the Evangelist,Cutcombe,Somerset,1,10250,high,accept,"high confidence, verified sample and dedication tokens"
,Wick St Lawrence,Somerset,1,15058,high,accept,"high confidence, verified sample and dedication tokens"
,Rowberrow,Somerset,1,14075,high,accept,"high confidence, verified sample and dedication tokens"
,Shipham,Somerset,1,13574,high,accept,"high confidence, verified sample and dedication tokens"
St Michael and All Angels,Stawley,Somerset,1,14232,high,accept,"high confidence, verified sample and dedication tokens"
St Michael,Angersleigh,Somerset,1,11406,high,accept,"high confidence, verified sample and dedication tokens"
Blessed Virgin Mary,West Buckland,Somerset,1,14103,high,accept,"high confidence, verified sample and dedication tokens"
St John the Evangelist,Staplegrove,Somerset,1,11681,high,accept,"high confidence, verified sample and dedication tokens"
,Compton Bishop,Somerset,1,10569,high,accept,"high confidence, verified sample and dedication tokens"
SS Peter and Paul,Churchstanton,Somerset,1,15948,high,accept,"high confidence, verified sample and dedication tokens"
All Saints,North Cave,East Riding of Yorkshire,1,13972,high,accept,"high confidence, verified sample and dedication tokens"
,Hutton,Somerset,1,16569,high,accept,"high confidence, verified sample and dedication tokens"
Blessed Virgin Mary,Brompton Ralph,Somerset,1,11606,high,accept,"high confidence, verified sample and dedication tokens"
St Faith,Dorstone,Herefordshire,1,17091,high,accept,"high confidence, verified sample and dedication tokens"
St Michael,Michaelchurch Escley,Herefordshire,1,12784,high,accept,"high confidence, verified sample and dedication tokens"
St James,Harvington,Worcestershire,1,14915,high,accept,"high confidence, verified sample and dedication tokens"
The Bicycle Ring On Tour V2,"4 Ashley Close, Charlton Kings",Gloucestershire,1,,none,reject,resolver found no tower
25a Alma Rd - The Bicycle Ring On Tour V2,Cheltenham,Gloucestershire,1,,none,reject,resolver found no tower
St Etheldreda,Horley,Oxfordshire,1,13977,high,accept,"high confidence, verified sample and dedication tokens"
St Helen's,Brant Broughton,Lincolnshire,1,16817,high,accept,"high confidence, verified sample and dedication tokens"
,Brathay,,1,14837,high,accept,"high confidence, verified sample and dedication tokens"
,Arlecdon,Cumbria,1,12524,high,accept,"high confidence, verified sample and dedication tokens"
,Crosthwaite,,1,13673,medium,reject,adjudicated: multi-tower town with no building evidence
St Andrew,Saxthorpe,Norfolk,1,14979,high,accept,"high confidence, verified sample and dedication tokens"
St James,Ludgershall,Wiltshire,1,14944,high,accept,"high confidence, verified sample and dedication tokens"
St John Div,Merton,Greater London,1,16805,high,accept,"high confidence, verified sample and dedication tokens"
Blessed Virgin Mary,Hutton,Somerset,1,16569,high,accept,"high confidence, verified sample and dedication tokens"
,Ringing Room UK,Broadfield Park,1,,none,reject,resolver found no tower
,South Wingfield,Derbyshire,1,12326,high,accept,"high confidence, verified sample and dedication tokens"
St Swithin,Wellow,Nottinghamshire,1,14210,high,accept,"high confidence, verified sample and dedication tokens"
St Julian,Wellow,Somerset,1,17052,high,accept,"high confidence, verified sample and dedication tokens"
All Saints,Upper Clatford,Hampshire,1,11232,high,accept,"high confidence, verified sample and dedication tokens"
St Mary the Virgin,Glemsford,Suffolk,1,16466,high,accept,"high confidence, verified sample and dedication tokens"
St Mary,Hitcham,Buckinghamshire,1,15217,high,accept,"high confidence, verified sample and dedication tokens"
,Denby,Derbyshire,1,15585,high,accept,"high confidence, verified sample and dedication tokens"
2/2 Ben Boyd Rd,Neutral Bay,New South Wales,1,,none,reject,resolver found no tower
,Marchington,Staffordshire,1,11082,high,accept,"high confidence, verified sample and dedication tokens"
St Nicholas,Oakley,Suffolk,1,10422,high,accept,"high confidence, verified sample and dedication tokens"
All Saints,Brightwalton,Berkshire,1,13721,high,accept,"high confidence, verified sample and dedication tokens"
St Mary,Shroton (Iwerne Courtney),Dorset,1,,none,reject,resolver found no tower
Houghton Bury,Houghton,Cambridgeshire,1,12946,medium,reject,adjudicated: building appears to be a house name
Nutbells,Little Gransden,Cambridgeshire,1,10948,medium,reject,adjudicated: building appears to be a house name
St Mary,Chartham,Kent,1,11093,high,accept,"high confidence, verified sample and dedication tokens"
St Michael and All Angels,Cheriton,Hampshire,1,10125,high,accept,"high confidence, verified sample and dedication tokens"
St Mary,Temple Guiting,Gloucestershire,1,13428,high,accept,"high confidence, verified sample and dedication tokens"
St Mary the Virgin,Bromfield,Shropshire,1,10952,high,accept,"high confidence, verified sample and dedication tokens"
St Christopher,"Cheltenham, Warden Hill",Gloucestershire,1,,none,reject,resolver found no tower
St Peter and St Paul,Bassingbourn,Cambridgeshire,1,14388,high,accept,"high confidence, verified sample and dedication tokens"
St Mary,Dennington,Suffolk,1,11257,high,accept,"high confidence, verified sample and dedication tokens"
Art's Centre,York,North Yorkshire,1,,none,reject,resolver found no tower
St Peter and St Paul,Exton,Rutland,1,16717,high,accept,"high confidence, verified sample and dedication tokens"
St Mary the Virgin,Yaxley,Suffolk,1,12407,high,accept,"high confidence, verified sample and dedication tokens"
St Thomas,Ringing Room,UK,1,,none,reject,resolver found no tower
St Nicholas,Winterborne Kingston,Dorset,1,11463,high,accept,"high confidence, verified sample and dedication tokens"
St Cyr,Stonehouse,Gloucestershire,1,10572,high,accept,"high confidence, verified sample and dedication tokens"
St Mary,Bozeat,Northamptonshire,1,13973,high,accept,"high confidence, verified sample and dedication tokens"
St Mary,Oxted,Surrey,1,12657,high,accept,"high confidence, verified sample and dedication tokens"
7 Bare Lane,Ockbrook,Derbyshire,1,,none,reject,resolver found no tower
SS Peter and Paul,Bassingbourn,Cambridgeshire,1,14388,high,accept,"high confidence, verified sample and dedication tokens"
St Mary V,Denby,Derbyshire,1,15585,high,accept,"high confidence, verified sample and dedication tokens"
St Andrew,Folkingham,Lincolnshire,1,14884,high,accept,"high confidence, verified sample and dedication tokens"
All Saints,Renhold,Bedfordshire,1,12373,high,accept,"high confidence, verified sample and dedication tokens"
Christ Church,New Mill,West Yorkshire,1,14064,high,accept,"high confidence, verified sample and dedication tokens"
St Peter and St Paul,Gosberton,Lincolnshire,1,16418,high,accept,"high confidence, verified sample and dedication tokens"
St Luke and All Saints,Darrington,West Yorkshire,1,13082,high,accept,"high confidence, verified sample and dedication tokens"
Hampole Manor,Hampole,Yorkshire,1,,none,reject,resolver found no tower
St Mary the Virgin,Kelly,Devon,1,10336,high,accept,"high confidence, verified sample and dedication tokens"
RC Cathedral Church of St Mary,Sydney,New South Wales,1,15468,high,accept,"high confidence, verified sample and dedication tokens"
,Castor,,1,14322,high,accept,"high confidence, verified sample and dedication tokens"
St Mary the Virgin,Ponteland,Northumberland,1,13739,high,accept,"high confidence, verified sample and dedication tokens"
St James,Freiston,Lincolnshire,1,11505,high,accept,"high confidence, verified sample and dedication tokens"
Ss Peter and Paul,Algarkirk,Lincolnshire,1,15381,high,accept,"high confidence, verified sample and dedication tokens"
,Bradbourne,Derbyshire,1,10554,high,accept,"high confidence, verified sample and dedication tokens"
St John the Baptist,Stokesay,Shropshire,1,13653,high,accept,"high confidence, verified sample and dedication tokens"
,Mathon,Herefordshire,1,16140,high,accept,"high confidence, verified sample and dedication tokens"
"Foxborough (MA), Livermore (CA), Coon Rapids (MN)",Ringing Room,USA,1,,none,reject,resolver found no tower
St Peter,Blaxhall,Suffolk,1,11250,high,accept,"high confidence, verified sample and dedication tokens"
St Peter,Lowick,Northamptonshire,1,11831,high,accept,"high confidence, verified sample and dedication tokens"
S James,Cowley,Oxfordshire,1,10537,high,accept,"high confidence, verified sample and dedication tokens"
St Chad,Dunholme,Lincolnshire,1,13243,high,accept,"high confidence, verified sample and dedication tokens"
"St Edward, King and Martyr",Cambridge,Cambridgeshire,1,13803,medium,accept,"medium, building shares dedication evidence"
St James the Apostle,Wigmore,Herefordshire,1,12718,high,accept,"high confidence, verified sample and dedication tokens"
St Michael AA,Wadenhoe,Northamptonshire,1,10817,high,accept,"high confidence, verified sample and dedication tokens"
St Peter,Empingham,Rutland,1,10580,high,accept,"high confidence, verified sample and dedication tokens"
St James the Less,Sulgrave,Northamptonshire,1,15537,high,accept,"high confidence, verified sample and dedication tokens"
All Saints,King's Cliffe,Northamptonshire,1,15146,high,accept,"high confidence, verified sample and dedication tokens"
St Mary Magdalene,Eardisley,Herefordshire,1,16548,high,accept,"high confidence, verified sample and dedication tokens"
St Andrew,Lyddington,Rutland,1,11564,high,accept,"high confidence, verified sample and dedication tokens"
SS Peter and Paul,Great Casterton,Rutland,1,15405,high,accept,"high confidence, verified sample and dedication tokens"
St Mary V,Weekley,Northamptonshire,1,16073,high,accept,"high confidence, verified sample and dedication tokens"
St Mary,Wollaston,Northamptonshire,1,13383,high,accept,"high confidence, verified sample and dedication tokens"
St John Baptist,Piddington,Northamptonshire,1,12040,high,accept,"high confidence, verified sample and dedication tokens"
,Burnham-on-Crouch,,1,10769,high,accept,"high confidence, verified sample and dedication tokens"
,Ringing Room,Eastern Counties,1,,none,reject,resolver found no tower
"Great Hockham, Oldham & South Walsham",Ringing Room,UK,1,,none,reject,resolver found no tower
St Andrew's,Kirton-in-Lindsey,North Lincolnshire,1,13723,high,accept,"high confidence, verified sample and dedication tokens"
,Botus Fleming,,1,14042,high,accept,"high confidence, verified sample and dedication tokens"
,Sedlescombe,,1,10319,high,accept,"high confidence, verified sample and dedication tokens"
St Mary,"Walkley, Sheffield",South Yorkshire,1,23300,high,reject,adjudicated: named church is not in Dove for this town
,Hathern,,1,12477,high,accept,"high confidence, verified sample and dedication tokens"
St Peter,Marchington,Staffordshire,1,11082,high,accept,"high confidence, verified sample and dedication tokens"
St Mary,Edith Weston,Rutland,1,12699,high,accept,"high confidence, verified sample and dedication tokens"
St Mary de Wych,Wychbold,Worcestershire,1,12179,high,accept,"high confidence, verified sample and dedication tokens"
St Peter,Tilton on the Hill,Leicestershire,1,10083,high,accept,"high confidence, verified sample and dedication tokens"
St Peter,Cassington,Oxfordshire,1,15028,high,accept,"high confidence, verified sample and dedication tokens"
St Saviour,Greyabbey,Down,1,15043,high,accept,"high confidence, verified sample and dedication tokens"
,Rampton,Notts,1,14756,high,accept,"high confidence, verified sample and dedication tokens"
St Mary,Rickinghall Superior,Suffolk,1,10728,high,accept,"high confidence, verified sample and dedication tokens"
St Nicholas,Wrentham,Suffolk,1,14930,high,accept,"high confidence, verified sample and dedication tokens"
,Montreal,,1,,none,reject,resolver found no tower
39a High Street,Burwell,Cambridgeshire,1,,none,reject,resolver found no tower
St James,Bishampton,Worcestershire,1,12173,high,accept,"high confidence, verified sample and dedication tokens"
St Mary the Virgin,Padbury,Buckinghamshire,1,17123,high,accept,"high confidence, verified sample and dedication tokens"
St James,Sutton on Hull,East Riding of Yorkshire,1,15457,high,accept,"high confidence, verified sample and dedication tokens"
Anchorsholme,Whiteparish,Wilts,1,14821,medium,reject,adjudicated: building appears to be a house name
St Peter,Barford,Warwickshire,1,10777,high,accept,"high confidence, verified sample and dedication tokens"
,Borehamwood,Herts,1,,none,reject,resolver found no tower
All Saints,Lullington,Derbyshire,1,14351,high,accept,"high confidence, verified sample and dedication tokens"
St Michael and All Angels,Wadenhoe,Northamptonshire,1,10817,high,accept,"high confidence, verified sample and dedication tokens"
St Peter,Camerton,Somerset,1,15099,high,accept,"high confidence, verified sample and dedication tokens"
St John the Baptist,Llanblethian,Vale of Glamorgan,1,15853,high,accept,"high confidence, verified sample and dedication tokens"
St Peter,Peterston-super-Ely,Vale of Glamorgan,1,17016,high,accept,"high confidence, verified sample and dedication tokens"
Saints Mary and Michael,Mistley,Essex,1,16748,high,accept,"high confidence, verified sample and dedication tokens"
St Mary the Virgin,Grittleton,Wiltshire,1,10389,high,accept,"high confidence, verified sample and dedication tokens"
St Mary,Penmark,Vale of Glamorgan,1,10829,high,accept,"high confidence, verified sample and dedication tokens"
,Shute,,1,15185,high,accept,"high confidence, verified sample and dedication tokens"
,Upper Chute,,1,11763,high,accept,"high confidence, verified sample and dedication tokens"
,Yattendon,,1,10198,high,accept,"high confidence, verified sample and dedication tokens"
St Gregory,Castlemorton,Worcestershire,1,12805,high,accept,"high confidence, verified sample and dedication tokens"
Holy Cross,Sherston,Wiltshire,1,16542,high,accept,"high confidence, verified sample and dedication tokens"
St Illtyd,Llantwit Major,Vale of Glamorgan,1,16963,high,accept,"high confidence, verified sample and dedication tokens"
St Michael and All Angels,St Michael Caerhays,Cornwall,1,16051,high,accept,"high confidence, verified sample and dedication tokens"
Saint Mary,Westbury,Shropshire,1,14551,high,accept,"high confidence, verified sample and dedication tokens"
"All Saints, Milton Keynes Village",Milton Keynes,Buckinghamshire,1,11661,high,accept,"high confidence, verified sample and dedication tokens"
St Andrew,West Tarring,West Sussex,1,10647,high,accept,"high confidence, verified sample and dedication tokens"
St Leonard,Tortworth,Gloucestershire,1,16623,high,accept,"high confidence, verified sample and dedication tokens"
St John the Baptist,Randwick,Gloucestershire,1,15383,high,accept,"high confidence, verified sample and dedication tokens"
Blessed Virgin Mary,Templecombe,Somerset,1,14261,high,accept,"high confidence, verified sample and dedication tokens"
St Mary Magdalene,North Ockendon,Greater London,1,14828,high,accept,"high confidence, verified sample and dedication tokens"
St John the Baptist,Eldersfield,Worcestershire,1,12047,high,accept,"high confidence, verified sample and dedication tokens"
St John Baptist,Eldersfield,Worcestershire,1,12047,high,accept,"high confidence, verified sample and dedication tokens"
St John the Baptist,Tisbury,Wiltshire,1,13953,high,accept,"high confidence, verified sample and dedication tokens"
All Saints,Melbourn,Cambridgeshire,1,15521,high,accept,"high confidence, verified sample and dedication tokens"
St Leonard,Bledington,Gloucestershire,1,15032,high,accept,"high confidence, verified sample and dedication tokens"
St Mary and St Peter,Harlaxton,Lincolnshire,1,10106,high,accept,"high confidence, verified sample and dedication tokens"
St John the Evangelist,Stoke next Guildford,Surrey,1,10675,high,accept,"high confidence, verified sample and dedication tokens"
St Swithun,Worcester,Worcestershire,1,12921,high,accept,"high confidence, verified sample and dedication tokens"
St Withburga,Holkham,Norfolk,1,12000,high,accept,"high confidence, verified sample and dedication tokens"
St Peter and All Saints,Harrold,Bedfordshire,1,14417,high,accept,"high confidence, verified sample and dedication tokens"
St John the Baptist,Bishops Tawton,Devon,1,14683,high,accept,"high confidence, verified sample and dedication tokens"
St Mary the Virgin,Hayes,Kent,1,,none,reject,resolver found no tower
East Sussex and Gloucestershire,Ringing Room,,1,,none,reject,resolver found no tower
St Faith,Overbury,Worcestershire,1,14304,high,accept,"high confidence, verified sample and dedication tokens"
St Bartholomew,Redmarley D'Abitot,Gloucestershire,1,10567,high,accept,"high confidence, verified sample and dedication tokens"
All Saints,Middle Woodford,Wiltshire,1,11373,high,accept,"high confidence, verified sample and dedication tokens"
St Philip and St James,Tarrington,Herefordshire,1,15995,high,accept,"high confidence, verified sample and dedication tokens"
Our Lady,Upton Pyne,Devon,1,17153,high,accept,"high confidence, verified sample and dedication tokens"
Ruined Cathedral Church of St Columba,Dunkeld,Perth and Kinross,1,11821,high,accept,"high confidence, verified sample and dedication tokens"
All Saints,Carleton Rode,Norfolk,1,16340,high,accept,"high confidence, verified sample and dedication tokens"
St Nicholas,Kenilworth,Warwickshire,1,15528,high,accept,"high confidence, verified sample and dedication tokens"
St Peter,Yaxley,Cambridgeshire,1,14850,high,accept,"high confidence, verified sample and dedication tokens"
St Martin of Tours,Woolstone,Gloucestershire,1,14056,high,accept,"high confidence, verified sample and dedication tokens"
St Mary,Higham,Suffolk,1,11016,high,accept,"high confidence, verified sample and dedication tokens"
St Sennen,Sennen,Cornwall,1,14003,high,accept,"high confidence, verified sample and dedication tokens"
St Lalluwy,Menheniot,Cornwall,1,13403,high,accept,"high confidence, verified sample and dedication tokens"
All Saints,Staunton,Glos,1,13800,high,accept,"high confidence, verified sample and dedication tokens"
St Michael and All Angels,Shap,Cumbria,1,13505,high,accept,"high confidence, verified sample and dedication tokens"
,Church Oakley,,1,11886,high,accept,"high confidence, verified sample and dedication tokens"
St Mary,Much Cowarne,Herefordshire,1,15875,high,accept,"high confidence, verified sample and dedication tokens"
St J B,Strensham,Worcestershire,1,15577,medium,accept,"sole tower in town, dedication given as initials"
All Saints,Cawthorne,South Yorkshire,1,14857,high,accept,"high confidence, verified sample and dedication tokens"
All Saints,Kilham,The East Riding of Yorkshire,1,11444,high,accept,"high confidence, verified sample and dedication tokens"
St Michael,Smarden,Kent,1,15047,high,accept,"high confidence, verified sample and dedication tokens"
St Andrew,North Weald,Essex,1,10828,high,accept,"high confidence, verified sample and dedication tokens"
,Wadhurst,,1,10710,high,accept,"high confidence, verified sample and dedication tokens"
"35, Brighton Avenue",Gosport,Hampshire,1,,none,reject,resolver found no tower
St Andrew,Bradfield,Berkshire,1,15701,high,accept,"high confidence, verified sample and dedication tokens"
St John Baptist,North Luffenham,Rutland,1,16476,high,accept,"high confidence, verified sample and dedication tokens"
,Wickham Market,Suffolk,1,10293,high,accept,"high confidence, verified sample and dedication tokens"
St Laurence,Stretton Grandison,Herefordshire,1,12404,high,accept,"high confidence, verified sample and dedication tokens"
St Peter de Merton,Bedford,Bedfordshire,1,16478,high,accept,"high confidence, verified sample and dedication tokens"
,Ringing Room,Cheshire,1,,none,reject,resolver found no tower
"4 Spencer Street, Eastwood.",Sydney,"New South Wales, Australia",1,,none,reject,resolver found no tower
St Nicholas,Durham City,,1,,none,reject,resolver found no tower
"Vernet-les-Bains, Oldham & Great Hockham",Ringing Room,Uk,1,,none,reject,resolver found no tower
,Holywell,,1,15952,medium,reject,adjudicated: multi-tower town with no building evidence
St John the Baptist,Little Missenden,Buckinghamshire,1,14557,high,accept,"high confidence, verified sample and dedication tokens"
St Mary,Heworth,Tyne and Wear,1,12244,high,accept,"high confidence, verified sample and dedication tokens"
"St Oswald, King and Martyr",Oswestry,Shropshire,1,13772,medium,accept,"medium, building shares dedication evidence"
St Bartholomew,Churchdown,Gloucestershire,1,14269,high,accept,"high confidence, verified sample and dedication tokens"
St James,Parkham,Devon,1,10287,high,accept,"high confidence, verified sample and dedication tokens"
,Glemsford,,1,16466,high,accept,"high confidence, verified sample and dedication tokens"
,Addington,Surrey,1,,none,reject,resolver found no tower
,Leigh,Kent,1,15704,high,accept,"high confidence, verified sample and dedication tokens"
St Symphorian,Veryan,Cornwall,1,16645,high,accept,"high confidence, verified sample and dedication tokens"
All Saints,Whitstable,Kent,1,11334,high,accept,"high confidence, verified sample and dedication tokens"
,Yoxall,,1,12034,high,accept,"high confidence, verified sample and dedication tokens"
St Peter and St Paul,Shorne,Kent,1,11888,high,accept,"high confidence, verified sample and dedication tokens"
Holy Trinity,Nailsea,Somerset,1,11337,high,accept,"high confidence, verified sample and dedication tokens"
St Mary the Virgin and St Peter,Weedon Lois,Northamptonshire,1,16572,high,accept,"high confidence, verified sample and dedication tokens"
All Saints,Easton on the Hill,Northamptonshire,1,11641,high,accept,"high confidence, verified sample and dedication tokens"
St Wilfrid,Arley,Warwicks,1,14860,high,accept,"high confidence, verified sample and dedication tokens"
All Saints,Sproughton,Suffolk,1,12907,high,accept,"high confidence, verified sample and dedication tokens"
St Margaret of Antioch,Hemingford Abbots,Cambridgeshire,1,12633,high,accept,"high confidence, verified sample and dedication tokens"
,Flitwick,,1,12126,high,accept,"high confidence, verified sample and dedication tokens"
St Mary,Stoke D'Abernon,Surrey,1,11165,high,accept,"high confidence, verified sample and dedication tokens"
St Michael's,Waddington,Lincolnshire,1,16243,high,accept,"high confidence, verified sample and dedication tokens"
St Peter and St Paul,Butlers Marston,Warwickshire,1,14607,high,accept,"high confidence, verified sample and dedication tokens"
St Margaret,Spaxton,Somerset,1,12263,high,accept,"high confidence, verified sample and dedication tokens"
All Saints,Walsoken,,1,13692,high,accept,"high confidence, verified sample and dedication tokens"
St Peter,Newdigate,Surrey,1,15916,high,accept,"high confidence, verified sample and dedication tokens"
St James,Thorley,Hertfordshire,1,13703,high,accept,"high confidence, verified sample and dedication tokens"
St.Mary the Virgin,Bathwick,Somerset,1,13019,high,accept,"high confidence, verified sample and dedication tokens"
,Shabbington,,1,14578,high,accept,"high confidence, verified sample and dedication tokens"
St John the Baptist,Sedlescombe,East Sussex,1,10319,high,accept,"high confidence, verified sample and dedication tokens"
The Shed,Tewkesbury,Gloucestershire,1,25268,high,accept,"high confidence, verified sample and dedication tokens"
St Michael,Chirbury,Shropshire,1,14514,high,accept,"high confidence, verified sample and dedication tokens"
,Codford St Peter,,1,16024,high,accept,"high confidence, verified sample and dedication tokens"
SS Andrew and George,Edinburgh,Lothian,1,,none,reject,resolver found no tower
St Andrew,Okeford Fitzpaine,Dorset,1,14368,high,accept,"high confidence, verified sample and dedication tokens"
St Elli,Llanelli,Carmarthenshire,1,13143,high,accept,"high confidence, verified sample and dedication tokens"
St James,Sutton On Hull,East Riding of Yorkshire,1,15457,high,accept,"high confidence, verified sample and dedication tokens"
All Saints,Braunston,Rutland,1,14135,high,accept,"high confidence, verified sample and dedication tokens"
,Froxfield,,1,10573,medium,reject,adjudicated: multi-tower town with no building evidence
St Luke and St Mary the Virgin,Shareshill,Staffordshire,1,11920,high,accept,"high confidence, verified sample and dedication tokens"
St Margaret of Antioch,Chilmark,Wiltshire,1,15029,high,accept,"high confidence, verified sample and dedication tokens"
St Mary the Virgin,Manuden,Essex,1,15268,high,accept,"high confidence, verified sample and dedication tokens"
St Donard,Belfast,Down,1,16974,high,accept,"high confidence, verified sample and dedication tokens"
St Giles,Standlake,Oxfordshire,1,14563,high,accept,"high confidence, verified sample and dedication tokens"
St Mary the Virgin,Great Barrington,Gloucestershire,1,15570,high,accept,"high confidence, verified sample and dedication tokens"
St Andrew,Great Staughton,Cambridgeshire,1,15192,high,accept,"high confidence, verified sample and dedication tokens"
St Mark,Winshill,Derbyshire,1,,none,reject,resolver found no tower
St Chad,Tushingham,Cheshire,1,11157,high,accept,"high confidence, verified sample and dedication tokens"
,Navenby,,1,16500,high,accept,"high confidence, verified sample and dedication tokens"
St Mary the Virgin,Aston,Hertfordshire,1,15118,high,accept,"high confidence, verified sample and dedication tokens"
St James,Longburton,Dorset,1,11948,high,accept,"high confidence, verified sample and dedication tokens"
St Andrew,South Newton,Wiltshire,1,14668,high,accept,"high confidence, verified sample and dedication tokens"
SS Peter and Paul,East Sutton,Kent,1,11048,high,accept,"high confidence, verified sample and dedication tokens"
St Mary,Hemyock,Devon,1,10941,high,accept,"high confidence, verified sample and dedication tokens"
St Mary,New Radnor,Powys,1,10658,high,accept,"high confidence, verified sample and dedication tokens"
St Nicholas,Eydon,Northamptonshire,1,17137,high,accept,"high confidence, verified sample and dedication tokens"
St Cross,Caston,Norfolk,1,13633,high,accept,"high confidence, verified sample and dedication tokens"
St Peter,Bushley,Worcestershire,1,12279,high,accept,"high confidence, verified sample and dedication tokens"
St Cuthbert,Halsall,Lancashire,1,10342,high,accept,"high confidence, verified sample and dedication tokens"
St Nicholas,Tackley,Oxfordshire,1,10706,high,accept,"high confidence, verified sample and dedication tokens"
,Claremont,,1,11687,high,accept,"high confidence, verified sample and dedication tokens"
,Preston Candover,,1,12740,medium,reject,adjudicated: multi-tower town with no building evidence
St Mary,Coity,Bridgend,1,13249,high,accept,"high confidence, verified sample and dedication tokens"
,Widford,Herts,1,10271,high,accept,"high confidence, verified sample and dedication tokens"
St Mary's Church,Cambridge,,1,18939,medium,accept,"medium, building shares dedication evidence"
St Peter,Berrynarbor,Devon,1,15203,high,accept,"high confidence, verified sample and dedication tokens"
St John,Chilcompton,,1,12701,high,accept,"high confidence, verified sample and dedication tokens"
,Rodmersham,,1,15471,high,accept,"high confidence, verified sample and dedication tokens"
,South Harting,West Sussex,1,10957,high,accept,"high confidence, verified sample and dedication tokens"
,Ossington,,1,16167,high,accept,"high confidence, verified sample and dedication tokens"
St John the Baptist,Baston,Lincolnshire,1,10252,high,accept,"high confidence, verified sample and dedication tokens"
St.Andrew,Great Easton,Leicestershire,1,12918,high,accept,"high confidence, verified sample and dedication tokens"
,North Wheatley,,1,16957,high,accept,"high confidence, verified sample and dedication tokens"
St Andrew,Rippingale,Lincolnshire,1,13872,high,accept,"high confidence, verified sample and dedication tokens"
St Melanus,St Mellion,Cornwall,1,14718,high,accept,"high confidence, verified sample and dedication tokens"
St Mellor,Linkinhorne,Cornwall,1,10284,high,accept,"high confidence, verified sample and dedication tokens"
St Luke,Holmes Chapel,Cheshire,1,11523,high,accept,"high confidence, verified sample and dedication tokens"
,"Widcombe, Bath",Somerset,1,12547,high,accept,"high confidence, verified sample and dedication tokens"
St Julitta,Lanteglos by Camelford,Cornwall,1,11745,high,accept,"high confidence, verified sample and dedication tokens"
St Mary,Botus Fleming,Cornwall,1,14042,high,accept,"high confidence, verified sample and dedication tokens"
All Saints,Petham,Kent,1,12981,high,accept,"high confidence, verified sample and dedication tokens"
,Barrowby,,1,12968,high,accept,"high confidence, verified sample and dedication tokens"
St Uvelus,St Eval,Cornwall,1,11368,high,accept,"high confidence, verified sample and dedication tokens"
SS Martin and Meriadoc,Camborne,Cornwall,1,17031,high,accept,"high confidence, verified sample and dedication tokens"
St Oswald,Lower Peover,Cheshire,1,11307,high,accept,"high confidence, verified sample and dedication tokens"
St Helen,Ranworth,Norfolk,1,16061,high,accept,"high confidence, verified sample and dedication tokens"
St John the Evangelist,Caldecott,Rutland,1,17147,high,accept,"high confidence, verified sample and dedication tokens"
St Mary the Virgin,Tattingstone,Suffolk,1,16833,high,accept,"high confidence, verified sample and dedication tokens"
St Mary,Mistley,ESSEX,1,16748,high,accept,"high confidence, verified sample and dedication tokens"
Saint Mary and Saint Michael,Mistley,Essex,1,16748,high,accept,"high confidence, verified sample and dedication tokens"
"St Donard, Bloomfield",Belfast,Down,1,16974,high,accept,"high confidence, verified sample and dedication tokens"
,Minchinhampton,,1,16728,high,accept,"high confidence, verified sample and dedication tokens"
,Barkston,,1,16456,high,accept,"high confidence, verified sample and dedication tokens"
,Chiddingly,Sussex,1,14881,high,accept,"high confidence, verified sample and dedication tokens"
St John Div,Horninglow,Staffordshire,1,12886,high,accept,"high confidence, verified sample and dedication tokens"
Holy Trinity,Paulton,Somerset,1,16562,high,accept,"high confidence, verified sample and dedication tokens"
,Clapton-in-Gordano,Somerset,1,13466,high,accept,"high confidence, verified sample and dedication tokens"
St James,Jacobstow,Cornwall,1,16287,high,accept,"high confidence, verified sample and dedication tokens"
St Mary,Birkenhead,Cheshire,1,17375,high,accept,"high confidence, verified sample and dedication tokens"
St Mary the Blessed Virgin,Eastham,Cheshire,1,15871,high,accept,"high confidence, verified sample and dedication tokens"
,Benfieldside,Durham,1,11657,high,accept,"high confidence, verified sample and dedication tokens"
Holy Trinity,Old Wolverton,Buckinghamshire,1,12144,high,accept,"high confidence, verified sample and dedication tokens"
Swaledale,Holme Lacy,Herefords,1,,none,reject,resolver found no tower
St Swithun,Leonard Stanley,Gloucestershire,1,11889,high,accept,"high confidence, verified sample and dedication tokens"
St Peter,South Weald,Essex,1,15512,high,accept,"high confidence, verified sample and dedication tokens"
St Lawrence,Bradwell,Buckinghamshire,1,13155,high,accept,"high confidence, verified sample and dedication tokens"
St Mary the Virgin,Woodford Halse,Northamptonshire,1,16076,high,accept,"high confidence, verified sample and dedication tokens"
St Mary,Shinfield,Berkshire,1,11864,high,accept,"high confidence, verified sample and dedication tokens"
St Catherine,Wolverton,Hampshire,1,12334,high,accept,"high confidence, verified sample and dedication tokens"
St John the Baptist,Bishopsteignton,Devon,1,11343,high,accept,"high confidence, verified sample and dedication tokens"
St Stephen,Acomb,North Yorkshire,1,13068,high,accept,"high confidence, verified sample and dedication tokens"
,Newchurch,Kent,1,13449,high,accept,"high confidence, verified sample and dedication tokens"
St Peter,East Drayton,Nottinghamshire,1,16555,high,accept,"high confidence, verified sample and dedication tokens"
,Walpole St Andrew,,1,10766,high,accept,"high confidence, verified sample and dedication tokens"
St Edeyrn,Llanedeyrn,Cardiff,1,10827,high,accept,"high confidence, verified sample and dedication tokens"
St John the Baptist,Holywell,Huntingdonshire,1,,none,reject,resolver found no tower
Holy Rood,Edwalton,Nottinghamshire,1,10656,high,accept,"high confidence, verified sample and dedication tokens"
St Mary,Blessington,Wicklow,1,10464,high,accept,"high confidence, verified sample and dedication tokens"
St Mary,King's Walden,Hertfordshire,1,14861,high,accept,"high confidence, verified sample and dedication tokens"
St Cyr,Stinchcombe,Gloucestershire,1,10346,high,accept,"high confidence, verified sample and dedication tokens"
"St Peter, High Cross",Froxfield,Hampshire,1,10573,high,accept,"high confidence, verified sample and dedication tokens"
Our Lady of Warnford,Warnford,Hampshire,1,15777,high,accept,"high confidence, verified sample and dedication tokens"
,Pentrich,Derbyshire,1,13273,high,accept,"high confidence, verified sample and dedication tokens"
St Peter,Theberton,Suffolk,1,14364,high,accept,"high confidence, verified sample and dedication tokens"
All Saints,Houghton Regis,Bedfordshire,1,10873,high,accept,"high confidence, verified sample and dedication tokens"
St Peter,Ropley,Hampshire,1,13242,high,accept,"high confidence, verified sample and dedication tokens"
S Mary,Clevedon,Somerset,1,12457,high,accept,"high confidence, verified sample and dedication tokens"
St John the Baptist,Stanground,Cambridgeshire,1,10714,high,accept,"high confidence, verified sample and dedication tokens"
Holy Rood,Wool,Dorset,1,16981,high,accept,"high confidence, verified sample and dedication tokens"
All Hallows,South Cerney,Gloucestershire,1,12464,high,accept,"high confidence, verified sample and dedication tokens"
St Mary,Welton,Lincolnshire,1,15517,high,accept,"high confidence, verified sample and dedication tokens"
Blessed Virgin Mary,Aston,Hertfordshire,1,15118,high,accept,"high confidence, verified sample and dedication tokens"
St Mary the Virgin,Edlesborough,Buckinghamshire,1,10364,high,accept,"high confidence, verified sample and dedication tokens"
All Saints,Kirkbymoorside,North Yorkshire,1,15661,high,accept,"high confidence, verified sample and dedication tokens"
St Mary,Elloughton,East Riding of Yorkshire,1,17156,high,accept,"high confidence, verified sample and dedication tokens"
,Kemble,,1,13919,high,accept,"high confidence, verified sample and dedication tokens"
St Laurence,Scalby,North Yorkshire,1,13459,high,accept,"high confidence, verified sample and dedication tokens"
"Sackfords, Molehill Green",Felsted,Essex,1,11414,medium,reject,adjudicated: named private ring or non-church venue
UK,Ringing Room,,1,,none,reject,resolver found no tower
,Wormingford,,1,10738,high,accept,"high confidence, verified sample and dedication tokens"
,Wormshill,,1,16298,high,accept,"high confidence, verified sample and dedication tokens"
All Saints,Handley,Cheshire,1,12612,high,accept,"high confidence, verified sample and dedication tokens"
St Genevieve,Euston,Suffolk,1,15858,high,accept,"high confidence, verified sample and dedication tokens"
St Bartholomew,Coffinswell,Devon,1,11672,high,accept,"high confidence, verified sample and dedication tokens"
St Mary the Virgin,Sweffling,Suffolk,1,13912,high,accept,"high confidence, verified sample and dedication tokens"
"420 River Road, Apt D5",Chatham,New Jersey,1,,none,reject,resolver found no tower
,Killamarsh,,1,13726,high,accept,"high confidence, verified sample and dedication tokens"
St Mary,Stalbridge,Dorset,1,10983,high,accept,"high confidence, verified sample and dedication tokens"
St Nicholas,Alfold,Surrey,1,12570,high,accept,"high confidence, verified sample and dedication tokens"
St Michael and All Angels,Brinkworth,Wiltshire,1,12098,high,accept,"high confidence, verified sample and dedication tokens"
All Saints Centre,Norwich,Norfolk,1,13262,high,accept,"high confidence, verified sample and dedication tokens"
St Mary,Garsington,Oxfordshire,1,13875,high,accept,"high confidence, verified sample and dedication tokens"
St Andrew,Caxton,Cambridgeshire,1,16000,high,accept,"high confidence, verified sample and dedication tokens"
,Biggin Hill,,1,10475,high,accept,"high confidence, verified sample and dedication tokens"
St Mary the Virgin,Cleobury Mortimer,Shropshire,1,14810,high,accept,"high confidence, verified sample and dedication tokens"
St Andrew's,Ewerby,Lincolnshire,1,10801,high,accept,"high confidence, verified sample and dedication tokens"
S Michael & AA,Otterton,Devon,1,16142,high,accept,"high confidence, verified sample and dedication tokens"
,Clyst Hydon,Devon,1,14209,high,accept,"high confidence, verified sample and dedication tokens"
,Feniton,Devon,1,11647,high,accept,"high confidence, verified sample and dedication tokens"
,Dawlish,Devon,1,10507,high,accept,"high confidence, verified sample and dedication tokens"
,Ilsington,Devon,1,11196,high,accept,"high confidence, verified sample and dedication tokens"
,Bickington,Devon,1,11259,high,accept,"high confidence, verified sample and dedication tokens"
,Holne,Devon,1,13913,high,accept,"high confidence, verified sample and dedication tokens"
,Tedburn St Mary,Devon,1,10100,high,accept,"high confidence, verified sample and dedication tokens"
St Ellyw,Llanelly,Gwent,1,14441,high,accept,"high confidence, verified sample and dedication tokens"
St Mary,Nettleton,Wiltshire,1,12532,high,accept,"high confidence, verified sample and dedication tokens"
St Cyriac,Lacock,Wiltshire,1,13907,high,accept,"high confidence, verified sample and dedication tokens"
St Michael and All Angels,Sopley,Hampshire,1,12911,high,accept,"high confidence, verified sample and dedication tokens"
St Peter,Ash,Surrey,1,15998,high,accept,"high confidence, verified sample and dedication tokens"
,Padworth,,1,12560,high,accept,"high confidence, verified sample and dedication tokens"
,Pangbourne,,1,16866,high,accept,"high confidence, verified sample and dedication tokens"
,Chieveley,,1,15971,high,accept,"high confidence, verified sample and dedication tokens"
St George Colegate,Norwich,Norfolk,1,13293,high,accept,"high confidence, verified sample and dedication tokens"
St Cuthbert,Benfieldside,Co Durham,1,11657,high,accept,"high confidence, verified sample and dedication tokens"
All Saints,Marcham,Oxfordshire,1,15648,high,accept,"high confidence, verified sample and dedication tokens"
St James,Great Ellingham,Norfolk,1,13836,high,accept,"high confidence, verified sample and dedication tokens"
St Peter,Stourton,Wiltshire,1,16419,high,accept,"high confidence, verified sample and dedication tokens"
St James the Great,Stonesfield,Oxfordshire,1,12502,high,accept,"high confidence, verified sample and dedication tokens"
St Andrew,Stogursey,Somerset,1,13898,high,accept,"high confidence, verified sample and dedication tokens"
St George,Brede,East Sussex,1,13030,high,accept,"high confidence, verified sample and dedication tokens"
St Denys,Northmoor,Oxfordshire,1,11625,high,accept,"high confidence, verified sample and dedication tokens"
St Matthew,Midgham,Berkshire,1,12976,high,accept,"high confidence, verified sample and dedication tokens"
St John the Baptist,Layer-de-la-Haye,Essex,1,13936,high,accept,"high confidence, verified sample and dedication tokens"
,Kilmington,Devon,1,10866,high,accept,"high confidence, verified sample and dedication tokens"
,Stoke Canon,Devon,1,16200,high,accept,"high confidence, verified sample and dedication tokens"
,Throwleigh,Devon,1,11344,high,accept,"high confidence, verified sample and dedication tokens"
Old North Church,Boston,Massachusetts,1,12291,high,accept,"high confidence, verified sample and dedication tokens"
,Farway,Devon,1,13261,high,accept,"high confidence, verified sample and dedication tokens"
St Bartholomew,Rogate,West Sussex,1,11098,high,accept,"high confidence, verified sample and dedication tokens"
St Mary Magdalene Upton,Torquay,Devon,1,10488,high,accept,"high confidence, verified sample and dedication tokens"
St James,Stedham,West Sussex,1,10727,high,accept,"high confidence, verified sample and dedication tokens"
,Ashreigney,Devon,1,12205,high,accept,"high confidence, verified sample and dedication tokens"
St Mary the Virgin,Harkstead,Suffolk,1,14259,high,accept,"high confidence, verified sample and dedication tokens"
St John the Evangelist,Penge,Greater London,1,11094,high,accept,"high confidence, verified sample and dedication tokens"
St Thomas of Canterbury,Pylle,Somerset,1,10923,high,accept,"high confidence, verified sample and dedication tokens"
St Lawrence,Rode,Somerset,1,16145,high,accept,"high confidence, verified sample and dedication tokens"
St Aldhelm,Doulting,Somerset,1,14595,high,accept,"high confidence, verified sample and dedication tokens"
All Saints,Burstwick,East Riding of Yorkshire,1,12764,high,accept,"high confidence, verified sample and dedication tokens"
St Andrew,Ansford,Somerset,1,15317,high,accept,"high confidence, verified sample and dedication tokens"
St Mary,Beverley,E Yorks,1,,none,reject,resolver found no tower
St Mary the Virgin,Litton,Somerset,1,16505,high,accept,"high confidence, verified sample and dedication tokens"
Holy Trinity,Binegar,Somerset,1,12038,high,accept,"high confidence, verified sample and dedication tokens"
St Nicholas,Radstock,Somerset,1,14204,high,accept,"high confidence, verified sample and dedication tokens"
Holy Trinity,High Littleton,Somerset,1,14734,high,accept,"high confidence, verified sample and dedication tokens"
The Mancroft Ringing Discovery Centre,Norwich,Norfolk,1,,none,reject,resolver found no tower
St Dunstan,Baltonsborough,Somerset,1,13047,high,accept,"high confidence, verified sample and dedication tokens"
All Saints,Nunney,Somerset,1,10192,high,accept,"high confidence, verified sample and dedication tokens"
SS Peter and Paul,Maperton,Somerset,1,14229,high,accept,"high confidence, verified sample and dedication tokens"
St Michael,Penselwood,Somerset,1,16880,high,accept,"high confidence, verified sample and dedication tokens"
SS Peter and Paul,Weobley,Herefordshire,1,11289,medium,accept,"medium, building shares dedication evidence"
St Mary the Virgin,Staunton on Wye,Herefordshire,1,15412,high,accept,"high confidence, verified sample and dedication tokens"
St Nicholas,Norton Canon,Herefordshire,1,13725,high,accept,"high confidence, verified sample and dedication tokens"
St Michael and All Angels,Bodenham,Herefordshire,1,14485,high,accept,"high confidence, verified sample and dedication tokens"
St Paul,Camden,New South Wales,1,12983,high,accept,"high confidence, verified sample and dedication tokens"
St Edmund,Emneth,Norfolk,1,10221,high,accept,"high confidence, verified sample and dedication tokens"
St Wolvela,Gulval,Cornwall,1,14280,high,accept,"high confidence, verified sample and dedication tokens"
St Mary the Virgin,Eaton Bray,Bedfordshire,1,14400,high,accept,"high confidence, verified sample and dedication tokens"
51 Castle Shannon Blvd,Pittsburgh,Pennsylvania,1,,none,reject,resolver found no tower
Elizabeth College,St Peter Port,Guernsey,1,25248,high,accept,"high confidence, verified sample and dedication tokens"
St Margaret of Antioch,Wellington,Herefordshire,1,15981,high,accept,"high confidence, verified sample and dedication tokens"
Cathedral,Newcastle,,1,,none,reject,resolver found no tower
St John the Baptist,Great Gaddesden,Hertfordshire,1,16870,high,accept,"high confidence, verified sample and dedication tokens"
All Saints,Freshwater,Isle of Wight,1,16685,high,accept,"high confidence, verified sample and dedication tokens"
St Peter,Withington,Herefordshire,1,11936,high,accept,"high confidence, verified sample and dedication tokens"
St John the Baptist,Eversholt,Bedfordshire,1,16126,high,accept,"high confidence, verified sample and dedication tokens"
Saye Beach,Alderney,Channel Islands,1,,none,reject,resolver found no tower
Corblets Beach,Alderney,Channel Islands,1,,none,reject,resolver found no tower
,Ringing Room,"UK, USA, & Switzerland",1,,none,reject,resolver found no tower
St Nicholas,Broadwoodwidger,Devon,1,15519,high,accept,"high confidence, verified sample and dedication tokens"
St Adwena,Advent,Cornwall,1,10510,high,accept,"high confidence, verified sample and dedication tokens"
St Paternus,South Petherwin,Cornwall,1,16643,high,accept,"high confidence, verified sample and dedication tokens"
St Michael and All Angels,Lesnewth,Cornwall,1,16047,high,accept,"high confidence, verified sample and dedication tokens"
St Thomas the Apostle,Launceston,Cornwall,1,12476,medium,accept,"medium, building shares dedication evidence"
St Marwenne,Marhamchurch,Cornwall,1,12113,high,accept,"high confidence, verified sample and dedication tokens"
St Dunstan,Cranford,Greater London,1,12431,high,accept,"high confidence, verified sample and dedication tokens"
All Saints,Drinkstone,Suffolk,1,14520,high,accept,"high confidence, verified sample and dedication tokens"
Kowhai Mini-Ring,Oamaru,New Zealand,1,,none,reject,resolver found no tower
St Nicholas,Beaudesert,Warwickshire,1,13622,high,accept,"high confidence, verified sample and dedication tokens"
St Martin,North Perrott,Somerset,1,13684,high,accept,"high confidence, verified sample and dedication tokens"
S.M.V. and All Saints,Langdon Hills,Essex,1,10356,high,accept,"high confidence, verified sample and dedication tokens"
St M V and All Saints,Langdon Hills,Essex,1,10356,high,accept,"high confidence, verified sample and dedication tokens"
St Paul,Ludgvan,Cornwall,1,14814,high,accept,"high confidence, verified sample and dedication tokens"
St Andrew,Great Ryburgh,Norfolk,1,11436,high,accept,"high confidence, verified sample and dedication tokens"
The Perth Mobile Belfry,Hilton,Western Australia,1,,none,reject,resolver found no tower
St Mary,Langdon Hills,Essex,1,10356,high,accept,"high confidence, verified sample and dedication tokens"
St Wendrona,Wendron,Cornwall,1,12717,high,accept,"high confidence, verified sample and dedication tokens"
St Winwaloe,Poundstock,Cornwall,1,12157,high,accept,"high confidence, verified sample and dedication tokens"
St Martin,Lewannick,Cornwall,1,13053,high,accept,"high confidence, verified sample and dedication tokens"
SS Maunan & Stephen,Mawnan,Cornwall,1,17047,high,accept,"high confidence, verified sample and dedication tokens"
St Denis,Otterham,Cornwall,1,13562,high,accept,"high confidence, verified sample and dedication tokens"
All Saints,Worlingham,Suffolk,1,16853,high,accept,"high confidence, verified sample and dedication tokens"
SS Petrock and Keri,Egloskerry,Cornwall,1,15006,high,accept,"high confidence, verified sample and dedication tokens"
St Peter,Deene,Northamptonshire,1,12631,high,accept,"high confidence, verified sample and dedication tokens"
St Margaret,Dunham Massey,Greater Manchester,1,10216,high,accept,"high confidence, verified sample and dedication tokens"
,Wollaston,Northants,1,13383,high,accept,"high confidence, verified sample and dedication tokens"
St Peter,Kirkthorpe,West Yorkshire,1,12252,high,accept,"high confidence, verified sample and dedication tokens"
All Saints,Southill,Bedfordshire,1,16331,high,accept,"high confidence, verified sample and dedication tokens"
St Leonard,Old Warden,Bedfordshire,1,14132,high,accept,"high confidence, verified sample and dedication tokens"
St Anne,Baslow,Derbyshire,1,12838,high,accept,"high confidence, verified sample and dedication tokens"
St Mary Magedelene,Great Offley,Hertfordshire,1,12296,high,accept,"high confidence, verified sample and dedication tokens"
St James,Nunburnholme,East Yorkshire,1,,none,reject,resolver found no tower
St Thomas a Beckett,Northaw,Hertfordshire,1,14406,high,accept,"high confidence, verified sample and dedication tokens"
St Thomas a Becket,Northaw,Hertfordshire,1,14406,high,accept,"high confidence, verified sample and dedication tokens"
,Lemsford,,1,12929,high,accept,"high confidence, verified sample and dedication tokens"
,Charlwood,,1,14048,high,accept,"high confidence, verified sample and dedication tokens"
,Standon,Herts,1,14869,high,accept,"high confidence, verified sample and dedication tokens"
,Swepstone,,1,14704,high,accept,"high confidence, verified sample and dedication tokens"
"Colchester, Norwich & Sabarat",Ringing Room,UK & France,1,,none,reject,resolver found no tower
St Lawrence,Lechlade,Glos,1,14119,high,accept,"high confidence, verified sample and dedication tokens"
All Saints,Wragby,Lincolnshire,1,12824,high,accept,"high confidence, verified sample and dedication tokens"
St John the Baptist,Corby,Northamptonshire,1,13906,high,accept,"high confidence, verified sample and dedication tokens"
All Saints,Publow,Somerset,1,13699,high,accept,"high confidence, verified sample and dedication tokens"
St James the Less,Halse,Somerset,1,11862,high,accept,"high confidence, verified sample and dedication tokens"
St Pancras,West Bagborough,Somerset,1,16344,high,accept,"high confidence, verified sample and dedication tokens"
All Saints,Thurlaston,Leicestershire,1,15906,high,accept,"high confidence, verified sample and dedication tokens"
St Andrew,"Princess Anne, Maryland",,1,12416,high,accept,"high confidence, verified sample and dedication tokens"
St Guthlac,Branston,Leicestershire,1,14994,high,accept,"high confidence, verified sample and dedication tokens"
St Peter,Heversham,Cumbria,1,11338,high,accept,"high confidence, verified sample and dedication tokens"
St Peter,Little Comberton,Worcestershire,1,16328,high,accept,"high confidence, verified sample and dedication tokens"
St Andrew,Swanwick,Derbyshire,1,11907,high,accept,"high confidence, verified sample and dedication tokens"
St Nicholas,Middle Littleton,Worcestershire,1,14738,high,accept,"high confidence, verified sample and dedication tokens"
St Nicholas,Pevensey,East Sussex,1,13286,high,accept,"high confidence, verified sample and dedication tokens"
,Buckland Brewer,,1,11236,high,accept,"high confidence, verified sample and dedication tokens"
St Michael,Withington,Gloucestershire,1,13289,high,accept,"high confidence, verified sample and dedication tokens"
,Hoar Cross,,1,15683,high,accept,"high confidence, verified sample and dedication tokens"
,Finchampstead,,1,10776,high,accept,"high confidence, verified sample and dedication tokens"
,Little Shelford,,1,11637,high,accept,"high confidence, verified sample and dedication tokens"
,Elstree,,1,10946,high,accept,"high confidence, verified sample and dedication tokens"
,Sandhurst,Kent,1,16019,high,accept,"high confidence, verified sample and dedication tokens"
"St Paul, Southville",Bristol,,1,12016,high,accept,"high confidence, verified sample and dedication tokens"
St Peter,Tempsford,Bedfordshire,1,11296,high,accept,"high confidence, verified sample and dedication tokens"
St Mary,Houghton,Cambridgeshire,1,12946,high,accept,"high confidence, verified sample and dedication tokens"
St Giles,Shipbourne,Kent,1,14124,high,accept,"high confidence, verified sample and dedication tokens"
St Mary,Troston,Suffolk,1,10807,high,accept,"high confidence, verified sample and dedication tokens"
St Nicholas,Standish,Gloucs,1,,none,reject,resolver found no tower
St Mary,Dodleston,Cheshire,1,10985,high,accept,"high confidence, verified sample and dedication tokens"
St Peter and St Paul,Weobley,Herefordshire,1,11289,high,accept,"high confidence, verified sample and dedication tokens"
Corpus Christi,Clifton,Nottinghamshire,1,16048,high,accept,"high confidence, verified sample and dedication tokens"
St Lawrence,Abbots Langley,Hertfordshire,1,13781,high,accept,"high confidence, verified sample and dedication tokens"
St Mary and St Sexburga,Minster (Sheppey),Kent,1,,none,reject,resolver found no tower
SS Peter & Paul,Chacombe,Northamptonshire,1,10403,high,accept,"high confidence, verified sample and dedication tokens"
St Lawrence,Lydeard St Lawrence,Somerset,1,13970,high,accept,"high confidence, verified sample and dedication tokens"
Hampole Manor,Hampole,Yorks,1,,none,reject,resolver found no tower
,Stoke Prior,Worcs,1,11782,high,accept,"high confidence, verified sample and dedication tokens"
,Beenham,,1,12053,high,accept,"high confidence, verified sample and dedication tokens"
,Widford,Hertfordshire,1,10271,high,accept,"high confidence, verified sample and dedication tokens"
St John the Baptist,Pawlett,Somerset,1,14560,high,accept,"high confidence, verified sample and dedication tokens"
St Mary the Virgin,Bosley,Cheshire,1,11191,high,accept,"high confidence, verified sample and dedication tokens"
,Ardeley,,1,12211,high,accept,"high confidence, verified sample and dedication tokens"
,Cawthorne,,1,14857,high,accept,"high confidence, verified sample and dedication tokens"
St Paul,Winlaton,Tyne and Wear,1,15300,high,accept,"high confidence, verified sample and dedication tokens"
,Hartfield,,1,12747,high,accept,"high confidence, verified sample and dedication tokens"
Cathedral of SS Peter and Paul,"Washington, District of Columbia",,1,,none,reject,resolver found no tower
St Winifred,Kingston on Soar,Nottinghamshire,1,16731,high,accept,"high confidence, verified sample and dedication tokens"
St Mary the Virgin,Meppershall,Bedfordshire,1,12799,high,accept,"high confidence, verified sample and dedication tokens"
St Peter,Duxford,Cambridgeshire,1,12125,high,accept,"high confidence, verified sample and dedication tokens"
"St Michael, Spurriergate",York,North Yorkshire,1,25092,medium,accept,"medium, building shares dedication evidence"
St James Apostle,Paulerspury,Northamptonshire,1,11586,high,accept,"high confidence, verified sample and dedication tokens"
St Peter,Thurleigh,Bedfordshire,1,16828,high,accept,"high confidence, verified sample and dedication tokens"
St Andrew,Ombersley,Worcestershire,1,11438,high,accept,"high confidence, verified sample and dedication tokens"
St John the Baptist,Frenchay,Gloucestershire,1,12063,high,accept,"high confidence, verified sample and dedication tokens"
St Mary the Virgin,Thakeham,West Sussex,1,12255,high,accept,"high confidence, verified sample and dedication tokens"
St Mary,Lower Heyford,Oxfordshire,1,13630,high,accept,"high confidence, verified sample and dedication tokens"
,Baughurst,,1,15372,high,accept,"high confidence, verified sample and dedication tokens"
St John the Baptist,Piddington,Northamptonshire,1,12040,high,accept,"high confidence, verified sample and dedication tokens"
All Saints,Yelvertoft,Northamptonshire,1,14472,high,accept,"high confidence, verified sample and dedication tokens"
St Stithians,Stithians,Cornwall,1,14397,high,accept,"high confidence, verified sample and dedication tokens"
St Mawgan,Mawgan-in-Meneage,Cornwall,1,12056,high,accept,"high confidence, verified sample and dedication tokens"
St Laudus,Mabe,Cornwall,1,15977,high,accept,"high confidence, verified sample and dedication tokens"
St Benedict,Hunsbury,Northamptonshire,1,,none,reject,resolver found no tower
Nativity of the Blessed Virgin Mary,Ringstead,Northamptonshire,1,11989,high,accept,"high confidence, verified sample and dedication tokens"
St John the Baptist,Upper Boddington,Northamptonshire,1,13498,high,accept,"high confidence, verified sample and dedication tokens"
St Laurence,Ridgewell,Essex,1,16172,high,accept,"high confidence, verified sample and dedication tokens"
St Saviour,Greyabbey,County Down,1,15043,high,accept,"high confidence, verified sample and dedication tokens"
St Mary,Nettleton,Wilitshire,1,,none,reject,resolver found no tower
St John the Baptist,Wittersham,Kent,1,10865,high,accept,"high confidence, verified sample and dedication tokens"
St James the Apostle,Paulerspury,Northamptonshire,1,11586,high,accept,"high confidence, verified sample and dedication tokens"
St Ercus,St Erth,Cornwall,1,15525,high,accept,"high confidence, verified sample and dedication tokens"
St Mary,Orlingbury,Northamptonshire,1,11014,high,accept,"high confidence, verified sample and dedication tokens"
St Mark Lord Mayor's Chapel,Bristol,Bristol,1,14422,high,accept,"high confidence, verified sample and dedication tokens"
,Cogenhoe,,1,11039,high,accept,"high confidence, verified sample and dedication tokens"
,Cold Higham,,1,10919,high,accept,"high confidence, verified sample and dedication tokens"
St Mary,Hanley Castle,Worcestershire,1,12873,high,accept,"high confidence, verified sample and dedication tokens"
St Gabriel,Hanley Swan,Worcestershire,1,14286,high,accept,"high confidence, verified sample and dedication tokens"
,Pebmarsh,,1,16926,high,accept,"high confidence, verified sample and dedication tokens"
St Mary Magdalene,Downe,Greater London,1,16825,high,accept,"high confidence, verified sample and dedication tokens"
Holy Trinity,Dinting Vale,Derbyshire,1,12371,high,accept,"high confidence, verified sample and dedication tokens"
"Vernet-les-Bains, Oldham & Sabarat",Ringing Room,UK & France,1,,none,reject,resolver found no tower
87 Edinburgh Road,Newmarket,Suffolk,1,,none,reject,resolver found no tower
,Hinxworth,,1,15902,high,accept,"high confidence, verified sample and dedication tokens"
St Mary the Virgin,Oxenhope,West Yorkshire,1,11937,high,accept,"high confidence, verified sample and dedication tokens"
St Mary the Virgin,Week St Mary,Cornwall,1,15662,high,accept,"high confidence, verified sample and dedication tokens"
,Frampton Cotterell,,1,15027,high,accept,"high confidence, verified sample and dedication tokens"
SS Mary and Clement,Clavering,Essex,1,14313,high,accept,"high confidence, verified sample and dedication tokens"
St John the Baptist,Huntley,Gloucestershire,1,11281,high,accept,"high confidence, verified sample and dedication tokens"
St Botolph,Hadstock,Essex,1,12790,high,accept,"high confidence, verified sample and dedication tokens"
St James the Great,Thorley,Hertfordshire,1,13703,high,accept,"high confidence, verified sample and dedication tokens"
,Goodnestone,Kent,1,17060,medium,reject,adjudicated: multi-tower town with no building evidence
St Mary,Redbourn,Hertfordshire,1,16894,high,accept,"high confidence, verified sample and dedication tokens"
St Peter and St Paul,Church Hanborough,Oxfordshire,1,15045,high,accept,"high confidence, verified sample and dedication tokens"
St Michael,Kington St Michael,Wiltshire,1,13049,high,accept,"high confidence, verified sample and dedication tokens"
St George,Easton in Gordano,Somerset,1,15583,high,accept,"high confidence, verified sample and dedication tokens"
All Saints,Staunton,Gloucestershire,1,13800,high,accept,"high confidence, verified sample and dedication tokens"
St Benedict,Glinton,Cambridgeshire,1,11185,high,accept,"high confidence, verified sample and dedication tokens"
St John Baptist,Corby,Northamptonshire,1,13906,high,accept,"high confidence, verified sample and dedication tokens"
St Mary,Eversley,Hampshire,1,14192,high,accept,"high confidence, verified sample and dedication tokens"
St Peter and St Paul,Ellesborough,Buckinghamshire,1,10275,high,accept,"high confidence, verified sample and dedication tokens"
St Mary the Virgin,Willesborough,Kent,1,14764,high,accept,"high confidence, verified sample and dedication tokens"
St Mary,Wymeswold,Leicestershire,1,10306,high,accept,"high confidence, verified sample and dedication tokens"
St Mary,West Worlington,Devon,1,13831,high,accept,"high confidence, verified sample and dedication tokens"
St Giles,South Mimms,Hertfordshire,1,14256,high,accept,"high confidence, verified sample and dedication tokens"
St Chad,Longford,Derbyshire,1,14757,high,accept,"high confidence, verified sample and dedication tokens"
Blessed Virgin Mary,Stone,Worcestershire,1,13942,high,accept,"high confidence, verified sample and dedication tokens"
All Saints,North Ferriby,Yorkshire,1,17151,high,accept,"high confidence, verified sample and dedication tokens"
St Nicholas,Wickham,Hampshire,1,16603,high,accept,"high confidence, verified sample and dedication tokens"
Former St John,York,North Yorkshire,1,25393,medium,accept,"medium, building shares dedication evidence"
The Ascension,Whixley,North Yorkshire,1,11060,high,accept,"high confidence, verified sample and dedication tokens"
"St Stephen, Lansdown",Bath,Somerset,1,12686,high,accept,"high confidence, verified sample and dedication tokens"
The Red Light Ring,Southampton,Hampshire,1,,none,reject,resolver found no tower
St Augustine,Brookland,Kent,1,10668,high,accept,"high confidence, verified sample and dedication tokens"
St Matthew,Warehorne,Kent,1,17059,high,accept,"high confidence, verified sample and dedication tokens"
St Mary,Moreton,Essex,1,12345,high,accept,"high confidence, verified sample and dedication tokens"
,Tibshelf,Derbyshire,1,14897,high,accept,"high confidence, verified sample and dedication tokens"
St Thomas of Canterbury,Tangley,Hampshire,1,11058,high,accept,"high confidence, verified sample and dedication tokens"
St Thomas,Tangley,Hampshire,1,11058,high,accept,"high confidence, verified sample and dedication tokens"
,Chelsfield,,1,16695,high,accept,"high confidence, verified sample and dedication tokens"
St Mary,Great Parndon,Essex,1,16121,high,accept,"high confidence, verified sample and dedication tokens"
St Mary,Broughton,Hampshire,1,14167,high,accept,"high confidence, verified sample and dedication tokens"
,Ludgershall,Wilts,1,14944,high,accept,"high confidence, verified sample and dedication tokens"
St Benedict,Sydney,New South Wales,1,14777,high,accept,"high confidence, verified sample and dedication tokens"
,Laughton,,1,15991,medium,reject,adjudicated: multi-tower town with no building evidence
,Fulmer,,1,17093,high,accept,"high confidence, verified sample and dedication tokens"
,Hitcham,Bucks,1,15217,high,accept,"high confidence, verified sample and dedication tokens"
,Wiggenhall St Mary Magdalen,,1,14207,high,accept,"high confidence, verified sample and dedication tokens"
,Easthampstead,,1,16428,high,accept,"high confidence, verified sample and dedication tokens"
"Warfield,  Oldham & Vernet-les-Bains",Ringing Room,UK & France,1,,none,reject,resolver found no tower
,Coddington,Notts,1,11794,high,accept,"high confidence, verified sample and dedication tokens"
All Saints,Stamford,Lincolnshire,1,13596,high,accept,"high confidence, verified sample and dedication tokens"
St Mary,Watton,Norfolk,1,14908,high,accept,"high confidence, verified sample and dedication tokens"
,Ringing Room,Suffolk and Essex,1,,none,reject,resolver found no tower
,West Retford,,1,10718,high,accept,"high confidence, verified sample and dedication tokens"
Holy Trinity,Brathay,Cumbria,1,14837,high,accept,"high confidence, verified sample and dedication tokens"
,Kirkthorpe,,1,12252,high,accept,"high confidence, verified sample and dedication tokens"
St Mary,Wallington,Hertfordshire,1,15557,high,accept,"high confidence, verified sample and dedication tokens"
,Ringing Room,Suffolk and Dorset,1,,none,reject,resolver found no tower
,Kempsford,,1,10185,high,accept,"high confidence, verified sample and dedication tokens"
"Colchester, Norwich & Sabarat",Ringing Room,UK,1,,none,reject,resolver found no tower
,Wallington,,1,15557,medium,reject,adjudicated: multi-tower town with no building evidence
12 Victoria St (GF),Cambridge,Cambridgeshire,1,,none,reject,resolver found no tower
,Little Chart,,1,14247,high,accept,"high confidence, verified sample and dedication tokens"
St Edmund,Maids Moreton,Buckinghamshire,1,12835,high,accept,"high confidence, verified sample and dedication tokens"
St Mary Edinburgh,Ringing Room,,1,,none,reject,resolver found no tower
All Saints,Soulbury,Buckinghamshire,1,10962,high,accept,"high confidence, verified sample and dedication tokens"
St Andrew,Alfriston,East Sussex,1,15365,high,accept,"high confidence, verified sample and dedication tokens"
St Giles,Exhall,Warwickshire,1,10520,high,accept,"high confidence, verified sample and dedication tokens"
Great St Mary,Sawbridgeworth,Hertfordshire,1,12270,high,accept,"high confidence, verified sample and dedication tokens"
All Saints,Braunston,Northamptonshire,1,11019,high,accept,"high confidence, verified sample and dedication tokens"
St Mary the Blessed Virgin,Brabourne,Kent,1,17146,high,accept,"high confidence, verified sample and dedication tokens"
St Mary,Kennington,Kent,1,17149,high,accept,"high confidence, verified sample and dedication tokens"
St Mary the Virgin,Stowting,Kent,1,11000,high,accept,"high confidence, verified sample and dedication tokens"
Wybunbury Tower,Wybunbury,Cheshire,1,15791,high,accept,"high confidence, verified sample and dedication tokens"
Blessed Virgin Mary,East Brent,Somerset,1,16210,high,accept,"high confidence, verified sample and dedication tokens"
St John the Baptist,Flitton,Bedfordshire,1,17119,high,accept,"high confidence, verified sample and dedication tokens"
St John the Baptist,Capel,Surrey,1,13087,high,accept,"high confidence, verified sample and dedication tokens"
St George,Saham Toney,Norfolk,1,16947,high,accept,"high confidence, verified sample and dedication tokens"
St Matthew,Cheriton Fitzpaine,Devon,1,12411,high,accept,"high confidence, verified sample and dedication tokens"
,Preshute,,1,13550,high,accept,"high confidence, verified sample and dedication tokens"
,Stebbing,,1,12071,high,accept,"high confidence, verified sample and dedication tokens"
St John the Evangelist,Ford End,Essex,1,10598,high,accept,"high confidence, verified sample and dedication tokens"
St John the Baptist,Layer de la Haye,Essex,1,13936,high,accept,"high confidence, verified sample and dedication tokens"
St Mary the Virgin,Black Bourton,Oxfordshire,1,10617,high,accept,"high confidence, verified sample and dedication tokens"
St Helena,Lundy Island,,1,11248,high,accept,"high confidence, verified sample and dedication tokens"
,Chislet,Kent,1,10038,high,accept,"high confidence, verified sample and dedication tokens"
St Andrew,Kimbolton,Cambridgeshire,1,10188,high,accept,"high confidence, verified sample and dedication tokens"
,Tolleshunt d'Arcy,,1,15322,high,accept,"high confidence, verified sample and dedication tokens"
"46, Orchard Drive",St Albans,Hertfordshire,1,,none,reject,resolver found no tower
St Cosmas and St Damian,Keymer,West Sussex,1,10528,high,accept,"high confidence, verified sample and dedication tokens"
,Edgmond,,1,14164,high,accept,"high confidence, verified sample and dedication tokens"
"Thorrington, Wickford & Sabarat",Ringing Room,Uk & France,1,,none,reject,resolver found no tower
St Helena,Lundy Island,Devon,1,11248,high,accept,"high confidence, verified sample and dedication tokens"
St John the Baptist,Knutsford,Cheshire,1,11499,high,accept,"high confidence, verified sample and dedication tokens"
,Moreton Corbet,,1,11380,high,accept,"high confidence, verified sample and dedication tokens"
,Chiseldon,,1,10449,high,accept,"high confidence, verified sample and dedication tokens"
,Higham,Kent,1,12015,medium,reject,adjudicated: multi-tower town with no building evidence
All Saints,Godshill,Isle of Wight,1,12510,high,accept,"high confidence, verified sample and dedication tokens"
All Saints,Catherington,Hampshire,1,17148,high,accept,"high confidence, verified sample and dedication tokens"
SS Peter and Paul,Butlers Marston,Warwickshire,1,14607,high,accept,"high confidence, verified sample and dedication tokens"
St Mary the Virgin,Funtington,Sussex,1,13503,high,accept,"high confidence, verified sample and dedication tokens"
St Denys,Ibstock,Leicestershire,1,15895,high,accept,"high confidence, verified sample and dedication tokens"
,Ramsbury,,1,10903,high,accept,"high confidence, verified sample and dedication tokens"
S Michael,Smarden,Kent,1,15047,high,accept,"high confidence, verified sample and dedication tokens"
St Luke,Goostrey,Cheshire,1,13669,high,accept,"high confidence, verified sample and dedication tokens"
,King's Bromley,,1,16545,high,accept,"high confidence, verified sample and dedication tokens"
St Catharine,Baglan,Neath Port Talbot,1,11317,high,accept,"high confidence, verified sample and dedication tokens"
St Andrew,Stapleford,Cambridgeshire,1,16175,high,accept,"high confidence, verified sample and dedication tokens"
,Dunsford,Devon,1,14545,high,accept,"high confidence, verified sample and dedication tokens"
,Shobrooke,Devon,1,13768,high,accept,"high confidence, verified sample and dedication tokens"
,Kingskerswell,Devon,1,11038,high,accept,"high confidence, verified sample and dedication tokens"
,Holcombe Burnell,Devon,1,15746,high,accept,"high confidence, verified sample and dedication tokens"
,Harpford,Devon,1,15223,high,accept,"high confidence, verified sample and dedication tokens"
,Doddiscombsleigh,Devon,1,11075,high,accept,"high confidence, verified sample and dedication tokens"
St Swithin,Sandford,Devon,1,16933,high,accept,"high confidence, verified sample and dedication tokens"
,Ide,Devon,1,14492,high,accept,"high confidence, verified sample and dedication tokens"
,Thorverton,Devon,1,16860,high,accept,"high confidence, verified sample and dedication tokens"
,Sheepstor,Devon,1,11632,high,accept,"high confidence, verified sample and dedication tokens"
,Trusham,Devon,1,14889,high,accept,"high confidence, verified sample and dedication tokens"
,Broadhempston,Devon,1,12156,high,accept,"high confidence, verified sample and dedication tokens"
,Collaton St Mary,Devon,1,17051,high,accept,"high confidence, verified sample and dedication tokens"
,Powderham,Devon,1,12083,high,accept,"high confidence, verified sample and dedication tokens"
St Mary the Virgin,Collaton St Mary,Devon,1,17051,high,accept,"high confidence, verified sample and dedication tokens"
St Mary,Bletsoe,Bedfordshire,1,10868,high,accept,"high confidence, verified sample and dedication tokens"
All Saints',Maidstone,Kent,1,11883,high,accept,"high confidence, verified sample and dedication tokens"
"St Lawrence, Church End",Ansley,Warwickshire,1,13078,high,accept,"high confidence, verified sample and dedication tokens"
St Michael,Church Broughton,Derbyshire,1,14806,high,accept,"high confidence, verified sample and dedication tokens"
"Vernet-les-Bains, Oldham & Great Hockham",Sonneur,UK & France,1,,none,reject,resolver found no tower
Blessed Virgin Mary,Cannington,Somerset,1,13006,high,accept,"high confidence, verified sample and dedication tokens"
St Nicholas,Willoughby,Warwickshire,1,12496,high,accept,"high confidence, verified sample and dedication tokens"
St Hippolytus,St Ippolytts,Hertfordshire,1,,none,reject,resolver found no tower
St Mary-le-Ghyll,Barnoldswick,Lancashire,1,12339,high,accept,"high confidence, verified sample and dedication tokens"
St Thomas-a-Becket,Pagham,West Sussex,1,10680,high,accept,"high confidence, verified sample and dedication tokens"
St Thomas a Becket,Pagham,West Sussex,1,10680,high,accept,"high confidence, verified sample and dedication tokens"
St Michael,Northchapel,West Sussex,1,12330,high,accept,"high confidence, verified sample and dedication tokens"
St John the Baptist,Kirdford,West Sussex,1,13335,high,accept,"high confidence, verified sample and dedication tokens"
St Andrew,Sherborne St John,Hampshire,1,12944,high,accept,"high confidence, verified sample and dedication tokens"
Holy Trinity,Littlebury,Essex,1,12598,high,accept,"high confidence, verified sample and dedication tokens"
St Andrew,Great Finborough,Suffolk,1,11626,high,accept,"high confidence, verified sample and dedication tokens"
Blessed Virgin Mary,Croscombe,Somerset,1,16333,high,accept,"high confidence, verified sample and dedication tokens"
St Mary with All Souls,Kilburn,"Abbey Road, Gtr London",1,,none,reject,resolver found no tower
St Peter,Addingham,West Yorkshire,1,17108,high,accept,"high confidence, verified sample and dedication tokens"
St Andrew,Stanton upon Hine Heath,Shropshire,1,12899,high,accept,"high confidence, verified sample and dedication tokens"
Holy Trinity,Calverhall,Shropshire,1,10559,high,accept,"high confidence, verified sample and dedication tokens"
St Luke,Sheen,Staffordshire,1,12603,high,accept,"high confidence, verified sample and dedication tokens"
St Mary the Virgin,Sturminster Marshall,Dorset,1,13003,high,accept,"high confidence, verified sample and dedication tokens"
St Edith of Polesworth,Orton on the Hill,Leicestershire,1,10600,high,accept,"high confidence, verified sample and dedication tokens"
The Adelaide Ringing Centre,Adelaide,South Australia,1,,none,reject,resolver found no tower
St Peter and St Paul,Mappowder,Dorset,1,11134,high,accept,"high confidence, verified sample and dedication tokens"
St Michael and All Angels,High Ercall,Shropshire,1,11168,high,accept,"high confidence, verified sample and dedication tokens"
St Olaf King and Martyr,Poughill,Cornwall,1,13070,high,accept,"high confidence, verified sample and dedication tokens"
St Lawrence,Seale,Surrey,1,12491,high,accept,"high confidence, verified sample and dedication tokens"
St Andrew,South Brisbane,Queensland,1,15860,high,accept,"high confidence, verified sample and dedication tokens"
St Peter and St Paul,Langton by Partney,Lincolnshire,1,12931,high,accept,"high confidence, verified sample and dedication tokens"
St Peter,Peters Marland,Devon,1,16660,high,accept,"high confidence, verified sample and dedication tokens"
All Saints,High Bray,Devon,1,10823,high,accept,"high confidence, verified sample and dedication tokens"
St Milburga,Beckbury,Shropshire,1,10244,high,accept,"high confidence, verified sample and dedication tokens"
Cathedral and Parish Church of St Fachtna,Rosscarbery,Cork,1,11724,high,accept,"high confidence, verified sample and dedication tokens"
St John,Keele,Staffordshire,1,15675,high,accept,"high confidence, verified sample and dedication tokens"
All Saints,Worthen,Shropshire,1,15446,high,accept,"high confidence, verified sample and dedication tokens"
St Eata,Atcham,Shropshire,1,13475,high,accept,"high confidence, verified sample and dedication tokens"
St Catherine,Tugford,Shropshire,1,14031,high,accept,"high confidence, verified sample and dedication tokens"
St Bartholomew,Moreton Corbet,Shropshire,1,11380,high,accept,"high confidence, verified sample and dedication tokens"
St Editha,Church Eaton,Staffordshire,1,12957,high,accept,"high confidence, verified sample and dedication tokens"
Stonebroom Campanile,Stonebroom,Derbyshire,1,25330,high,accept,"high confidence, verified sample and dedication tokens"
St Mary,Buriton,Hampshire,1,16683,high,accept,"high confidence, verified sample and dedication tokens"
"St Andrew, South Brisbane",Brisbane,Queensland,1,15860,high,accept,"high confidence, verified sample and dedication tokens"
All Saints Centre,"Norwich, Westlegate",Norwich,1,,none,reject,resolver found no tower
The Alphabet Ring,West Wyalong,New South Wales,1,,none,reject,resolver found no tower
St Mary Overie,Southwark,Surrey,1,,none,reject,resolver found no tower
,Garboldisham,,1,10815,high,accept,"high confidence, verified sample and dedication tokens"
All Saints,Babworth,Nottinghamshire,1,10636,high,accept,"high confidence, verified sample and dedication tokens"
All Saints,Binfield,Berkshire,1,12111,high,accept,"high confidence, verified sample and dedication tokens"
,Ringing Room,Massachusetts and New York,1,,none,reject,resolver found no tower
,Nutfield,,1,11711,high,accept,"high confidence, verified sample and dedication tokens"
,South Normanton,,1,10616,high,accept,"high confidence, verified sample and dedication tokens"
St John the Baptist,Marldon,Devon,1,15351,high,accept,"high confidence, verified sample and dedication tokens"
"St Constantine, King of Cornwall",Constantine,Cornwall,1,15807,high,accept,"high confidence, verified sample and dedication tokens"
All Saints,Newtown Linford,Leicestershire,1,14952,high,accept,"high confidence, verified sample and dedication tokens"
,Capel,,1,13087,medium,reject,adjudicated: multi-tower town with no building evidence
,Wollaton,,1,12674,high,accept,"high confidence, verified sample and dedication tokens"
St Mary the Virgin,Beighton,Derbyshire,1,,none,reject,resolver found no tower
St Lawrence,Biddulph,Staffordshire,1,11278,high,accept,"high confidence, verified sample and dedication tokens"
All Saints,Mollington,Oxfordshire,1,13559,high,accept,"high confidence, verified sample and dedication tokens"
St John the Baptist,Mayfield,Staffordshire,1,16315,high,accept,"high confidence, verified sample and dedication tokens"
St Peter,Ipsley,Worcestershire,1,13007,high,accept,"high confidence, verified sample and dedication tokens"
St Michael and All Angels,Pelsall,West Midlands,1,14289,high,accept,"high confidence, verified sample and dedication tokens"
35 Barton Lane,Headington,Oxfordshire,1,,none,reject,resolver found no tower
St Michael and All Angels,Hackthorn,Lincolnshire,1,10108,high,accept,"high confidence, verified sample and dedication tokens"
,Burnsall,,1,12308,high,accept,"high confidence, verified sample and dedication tokens"
,Lois Weedon,,1,16572,high,accept,"high confidence, verified sample and dedication tokens"
St Martin,Osmaston,Derbyshire,1,11392,high,accept,"high confidence, verified sample and dedication tokens"
,Bucknall,,1,16060,medium,reject,adjudicated: multi-tower town with no building evidence
St John the Baptist,Wolvey,Warwickshire,1,11837,high,accept,"high confidence, verified sample and dedication tokens"
St Paul de Leon,Staverton,Devon,1,17033,high,accept,"high confidence, verified sample and dedication tokens"
St Peter,Thornton,Leicestershire,1,13347,high,accept,"high confidence, verified sample and dedication tokens"
All Saints,Winthorpe,Nottinghamshire,1,12097,high,accept,"high confidence, verified sample and dedication tokens"
,Yelvertoft,,1,14472,high,accept,"high confidence, verified sample and dedication tokens"
The Peacock Inn,Croxton Kerrial,Leicestershire,1,14454,medium,reject,adjudicated: named private ring or non-church venue
,Hanley Castle,,1,12873,high,accept,"high confidence, verified sample and dedication tokens"
Spurriergate Centre,York,North Yorkshire,1,10509,high,accept,"high confidence, verified sample and dedication tokens"
SS Mary and Martin,Blyth,Nottinghamshire,1,15963,high,accept,"high confidence, verified sample and dedication tokens"
S Goranus,Gorran,Cornwall,1,14529,high,accept,"high confidence, verified sample and dedication tokens"
St Mary,Bushbury,West Midlands,1,15133,high,accept,"high confidence, verified sample and dedication tokens"
All Saints,Nettleham,Lincolnshire,1,14051,high,accept,"high confidence, verified sample and dedication tokens"
St Peter,Higham on the Hill,Leicestershire,1,10024,high,accept,"high confidence, verified sample and dedication tokens"
Unknown,Huddersfield,West Yorkshire,1,,none,reject,resolver found no tower
,Hale Magna,,1,,none,reject,resolver found no tower
,Earlsheaton,Yorkshire,1,,none,reject,resolver found no tower
,West Grinstead,,1,15491,high,accept,"high confidence, verified sample and dedication tokens"
,Portsmouth,Hants,1,13220,medium,reject,adjudicated: multi-tower town with no building evidence
,Steeple Claydon,,1,11199,high,accept,"high confidence, verified sample and dedication tokens"
,Leighton,,1,10539,medium,reject,adjudicated: multi-tower town with no building evidence
,Bandon,,1,11430,high,accept,"high confidence, verified sample and dedication tokens"
37 Dutton Lane,Eastleigh,Hampshire,1,,none,reject,resolver found no tower
St Peter,Martley,Worcestershire,1,12360,high,accept,"high confidence, verified sample and dedication tokens"
St Peter,Inkberrow,Worcestershire,1,12851,high,accept,"high confidence, verified sample and dedication tokens"
St Mary,Maidwell,Northamptonshire,1,14975,high,accept,"high confidence, verified sample and dedication tokens"
St Nicholas,Islip,Northamptonshire,1,14903,high,accept,"high confidence, verified sample and dedication tokens"
,Stourpaine,Dorset,1,16820,high,accept,"high confidence, verified sample and dedication tokens"
St John the Evangelist,Whitfield,Northamptonshire,1,16780,high,accept,"high confidence, verified sample and dedication tokens"
St John the Baptist,East Farndon,Northamptonshire,1,15845,high,accept,"high confidence, verified sample and dedication tokens"
St Michael and All Angels,Newnham,Northamptonshire,1,14345,high,accept,"high confidence, verified sample and dedication tokens"
St John the Baptist,Harringworth,Northamptonshire,1,10581,high,accept,"high confidence, verified sample and dedication tokens"
SS Peter and Paul,Chacombe,Northamptonshire,1,10403,high,accept,"high confidence, verified sample and dedication tokens"
St Andrew,South Tawton,Devon,1,15461,high,accept,"high confidence, verified sample and dedication tokens"
St James,Spaldwick,Cambridgeshire,1,13741,high,accept,"high confidence, verified sample and dedication tokens"
SS Peter and Paul,Great Bowden,Leicestershire,1,12917,high,accept,"high confidence, verified sample and dedication tokens"
,Potterspury,,1,16614,high,accept,"high confidence, verified sample and dedication tokens"
,Pattishall,,1,11238,high,accept,"high confidence, verified sample and dedication tokens"
St Bartholomew,Old Whittington,Derbyshire,1,13780,high,accept,"high confidence, verified sample and dedication tokens"
St Michael and All Angels,Blaisdon,Gloucestershire,1,14538,high,accept,"high confidence, verified sample and dedication tokens"
St Mary le Ghyll,Barnoldswick,Lancashire,1,12339,high,accept,"high confidence, verified sample and dedication tokens"
St Edward Conf,Cheddleton,Staffordshire,1,17030,high,accept,"high confidence, verified sample and dedication tokens"
All Saints,Madeley,Staffordshire,1,15201,high,accept,"high confidence, verified sample and dedication tokens"
,Chartham,,1,11093,high,accept,"high confidence, verified sample and dedication tokens"
St Lawrence,Wootton St Lawrence,Hampshire,1,16576,high,accept,"high confidence, verified sample and dedication tokens"
St Mary Magdalen,Great Offley,Hertfordshire,1,12296,high,accept,"high confidence, verified sample and dedication tokens"
St John The Evangelist,Slimbridge,Gloucestershire,1,13526,high,accept,"high confidence, verified sample and dedication tokens"
,Bourton,Dorset,1,14433,high,accept,"high confidence, verified sample and dedication tokens"
St Michael and All Angels,Poughill,Devon,1,11799,high,accept,"high confidence, verified sample and dedication tokens"
Blessed Virgin Mary,Moorlinch,Somerset,1,10091,high,accept,"high confidence, verified sample and dedication tokens"
,Kenn,Devon,1,10551,high,accept,"high confidence, verified sample and dedication tokens"
St Mary the Virgin,Dallington,Northamptonshire,1,15899,high,accept,"high confidence, verified sample and dedication tokens"
St John the Baptist,Tibshelf,Derbyshire,1,14897,high,accept,"high confidence, verified sample and dedication tokens"
St John the Baptist,Belton,Leicestershire,1,13460,high,accept,"high confidence, verified sample and dedication tokens"
All Saints Church,Nocton,Lincolnshire,1,11509,high,accept,"high confidence, verified sample and dedication tokens"
St Nicholas,Durham,Durham,1,10063,high,accept,"high confidence, verified sample and dedication tokens"
2 Cathedral Close [Top SW Bedroom],Hereford,Herefordshire,1,,none,reject,resolver found no tower
St Edmund King and Martyr,Dolton,Devon,1,16914,high,accept,"high confidence, verified sample and dedication tokens"
St Andrew,Sutcombe,Devon,1,13351,high,accept,"high confidence, verified sample and dedication tokens"
All Saints,Beaford,Devon,1,14219,high,accept,"high confidence, verified sample and dedication tokens"
St Swithun,Pyworthy,Devon,1,13869,high,accept,"high confidence, verified sample and dedication tokens"
St Mary,Apsley End,Hertfordshire,1,14572,high,accept,"high confidence, verified sample and dedication tokens"
St Peter,Chalfont St Peter,Buckinghamshire,1,16927,high,accept,"high confidence, verified sample and dedication tokens"
St Mary,English Bicknor,Gloucestershire,1,13956,high,accept,"high confidence, verified sample and dedication tokens"
St Lawrence,Weston under Penyard,Herefordshire,1,14099,high,accept,"high confidence, verified sample and dedication tokens"
Holy Rude,Stirling,Central,1,,none,reject,resolver found no tower
S Mary,Wootton,Oxfordshire,1,14681,high,accept,"high confidence, verified sample and dedication tokens"
Bellflowering,Tewkesbury,Gloucestershire,1,,none,reject,resolver found no tower
The Bellflowering,Tewkesbury,Gloucestershire,1,,none,reject,resolver found no tower
St  Nicholas,Great Wilbraham,Cambridgeshire,1,15674,high,accept,"high confidence, verified sample and dedication tokens"
St Lawrence,Napton on the Hill,Warwicks,1,16709,high,accept,"high confidence, verified sample and dedication tokens"
St Swithun,Sandy,Bedfordshire,1,15865,high,accept,"high confidence, verified sample and dedication tokens"
St Corentyn,Cury,Cornwall,1,15362,high,accept,"high confidence, verified sample and dedication tokens"
St Edward King and Martyr,Cambridge,Cambridgeshire,1,13803,medium,accept,"medium, building shares dedication evidence"
St Peter,Maxey,Cambridgeshire,1,14490,high,accept,"high confidence, verified sample and dedication tokens"
St Mary the Virgin,Cavendish,Suffolk,1,15887,high,accept,"high confidence, verified sample and dedication tokens"
St Andrew,West Deeping,Lincolnshire,1,15639,high,accept,"high confidence, verified sample and dedication tokens"
SS Peter and Paul,Preston,Rutland,1,16281,high,accept,"high confidence, verified sample and dedication tokens"
St Laurence the Martyr,Godmersham,Kent,1,11366,high,accept,"high confidence, verified sample and dedication tokens"
St Mary V,Brampton Ash,Northamptonshire,1,16734,high,accept,"high confidence, verified sample and dedication tokens"
St Mary Magdalene,Ecton,Northamptonshire,1,10260,high,accept,"high confidence, verified sample and dedication tokens"
St Bartholomew,Waltham,Kent,1,12297,high,accept,"high confidence, verified sample and dedication tokens"
SS Peter and Paul,Shelford,Nottinghamshire,1,13962,high,accept,"high confidence, verified sample and dedication tokens"
St Mary the Virgin,Weekley,Northamptonshire,1,16073,high,accept,"high confidence, verified sample and dedication tokens"
St Edmund,Kessingland,Suffolk,1,10405,high,accept,"high confidence, verified sample and dedication tokens"
St Andrew,Foxton,Leicestershire,1,11918,high,accept,"high confidence, verified sample and dedication tokens"
"St James, Benwell",Newcastle upon Tyne,Tyne & Wear,1,12449,high,accept,"high confidence, verified sample and dedication tokens"
All Saints,Branston,Lincolnshire,1,15716,high,accept,"high confidence, verified sample and dedication tokens"
St Botolph-by-Bargate Prebendal Church in Wigford,Lincoln,Lincolnshire,1,,none,reject,resolver found no tower
All Saints,Brill,Buckinghamshire,1,16159,high,accept,"high confidence, verified sample and dedication tokens"
St Michael,Guiting Power,Gloucestershire,1,11421,high,accept,"high confidence, verified sample and dedication tokens"
St Andrew,Naunton,Gloucestershire,1,11029,high,accept,"high confidence, verified sample and dedication tokens"
St John the Baptist,Kingsthorpe,Northamptonshire,1,10905,high,accept,"high confidence, verified sample and dedication tokens"
SS Peter and Paul,Hellingly,East Sussex,1,11223,high,accept,"high confidence, verified sample and dedication tokens"
St Mary the Virgin,Chastleton,Oxfordshire,1,11829,high,accept,"high confidence, verified sample and dedication tokens"
St Peter,Shorwell,Isle of Wight,1,11403,high,accept,"high confidence, verified sample and dedication tokens"
Patmore Towers,Ringing Room,Essex & Oxon,1,,none,reject,resolver found no tower
St Andrew,West Wratting,Cambridgeshire,1,12163,high,accept,"high confidence, verified sample and dedication tokens"
St Michael and All Angels,Creaton,Northamptonshire,1,10299,high,accept,"high confidence, verified sample and dedication tokens"
St Andrew,Glaston,Rutland,1,10778,high,accept,"high confidence, verified sample and dedication tokens"
St George,Arreton,IW,1,,none,reject,resolver found no tower
St Anne,Alderney,Alderney,1,10322,high,accept,"high confidence, verified sample and dedication tokens"
St Mark the Evangelist,St Helier,Jersey,1,10841,medium,accept,"medium, building shares dedication evidence"
St Marguerite de la Foret,Forest,Guernsey,1,12898,high,accept,"high confidence, verified sample and dedication tokens"
St Marys,Eversley,Hants.,1,14192,high,accept,"high confidence, verified sample and dedication tokens"
Fettes College Chapel,Edinburgh,Lothian,1,,none,reject,resolver found no tower
Beehive Campanile,Swanage,,1,11295,medium,reject,adjudicated: named private ring or non-church venue
St Mary,Ticehurst,East Sussex,1,15162,high,accept,"high confidence, verified sample and dedication tokens"
St Mary,Northiam,East Sussex,1,11186,high,accept,"high confidence, verified sample and dedication tokens"
,East Hoathly,East Sussex,1,13415,high,accept,"high confidence, verified sample and dedication tokens"
St Mary the Virgin,Willingdon,East Sussex,1,13873,high,accept,"high confidence, verified sample and dedication tokens"
St Giles,Dallington,East Sussex,1,10930,high,accept,"high confidence, verified sample and dedication tokens"
SS Peter and Paul,Newchurch,Kent,1,13449,high,accept,"high confidence, verified sample and dedication tokens"
St Nicholas,Tadmarton,Oxfordshire,1,15366,high,accept,"high confidence, verified sample and dedication tokens"
St Nicholas,Guisborough,North Yorkshire,1,14945,high,accept,"high confidence, verified sample and dedication tokens"
St Giles,Bodiam,East Sussex,1,14214,high,accept,"high confidence, verified sample and dedication tokens"
St Nicholas,Cramlington,Northumberland,1,11617,high,accept,"high confidence, verified sample and dedication tokens"
All Saints,Emberton,Buckinghamshire,1,12488,high,accept,"high confidence, verified sample and dedication tokens"
St James,Taxal,Cheshire,1,,none,reject,resolver found no tower
St Alban,Frant,East Sussex,1,11063,high,accept,"high confidence, verified sample and dedication tokens"
St Peter and St Paul,Hellingly,East Sussex,1,11223,high,accept,"high confidence, verified sample and dedication tokens"
SS Peter and Paul,Langton by Partney,Lincolnshire,1,12931,high,accept,"high confidence, verified sample and dedication tokens"
St Giles,Bredon,Worcestershire,1,15922,high,accept,"high confidence, verified sample and dedication tokens"
,"Memorial Court, Clare College",Cambridgeshire,1,,none,reject,resolver found no tower
St Peter,Walkern,Hertfordshire,1,12078,high,accept,"high confidence, verified sample and dedication tokens"
"St Budeaux, St Budeaux",Plymouth,Devon,1,13976,high,accept,"high confidence, verified sample and dedication tokens"
St Clement,Cambridge,Cambridgeshire,1,17550,high,accept,"high confidence, verified sample and dedication tokens"
,"Bay Cottage, Oldham Street",Morecambe,1,,none,reject,resolver found no tower
,Micheldever,,1,13846,high,accept,"high confidence, verified sample and dedication tokens"
St Benet's,Cambridge,Cambridgeshire,1,14964,medium,reject,adjudicated: named church is not in Dove for this town
,Eccles,,1,16108,medium,reject,adjudicated: multi-tower town with no building evidence
Unknown,Wellingborough,Northamptonshire,1,,none,reject,resolver found no tower
Unknown,Birmingham,West Midlands,1,,none,reject,resolver found no tower
The Residence of Mr J G Miles,Attleborough,Norfolk,1,15851,medium,reject,adjudicated: named private ring or non-church venue
78 New Road,Solihull,Warwickshire,1,,none,reject,resolver found no tower
All Saints,Upper Sheringham,Norfolk,1,10934,high,accept,"high confidence, verified sample and dedication tokens"
"Arts Centre, Warwick Uni Campus",Coventry,West Midlands,1,,none,reject,resolver found no tower
17 Westergreen Meadow,Braintree,,1,,none,reject,resolver found no tower
All Saints,Harby,Nottinghamshire,1,10786,high,accept,"high confidence, verified sample and dedication tokens"
All Saints,"Liverpool, Childwall",Merseyside,1,13925,high,accept,"high confidence, verified sample and dedication tokens"
,Wootton Wawen,Warwickshire,1,10550,high,accept,"high confidence, verified sample and dedication tokens"
St Nicholas,Ash next Sandwich,Kent,1,14608,high,accept,"high confidence, verified sample and dedication tokens"
St Andrew,Fontmell Magna,Dorset,1,15275,high,accept,"high confidence, verified sample and dedication tokens"
Blessed Virgin Mary,Berrow,Somerset,1,12959,high,accept,"high confidence, verified sample and dedication tokens"
,Selly Oak,Worcs,1,10553,high,accept,"high confidence, verified sample and dedication tokens"
St Tegai,Llandegai,Carnarvonshire,1,,none,reject,resolver found no tower
St Judes,Randwick,"New South Wales, Australia",1,15415,high,accept,"high confidence, verified sample and dedication tokens"
All Saints,Langport,Somerset,1,13584,high,accept,"high confidence, verified sample and dedication tokens"
St Odulph,Pillaton,Cornwall,1,12757,high,accept,"high confidence, verified sample and dedication tokens"
St Dominica,St Dominic,Cornwall,1,,none,reject,resolver found no tower
Karearea Bells,Eyrewell Forest,New Zealand,1,25213,high,accept,"high confidence, verified sample and dedication tokens"
St Mary the Virgin,Bickington,Devon,1,11259,high,accept,"high confidence, verified sample and dedication tokens"
St Martin-in-the-Fields,Westminster,,1,15153,high,accept,"high confidence, verified sample and dedication tokens"
"3 Dunsmore Drive, Oakwood",Derby,Derbyshire,1,,none,reject,resolver found no tower
Unknown,Aston,West Midlands,1,,none,reject,resolver found no tower
St Michael,Stone,Staffordshire,1,12438,high,accept,"high confidence, verified sample and dedication tokens"
,Weston (Bath),Avon,1,,none,reject,resolver found no tower
St Mary,Hampton,Middlesex,1,10110,high,accept,"high confidence, verified sample and dedication tokens"
Room E204 Elgar Block,Birmingham University,West Midlands,1,,none,reject,resolver found no tower
St Chad,Birmingham,,1,13032,high,accept,"high confidence, verified sample and dedication tokens"
RC Cathedral of St Chad (The Ullathorne Room),Birmingham,West Midlands,1,13032,high,accept,"high confidence, verified sample and dedication tokens"
RC Cathedral of St Chad,Birmingham,West Midlands,1,13032,high,accept,"high confidence, verified sample and dedication tokens"
,Measham,Lincs,1,,none,reject,resolver found no tower
St Mary the Virgin,Haverfordwest,Pembrokeshire,1,10624,high,accept,"high confidence, verified sample and dedication tokens"
St Mary,Axminster,Devon,1,16675,high,accept,"high confidence, verified sample and dedication tokens"
,Winscombe,,1,13531,high,accept,"high confidence, verified sample and dedication tokens"
St Peter,Tiverton,Devon,1,11283,high,accept,"high confidence, verified sample and dedication tokens"
All Saints,Broadchalke,Wiltshire,1,13253,high,accept,"high confidence, verified sample and dedication tokens"
St Cuthbert,Wells,Somerset,1,17150,high,accept,"high confidence, verified sample and dedication tokens"
Christ Church,Eastbourne,Sussex,1,10836,high,accept,"high confidence, verified sample and dedication tokens"
Christ Church,Alsager,Cheshire,1,15684,high,accept,"high confidence, verified sample and dedication tokens"
St Peter the Apostle,Leamington Spa,Warwickshire,1,10708,medium,accept,"medium, building shares dedication evidence"
,Colerne,Wiltshire,1,13586,high,accept,"high confidence, verified sample and dedication tokens"
,Lowestoft,Suffolk,1,11434,medium,reject,adjudicated: multi-tower town with no building evidence
,Cumnor,,1,13341,high,accept,"high confidence, verified sample and dedication tokens"
,Three Bridges,Sussex,1,25189,high,accept,"high confidence, verified sample and dedication tokens"
St Mary,North Elmham,Norfolk,1,14339,high,accept,"high confidence, verified sample and dedication tokens"
St Peter,Hindley,Greater Manchester,1,13391,high,accept,"high confidence, verified sample and dedication tokens"
St Augustines,Penarth,Vale of Glamorgan,1,15761,high,accept,"high confidence, verified sample and dedication tokens"
St John the Baptist,Pilton,Somerset,1,15872,high,accept,"high confidence, verified sample and dedication tokens"
"Sacred Trinity - The ""Flat Iron"" Church",Salford,Lancashire,1,13054,high,accept,"high confidence, verified sample and dedication tokens"
St Agatha,Brightwell,Oxfordshire,1,11542,high,accept,"high confidence, verified sample and dedication tokens"
St Peter,Earlsheaton,Yorkshire,1,,none,reject,resolver found no tower
Sacred Trinity,Salford,Gtr. Manchester,1,,none,reject,resolver found no tower
St Peter and St Paul,Salle,Norfolk,1,11524,high,accept,"high confidence, verified sample and dedication tokens"
St Mary,Twickenham,,1,13698,high,accept,"high confidence, verified sample and dedication tokens"
,Ringing Room (Scarborough Branch),,1,,none,reject,resolver found no tower
St Mary,Hayes,Greater London,1,11254,high,accept,"high confidence, verified sample and dedication tokens"
St Mary,Acton,Greater London,1,11032,high,accept,"high confidence, verified sample and dedication tokens"
St Mary,Acton,Middlesex,1,11032,high,accept,"high confidence, verified sample and dedication tokens"
St Michael,Rendham,Suffolk,1,12934,high,accept,"high confidence, verified sample and dedication tokens"
St Thomas the Martyr,Bristol,Bristol,1,12039,high,accept,"high confidence, verified sample and dedication tokens"
"The Bull's Head, York Street",Westminster,Greater London,1,,none,reject,resolver found no tower
St Michael,East Ardsley,West Yorkshire,1,11891,high,accept,"high confidence, verified sample and dedication tokens"
St Machar's Cathedral,Aberdeen,,1,13827,high,accept,"high confidence, verified sample and dedication tokens"
"St Bartholomew, Edgbaston",Birmingham,West Midlands,1,10824,high,accept,"high confidence, verified sample and dedication tokens"
St Mary,Barnes,London,1,11169,high,accept,"high confidence, verified sample and dedication tokens"
St Mary the Virgin,Ottery St Mary,Devon,1,12949,high,accept,"high confidence, verified sample and dedication tokens"
St Olave,Southwark,,1,23574,medium,reject,adjudicated: named church is not in Dove for this town
,Harrietsham,,1,16079,high,accept,"high confidence, verified sample and dedication tokens"
St Paul,"Wednesbury, Wood Green",West Midlands,1,10450,high,accept,"high confidence, verified sample and dedication tokens"
Saints Peter and Paul,Aldeburgh,Suffolk,1,17039,high,accept,"high confidence, verified sample and dedication tokens"
St John the Evangelist,West Meon,Hampshire,1,17068,high,accept,"high confidence, verified sample and dedication tokens"
St Peter,Lugwardine,Herefordshire,1,11666,high,accept,"high confidence, verified sample and dedication tokens"
SS Peter and Paul,Stokesley,North Yorkshire,1,14391,high,accept,"high confidence, verified sample and dedication tokens"
SS Peter and Paul,Aylesford,Kent,1,16726,high,accept,"high confidence, verified sample and dedication tokens"
St John the Evangelist,Milborne Port,Somerset,1,13535,high,accept,"high confidence, verified sample and dedication tokens"
"St Paul, Manuka",Canberra,Australian Capital Territory,1,16008,high,accept,"high confidence, verified sample and dedication tokens"
St Mary the Virgin,West Malling,Kent,1,15003,high,accept,"high confidence, verified sample and dedication tokens"
Wyatt's Yard,North Weston,Somerset,1,25234,high,accept,"high confidence, verified sample and dedication tokens"
The Wilderness Campanile,Bradford on Avon,Wiltshire,1,13522,high,accept,"high confidence, verified sample and dedication tokens"
The Hermitage,Ledbury,Herefordshire,1,25223,high,accept,"high confidence, verified sample and dedication tokens"
St Andrew,Hurstbourne Priors,Hampshire,1,13519,high,accept,"high confidence, verified sample and dedication tokens"
St Matthew,Salford Priors,Warwickshire,1,16979,high,accept,"high confidence, verified sample and dedication tokens"
Staffordshire and Derbyshire,Ringing Room,UK,1,,none,reject,resolver found no tower
St Michael and All Angels,Mitcheldean,Gloucestershire,1,11359,high,accept,"high confidence, verified sample and dedication tokens"
St Peter,Norton juxta Malton,North Yorkshire,1,15839,high,accept,"high confidence, verified sample and dedication tokens"
Holy Trinity,Eckington,Worcestershire,1,14068,high,accept,"high confidence, verified sample and dedication tokens"
St Laurence,Bidford on Avon,Warwickshire,1,13339,high,accept,"high confidence, verified sample and dedication tokens"
All Saints,Hereford,Herefordshire,1,12843,high,accept,"high confidence, verified sample and dedication tokens"
The Fairlight Ring,Baunton,Gloucestershire,1,25194,high,accept,"high confidence, verified sample and dedication tokens"
St John the Evangelist,Withycombe Raleigh,Devon,1,16183,high,accept,"high confidence, verified sample and dedication tokens"
St Mary,Litton Cheney,Dorset,1,14671,high,accept,"high confidence, verified sample and dedication tokens"
Portsmouth Cathedral,Portsmouth,,1,,none,reject,resolver found no tower
St Elvan,Aberdare,Mid Glamorgan,1,11708,high,accept,"high confidence, verified sample and dedication tokens"
St Mark's,"Darling Point, Sydney","New South Wales, Australia",1,14777,high,accept,"high confidence, verified sample and dedication tokens"
,Streatham,,1,14547,medium,reject,adjudicated: multi-tower town with no building evidence
,Wakefield,,1,14172,medium,reject,adjudicated: multi-tower town with no building evidence
"9 Mill Street, Carlton.",Sydney,"New South Wales, Australia",1,,none,reject,resolver found no tower
St Mary on the Hill,Chester,Cheshire,1,14876,medium,accept,"medium, building shares dedication evidence"
"The Black Swan, Broad Street",Bath,Somerset,1,,none,reject,resolver found no tower
St Mary's Basilica - Ringing Chamber,Sydney,"New South Wales, Australia",1,15468,high,accept,"high confidence, verified sample and dedication tokens"
,Darlaston,,1,14660,medium,reject,adjudicated: multi-tower town with no building evidence
"Grange Street, Derby",Derby,Derbyshire,1,,none,reject,resolver found no tower
Christ the Saviour,Ealing,Middlesex,1,13776,high,accept,"high confidence, verified sample and dedication tokens"
"St Illtyd, Newcastle",Bridgend,Bridgend,1,16827,high,accept,"high confidence, verified sample and dedication tokens"
,Nottingham,Notts,1,16412,medium,reject,adjudicated: multi-tower town with no building evidence
Swan Campanile,Perth,Western Australia,1,,none,reject,resolver found no tower
St Margaret,Dunham Massey,Cheshire,1,10216,high,accept,"high confidence, verified sample and dedication tokens"
,Wirksworth,Derbyshire,1,11839,high,accept,"high confidence, verified sample and dedication tokens"
St Edmund,Castleton,Derbyshire,1,13911,high,accept,"high confidence, verified sample and dedication tokens"
,Horsham,Sussex,1,15107,medium,reject,adjudicated: multi-tower town with no building evidence
,Hanbury,Worcestershire,1,15060,high,accept,"high confidence, verified sample and dedication tokens"
Abbey Church of St Peter and St Paul,Bath,Somerset,1,11365,high,accept,"high confidence, verified sample and dedication tokens"
,Leicester,Leics,1,12250,medium,reject,adjudicated: multi-tower town with no building evidence
,"Fairfield, Buxton",Derbyshire,1,16494,high,accept,"high confidence, verified sample and dedication tokens"
,Hartington,Derbyshire,1,16698,high,accept,"high confidence, verified sample and dedication tokens"
,Fairfield,Derbyshire,1,11560,high,accept,"high confidence, verified sample and dedication tokens"
St Werburgh,Hanbury,Staffordshire,1,10545,high,accept,"high confidence, verified sample and dedication tokens"
St John the Baptist,Glastonbury,Somerset,1,12766,high,accept,"high confidence, verified sample and dedication tokens"
,Deritend,,1,,none,reject,resolver found no tower
St Ebbe,Oxford,,1,10326,high,accept,"high confidence, verified sample and dedication tokens"
"St John, Deansgate",Manchester,Lancashire,1,,none,reject,resolver found no tower
Puddleducks,Pulham,Dorset,1,22885,medium,reject,adjudicated: building appears to be a house name
16 Godesdone Rd,Cambridge,,1,,none,reject,resolver found no tower
,Surfleet,Lincs,1,14910,high,accept,"high confidence, verified sample and dedication tokens"
St Mary's Basilica,Sydney,New South Wales Australia,1,15468,high,accept,"high confidence, verified sample and dedication tokens"
St Mary,Walmer,Kent,1,13344,high,accept,"high confidence, verified sample and dedication tokens"
,Swanage,Dorset,1,11295,high,accept,"high confidence, verified sample and dedication tokens"
Ss Mary & Michael,Trumpington,Cambridgeshire,1,10245,high,accept,"high confidence, verified sample and dedication tokens"
St Mary the Virgin,Brading,Isle of Wight,1,13247,high,accept,"high confidence, verified sample and dedication tokens"
26 Wellington Road,Bournemouth,Dorset,1,,none,reject,resolver found no tower
"28, Leslie Avenue",Beeston,Nottinghamshire,1,,none,reject,resolver found no tower
Christ Church,Erith,,1,15370,high,accept,"high confidence, verified sample and dedication tokens"
,Chudleigh,Devon,1,17019,high,accept,"high confidence, verified sample and dedication tokens"
St Mary the Virgin,Bury,Greater Manchester,1,14175,high,accept,"high confidence, verified sample and dedication tokens"
,Northfleet,,1,10116,high,accept,"high confidence, verified sample and dedication tokens"
10 Wallington Drive,Chandler's Ford,Hampshire,1,,none,reject,resolver found no tower
St Mary,Kenninghall,Norfolk,1,14120,high,accept,"high confidence, verified sample and dedication tokens"
,Goodworth Clatford,,1,14231,high,accept,"high confidence, verified sample and dedication tokens"
All Saints & St Michael,Longstanton,Cambridgeshire,1,11562,high,accept,"high confidence, verified sample and dedication tokens"
"56, Sudbrooke Lane",Nettleham,Lincolnshire,1,,none,reject,resolver found no tower
,Gillingham,Kent,1,16891,high,accept,"high confidence, verified sample and dedication tokens"
,Nettleham,Lincs,1,14051,high,accept,"high confidence, verified sample and dedication tokens"
,Tickhill,,1,16472,high,accept,"high confidence, verified sample and dedication tokens"
,Ellesmere,,1,17106,high,accept,"high confidence, verified sample and dedication tokens"
St Lawrence,Darlaston,West Midlands,1,14660,high,accept,"high confidence, verified sample and dedication tokens"
St Mary the Virgin,Swanage,Dorset,1,11295,high,accept,"high confidence, verified sample and dedication tokens"
,Harpenden,Herts,1,15119,medium,reject,adjudicated: multi-tower town with no building evidence
"St James Garlickhythe, Garlick Hill",London,City of London,1,16578,high,accept,"high confidence, verified sample and dedication tokens"
St Peter,Berkhamsted,Hertfordshire,1,12786,high,accept,"high confidence, verified sample and dedication tokens"
269 Allston Street,Cambridge,Massachusetts,1,,none,reject,resolver found no tower
,East Budleigh,Devon,1,12007,high,accept,"high confidence, verified sample and dedication tokens"
30 Halifax Road,Cambridge,Cambridgeshire,1,,none,reject,resolver found no tower
St Mary the Virgin,Attenborough,Nottinghamshire,1,14213,high,accept,"high confidence, verified sample and dedication tokens"
St Mary,Bexley,Greater London,1,13595,high,accept,"high confidence, verified sample and dedication tokens"
St Mary,Twyford,Berkshire,1,17111,high,accept,"high confidence, verified sample and dedication tokens"
,Pulford,,1,11189,high,accept,"high confidence, verified sample and dedication tokens"
,Kidsgrove,,1,11162,high,accept,"high confidence, verified sample and dedication tokens"
,Fenton,N. Staffs,1,,none,reject,resolver found no tower
,Rolleston on Dove,,1,14612,high,accept,"high confidence, verified sample and dedication tokens"
St Peter ad Vincula,Stoke-on-Trent,,1,15103,high,accept,"high confidence, verified sample and dedication tokens"
,Broughton,,1,13987,medium,reject,adjudicated: multi-tower town with no building evidence
,Draycott in the Moors,,1,12033,high,accept,"high confidence, verified sample and dedication tokens"
,Wolstanton,,1,15506,high,accept,"high confidence, verified sample and dedication tokens"
S Peter Ad Vincula,Stoke-on-Trent,,1,15103,high,accept,"high confidence, verified sample and dedication tokens"
St Peter,Macclesfield,,1,14669,high,accept,"high confidence, verified sample and dedication tokens"
St Paul,Honiton,Devon,1,15291,high,accept,"high confidence, verified sample and dedication tokens"
"9b Pitarua Street, Thorndon",Wellington,New Zealand,1,,none,reject,resolver found no tower
,Alburgh,,1,11571,high,accept,"high confidence, verified sample and dedication tokens"
,Warnham,,1,25269,medium,reject,adjudicated: multi-tower town with no building evidence
,Reddish,,1,12178,high,accept,"high confidence, verified sample and dedication tokens"
35 Woodstock Road,Sittingbourne,Kent,1,,none,reject,resolver found no tower
St Michael Coslany,Norwich,,1,15623,high,accept,"high confidence, verified sample and dedication tokens"
Trinity College,Cambridge,Cambs,1,25480,medium,accept,"medium, building shares dedication evidence"
Abbey,Pershore,,1,14267,high,accept,"high confidence, verified sample and dedication tokens"
St Mary the Virgin,Dolgellau,Gwynedd,1,13133,high,accept,"high confidence, verified sample and dedication tokens"
,High Ercall,,1,11168,high,accept,"high confidence, verified sample and dedication tokens"
St John's College,Oxford,Oxfordshire,1,25746,medium,accept,"medium, building shares dedication evidence"
Old School House,Leverstock Green,Herts,1,,none,reject,resolver found no tower
19 Holywell Street,Oxford,Oxfordshire,1,,none,reject,resolver found no tower
St Mary the Virgin,Pulham St Mary,Norfolk,1,13128,high,accept,"high confidence, verified sample and dedication tokens"
,Hodnet,,1,16526,high,accept,"high confidence, verified sample and dedication tokens"
St John de Sepulchre,Norwich,Norfolk,1,24133,medium,accept,"medium, building shares dedication evidence"
St Matthew,Stretford,Lancashire,1,11318,high,accept,"high confidence, verified sample and dedication tokens"
St Andrew,Bebington,Wirral,1,,none,reject,resolver found no tower
St Chad,Farndon,Cheshire,1,11291,high,accept,"high confidence, verified sample and dedication tokens"
St Peter,Sible Hedingham,Essex,1,10157,high,accept,"high confidence, verified sample and dedication tokens"
,Cheswardine,,1,16808,high,accept,"high confidence, verified sample and dedication tokens"
St Helen,Witton (Northwich),Cheshire,1,,none,reject,resolver found no tower
St Mary the Virgin,Twickenham,Middlesex,1,13698,high,accept,"high confidence, verified sample and dedication tokens"
"Vernet-les-Bains, Great Hockham, Norwich & Cambridge",Ringing Room,UK & France,1,,none,reject,resolver found no tower
,Northchurch,,1,12696,high,accept,"high confidence, verified sample and dedication tokens"
,Edgmond,Shropshire,1,14164,high,accept,"high confidence, verified sample and dedication tokens"
St John the Evangelist,Hanley,Staffordshire,1,,none,reject,resolver found no tower
St John the Baptist,Barnet,Greater London,1,14421,high,accept,"high confidence, verified sample and dedication tokens"
,Privett,Hants,1,15390,high,accept,"high confidence, verified sample and dedication tokens"
,Wingrave,Buckinghamshire,1,11352,high,accept,"high confidence, verified sample and dedication tokens"
St Nicholas,Norton,Hertfordshire,1,13040,high,accept,"high confidence, verified sample and dedication tokens"
"All Saints, Boyne Hill",Maidenhead,Berkshire,1,15877,high,accept,"high confidence, verified sample and dedication tokens"
The Wolery,Old Stoke,Suffolk,1,17735,high,accept,"high confidence, verified sample and dedication tokens"
St Mary the Virgin,Leigh,Greater Manchester,1,15361,high,accept,"high confidence, verified sample and dedication tokens"
Random Hall,Cambridge,,1,,none,reject,resolver found no tower
St Michael,Chagford,Devon,1,16736,high,accept,"high confidence, verified sample and dedication tokens"
Royal Masonic School,Bushey,Herts,1,,none,reject,resolver found no tower
"Roper House, St Dunstan's Street",Canterbury,Kent,1,10102,high,accept,"high confidence, verified sample and dedication tokens"
,Pulham St Mary Magd.,,1,,none,reject,resolver found no tower
St Andrew,Kingham,Oxfordshire,1,13974,high,accept,"high confidence, verified sample and dedication tokens"
St Leonard,Watlington,Oxfordshire,1,10209,high,accept,"high confidence, verified sample and dedication tokens"
Unknown,Cambridge,Cambridgeshire,1,,none,reject,resolver found no tower
11 Queen Anne's Terrace,Cambridge,Cambridgeshire,1,,none,reject,resolver found no tower
Superlative Villa,Frodsham,Cheshire,1,15988,medium,reject,adjudicated: named private ring or non-church venue
St Michael,Teignmouth,Devon,1,16311,high,accept,"high confidence, verified sample and dedication tokens"
St Andrew,Derby,Derbyshire,1,16699,medium,reject,adjudicated: named church is not in Dove for this town
"St Mary's, Belfry",Hendon,Middlesex,1,13894,high,accept,"high confidence, verified sample and dedication tokens"
St Leonard,Streatham,Gtr London,1,,none,reject,resolver found no tower
University College,Oxford,Oxfordshire,1,12299,medium,accept,"medium, building shares dedication evidence"
St Paul's Cathedral,Melbourne,,1,15996,high,accept,"high confidence, verified sample and dedication tokens"
,Warminster,,1,14106,medium,reject,adjudicated: multi-tower town with no building evidence
,Great Bentley,,1,12906,high,accept,"high confidence, verified sample and dedication tokens"
County Hall,Lambeth,Surrey,1,,none,reject,resolver found no tower
St John the Evangelist,Redhill,Surrey,1,14408,high,accept,"high confidence, verified sample and dedication tokens"
St Mary Magdalene,Barkway,Hertfordshire,1,16879,high,accept,"high confidence, verified sample and dedication tokens"
St Michael,Hernhill,Kent,1,14072,high,accept,"high confidence, verified sample and dedication tokens"
St Matthew,Buckley,Flintshire,1,17124,high,accept,"high confidence, verified sample and dedication tokens"
,Bilsborrow,,1,10924,high,accept,"high confidence, verified sample and dedication tokens"
St Paul,Todmorden,,1,16893,medium,reject,adjudicated: named church is not in Dove for this town
"Vernet-les-Bains, Norwich, Oldham & Cambridge",Ringing Room,UK & France,1,,none,reject,resolver found no tower
St Margaret,Lowestoft,Suffolk,1,11434,high,accept,"high confidence, verified sample and dedication tokens"
St Swithun,Cheswardine,Shropshire,1,16808,high,accept,"high confidence, verified sample and dedication tokens"
2b Glenwood Place,Wellington,New Zealand,1,,none,reject,resolver found no tower
St John the Baptist,Newcastle upon Tyne,Tyne and Wear,1,12945,high,accept,"high confidence, verified sample and dedication tokens"
1 Hayes Close,Wimborne Minster,Dorset,1,,none,reject,resolver found no tower
St Peter and St Paul,Broadwell,Oxfordshire,1,17073,high,accept,"high confidence, verified sample and dedication tokens"
St John the Baptist,Felixstowe,Suffolk,1,16785,high,accept,"high confidence, verified sample and dedication tokens"
St Mary,Ixworth,Suffolk,1,14711,high,accept,"high confidence, verified sample and dedication tokens"
"10, Selkirk Drive",Holmes Chapel,Cheshire,1,,none,reject,resolver found no tower
Priory Church of St Mary,Lancaster,Lancashire,1,14459,high,accept,"high confidence, verified sample and dedication tokens"
,Arlecdon,,1,12524,high,accept,"high confidence, verified sample and dedication tokens"
St Mary,Islington,Middlesex,1,12030,high,accept,"high confidence, verified sample and dedication tokens"
Lower House Farm,Leigh Sinton,,1,,none,reject,resolver found no tower
,Cockermouth,,1,10549,medium,reject,adjudicated: multi-tower town with no building evidence
St Peter,Howden,East Riding of Yorkshire,1,12555,high,accept,"high confidence, verified sample and dedication tokens"
,Shifnal,,1,12608,high,accept,"high confidence, verified sample and dedication tokens"
,Clayworth,,1,13168,high,accept,"high confidence, verified sample and dedication tokens"
St John the Baptist,Ault Hucknall,Derbyshire,1,11391,high,accept,"high confidence, verified sample and dedication tokens"
St Mary the Virgin,Battle,East Sussex,1,13501,high,accept,"high confidence, verified sample and dedication tokens"
,Audley,,1,15909,high,accept,"high confidence, verified sample and dedication tokens"
Christ Church,Isle of Dogs,Greater London,1,12551,high,accept,"high confidence, verified sample and dedication tokens"
St John the Baptist,Harrietsham,Kent,1,16079,high,accept,"high confidence, verified sample and dedication tokens"
SS Thomas of Canterbury & Thomas the Apostle,Newport,I.W.,1,,none,reject,resolver found no tower
,Coleman's Hatch,,1,15808,high,accept,"high confidence, verified sample and dedication tokens"
,Henley,,1,10128,high,accept,"high confidence, verified sample and dedication tokens"
St Mary the Virgin,Deane,Greater Manchester,1,11462,high,accept,"high confidence, verified sample and dedication tokens"
St Nicolas,Cranleigh,Surrey,1,13316,high,accept,"high confidence, verified sample and dedication tokens"
,Kensal Green,Middx,1,21255,high,accept,"high confidence, verified sample and dedication tokens"
"St Andrew, Holborn",City of London,,1,20936,high,accept,"high confidence, verified sample and dedication tokens"
,High Bickington,,1,13809,high,accept,"high confidence, verified sample and dedication tokens"
4 Liberia Road,Islington,Greater London,1,,none,reject,resolver found no tower
,Dorchester,,1,14268,medium,reject,adjudicated: multi-tower town with no building evidence
40 Western Road,Oxford,Oxfordshire,1,,none,reject,resolver found no tower
S Guthlac,Market Deeping,Lincolnshire,1,16858,high,accept,"high confidence, verified sample and dedication tokens"
Assumption of the Blessed Virgin Mary,Ufford,Suffolk,1,10160,high,accept,"high confidence, verified sample and dedication tokens"
,Redditch,,1,10059,medium,reject,adjudicated: multi-tower town with no building evidence
,Hoghton,,1,11022,high,accept,"high confidence, verified sample and dedication tokens"
,Hallow,,1,14709,high,accept,"high confidence, verified sample and dedication tokens"
,Stretford,,1,11318,medium,reject,adjudicated: multi-tower town with no building evidence
"St Peter, Harborne",Birmingham,West Midlands,1,11706,high,accept,"high confidence, verified sample and dedication tokens"
,Croston,,1,17064,high,accept,"high confidence, verified sample and dedication tokens"
St Peter and St Paul,Ormskirk,Lancashire,1,11268,high,accept,"high confidence, verified sample and dedication tokens"
,Bromyard,,1,10558,high,accept,"high confidence, verified sample and dedication tokens"
St Giles,Packwood,Warkwickshire,1,,none,reject,resolver found no tower
St Mark,Darling Point,New South Wales,1,11755,high,accept,"high confidence, verified sample and dedication tokens"
All SS,Allesley,West Midlands,1,13782,high,accept,"high confidence, verified sample and dedication tokens"
St Nicholas,Godstone,Surrey,1,12888,high,accept,"high confidence, verified sample and dedication tokens"
All Saints,Harbury,Warwickshire,1,15565,high,accept,"high confidence, verified sample and dedication tokens"
St James,Biddenham,Bedfordshire,1,10424,high,accept,"high confidence, verified sample and dedication tokens"
S Peter,Claybrooke,Leicestershire,1,11714,high,accept,"high confidence, verified sample and dedication tokens"
"St Mary, Handsworth","Handsworth, W Mids",West Midlands,1,10845,high,accept,"high confidence, verified sample and dedication tokens"
St Mary,Battle,East Sussex,1,13501,high,accept,"high confidence, verified sample and dedication tokens"
St Edburgha,Yardley,West Midlands,1,14504,high,accept,"high confidence, verified sample and dedication tokens"
St Leonard,Padiham,Lancashire,1,11743,high,accept,"high confidence, verified sample and dedication tokens"
St Mary,Tanworth in Arden,Warwickshire,1,11260,high,accept,"high confidence, verified sample and dedication tokens"
,Nuthall,,1,13598,high,accept,"high confidence, verified sample and dedication tokens"
St Augustine,Hedon,East Yorkshire,1,,none,reject,resolver found no tower
St John,Farnworth And Kearsley,Lancashire,1,16563,high,accept,"high confidence, verified sample and dedication tokens"
,Westbury,Wilts,1,10176,high,accept,"high confidence, verified sample and dedication tokens"
,Sevenoaks,,1,12940,medium,reject,adjudicated: multi-tower town with no building evidence
,Upper Armley,,1,11983,high,accept,"high confidence, verified sample and dedication tokens"
St Mary,Ambleside,Cumbria,1,12386,high,accept,"high confidence, verified sample and dedication tokens"
St Mary,Eaton Socon,,1,16021,high,accept,"high confidence, verified sample and dedication tokens"
St Mary V,Tutbury,Staffordshire,1,14535,high,accept,"high confidence, verified sample and dedication tokens"
Holy Trinity,Drumbo,Down,1,11938,high,accept,"high confidence, verified sample and dedication tokens"
St Andrew,Burton upon Stather,Lincolnshire,1,12498,high,accept,"high confidence, verified sample and dedication tokens"
St Mary,Cheadle,Greater Manchester,1,10171,high,accept,"high confidence, verified sample and dedication tokens"
St Peter,Birstall,West Yorks,1,13433,high,accept,"high confidence, verified sample and dedication tokens"
SS Peter  & Paul,Claybrooke,Leicestershire,1,11714,medium,accept,"sole tower in town, building is ecclesiastical"
,Clitheroe,,1,11713,medium,reject,adjudicated: multi-tower town with no building evidence
St Mary,Berry Pomeroy,Devon,1,10508,high,accept,"high confidence, verified sample and dedication tokens"
St James,Shere,Surrey,1,15786,high,accept,"high confidence, verified sample and dedication tokens"
St John,Cleator Moor,Cumbria,1,19214,high,accept,"high confidence, verified sample and dedication tokens"
St Mary,Plumtree,Nottinghamshire,1,10754,high,accept,"high confidence, verified sample and dedication tokens"
"St Peter, St Paul and St Thomas of Canterbury",Bovey Tracey,Devon,1,14690,high,accept,"high confidence, verified sample and dedication tokens"
New Town Church,Edinburgh,Edinburgh,1,12029,high,accept,"high confidence, verified sample and dedication tokens"
Pig-le-tower,Marston Bigot,Somerset,1,,none,reject,resolver found no tower
St Peter,Wellesbourne,Warwicks,1,11177,high,accept,"high confidence, verified sample and dedication tokens"
The Advent,Boston,"Massachusetts, United States of America",1,11198,high,accept,"high confidence, verified sample and dedication tokens"
"S George, Jesmond","Newcastle Upon Tyne,",Tyne & Wear,1,14507,high,accept,"high confidence, verified sample and dedication tokens"
Town Hall,Berwick upon Tweed,Northumberland,1,16444,high,accept,"high confidence, verified sample and dedication tokens"
"SS James & Basil, Fenham",Newcastle upon Tyne,Tyne & Wear,1,11810,high,accept,"high confidence, verified sample and dedication tokens"
St Mary,Aldermaston,Berkshire,1,10431,high,accept,"high confidence, verified sample and dedication tokens"
"Queen's Tower, Imperial College",Knightsbridge,Greater London,1,,none,reject,resolver found no tower
All Saints,"Telford, Wellington",Shropshire,1,10429,high,accept,"high confidence, verified sample and dedication tokens"
St John the Divine,Colston Bassett,Nottinghamshire,1,11976,high,accept,"high confidence, verified sample and dedication tokens"
St Andrew,Kirton Lindsey,Lincolnshire,1,,none,reject,resolver found no tower
,"Ringing Room, Uk",,1,,none,reject,resolver found no tower
Merton College,Oxford,Oxfordshire,1,16203,high,accept,"high confidence, verified sample and dedication tokens"
St Michael,Heydour,Lincolnshire,1,11252,high,accept,"high confidence, verified sample and dedication tokens"
St Clement,Terrington St Clement,Norfolk,1,11551,high,accept,"high confidence, verified sample and dedication tokens"
St Mary V,Coleorton,Leicestershire,1,14699,high,accept,"high confidence, verified sample and dedication tokens"
St Gregory the Great,Dawlish,Devon,1,10507,high,accept,"high confidence, verified sample and dedication tokens"
All Saints,Faringdon,Oxfordshire,1,15801,high,accept,"high confidence, verified sample and dedication tokens"
St Nicholas,Cuddington,Buckinghamshire,1,14131,high,accept,"high confidence, verified sample and dedication tokens"
St Cadoc,Trevethin,Torfaen,1,15079,high,accept,"high confidence, verified sample and dedication tokens"
St Peter,Henley,Suffolk,1,10128,high,accept,"high confidence, verified sample and dedication tokens"
St Mary the Virgin,Tunstead,Norfolk,1,15267,high,accept,"high confidence, verified sample and dedication tokens"
St Mary V,Welford,Northamptonshire,1,14851,high,accept,"high confidence, verified sample and dedication tokens"
St Margaret of Antioch,Crick,Northamptonshire,1,11484,high,accept,"high confidence, verified sample and dedication tokens"
,Heathfield,Sussex,1,10785,medium,reject,adjudicated: multi-tower town with no building evidence
,Fletching,,1,15114,high,accept,"high confidence, verified sample and dedication tokens"
SS Philip & Jacob,Bristol,,1,15180,medium,accept,"medium, building shares dedication evidence"
"5, Blenheim Road",Cardiff,,1,,none,reject,resolver found no tower
SS Mary and Bartholomew,Cranborne,Dorset,1,10479,high,accept,"high confidence, verified sample and dedication tokens"
St Matthew,Stretford,Greater Manchester,1,11318,high,accept,"high confidence, verified sample and dedication tokens"
,East Hagbourne,,1,11398,high,accept,"high confidence, verified sample and dedication tokens"
St Peter,Macclesfield,Cheshire,1,14669,high,accept,"high confidence, verified sample and dedication tokens"
All Saints,Broad Chalke,Wiltshire,1,13253,high,accept,"high confidence, verified sample and dedication tokens"
Cathedral of St Anne (R C),Leeds,Yorkshire,1,11425,high,accept,"high confidence, verified sample and dedication tokens"
"10, Wharton Road",Bromley,Kent,1,,none,reject,resolver found no tower
Ss Peter & Paul,Bromley,Kent,1,,none,reject,resolver found no tower
St Mary,Staines upon Thames,Surrey,1,12277,high,accept,"high confidence, verified sample and dedication tokens"
"Vernet-les-Bains, Wetton, Norwich & Oldham",Ringing Room,UK & France,1,,none,reject,resolver found no tower
St Mary the Virgin,Rolvenden,Kent,1,17067,high,accept,"high confidence, verified sample and dedication tokens"
,Drayton,Oxon,1,13691,medium,reject,adjudicated: multi-tower town with no building evidence
All Saints,Edmonton,Middlesex,1,10584,high,accept,"high confidence, verified sample and dedication tokens"
,Huntington,,1,10144,high,accept,"high confidence, verified sample and dedication tokens"
St Michael,Gloucester,,1,20332,high,accept,"high confidence, verified sample and dedication tokens"
,Whitworth,,1,15835,medium,reject,adjudicated: multi-tower town with no building evidence
,Barnsley,Yorks,1,10481,medium,reject,adjudicated: multi-tower town with no building evidence
,Worlingworth,,1,13866,high,accept,"high confidence, verified sample and dedication tokens"
,Kirkburton,,1,10093,high,accept,"high confidence, verified sample and dedication tokens"
St Mary the Virgin,Twickenham,Greater London,1,13698,high,accept,"high confidence, verified sample and dedication tokens"
,Milnrow,,1,14047,high,accept,"high confidence, verified sample and dedication tokens"
,Salehurst,,1,10938,high,accept,"high confidence, verified sample and dedication tokens"
Campanile Dyngalyng,Lyng,Norfolk,1,13379,medium,reject,adjudicated: named private ring or non-church venue
,Pinchbeck,,1,13689,high,accept,"high confidence, verified sample and dedication tokens"
,Twerton-on-Avon,,1,25825,medium,reject,adjudicated: multi-tower town with no building evidence
"Vernet-les-Bains, Hitchin, Reach & Great Hockham",Ringing Room,UK & France,1,,none,reject,resolver found no tower
Christchurch,Liversedge,West Yorkshire,1,15896,high,accept,"high confidence, verified sample and dedication tokens"
Holy Cross,Woodchurch,Merseyside,1,16512,high,accept,"high confidence, verified sample and dedication tokens"
St Magnus the Martyr  Ringing Room,City of London,,1,13189,high,accept,"high confidence, verified sample and dedication tokens"
St Mary,Godmanchester,Huntingdonshire,1,,none,reject,resolver found no tower
Christ Church,Port Sunlight,Wirral,1,,none,reject,resolver found no tower
,Fillongley,,1,11875,high,accept,"high confidence, verified sample and dedication tokens"
St John the Baptist,Tuebrook,Mersyside,1,,none,reject,resolver found no tower
St Stephen,Clanfield,Oxfordshire,1,10023,high,accept,"high confidence, verified sample and dedication tokens"
St Mary,Kingsclere,Hampshire,1,10522,high,accept,"high confidence, verified sample and dedication tokens"
,Tunstall,,1,12317,medium,reject,adjudicated: multi-tower town with no building evidence
Imperial College (Huxley),Knightsbridge,Middlesex,1,,none,reject,resolver found no tower
St John,Bournemouth,,1,15520,high,accept,"high confidence, verified sample and dedication tokens"
St Nicholas,Chislehurst,,1,14258,high,accept,"high confidence, verified sample and dedication tokens"
132 Rue de la Tomber Issoire,Paris,14e,1,,none,reject,resolver found no tower
,Churchill,Oxon,1,11768,medium,reject,adjudicated: multi-tower town with no building evidence
"Room 345, Huxley Building",Knightsbridge,Middlesex,1,,none,reject,resolver found no tower
SS Peter and Paul,Ringwood,Hampshire,1,16719,high,accept,"high confidence, verified sample and dedication tokens"
St.Andrew,Pershore Parish Centre,Worcestershire,1,,none,reject,resolver found no tower
,Limehouse,London,1,14318,high,accept,"high confidence, verified sample and dedication tokens"
"SS John the Baptist, Lawrence and Anne",Knowle,West Midlands,1,14833,high,accept,"high confidence, verified sample and dedication tokens"
"Imperial College, Huxley Building",Knightsbridge,Middlesex,1,,none,reject,resolver found no tower
St Peter,Pentre,Rhondda Cynon Taf,1,13957,high,accept,"high confidence, verified sample and dedication tokens"
,Southgate,,1,12730,medium,reject,adjudicated: multi-tower town with no building evidence
"at the residence of W H Pasmore, Southwark Street, SE",London,,1,,none,reject,resolver found no tower
Assumption of the Blessed Virgin Mary,Redenhall,Norfolk,1,11384,high,accept,"high confidence, verified sample and dedication tokens"
,Shalford,Surrey,1,16320,high,accept,"high confidence, verified sample and dedication tokens"
"The Coach and Horses, High Street",Barnes,Surrey,1,,none,reject,resolver found no tower
,Brading,,1,13247,high,accept,"high confidence, verified sample and dedication tokens"
St Mary's Cathedral,"Sydney, NSW",Australia,1,,none,reject,resolver found no tower
,Market Drayton,,1,12374,high,accept,"high confidence, verified sample and dedication tokens"
Cathedral Church of the Holy Trinity,Wangaratta,Victoria,1,11264,high,accept,"high confidence, verified sample and dedication tokens"
,Fairford,,1,10862,high,accept,"high confidence, verified sample and dedication tokens"
Cathedral Church of St Paul,Bendigo,Victoria,1,15059,high,accept,"high confidence, verified sample and dedication tokens"
St Mary the Virgin,Great Baddow,Essex,1,14450,high,accept,"high confidence, verified sample and dedication tokens"
St Peter,Buckland in the Moor,Devon,1,15861,high,accept,"high confidence, verified sample and dedication tokens"
S Mary,Pinchbeck,Lincolnshire,1,13689,high,accept,"high confidence, verified sample and dedication tokens"
St John-in-Bedwardine,Worcester,,1,13277,high,accept,"high confidence, verified sample and dedication tokens"
St Michael,Flixton,Greater Manchester,1,13267,high,accept,"high confidence, verified sample and dedication tokens"
All Saints,Marple,Greater Manchester,1,15017,high,accept,"high confidence, verified sample and dedication tokens"
,Quorn,,1,10703,high,accept,"high confidence, verified sample and dedication tokens"
,Colerne,,1,13586,high,accept,"high confidence, verified sample and dedication tokens"
St Mary,North Mimms,Hertfordshire,1,12392,high,accept,"high confidence, verified sample and dedication tokens"
,Pinxton,,1,13062,high,accept,"high confidence, verified sample and dedication tokens"
,Cliffe-at-Hoo,,1,10867,high,accept,"high confidence, verified sample and dedication tokens"
American School,Bushey,Herts,1,,none,reject,resolver found no tower
,Wombourn,,1,,none,reject,resolver found no tower
,Galleywood,,1,11347,high,accept,"high confidence, verified sample and dedication tokens"
Dedication Unknown,Chiddingly,East Sussex,1,14881,high,accept,"high confidence, verified sample and dedication tokens"
Holy Cross & St Mary,Quainton,Buckinghamshire,1,17009,high,accept,"high confidence, verified sample and dedication tokens"
St Peter,Conisbrough,Yorkshire,1,12310,high,accept,"high confidence, verified sample and dedication tokens"
,Papanui,,1,10077,high,accept,"high confidence, verified sample and dedication tokens"
,Sawston,,1,10013,high,accept,"high confidence, verified sample and dedication tokens"
Brambles,Brimpton,,1,11416,medium,reject,adjudicated: building appears to be a house name
,Writtle,,1,17092,high,accept,"high confidence, verified sample and dedication tokens"
,Radcliffe-on-Trent,,1,13814,high,accept,"high confidence, verified sample and dedication tokens"
All Saints,Sedgley,W Midlands,1,,none,reject,resolver found no tower
St James,Husborne Crawley,Bedfordshire,1,13235,high,accept,"high confidence, verified sample and dedication tokens"
Indian-Pacific Train,Mannahill,South Australia,1,,none,reject,resolver found no tower
,Cottesloe,,1,,none,reject,resolver found no tower
St Michael and All Angels,Lambourn,Berkshire,1,14437,high,accept,"high confidence, verified sample and dedication tokens"
Holy Trinity,Privett,Hampshire,1,15390,high,accept,"high confidence, verified sample and dedication tokens"
St Mary,Lancaster,,1,14459,high,accept,"high confidence, verified sample and dedication tokens"
St Michael and All Angels,Haselbech,Northamptonshire,1,15424,high,accept,"high confidence, verified sample and dedication tokens"
"Great Hockham, Glasgow, Wetton & Moseley",Ringing Room,Uk,1,,none,reject,resolver found no tower
St Andrew,Earls Colne,Essex,1,10099,high,accept,"high confidence, verified sample and dedication tokens"
St Mary the Virgin,Salehurst,East Sussex,1,10938,high,accept,"high confidence, verified sample and dedication tokens"
St Mary,Peterborough,,1,16442,high,accept,"high confidence, verified sample and dedication tokens"
SS Mary & Michael,Trumpington,Cambridgeshire,1,10245,high,accept,"high confidence, verified sample and dedication tokens"
Annunciation of The Blessed Virgin Mary,Chislehurst,Greater London,1,10438,high,accept,"high confidence, verified sample and dedication tokens"
St Mary,Clifton,Notts,1,15190,high,accept,"high confidence, verified sample and dedication tokens"
St Botolph,Carlton in Cleveland,North Yorkshire,1,11830,high,accept,"high confidence, verified sample and dedication tokens"
St Edith,Monks Kirby,Warwickshire,1,14737,high,accept,"high confidence, verified sample and dedication tokens"
Brickyard Cottage,Ticknall,Derbyshire,1,,none,reject,resolver found no tower
"Vernet-les-Bains, Norwich, Oldham & Reach",Ringing Room,UK & France,1,,none,reject,resolver found no tower
St Chad,"Leeds, Headingley",West Yorkshire,1,,none,reject,resolver found no tower
St Mary,East Raynham,Norfolk,1,11607,high,accept,"high confidence, verified sample and dedication tokens"
Holy Trinity,Meole Brace,Shropshire,1,16732,high,accept,"high confidence, verified sample and dedication tokens"
St Mary Magdalene,Albrighton,Shropshire,1,13575,high,accept,"high confidence, verified sample and dedication tokens"
Saint Leonard,Turners Hill,Sussex,1,16948,high,accept,"high confidence, verified sample and dedication tokens"
St Tudor,Mynyddislwyn,Caerphilly,1,13414,high,accept,"high confidence, verified sample and dedication tokens"
Christ Church,Radyr,Cardiff,1,13964,high,accept,"high confidence, verified sample and dedication tokens"
St Mary the Virgin,Thornbury,Gloucestershire,1,12858,high,accept,"high confidence, verified sample and dedication tokens"
St John,Barmouth,Gwynedd,1,14343,high,accept,"high confidence, verified sample and dedication tokens"
St Andrew,Stoke Dameral,Devon,1,,none,reject,resolver found no tower
St James the Greater,Oaks in Charnwood,Leicestershire,1,11164,high,accept,"high confidence, verified sample and dedication tokens"
St Mary,Welshpool,Powys,1,12037,high,accept,"high confidence, verified sample and dedication tokens"
St Michael,Bray,Berkshire,1,11267,high,accept,"high confidence, verified sample and dedication tokens"
St Peter,Machynlleth,Powys,1,12052,high,accept,"high confidence, verified sample and dedication tokens"
St Mary,Kingswinford,West Midlands,1,16378,high,accept,"high confidence, verified sample and dedication tokens"
,Sibsey,,1,12327,high,accept,"high confidence, verified sample and dedication tokens"
"SS Peter, Paul & Thomas of Canterbury",Bovey Tracey,Devon,1,14690,high,accept,"high confidence, verified sample and dedication tokens"
Cathedral of St Marie (RC),Sheffield,South Yorkshire,1,10439,high,accept,"high confidence, verified sample and dedication tokens"
Holy Trinity,Skipton,North Yorkshire,1,23418,medium,reject,adjudicated: names a saint absent from the sole tower
,Longstanton,,1,11562,high,accept,"high confidence, verified sample and dedication tokens"
42 Westminster Road,Malvern,Worcestershire,1,,none,reject,resolver found no tower
St John the Baptist,Stanford on Soar,Nottinghamshire,1,15756,high,accept,"high confidence, verified sample and dedication tokens"
"St Martin le Grand, Coney Street",York,North Yorkshire,1,15985,high,accept,"high confidence, verified sample and dedication tokens"
Our Lady of Bloxham,Bloxham,Oxfordshire,1,11534,high,accept,"high confidence, verified sample and dedication tokens"
St James the Great,Winscombe,Somerset,1,13531,high,accept,"high confidence, verified sample and dedication tokens"
St Michael,Michaelston-y-Fedw,Monmouthshire,1,11046,high,accept,"high confidence, verified sample and dedication tokens"
,Badsey,,1,16045,high,accept,"high confidence, verified sample and dedication tokens"
,Hackington,,1,13702,high,accept,"high confidence, verified sample and dedication tokens"
St Peter and St Paul,Steeple Aston,Oxfordshire,1,11353,high,accept,"high confidence, verified sample and dedication tokens"
"Pinhoe, St Michael & All Angels",Exeter,Devon,1,20016,high,accept,"high confidence, verified sample and dedication tokens"
St Mary Magdalene,Woodstock,Oxfordshire,1,11202,high,accept,"high confidence, verified sample and dedication tokens"
"All Saints, Weston",Bath,Somerset,1,13248,high,accept,"high confidence, verified sample and dedication tokens"
St Mary,Tadcaster,North Yorkshire,1,16039,high,accept,"high confidence, verified sample and dedication tokens"
Assumption of Blessed Virgin Mary,Bradford Peverell,Dorset,1,15752,medium,accept,"sole tower in town, building is ecclesiastical"
,Fordingbridge,,1,15403,high,accept,"high confidence, verified sample and dedication tokens"
,Guilden Morden,,1,16109,high,accept,"high confidence, verified sample and dedication tokens"
St Editha,Monks Kirby,Warwickshire,1,14737,high,accept,"high confidence, verified sample and dedication tokens"
4 Spencer Street,Eastwood,,1,,none,reject,resolver found no tower
"Great Hockham, Vernet-les-Bains, Norwich & Wetton",Ringing Room,UK & France,1,,none,reject,resolver found no tower
St Matthew,Overseal,Derbyshire,1,16729,high,accept,"high confidence, verified sample and dedication tokens"
,Tottenham,,1,11991,medium,reject,adjudicated: multi-tower town with no building evidence
St Chad,Rochdale,Greater Manchester,1,16976,high,accept,"high confidence, verified sample and dedication tokens"
St Mary the Virgin,Coleorton,Leicestershire,1,14699,high,accept,"high confidence, verified sample and dedication tokens"
,Adlington,,1,14168,medium,reject,adjudicated: multi-tower town with no building evidence
St George,Beckington,Somerset,1,12455,high,accept,"high confidence, verified sample and dedication tokens"
"Minet House, Prescot Street",Whitechapel,Middlesex,1,,none,reject,resolver found no tower
,Pattingham,,1,10158,high,accept,"high confidence, verified sample and dedication tokens"
,Welford,Northants,1,14851,high,accept,"high confidence, verified sample and dedication tokens"
St Andrew,Curry Rivel,Somerset,1,15298,high,accept,"high confidence, verified sample and dedication tokens"
,Wellingborough,,1,16966,medium,reject,adjudicated: multi-tower town with no building evidence
St Mary`,Wedmore,Somerset,1,12933,high,accept,"high confidence, verified sample and dedication tokens"
St Anne,Bagshot,Surrey,1,15001,high,accept,"high confidence, verified sample and dedication tokens"
,Haddington,,1,11648,high,accept,"high confidence, verified sample and dedication tokens"
,Harraby,,1,12435,high,accept,"high confidence, verified sample and dedication tokens"
Rindge Field,"Cambridge, MA",USA,1,,none,reject,resolver found no tower
,Stoke,Warks,1,13274,high,accept,"high confidence, verified sample and dedication tokens"
,Bloxham,,1,11534,medium,reject,adjudicated: multi-tower town with no building evidence
,Bampton,Oxon,1,12367,high,accept,"high confidence, verified sample and dedication tokens"
St John the Baptist,Whitwick,Leicestershire,1,11676,high,accept,"high confidence, verified sample and dedication tokens"
St Mary the Virgin,Henley on Thames,Oxfordshire,1,14999,high,accept,"high confidence, verified sample and dedication tokens"
All Hallows,St Kea,Cornwall,1,13851,high,accept,"high confidence, verified sample and dedication tokens"
,Byfield,,1,15633,high,accept,"high confidence, verified sample and dedication tokens"
,Irton,,1,10969,high,accept,"high confidence, verified sample and dedication tokens"
St John,Peterborough,,1,16041,high,accept,"high confidence, verified sample and dedication tokens"
,West Malling,,1,15003,high,accept,"high confidence, verified sample and dedication tokens"
,South Anston,,1,13045,high,accept,"high confidence, verified sample and dedication tokens"
,Goulburn,,1,15655,high,accept,"high confidence, verified sample and dedication tokens"
,Bishops Cleeve,,1,,none,reject,resolver found no tower
,Framlingham,,1,11728,high,accept,"high confidence, verified sample and dedication tokens"
St Martin,New Buckenham,Norfolk,1,16308,high,accept,"high confidence, verified sample and dedication tokens"
"Plympton St Mary, St Mary the Blessed Virgin",Plymouth,Devon,1,,none,reject,resolver found no tower
"Head Brewer's Office, Whitbread Brewery",Magor,Gwent,1,14698,medium,reject,adjudicated: building appears to be a house name
St Peter,Conisbrough,South Yorks,1,12310,high,accept,"high confidence, verified sample and dedication tokens"
,Crewkerne,,1,11044,high,accept,"high confidence, verified sample and dedication tokens"
St Helen,Cliffe at Hoo,Kent,1,10867,high,accept,"high confidence, verified sample and dedication tokens"
St Mary the Virgin,Stoke by Nayland,Suffolk,1,13144,high,accept,"high confidence, verified sample and dedication tokens"
St John the Baptist,Erith,Greater London,1,16332,high,accept,"high confidence, verified sample and dedication tokens"
The Lair of the Snow Tiger,Ringing Room,UK,1,,none,reject,resolver found no tower
"Bosham, Eastergate & Pagham",Ringing Room,West Sussex,1,,none,reject,resolver found no tower
St Paul,Chippenham,,1,12210,high,accept,"high confidence, verified sample and dedication tokens"
St Patrick,Coleraine,Derry,1,12545,high,accept,"high confidence, verified sample and dedication tokens"
4 Liberia Road,Islington,Middlesex,1,,none,reject,resolver found no tower
,Swineshead,Lincs,1,14385,high,accept,"high confidence, verified sample and dedication tokens"
St Mary,Whickham,Tyne & Wear,1,,none,reject,resolver found no tower
St John the Baptist,Wonersh,Surrey,1,13986,high,accept,"high confidence, verified sample and dedication tokens"
,Crick,,1,11484,high,accept,"high confidence, verified sample and dedication tokens"
,Milton Abbey,,1,14844,high,accept,"high confidence, verified sample and dedication tokens"
"SS Peter, Paul and Thomas the Becket",Bovey Tracey,Devon,1,14690,medium,accept,"medium, building shares dedication evidence"
St Leonard,Clent,Worcestershire,1,11092,high,accept,"high confidence, verified sample and dedication tokens"
St James the Great,Shirley,West Midlands,1,11396,high,accept,"high confidence, verified sample and dedication tokens"
St John the Baptist,Barnet,Hertfordshire,1,,none,reject,resolver found no tower
St Andrew,Heckington,Lincolnshire,1,16516,high,accept,"high confidence, verified sample and dedication tokens"
Bellfoundry Campanile,Loughborough,Leicestershire,1,10191,high,accept,"high confidence, verified sample and dedication tokens"
St Andrew,Uxbridge,,1,12550,high,accept,"high confidence, verified sample and dedication tokens"
,Epping,,1,14745,high,accept,"high confidence, verified sample and dedication tokens"
,Urchfont,,1,12207,high,accept,"high confidence, verified sample and dedication tokens"
,Charlton Horethorne,,1,13570,high,accept,"high confidence, verified sample and dedication tokens"
,Godmanchester,,1,13769,high,accept,"high confidence, verified sample and dedication tokens"
,Almondsbury,,1,13610,high,accept,"high confidence, verified sample and dedication tokens"
St Mary the Virgin,Over,Cambridgeshire,1,10652,high,accept,"high confidence, verified sample and dedication tokens"
,Ely,,1,12859,medium,reject,adjudicated: multi-tower town with no building evidence
,Norton,Herts,1,13040,medium,reject,adjudicated: multi-tower town with no building evidence
"St Lawrence Jewry, Gresham Street",City of London,,1,16020,high,accept,"high confidence, verified sample and dedication tokens"
,Appledore,Kent,1,13579,high,accept,"high confidence, verified sample and dedication tokens"
"Wickford, Great Hockham, Oldham & Bury St Edmunds",Ringing Room,UK,1,,none,reject,resolver found no tower
,Barking,Essex,1,,none,reject,resolver found no tower
308 Marlyn Lodge,London,Middx,1,,none,reject,resolver found no tower
,Upton St Leonards,,1,12413,high,accept,"high confidence, verified sample and dedication tokens"
St Wifrid,Kirkby in Ashfield,Nottinghamshire,1,13587,medium,accept,"medium, building shares dedication evidence"
"Plympton St Maurice, St Maurice",Plymouth,Devon,1,,none,reject,resolver found no tower
,Winchcombe,,1,10105,high,accept,"high confidence, verified sample and dedication tokens"
,Washingborough,,1,16208,high,accept,"high confidence, verified sample and dedication tokens"
,Harmston,,1,12433,high,accept,"high confidence, verified sample and dedication tokens"
109 Newtown Road,Malvern,Worcestershire,1,,none,reject,resolver found no tower
St Andrew,Halstead,Essex,1,13172,high,accept,"high confidence, verified sample and dedication tokens"
,Ashchurch,,1,14753,high,accept,"high confidence, verified sample and dedication tokens"
St James the Great,South Leigh,Oxfordshire,1,11878,high,accept,"high confidence, verified sample and dedication tokens"
St Wilfrid,Kibworth Beauchamp,Leicestershire,1,14116,high,accept,"high confidence, verified sample and dedication tokens"
St Peter,Glasbury on Wye,Powys,1,11650,high,accept,"high confidence, verified sample and dedication tokens"
St Barnabas,Erdington,West Midlands,1,15824,high,accept,"high confidence, verified sample and dedication tokens"
Holy Trinity,Horwich,Greater Manchester,1,10582,high,accept,"high confidence, verified sample and dedication tokens"
St Peter and St Paul,Olney,Buckinghamshire,1,14941,high,accept,"high confidence, verified sample and dedication tokens"
St Mary Magdalene,Torquay,Devon,1,10488,high,accept,"high confidence, verified sample and dedication tokens"
All Saints,Terling,ESSEX,1,13514,high,accept,"high confidence, verified sample and dedication tokens"
,Long Melford,,1,12666,medium,reject,adjudicated: multi-tower town with no building evidence
Ruined Church of the Holy Trinity,Buckfastleigh,Devon,1,11599,high,accept,"high confidence, verified sample and dedication tokens"
St Mary's Basilica,Sydney NSW,Australia,1,,none,reject,resolver found no tower
St Mary the Virgin,Chipping Norton,Oxfordshire,1,12606,high,accept,"high confidence, verified sample and dedication tokens"
,Bulwell,,1,14775,medium,reject,adjudicated: multi-tower town with no building evidence
St Edmund,Northampton,Northamptonshire,1,13785,medium,reject,adjudicated: named church is not in Dove for this town
St Mary,Bitton,Gloucestershire,1,14376,high,accept,"high confidence, verified sample and dedication tokens"
,Whilton,,1,12138,high,accept,"high confidence, verified sample and dedication tokens"
Weston House,Manchester,Lancs,1,,none,reject,resolver found no tower
St John the Evangelist,Ranmoor,Yorkshire,1,16286,high,accept,"high confidence, verified sample and dedication tokens"
41 Sherbrooke Avenue,Wilnecote,Staffordshire,1,,none,reject,resolver found no tower
"Thorrington, Great Hockham, Chelmsford & Wickford",Ringing Room,UK,1,,none,reject,resolver found no tower
,Wye,,1,14113,high,accept,"high confidence, verified sample and dedication tokens"
Christ Church,Bradford on Avon,Wiltshire,1,10502,high,accept,"high confidence, verified sample and dedication tokens"
,Lyme Regis,,1,14094,high,accept,"high confidence, verified sample and dedication tokens"
,Rolleston-on-Dove,,1,14612,high,accept,"high confidence, verified sample and dedication tokens"
,Knowle,Bristol,1,15548,medium,reject,adjudicated: multi-tower town with no building evidence
,Shildon,,1,16101,high,accept,"high confidence, verified sample and dedication tokens"
,Biddenden,,1,13123,high,accept,"high confidence, verified sample and dedication tokens"
,Syston,,1,10340,medium,reject,adjudicated: multi-tower town with no building evidence
St Leonards Tower,Newton Abbot,Devon,1,16043,medium,accept,"medium, building shares dedication evidence"
St John the Baptist,East Markham,Nottinghamshire,1,15784,high,accept,"high confidence, verified sample and dedication tokens"
St Bridget,Bridstow,Herefordshire,1,14193,high,accept,"high confidence, verified sample and dedication tokens"
106 Beaumont Road,Barrow upon Soar,Leicestershire,1,,none,reject,resolver found no tower
,Market Bosworth,,1,13763,high,accept,"high confidence, verified sample and dedication tokens"
,Stow,,1,10399,high,accept,"high confidence, verified sample and dedication tokens"
St Peter and St Paul,Warsop,Nottinghamshire,1,11117,high,accept,"high confidence, verified sample and dedication tokens"
"Sabarat, Oldham, Bury St Edmunds & Paignton",Ringing Room,UK & France,1,,none,reject,resolver found no tower
"Oldham, Norwich, Eaton Socon & Great Hockham",Ringing Room,UK,1,,none,reject,resolver found no tower
,Kelsale,,1,13882,high,accept,"high confidence, verified sample and dedication tokens"
,Ruardean,,1,11792,high,accept,"high confidence, verified sample and dedication tokens"
St Patrick,Patrington,East Riding of Yorkshire,1,15427,high,accept,"high confidence, verified sample and dedication tokens"
St Nicolas,Nuneaton,Warwickshire,1,11805,high,accept,"high confidence, verified sample and dedication tokens"
"Vernet-les-Bains, Cambridge, Great Hockham & Godmanchester",Ringing Room,,1,,none,reject,resolver found no tower
,Battle,,1,13501,high,accept,"high confidence, verified sample and dedication tokens"
Cathedral,Washington,,1,14848,high,accept,"high confidence, verified sample and dedication tokens"
,Allesley,,1,13782,high,accept,"high confidence, verified sample and dedication tokens"
St Mary,Wedmore,Somerset,1,12933,high,accept,"high confidence, verified sample and dedication tokens"
Dedication unknown,Chiddingly,East Sussex,1,14881,high,accept,"high confidence, verified sample and dedication tokens"
,Dorking,,1,16625,medium,reject,adjudicated: multi-tower town with no building evidence
St Olave,London,Middx,1,12986,high,accept,"high confidence, verified sample and dedication tokens"
,Huish Episcopi,,1,12467,high,accept,"high confidence, verified sample and dedication tokens"
All Saints,Eastbourne,East Sussex,1,11160,high,accept,"high confidence, verified sample and dedication tokens"
St Mary the Virgin,Hampton,Greater London,1,10110,high,accept,"high confidence, verified sample and dedication tokens"
St Margaret,Crick,Northamptonshire,1,11484,high,accept,"high confidence, verified sample and dedication tokens"
,Highclere,Hants,1,12671,medium,reject,adjudicated: multi-tower town with no building evidence
St Laurence,York,North Yorkshire,1,16125,high,accept,"high confidence, verified sample and dedication tokens"
St Mary,Barnsley,S.Yorks,1,,none,reject,resolver found no tower
,Bottesford,Leics,1,14195,high,accept,"high confidence, verified sample and dedication tokens"
St Peter and St Paul,Checkendon,Oxfordshire,1,11262,high,accept,"high confidence, verified sample and dedication tokens"
The Hillbrow Campanile,Liss,Hampshire,1,,none,reject,resolver found no tower
St Michael and All Angels,Great Tew,Oxfordshire,1,10028,high,accept,"high confidence, verified sample and dedication tokens"
St Margaret,Toppesfield,Essex,1,10568,high,accept,"high confidence, verified sample and dedication tokens"
"Fallowfield, Holy Innocents",Manchester,Greater Manchester,1,,none,reject,resolver found no tower
Holy Innocents,Fallowfield,Greater Manchester,1,16503,high,accept,"high confidence, verified sample and dedication tokens"
,Market Harborough,,1,12627,high,accept,"high confidence, verified sample and dedication tokens"
"Oldham, Great Hockham, Paignton & Bury St Edmunds",Ringing Room,UK,1,,none,reject,resolver found no tower
St Helen,Pinxton,Derbyshire,1,13062,high,accept,"high confidence, verified sample and dedication tokens"
,Checkendon,,1,11262,high,accept,"high confidence, verified sample and dedication tokens"
St Petroc,Timberscombe,Somerset,1,14637,high,accept,"high confidence, verified sample and dedication tokens"
,Hardington Mandeville,,1,12507,high,accept,"high confidence, verified sample and dedication tokens"
,Mickleton,,1,16821,high,accept,"high confidence, verified sample and dedication tokens"
St Philip and St James,Ratby,Leicestershire,1,15154,high,accept,"high confidence, verified sample and dedication tokens"
All Saints,Sherburn in Elmet,North Yorkshire,1,10803,high,accept,"high confidence, verified sample and dedication tokens"
St Paul,Whitley Bay,Tyne and Wear,1,17001,high,accept,"high confidence, verified sample and dedication tokens"
St John Bapt,Newcastle Upon Tyne,Tyne and Wear,1,12945,high,accept,"high confidence, verified sample and dedication tokens"
,Penkridge,,1,11298,high,accept,"high confidence, verified sample and dedication tokens"
"St George, Jesmond",Newcastle Upon Tyne,Tyne and Wear,1,14507,high,accept,"high confidence, verified sample and dedication tokens"
,Wedmore,,1,12933,high,accept,"high confidence, verified sample and dedication tokens"
,Leyton,,1,12384,medium,reject,adjudicated: multi-tower town with no building evidence
St Bartholomew and All Saints,Wootton Bassett,Wiltshire,1,16050,high,accept,"high confidence, verified sample and dedication tokens"
St George,Barkingside,Greater London,1,16995,high,accept,"high confidence, verified sample and dedication tokens"
,St Briavels,,1,10426,high,accept,"high confidence, verified sample and dedication tokens"
St Mary,Staines,,1,,none,reject,resolver found no tower
Priory,Worksop,,1,10021,high,accept,"high confidence, verified sample and dedication tokens"
St John the Baptist,Chipping Sodbury,Gloucestershire,1,15563,high,accept,"high confidence, verified sample and dedication tokens"
St John,Devizes,Wiltshire,1,16561,high,accept,"high confidence, verified sample and dedication tokens"
,Elland,,1,14590,high,accept,"high confidence, verified sample and dedication tokens"
,Ault Hucknall,,1,11391,high,accept,"high confidence, verified sample and dedication tokens"
St Mary,Hayes,,1,11254,high,accept,"high confidence, verified sample and dedication tokens"
,Alrewas,,1,15616,high,accept,"high confidence, verified sample and dedication tokens"
St Mary,Easebourne,West Sussex,1,16972,high,accept,"high confidence, verified sample and dedication tokens"
,Kirk Ella,,1,15090,high,accept,"high confidence, verified sample and dedication tokens"
St Mary Magdalene,Enfield,Middlesex,1,12186,high,accept,"high confidence, verified sample and dedication tokens"
St Paul,Houston,"Texas, United States of America",1,11879,high,accept,"high confidence, verified sample and dedication tokens"
,Hornchurch,,1,14513,medium,reject,adjudicated: multi-tower town with no building evidence
St Mary,Newent,Gloucestershire,1,14943,high,accept,"high confidence, verified sample and dedication tokens"
Saints Peter & Paul,Mansfield,Nottinghamshire,1,11387,medium,accept,"medium, building shares dedication evidence"
,Ardleigh,,1,13251,high,accept,"high confidence, verified sample and dedication tokens"
St Mary the Virgin,Longcot,Berkshire,1,,none,reject,resolver found no tower
St John the Baptist,Coln St Aldwyns,Gloucestershire,1,13281,high,accept,"high confidence, verified sample and dedication tokens"
St John the Baptist,Loughton,Essex,1,14090,high,accept,"high confidence, verified sample and dedication tokens"
1 Preedys Close,Abbots Bromley,Staffordshire,1,,none,reject,resolver found no tower
St James,Somerton,Oxfordshire,1,11413,high,accept,"high confidence, verified sample and dedication tokens"
St Mary Magdalene,Whiston,South Yorkshire,1,16775,high,accept,"high confidence, verified sample and dedication tokens"
,Albrighton,,1,13575,high,accept,"high confidence, verified sample and dedication tokens"
St Mary D Castro,Leicester,Leicestershire,1,13828,medium,accept,"medium, building shares dedication evidence"
St Mary,East Ilsley,Oxfordshire,1,,none,reject,resolver found no tower
,Sandhurst,Glos,1,13452,high,accept,"high confidence, verified sample and dedication tokens"
,South Shields,,1,12219,medium,reject,adjudicated: multi-tower town with no building evidence
St Mary Magdalene,Bridgnorth,Shropshire,1,12332,high,accept,"high confidence, verified sample and dedication tokens"
St Mary,Longcot,Berkshire,1,,none,reject,resolver found no tower
St Leonard,Blunsdon,Wiltshire,1,18458,high,accept,"high confidence, verified sample and dedication tokens"
,Pebworth,,1,14179,high,accept,"high confidence, verified sample and dedication tokens"
St Andrew,Pershore,,1,11394,high,accept,"high confidence, verified sample and dedication tokens"
St Mary the Virgin,Henbury,Bristol,1,15198,high,accept,"high confidence, verified sample and dedication tokens"
St Nicolas,Ashchurch,Gloucestershire,1,14753,high,accept,"high confidence, verified sample and dedication tokens"
Christ Church,Ebbw Vale,Blaenau Gwent,1,11978,high,accept,"high confidence, verified sample and dedication tokens"
St Michael and All Angels,Penkridge,Staffordshire,1,11298,high,accept,"high confidence, verified sample and dedication tokens"
St George,Jesmond,Tyne & Wear,1,,none,reject,resolver found no tower
,Long Ashton,,1,10965,high,accept,"high confidence, verified sample and dedication tokens"
St Michael and All Angels,Tettenhall,West Midlands,1,13117,high,accept,"high confidence, verified sample and dedication tokens"
,Bradpole,,1,11115,high,accept,"high confidence, verified sample and dedication tokens"
"Reach, Norwich, Oldham & Great Hockham",Ringing Room,Uk,1,,none,reject,resolver found no tower
,Tettenhall,,1,13117,high,accept,"high confidence, verified sample and dedication tokens"
St Mary,Marlborough,Wiltshire,1,14009,high,accept,"high confidence, verified sample and dedication tokens"
St Mary,Sandbach,Cheshire,1,12771,high,accept,"high confidence, verified sample and dedication tokens"
St John the Baptist,Royston,South Yorkshire,1,15270,high,accept,"high confidence, verified sample and dedication tokens"
53 Fearon Road,Portsmouth,Hampshire,1,,none,reject,resolver found no tower
St Mary,Folkestone,,1,17037,high,accept,"high confidence, verified sample and dedication tokens"
,Barrow-upon-Soar,,1,14755,high,accept,"high confidence, verified sample and dedication tokens"
St John the Baptist,Colerne,Wiltshire,1,13586,high,accept,"high confidence, verified sample and dedication tokens"
,Tonbridge,,1,11378,medium,reject,adjudicated: multi-tower town with no building evidence
,Pitminster,,1,14926,high,accept,"high confidence, verified sample and dedication tokens"
,Sittingbourne,,1,10011,medium,reject,adjudicated: multi-tower town with no building evidence
,Cottesbrooke,,1,13783,high,accept,"high confidence, verified sample and dedication tokens"
,Earls Barton,,1,13546,high,accept,"high confidence, verified sample and dedication tokens"
St Peter,Irthlingborough,Northamptonshire,1,13376,high,accept,"high confidence, verified sample and dedication tokens"
St Nicholas,Carrickfergus,Antrim,1,16838,high,accept,"high confidence, verified sample and dedication tokens"
St Mary,"Leeds, Hunslet",West Yorkshire,1,15244,high,accept,"high confidence, verified sample and dedication tokens"
,Westbourne,,1,11270,medium,reject,adjudicated: multi-tower town with no building evidence
,Fen Ditton,,1,17028,high,accept,"high confidence, verified sample and dedication tokens"
,Welwyn,,1,14639,high,accept,"high confidence, verified sample and dedication tokens"
,Amesbury,,1,13162,high,accept,"high confidence, verified sample and dedication tokens"
St Andrew's Cathedral,Sydney,"New South Wales, Australia",1,16969,high,accept,"high confidence, verified sample and dedication tokens"
St Helen,Ashby de la Zouch,Leicestershire,1,10461,high,accept,"high confidence, verified sample and dedication tokens"
SS Peter & Paul,Aldeburgh,Suffolk,1,17039,high,accept,"high confidence, verified sample and dedication tokens"
St Mark's,Darling Point,New South Wales,1,11755,high,accept,"high confidence, verified sample and dedication tokens"
St Michael and All Angels,Blewbury,Oxfordshire,1,15534,high,accept,"high confidence, verified sample and dedication tokens"
,Bengeo,,1,11823,medium,reject,adjudicated: multi-tower town with no building evidence
"55d, Cologne Road",Clapham,Surrey,1,,none,reject,resolver found no tower
The Rector's Ring,Clenchwarton,Norfolk,1,12505,medium,reject,adjudicated: building appears to be a house name
The Millcroft Campanile,Willingham,Cambridgeshire,1,25261,high,accept,"high confidence, verified sample and dedication tokens"
St Mary,Bluntisham,Cambridgeshire,1,13004,high,accept,"high confidence, verified sample and dedication tokens"
,Frome,,1,11276,medium,reject,adjudicated: multi-tower town with no building evidence
St Gulval,Gulval,Cornwall,1,14280,high,accept,"high confidence, verified sample and dedication tokens"
,Palgrave,,1,13582,high,accept,"high confidence, verified sample and dedication tokens"
"St Michael, Lower Machen",Machen,Newport,1,16120,high,accept,"high confidence, verified sample and dedication tokens"
St Peter,Brighton,East Sussex,1,10532,high,accept,"high confidence, verified sample and dedication tokens"
St Andrew,Enfield,Middlesex,1,14416,high,accept,"high confidence, verified sample and dedication tokens"
St Nicolas & All Saints,Witham,Essex,1,14581,high,accept,"high confidence, verified sample and dedication tokens"
St Mary,Attenborough,Nottinghamshire,1,14213,high,accept,"high confidence, verified sample and dedication tokens"
St John the Baptist,Finchingfield,Essex,1,10918,high,accept,"high confidence, verified sample and dedication tokens"
St Peter,Blaenavon,Torfaen,1,14334,high,accept,"high confidence, verified sample and dedication tokens"
4 Bannutree Cottages garden,Bridstow,Herefordshire,1,,none,reject,resolver found no tower
St Mary the Virgin,Great Bardfield,Essex,1,11079,high,accept,"high confidence, verified sample and dedication tokens"
Beecroft,Amersham,Bucks,1,14913,medium,reject,adjudicated: building appears to be a house name
,St Ives,,1,14667,medium,reject,adjudicated: multi-tower town with no building evidence
,Newnham-on-Severn,,1,14696,high,accept,"high confidence, verified sample and dedication tokens"
St Brannock,Braunton,Devon,1,14299,high,accept,"high confidence, verified sample and dedication tokens"
St Peter ad Vincula,Combe Martin,Devon,1,12316,high,accept,"high confidence, verified sample and dedication tokens"
,Bendigo,,1,15059,high,accept,"high confidence, verified sample and dedication tokens"
St Michael,Kingsteignton,,1,12105,high,accept,"high confidence, verified sample and dedication tokens"
,Chatham,,1,19083,high,accept,"high confidence, verified sample and dedication tokens"
St Crewenna,Crowan,Cornwall,1,11727,high,accept,"high confidence, verified sample and dedication tokens"
,Tilehurst,,1,16254,medium,reject,adjudicated: multi-tower town with no building evidence
,Barkway,,1,16879,high,accept,"high confidence, verified sample and dedication tokens"
All Hallows,Tottenham,Greater London,1,11991,high,accept,"high confidence, verified sample and dedication tokens"
St Matthew,Newcastle-upon-Tyne,,1,10353,high,accept,"high confidence, verified sample and dedication tokens"
St Peter,Hersham,Surrey,1,16481,high,accept,"high confidence, verified sample and dedication tokens"
St Denys,St Dennis,Cornwall,1,12874,high,accept,"high confidence, verified sample and dedication tokens"
Millcroft Campanile,Willingham,Cambridgeshire,1,25261,high,accept,"high confidence, verified sample and dedication tokens"
St Wilfrid,Harrogate,North Yorkshire,1,16205,high,accept,"high confidence, verified sample and dedication tokens"
St Peter's Cathedral,Adelaide,South Australia,1,16198,high,accept,"high confidence, verified sample and dedication tokens"
St Cuthbert,Prospect,South Australia,1,15246,high,accept,"high confidence, verified sample and dedication tokens"
"St Cuthbert, Prospect",Adelaide,South Australia,1,15246,high,accept,"high confidence, verified sample and dedication tokens"
,Charlton Kings,,1,15388,medium,reject,adjudicated: multi-tower town with no building evidence
,Horley,Surrey,1,13647,high,accept,"high confidence, verified sample and dedication tokens"
"Klecanska 24, Praha & Kobylisy",Prague,Czech Republic,1,,none,reject,resolver found no tower
,Westerham,,1,10644,high,accept,"high confidence, verified sample and dedication tokens"
St Martin,Salisbury,,1,13094,high,accept,"high confidence, verified sample and dedication tokens"
St Maurice,"Plympton, Plymouth",Devon,1,22798,high,accept,"high confidence, verified sample and dedication tokens"
,Little Baddow,,1,10147,high,accept,"high confidence, verified sample and dedication tokens"
,Rotherfield,,1,14253,high,accept,"high confidence, verified sample and dedication tokens"
49 King Street,Royston,Hertfordshire,1,,none,reject,resolver found no tower
,Metheringham,,1,16973,high,accept,"high confidence, verified sample and dedication tokens"
Lyndhurst,Robin Hood,Yorks,1,,none,reject,resolver found no tower
,Twyford,Berks,1,17111,high,accept,"high confidence, verified sample and dedication tokens"
St Francis,Holbeck,,1,20934,high,accept,"high confidence, verified sample and dedication tokens"
St Mary the Virgin,Eccles,Greater Manchester,1,16108,high,accept,"high confidence, verified sample and dedication tokens"
,Whittle-le-Woods,,1,13837,high,accept,"high confidence, verified sample and dedication tokens"
"St Paul (MN), Naperville (IL), Vancouver (WA), Coon Rapids (MN)",Ringing Room,USA,1,,none,reject,resolver found no tower
,East Ardsley,,1,11891,medium,reject,adjudicated: multi-tower town with no building evidence
,Hope,Derbys,1,14000,high,accept,"high confidence, verified sample and dedication tokens"
,Salehurst,Sussex,1,10938,high,accept,"high confidence, verified sample and dedication tokens"
All Saints & St Bartholomew,Waldron,East Sussex,1,13864,high,accept,"high confidence, verified sample and dedication tokens"
St Mary,Frittenden,Kent,1,16185,high,accept,"high confidence, verified sample and dedication tokens"
St Mary de Haura,Shoreham by Sea,West Sussex,1,13667,high,accept,"high confidence, verified sample and dedication tokens"
Cathedral Church of St Peter,Adelaide,South Australia,1,16198,high,accept,"high confidence, verified sample and dedication tokens"
,South Leigh,,1,11878,high,accept,"high confidence, verified sample and dedication tokens"
Chateau de Saint Martial,Senouillac,France,1,,none,reject,resolver found no tower
,Ditcheat,,1,14440,high,accept,"high confidence, verified sample and dedication tokens"
St Catherine,Drayton,Somerset,1,10321,high,accept,"high confidence, verified sample and dedication tokens"
St James the Apostle,Birstwith,North Yorkshire,1,14536,high,accept,"high confidence, verified sample and dedication tokens"
St John the Baptist,Royston,Hertfordshire,1,11703,high,accept,"high confidence, verified sample and dedication tokens"
All Saints,Harrow Weald,MIddlesex,1,14329,high,accept,"high confidence, verified sample and dedication tokens"
,Cholsey,,1,10717,high,accept,"high confidence, verified sample and dedication tokens"
Lé Petit Beffroi,Soucé,France,1,,none,reject,resolver found no tower
,Higher Walton,,1,11808,medium,reject,adjudicated: multi-tower town with no building evidence
Christ Church,Ealing,Middlesex,1,13776,medium,accept,"medium, building shares dedication evidence"
St Martin-le-Grand,York,,1,15985,high,accept,"high confidence, verified sample and dedication tokens"
St Matthew,Oxhey,Hertfordshire,1,13572,high,accept,"high confidence, verified sample and dedication tokens"
2 Adelaide Road,High Wycombe,Buckinghamshire,1,,none,reject,resolver found no tower
All Saints,Bloxwich,Staffordshire,1,15802,high,accept,"high confidence, verified sample and dedication tokens"
Town Hall,Adelaide,South Australia,1,16422,high,accept,"high confidence, verified sample and dedication tokens"
St Mary the Virgin,Andover,Hampshire,1,15738,high,accept,"high confidence, verified sample and dedication tokens"
,Aspenden,,1,10505,high,accept,"high confidence, verified sample and dedication tokens"
S John Bapt,New Arlesford,Hampshire,1,,none,reject,resolver found no tower
,Carisbrooke,,1,12444,medium,reject,adjudicated: multi-tower town with no building evidence
,Rocester,,1,15229,high,accept,"high confidence, verified sample and dedication tokens"
,Melksham,,1,10928,medium,reject,adjudicated: multi-tower town with no building evidence
Decollation of St John the Baptist,Coln St Aldwyns,Gloucestershire,1,13281,high,accept,"high confidence, verified sample and dedication tokens"
St Laurence,Chorley,,1,12122,high,accept,"high confidence, verified sample and dedication tokens"
,Arksey,,1,15794,high,accept,"high confidence, verified sample and dedication tokens"
All Saints,Okehampton,Devon,1,15635,high,accept,"high confidence, verified sample and dedication tokens"
"Cheltenham, Naperville (IL), Vancouver (WA), Vernet-les-Bains",Ringing Room,UK & USA & France,1,,none,reject,resolver found no tower
"North Leigh, Naperville (IL), Foxborough (MA), Vancouver (WA)",Ringing Room,UK & USA,1,,none,reject,resolver found no tower
Blessed Virgin Mary & S Edward K&M,Barrow Gurney,Somerset,1,13023,high,accept,"high confidence, verified sample and dedication tokens"
Castle Keep South,Lundy Island,Bristol Channel,1,,none,reject,resolver found no tower
St John the Evangelist,Stanmore,Greater London,1,10079,high,accept,"high confidence, verified sample and dedication tokens"
Collegiate Church of St Mary de Castro,Leicester,,1,13828,high,accept,"high confidence, verified sample and dedication tokens"
St Mark,Philadelphia,"Pennsylvania, United States of America",1,16003,high,accept,"high confidence, verified sample and dedication tokens"
Church of Christ and St John,"Poplar, Isle of Dogs",Middlesex,1,,none,reject,resolver found no tower
,Hendersonville,,1,12823,high,accept,"high confidence, verified sample and dedication tokens"
Cathedral Church of Holy Trinity,Little Rock,Arkansas,1,11263,high,accept,"high confidence, verified sample and dedication tokens"
Christ Chuirch,"Sheffield, Dore",South Yorkshire,1,15539,high,accept,"high confidence, verified sample and dedication tokens"
,New Romney,,1,15817,high,accept,"high confidence, verified sample and dedication tokens"
St Peter and St Paul,Dagenham,Greater London,1,12409,high,accept,"high confidence, verified sample and dedication tokens"
St Mary,Brecon,Powys,1,12492,high,accept,"high confidence, verified sample and dedication tokens"
St Mary the Virgin,Petworth,West Sussex,1,14727,high,accept,"high confidence, verified sample and dedication tokens"
All Saints,Lydd,Kent,1,15000,high,accept,"high confidence, verified sample and dedication tokens"
Cathedral Church of the Holy and Undivided Trinity,Bristol,,1,10300,high,accept,"high confidence, verified sample and dedication tokens"
St Remigius,Long Clawson,Leicestershire,1,12481,high,accept,"high confidence, verified sample and dedication tokens"
"""Beckington""",Hereford,,1,,none,reject,resolver found no tower
St Thomas,Houston,"Texas, United States of America",1,12900,high,accept,"high confidence, verified sample and dedication tokens"
St Mary the Virgin,Great Dunmow,Essex,1,16355,high,accept,"high confidence, verified sample and dedication tokens"
,Dalham,,1,16339,high,accept,"high confidence, verified sample and dedication tokens"
St Mary,Oatlands Park,Surrey,1,14186,high,accept,"high confidence, verified sample and dedication tokens"
,Ruddington,,1,13405,high,accept,"high confidence, verified sample and dedication tokens"
Holy Cross,Cowbridge,Vale of Glamorgan,1,17087,high,accept,"high confidence, verified sample and dedication tokens"
St Mark,Exeter,,1,16135,high,accept,"high confidence, verified sample and dedication tokens"
St Peter,Henfield,West Sussex,1,11797,high,accept,"high confidence, verified sample and dedication tokens"
St John Ev,Farnworth-with-Kearsley,Lancashire,1,16563,high,accept,"high confidence, verified sample and dedication tokens"
St Peter and St Paul,Wincanton,Somerset,1,12189,high,accept,"high confidence, verified sample and dedication tokens"
,Dursley,,1,11104,high,accept,"high confidence, verified sample and dedication tokens"
,Kersey,,1,13910,high,accept,"high confidence, verified sample and dedication tokens"
"Hitchin, Norwich, Wetton & Great Hockham",Ringing Room,UK,1,,none,reject,resolver found no tower
Brambles,Brimpton,Berks,1,11416,medium,reject,adjudicated: building appears to be a house name
Klingenweg 5,Modautal-Brandau,Germany,1,,none,reject,resolver found no tower
34 Bereweeke Road,Winchester,Hampshire,1,,none,reject,resolver found no tower
,Bamburgh,,1,12148,high,accept,"high confidence, verified sample and dedication tokens"
St Mary Magdalene,Holloway,Greater London,1,15569,high,accept,"high confidence, verified sample and dedication tokens"
,Staindrop,,1,11192,high,accept,"high confidence, verified sample and dedication tokens"
St Cadoc,Caerleon,Newport,1,13521,high,accept,"high confidence, verified sample and dedication tokens"
Blessed Virgin Mary,Thorncombe,Dorset,1,14401,high,accept,"high confidence, verified sample and dedication tokens"
St Mary the Virgin,Marshfield,Newport,1,11255,high,accept,"high confidence, verified sample and dedication tokens"
St Michael,Charleston,,1,14807,high,accept,"high confidence, verified sample and dedication tokens"
,Beetley,,1,14067,high,accept,"high confidence, verified sample and dedication tokens"
St Margaret-of-Antioch,Uxbridge,,1,14402,high,accept,"high confidence, verified sample and dedication tokens"
St Peter,Brighton,Sussex,1,10532,high,accept,"high confidence, verified sample and dedication tokens"
"St Edward's church, belfry",Romford,Essex,1,,none,reject,resolver found no tower
5 Kings Head Street,Harwich,Essex,1,,none,reject,resolver found no tower
"Great Hockham, Norwich, Oldham & Wetton",Ringing Room,UK,1,,none,reject,resolver found no tower
,Skelton in Cleveland,,1,17118,medium,reject,adjudicated: multi-tower town with no building evidence
,Ewhurst,,1,15341,high,accept,"high confidence, verified sample and dedication tokens"
St Mary,Putney,Surrey,1,,none,reject,resolver found no tower
,Brenchley,,1,10940,high,accept,"high confidence, verified sample and dedication tokens"
,North Mymms,,1,12392,high,accept,"high confidence, verified sample and dedication tokens"
Cathedral Church of St David and St Andrew,St Davids,Pembrokeshire,1,14312,high,accept,"high confidence, verified sample and dedication tokens"
St George the Martyr,Southwark,Greater London,1,12588,medium,accept,"medium, building shares dedication evidence"
Die Glöckli,Modautal-Brandau,Germany,1,,none,reject,resolver found no tower
St Mary,Cardington,Bedfordshire,1,15847,high,accept,"high confidence, verified sample and dedication tokens"
"Quex Park, Waterloo Tower",Birchington,Kent,1,14108,high,accept,"high confidence, verified sample and dedication tokens"
St Mary the Virgin,Deane,Lancashire,1,11462,high,accept,"high confidence, verified sample and dedication tokens"
St Saviour,Arklow,Wicklow,1,13336,high,accept,"high confidence, verified sample and dedication tokens"
,Bishopstone,,1,14680,medium,reject,adjudicated: multi-tower town with no building evidence
,Seasalter,,1,16712,medium,reject,adjudicated: multi-tower town with no building evidence
,Tenterden,,1,15377,medium,reject,adjudicated: multi-tower town with no building evidence
,Selly Oak,,1,10553,high,accept,"high confidence, verified sample and dedication tokens"
,Bletchingley,,1,14118,high,accept,"high confidence, verified sample and dedication tokens"
St Mary,Eling,Hampshire,1,12025,high,accept,"high confidence, verified sample and dedication tokens"
,Downton,,1,15953,high,accept,"high confidence, verified sample and dedication tokens"
Holy Trinity,Amblecote,West Midlands,1,14839,high,accept,"high confidence, verified sample and dedication tokens"
Metropolitan Cathedral Church of St Chad (RC),Birmingham,West Midlands,1,13032,high,accept,"high confidence, verified sample and dedication tokens"
St George,Gravesend,Kent,1,15494,high,accept,"high confidence, verified sample and dedication tokens"
,Limehouse,,1,14318,high,accept,"high confidence, verified sample and dedication tokens"
,Clent,,1,11092,high,accept,"high confidence, verified sample and dedication tokens"
St Mary the Virgin,Buckland,Berkshire,1,,none,reject,resolver found no tower
St Mary the Virgin,St Briavels,Gloucestershire,1,10426,high,accept,"high confidence, verified sample and dedication tokens"
St Leonard,Walton le Dale,Lancashire,1,12668,high,accept,"high confidence, verified sample and dedication tokens"
,Billesdon,,1,11926,high,accept,"high confidence, verified sample and dedication tokens"
,Kingsclere,,1,10522,high,accept,"high confidence, verified sample and dedication tokens"
St Mary,Ross-on-Wye,Herefordshire,1,13705,high,accept,"high confidence, verified sample and dedication tokens"
St Mary the Virgin,Hatfield Broad Oak,Essex,1,15063,high,accept,"high confidence, verified sample and dedication tokens"
Parish Centre,Pershore,Worcestershire,1,,none,reject,resolver found no tower
All Saints,Church Lawton,Cheshire,1,12825,high,accept,"high confidence, verified sample and dedication tokens"
,Stewkley,,1,14732,high,accept,"high confidence, verified sample and dedication tokens"
,Sleaford,,1,10240,high,accept,"high confidence, verified sample and dedication tokens"
,Ilminster,,1,11813,high,accept,"high confidence, verified sample and dedication tokens"
Dun a Bhuilg,Kilmory Knap,Argyll,1,,none,reject,resolver found no tower
"Reach, Norwich, Wetton & Great Hockham",Ringing Room,UK,1,,none,reject,resolver found no tower
St Mary,Old Swinford,West Midlands,1,15874,high,accept,"high confidence, verified sample and dedication tokens"
St Mary,Old Swinford,Worcestershire,1,15874,high,accept,"high confidence, verified sample and dedication tokens"
St Cadoc,Caerleon,Monmouthshire,1,13521,high,accept,"high confidence, verified sample and dedication tokens"
St Dunstan,Cranbrook,Kent,1,13879,high,accept,"high confidence, verified sample and dedication tokens"
,Kidlington,,1,10826,medium,reject,adjudicated: multi-tower town with no building evidence
St Mary,Adderbury,Oxfordshire,1,17072,high,accept,"high confidence, verified sample and dedication tokens"
,Birling,,1,13955,high,accept,"high confidence, verified sample and dedication tokens"
,"Ringing Room (Vernet-les-Bains, Reach, Norwich, Wetton)",,1,,none,reject,resolver found no tower
St Mary the Virgin,Elland,West Yorkshire,1,14590,high,accept,"high confidence, verified sample and dedication tokens"
St Oswald,Guiseley,West Yorkshire,1,13608,high,accept,"high confidence, verified sample and dedication tokens"
St Nicholas,Chislehurst,Greater London,1,14258,high,accept,"high confidence, verified sample and dedication tokens"
8 Holbreck Place,Woking,Surrey,1,,none,reject,resolver found no tower
"Great Hockham, Oldham, Vancouver (WA) & South Walsham",Ringing Room,UK & USA,1,,none,reject,resolver found no tower
St Laurence,Heanor,Derbyshire,1,15653,high,accept,"high confidence, verified sample and dedication tokens"
,Callington,,1,16627,high,accept,"high confidence, verified sample and dedication tokens"
St Mary,Swineshead,Lincolnshire,1,14385,high,accept,"high confidence, verified sample and dedication tokens"
"St Mathias, Burley",Leeds,West Yorkshire,1,14977,high,accept,"high confidence, verified sample and dedication tokens"
St Mary the Blessed Virgin,Sutterton,Lincolnshire,1,14739,high,accept,"high confidence, verified sample and dedication tokens"
St Andrew's Cathedral,Sydney,New South Wales,1,16969,high,accept,"high confidence, verified sample and dedication tokens"
St Michael and All Angels,Urchfont,Wiltshire,1,12207,high,accept,"high confidence, verified sample and dedication tokens"
St Peter and St Paul,Aldeburgh,Suffolk,1,17039,high,accept,"high confidence, verified sample and dedication tokens"
St Michael,Garston,Merseyside,1,14155,high,accept,"high confidence, verified sample and dedication tokens"
,Stevenage,,1,11994,medium,reject,adjudicated: multi-tower town with no building evidence
,Sharow,,1,15960,high,accept,"high confidence, verified sample and dedication tokens"
,Hersham,,1,16481,high,accept,"high confidence, verified sample and dedication tokens"
St Mary,Lewisham,Kent,1,,none,reject,resolver found no tower
,Ringing Room,Herts and Essex,1,,none,reject,resolver found no tower
,Packwood,,1,12988,high,accept,"high confidence, verified sample and dedication tokens"
,Chipping Norton,,1,12606,high,accept,"high confidence, verified sample and dedication tokens"
St Peter and St Paul,Weedon Bec,Northamptonshire,1,10134,high,accept,"high confidence, verified sample and dedication tokens"
,Geelong,,1,16837,high,accept,"high confidence, verified sample and dedication tokens"
,Eynsford,,1,16796,high,accept,"high confidence, verified sample and dedication tokens"
,Clanfield,,1,10023,medium,reject,adjudicated: multi-tower town with no building evidence
St Mary atte,Bow,Greater London,1,13996,high,accept,"high confidence, verified sample and dedication tokens"
,Hemingford Grey,,1,12009,high,accept,"high confidence, verified sample and dedication tokens"
"Vernet-les-Bains, Norwich, Great Hockham & Wetton",Ringing Room,UK & France,1,,none,reject,resolver found no tower
Cathedral Church of SS Luke & Paul,Charleston,South Carolina,1,15062,medium,accept,"medium, building shares dedication evidence"
Chez Jon,Bishops Frome,Herefords,1,16886,medium,reject,adjudicated: building appears to be a house name
St Martin le Grand (Coney Street),York,North Yorkshire,1,15985,high,accept,"high confidence, verified sample and dedication tokens"
SS Philip and James,Holywood,County Down,1,13444,high,accept,"high confidence, verified sample and dedication tokens"
,Collingham,,1,14920,medium,reject,adjudicated: multi-tower town with no building evidence
"Thorrington, Bury St Edmunds, Great Hockham & Wickford",Ringing Room,UK,1,,none,reject,resolver found no tower
Emmanuel,Southport,,1,12232,high,accept,"high confidence, verified sample and dedication tokens"
,Bingley,,1,16353,medium,reject,adjudicated: multi-tower town with no building evidence
St George,Hyde,Greater Manchester,1,12128,high,accept,"high confidence, verified sample and dedication tokens"
,Burgh-le-Marsh,,1,16014,high,accept,"high confidence, verified sample and dedication tokens"
,Hucknall Torkard,,1,11776,high,accept,"high confidence, verified sample and dedication tokens"
All Saints,Kings Langley,Hertfordshire,1,16532,high,accept,"high confidence, verified sample and dedication tokens"
,Farnham,Surrey,1,11301,medium,reject,adjudicated: multi-tower town with no building evidence
Cathedral Church of SS Luke and Paul,Charleston,"South Carolina, United States of America",1,15062,medium,accept,"medium, building shares dedication evidence"
,Howden,,1,12555,high,accept,"high confidence, verified sample and dedication tokens"
,Giggleswick,,1,10788,high,accept,"high confidence, verified sample and dedication tokens"
"Christ Church, Epsom Common",Epsom,Surrey,1,11051,high,accept,"high confidence, verified sample and dedication tokens"
,Ambleside,,1,12386,high,accept,"high confidence, verified sample and dedication tokens"
St Andrew,Chippenham,Wiltshire,1,10837,high,accept,"high confidence, verified sample and dedication tokens"
"Holy Trinity, West Hill",Wandsworth,Greater London,1,16214,high,accept,"high confidence, verified sample and dedication tokens"
"St Botolph Without, Aldgate",Aldgate,Middlesex,1,12429,high,accept,"high confidence, verified sample and dedication tokens"
,Idle,,1,10686,high,accept,"high confidence, verified sample and dedication tokens"
,Mitcheldean,,1,11359,high,accept,"high confidence, verified sample and dedication tokens"
St Matthew in the City,Auckland,New Zealand,1,16624,high,accept,"high confidence, verified sample and dedication tokens"
St Cuthbert,Darlington,,1,15226,high,accept,"high confidence, verified sample and dedication tokens"
St Marks,Swindon,Wiltshire,1,14500,high,accept,"high confidence, verified sample and dedication tokens"
St Michael and All Angels,Middlewich,Cheshire,1,15159,high,accept,"high confidence, verified sample and dedication tokens"
St Martin,Cheriton,Kent,1,15395,high,accept,"high confidence, verified sample and dedication tokens"
,Ilford,,1,10308,high,accept,"high confidence, verified sample and dedication tokens"
,Hedon,,1,15753,high,accept,"high confidence, verified sample and dedication tokens"
"St , Mary the Virgin",Hanbury,Worcestershire,1,15060,high,accept,"high confidence, verified sample and dedication tokens"
St Mary,Harrow on the Hill,Middlesex,1,15206,high,accept,"high confidence, verified sample and dedication tokens"
Art Centre,Salisbury,,1,,none,reject,resolver found no tower
Cathedral of SSPeter and Paul,Sheffield,South Yorkshire,1,,none,reject,resolver found no tower
Cathedral Church of St Machar,Aberdeen,Grampian,1,,none,reject,resolver found no tower
St George,Doncaster,South Yorkshire,1,12184,high,accept,"high confidence, verified sample and dedication tokens"
,Northowram,,1,16999,high,accept,"high confidence, verified sample and dedication tokens"
SS Philip & James,Holywood,County Down,1,13444,high,accept,"high confidence, verified sample and dedication tokens"
Holy Trinity,Wandsworth,Greater London,1,16214,high,accept,"high confidence, verified sample and dedication tokens"
St John,Farnworth,Lancashire,1,16563,high,accept,"high confidence, verified sample and dedication tokens"
Holy Trinity,Skipton-in-Craven,North Yorkshire,1,13655,high,accept,"high confidence, verified sample and dedication tokens"
St James the Great,Audley,Staffordshire,1,15909,high,accept,"high confidence, verified sample and dedication tokens"
St Thomas,Kidsgrove,Staffordshire,1,11162,high,accept,"high confidence, verified sample and dedication tokens"
Church of the Good Shepherd,Augusta,"Georgia, United States of America",1,16381,high,accept,"high confidence, verified sample and dedication tokens"
,Dodderhill,,1,16012,high,accept,"high confidence, verified sample and dedication tokens"
"Hart Street, St Olave",London,Greater London,1,12986,high,accept,"high confidence, verified sample and dedication tokens"
St John of Jerusalem,South Hackney,Middlesex,1,16835,high,accept,"high confidence, verified sample and dedication tokens"
St Michael and All Angels,Lyndhurst,Hampshire,1,16704,high,accept,"high confidence, verified sample and dedication tokens"
St Andrew,Aylestone,Leicestershire,1,11503,high,accept,"high confidence, verified sample and dedication tokens"
,Headcorn,,1,13670,high,accept,"high confidence, verified sample and dedication tokens"
St Andrew,Norwich,Norfolk,1,10164,high,accept,"high confidence, verified sample and dedication tokens"
The Residence of Mr C Mee,Sproughton,Suffolk,1,12907,medium,reject,adjudicated: named private ring or non-church venue
"Eaton Socon, Glasgow, Norwich & Great Hockham",Ringing Room,,1,,none,reject,resolver found no tower
,Backwell,,1,11245,high,accept,"high confidence, verified sample and dedication tokens"
,Sherborne,Dorset,1,12382,high,accept,"high confidence, verified sample and dedication tokens"
St Paul's Tower,Malmesbury,Wiltshire,1,14788,high,accept,"high confidence, verified sample and dedication tokens"
,Combe Martin,,1,12316,high,accept,"high confidence, verified sample and dedication tokens"
St Oswald K&M,Guiseley,West Yorkshire,1,13608,high,accept,"high confidence, verified sample and dedication tokens"
St Martin in the Fields,Philadelphia,"Pennsylvania, United States of America",1,13478,high,accept,"high confidence, verified sample and dedication tokens"
St Nicholas,Hereford,Herefordshire,1,11693,high,accept,"high confidence, verified sample and dedication tokens"
,Wanstead,,1,12782,medium,reject,adjudicated: multi-tower town with no building evidence
"St John, St John at Hackney",Hackney,Greater London,1,16961,high,accept,"high confidence, verified sample and dedication tokens"
"St Olave, Hart Street",London,,1,12986,high,accept,"high confidence, verified sample and dedication tokens"
St Peter and St Paul,Fressingfield,Suffolk,1,16460,high,accept,"high confidence, verified sample and dedication tokens"
Ss. Mary & Michael,Trumpington,Cambridgeshire,1,10245,high,accept,"high confidence, verified sample and dedication tokens"
,Sullivans Island,,1,,none,reject,resolver found no tower
,Dagenham,,1,12409,high,accept,"high confidence, verified sample and dedication tokens"
St Michael and AA,Pinhoe,Devon,1,13926,high,accept,"high confidence, verified sample and dedication tokens"
St Paul (Methodist),Houston,Texas,1,11879,high,accept,"high confidence, verified sample and dedication tokens"
,Ringing Room,"(Reach, Oldham, Norwich, Wetton)",1,,none,reject,resolver found no tower
Cathedral Church of Holy Trinity,Little Rock,"Arkansas, United States of America",1,11263,high,accept,"high confidence, verified sample and dedication tokens"
St Mary,Bexley,Kent,1,,none,reject,resolver found no tower
,Wethersfield,,1,16257,high,accept,"high confidence, verified sample and dedication tokens"
St Margaret,Barking,Essex,1,,none,reject,resolver found no tower
Cathedral Church of St George,Perth,Western Australia,1,12085,high,accept,"high confidence, verified sample and dedication tokens"
St Michael and All Angels,Houghton le Spring,Durham,1,15992,high,accept,"high confidence, verified sample and dedication tokens"
St Augustine,Hedon,East Riding of Yorkshire,1,15753,high,accept,"high confidence, verified sample and dedication tokens"
Cape Town,Woodstock,,1,,none,reject,resolver found no tower
,North Wingfield,,1,11171,high,accept,"high confidence, verified sample and dedication tokens"
"Great Hockham, Oldham, Reach & Norwich",Ringing Room,Uk,1,,none,reject,resolver found no tower
,Allendale,,1,15435,high,accept,"high confidence, verified sample and dedication tokens"
All Hallows,Tottenham,Middlesex,1,11991,high,accept,"high confidence, verified sample and dedication tokens"
All Saints,Hessle,East Riding of Yorkshire,1,11671,high,accept,"high confidence, verified sample and dedication tokens"
,Guiseley,Yorks,1,13608,high,accept,"high confidence, verified sample and dedication tokens"
St Mary the Virgin,Wotton under Edge,Gloucestershire,1,11667,high,accept,"high confidence, verified sample and dedication tokens"
St Mary,Ilford,Greater London,1,10308,high,accept,"high confidence, verified sample and dedication tokens"
"St John the Baptist, St Lawrence, and St Anne",Knowle,West Midlands,1,14833,high,accept,"high confidence, verified sample and dedication tokens"
St Martin le Grand,York,,1,15985,high,accept,"high confidence, verified sample and dedication tokens"
Cathedral Church of SS Peter & Paul,Sheffield,South Yorkshire,1,13787,medium,accept,"medium, building shares dedication evidence"
,Waldron,,1,13864,high,accept,"high confidence, verified sample and dedication tokens"
St Mary and St Michael,Egremont,Cumbria,1,14878,high,accept,"high confidence, verified sample and dedication tokens"
Holy Trinity,Hobart,,1,16075,high,accept,"high confidence, verified sample and dedication tokens"
Bell Meadow,Warnham,Sussex,1,,none,reject,resolver found no tower
St Mary,Whitchurch,South Glamorgan,1,13704,high,accept,"high confidence, verified sample and dedication tokens"
St James,South Anston,South Yorkshire,1,13045,high,accept,"high confidence, verified sample and dedication tokens"
Holy Trinity,"Bradford, Idle",West Yorkshire,1,10686,high,accept,"high confidence, verified sample and dedication tokens"
St Mary,Whitchurch,Cardiff,1,13704,high,accept,"high confidence, verified sample and dedication tokens"
Minster Church of St John the Baptist,Halifax,West Yorkshire,1,11592,high,accept,"high confidence, verified sample and dedication tokens"
"St Peter, Walsden",Todmorden,West Yorkshire,1,12829,high,accept,"high confidence, verified sample and dedication tokens"
St George,New Mills,Derbyshire,1,12362,high,accept,"high confidence, verified sample and dedication tokens"
9G Highbury Crescent,Highbury,Middlesex,1,,none,reject,resolver found no tower
St Leonard,Butleigh,Somerset,1,16689,high,accept,"high confidence, verified sample and dedication tokens"
St Bartholomew,Whitworth,Lancashire,1,15835,high,accept,"high confidence, verified sample and dedication tokens"
St Peter,"Leeds, Bramley",West Yorkshire,1,11857,high,accept,"high confidence, verified sample and dedication tokens"
Town Hall,Berwick-upon-Tweed,Northumberland,1,16444,high,accept,"high confidence, verified sample and dedication tokens"
"Islington, 9G Highbury Crescent",London,,1,,none,reject,resolver found no tower
St Kentigern,Aspatria,Cumbria,1,12093,high,accept,"high confidence, verified sample and dedication tokens"
Dewbys Bells,Hooe,Sussex,1,12517,medium,reject,adjudicated: building appears to be a house name
St Mary,Battersea,Greater London,1,13027,high,accept,"high confidence, verified sample and dedication tokens"
SS Philip and James,Ratby,Leicestershire,1,15154,medium,accept,"medium, building shares dedication evidence"
St Clement,Hastings,East Sussex,1,12891,high,accept,"high confidence, verified sample and dedication tokens"
SS Michael and All Angels,Newburn on Tyne,Tyne & Wear,1,,none,reject,resolver found no tower
St Paul's Cathedral (RC),Birmingham,Alabama,1,16786,high,accept,"high confidence, verified sample and dedication tokens"
All Saints,Arksey,South Yorkshire,1,15794,high,accept,"high confidence, verified sample and dedication tokens"
St Luke,Thurnby,Leicestershire,1,13393,high,accept,"high confidence, verified sample and dedication tokens"
St James Episcopal Church,Marietta,"Georgia, USA",1,14694,high,accept,"high confidence, verified sample and dedication tokens"
St Gregory,Seaton,Devon,1,16846,high,accept,"high confidence, verified sample and dedication tokens"
St Mary,Finchley,Middlesex,1,13494,high,accept,"high confidence, verified sample and dedication tokens"
"Holy Trinity, Drumbo",Ballylesson,Co. Down,1,11938,high,accept,"high confidence, verified sample and dedication tokens"
Emmanuel,"Compton Gifford, Plymouth",Devon,1,10242,high,accept,"high confidence, verified sample and dedication tokens"
St Oswald K and M,Durham,County Durham,1,12379,high,accept,"high confidence, verified sample and dedication tokens"
Cathedral Church of the Holy Trinity,Little Rock,"Arkansas, USA",1,11263,high,accept,"high confidence, verified sample and dedication tokens"
"St Agatha, Landport",Portsmouth,Hampshire,1,17042,high,accept,"high confidence, verified sample and dedication tokens"
St John Bapt,"Liverpool, Tuebrook",Merseyside,1,14177,high,accept,"high confidence, verified sample and dedication tokens"
St Michael,Milverton,Somerset,1,15344,high,accept,"high confidence, verified sample and dedication tokens"
St George in the East,Stepney,London,1,17069,high,accept,"high confidence, verified sample and dedication tokens"
St Teilo,Llantilio Crossenny,Monmouthshire,1,13934,high,accept,"high confidence, verified sample and dedication tokens"
St Mary,Alverstoke,Hampshire,1,10747,high,accept,"high confidence, verified sample and dedication tokens"
SS Peter and Paul,Cromer,Norfolk,1,10713,high,accept,"high confidence, verified sample and dedication tokens"
SS Mary and Giles,Stony Stratford,Buckinghamshire,1,15594,high,accept,"high confidence, verified sample and dedication tokens"
St Andrew,Penrith,Cumbria,1,16502,high,accept,"high confidence, verified sample and dedication tokens"
All Saints,Heathfield,sussex,1,10785,high,accept,"high confidence, verified sample and dedication tokens"
St Mary,Ashby Folville,Leicestershire,1,10350,high,accept,"high confidence, verified sample and dedication tokens"
SS Philip and James,Holywood,Down,1,13444,high,accept,"high confidence, verified sample and dedication tokens"
St Giles,Oxford,,1,10578,high,accept,"high confidence, verified sample and dedication tokens"
St Margaret the Queen,Buxted,Sussex,1,15622,medium,accept,"medium, building shares dedication evidence"
St Peter,"Berkhamsted, Great",Hertfordshire,1,12786,high,accept,"high confidence, verified sample and dedication tokens"
St Hilda,Bilsborrow,Lancashire,1,10924,high,accept,"high confidence, verified sample and dedication tokens"
St Paul,Geelong,Victoria,1,16837,high,accept,"high confidence, verified sample and dedication tokens"
St Bartholomew,Orford,Suffolk,1,13331,high,accept,"high confidence, verified sample and dedication tokens"
St Michael,Highworth,Wiltshire,1,10272,high,accept,"high confidence, verified sample and dedication tokens"
St Mark,Cheltenham,Gloucestershire,1,15682,high,accept,"high confidence, verified sample and dedication tokens"
St Stephen,Worcester,Barbourne,1,,none,reject,resolver found no tower
"St Thomas, Pendleton",Salford,Greater Manchester,1,16797,high,accept,"high confidence, verified sample and dedication tokens"
,Weybridge,Surrey,1,11314,high,accept,"high confidence, verified sample and dedication tokens"
St Mary Magdalene,Ickleton,Cambridgeshire,1,15773,high,accept,"high confidence, verified sample and dedication tokens"
SS Peter and Paul,Shiplake,Oxfordshire,1,16036,high,accept,"high confidence, verified sample and dedication tokens"
St Chad,"Far Headingley, Leeds",West Yorkshire,1,16351,high,accept,"high confidence, verified sample and dedication tokens"
St Peter,Cradley,West Midlands,1,15263,high,accept,"high confidence, verified sample and dedication tokens"
SS Peter and Paul,Bromley,Greater London,1,14144,medium,accept,"medium, building shares dedication evidence"
St Mary Magdalene,Campsall,South Yorkshire,1,17041,high,accept,"high confidence, verified sample and dedication tokens"
St Bartholomew,Burwash,Sussex,1,15663,high,accept,"high confidence, verified sample and dedication tokens"
,Ringing Room (Great Bookham),,1,,none,reject,resolver found no tower
Holy Trinity,Coleman's Hatch,East Sussex,1,15808,high,accept,"high confidence, verified sample and dedication tokens"
First Church of Otago,Dunedin,New Zealand,1,10869,high,accept,"high confidence, verified sample and dedication tokens"
St Giles-in-the-Fields,Holborn,Greater London,1,12506,high,accept,"high confidence, verified sample and dedication tokens"
,"Stone House Hotel, Stone",Staffordshire,1,16577,high,accept,"high confidence, verified sample and dedication tokens"
St Leonard,Ryton on Dunsmore,Warwickshire,1,10794,high,accept,"high confidence, verified sample and dedication tokens"
St Martin,Ruislip,Greater London,1,16993,high,accept,"high confidence, verified sample and dedication tokens"
Cathedral,Newcastle upon Tyne,,1,10887,high,accept,"high confidence, verified sample and dedication tokens"
St John the Baptist,Weston-Super-Mare,Somerset,1,12821,high,accept,"high confidence, verified sample and dedication tokens"
St John the Baptist,Ruardean,Gloucestershire,1,11792,high,accept,"high confidence, verified sample and dedication tokens"
"Great Hockham, Wetton, Glasgow & Moseley",Ringing Room,UK,1,,none,reject,resolver found no tower
"Reach, Oldham, Norwich & Great Hockham",Ringing Room,UK,1,,none,reject,resolver found no tower
St Peter,Wrockwardine,Shrops.,1,16250,high,accept,"high confidence, verified sample and dedication tokens"
"Vernet-les-Bains, Reach, Wetton & Great Hockham",Ringing Room,UK & France,1,,none,reject,resolver found no tower
"Vernet-les-Bains, Reach, Oldham & Great Hockham",Ringing Room,UK & France,1,,none,reject,resolver found no tower
4 Bannutree Cottages (Garden),Bridstow,Herefordshire,1,,none,reject,resolver found no tower
St Mary,Barton upon Humber,Lincolnshire,1,16222,high,accept,"high confidence, verified sample and dedication tokens"
St Peter,Harrogate,North Yorkshire,1,11630,high,accept,"high confidence, verified sample and dedication tokens"
Highbury St (Dumbbell),Peterborough,Ciry of Peterborough,1,,none,reject,resolver found no tower
St Peter and St Paul,Wem,Shropshire,1,11491,high,accept,"high confidence, verified sample and dedication tokens"
St Peter and St Paul,Aylesford,Kent,1,16726,high,accept,"high confidence, verified sample and dedication tokens"
"St Mary, Portsea",Portsmouth,Hampshire,1,25505,high,accept,"high confidence, verified sample and dedication tokens"
Cathedral Church of the Blessed Virgin Mary and St Chad,Lichfield,Staffordshire,1,15562,high,accept,"high confidence, verified sample and dedication tokens"
Blessed Virgin Mary,Chard,Somerset,1,16751,high,accept,"high confidence, verified sample and dedication tokens"
Holy Trinity,Street,Somerset,1,12635,high,accept,"high confidence, verified sample and dedication tokens"
St Mary,Walton on the Hill,Merseyside,1,12572,high,accept,"high confidence, verified sample and dedication tokens"
St Peter and St Paul,Northleach,Gloucestershire,1,14152,high,accept,"high confidence, verified sample and dedication tokens"
St Andrew,Kemberton,Shropshire,1,15757,high,accept,"high confidence, verified sample and dedication tokens"
St Peter,Welford on Avon,Warwickshire,1,14403,high,accept,"high confidence, verified sample and dedication tokens"
St Nicholas,Thorne,South Yorkshire,1,10104,high,accept,"high confidence, verified sample and dedication tokens"
St Stephen,Worcester,Worcestershire,1,12050,high,accept,"high confidence, verified sample and dedication tokens"
St Andrew,Cheddar,Somerset,1,10434,high,accept,"high confidence, verified sample and dedication tokens"
All Saints,Martock,Somerset,1,16707,high,accept,"high confidence, verified sample and dedication tokens"
St Mary the Virgin,Braughing,Hertfordshire,1,16813,high,accept,"high confidence, verified sample and dedication tokens"
St Andrew and St Mary,Watton at Stone,Hertfordshire,1,15696,high,accept,"high confidence, verified sample and dedication tokens"
St Mary,North Mymms,Hertfordshire,1,12392,high,accept,"high confidence, verified sample and dedication tokens"
St Andrew,Histon,Cambridgeshire,1,15629,high,accept,"high confidence, verified sample and dedication tokens"
St Peter,Drogheda,Louth,1,15123,high,accept,"high confidence, verified sample and dedication tokens"
St Mary,Hadleigh,Suffolk,1,12712,high,accept,"high confidence, verified sample and dedication tokens"
Cathedral Church of St Patrick,Parramatta,New South Wales,1,17590,high,accept,"high confidence, verified sample and dedication tokens"
St Peter,Ruddington,Nottinghamshire,1,13405,high,accept,"high confidence, verified sample and dedication tokens"
St John the Baptist,Shenstone,Staffordshire,1,15251,high,accept,"high confidence, verified sample and dedication tokens"
St Peter and St Paul,North Curry,Somerset,1,10365,high,accept,"high confidence, verified sample and dedication tokens"
St Giles-in-the-Fields,Holborn,Middlesex,1,12506,high,accept,"high confidence, verified sample and dedication tokens"
All Saints,Longhope,Gloucestershire,1,14122,high,accept,"high confidence, verified sample and dedication tokens"
All Saints,Ripley,Derbyshire,1,13534,high,accept,"high confidence, verified sample and dedication tokens"
Cathedral Church of St Luke and St Paul,Charleston,South Carolina,1,15062,high,accept,"high confidence, verified sample and dedication tokens"
Ingoldisthorpe Hall,Ingoldisthorpe,Norfolk,1,21175,medium,reject,adjudicated: named private ring or non-church venue
"Reedham, St Paul (MN), Coon Rapids (MN), Vancouver (WA)",Ringing Room,USA & UK,1,,none,reject,resolver found no tower
St James,Cradley,Herefordshire,1,10667,high,accept,"high confidence, verified sample and dedication tokens"
St John the Baptist,Eltham,Greater London,1,10497,high,accept,"high confidence, verified sample and dedication tokens"
St Maurice,Plympton St Maurice,Devon,1,15584,high,accept,"high confidence, verified sample and dedication tokens"
St Mary the Virgin,Gillingham,Dorset,1,15645,high,accept,"high confidence, verified sample and dedication tokens"
"St Anthony (Coptic Orthodox), Eastwood",Rotherham,South Yorkshire,1,15197,high,accept,"high confidence, verified sample and dedication tokens"
St John's Cathedral,Brisbane,Queensland,1,11567,high,accept,"high confidence, verified sample and dedication tokens"
Christ Church,The Lye,West Midlands,1,16069,high,accept,"high confidence, verified sample and dedication tokens"
St Germanus,St Germans,Cornwall,1,12629,high,accept,"high confidence, verified sample and dedication tokens"
Cathedral Church of All Saints,Bathurst,New South Wales,1,16249,high,accept,"high confidence, verified sample and dedication tokens"
St Euny,Redruth,Cornwall,1,12707,high,accept,"high confidence, verified sample and dedication tokens"
"Great Hockham, Reach, Oldham & Wetton",Ringing Room,UK,1,,none,reject,resolver found no tower
New Town Church,Edinburgh,Midlothian,1,12029,high,accept,"high confidence, verified sample and dedication tokens"
RC Cathedral of St Marie,Sheffield,,1,10439,high,accept,"high confidence, verified sample and dedication tokens"
St Andrew,Shifnal,Shropshire,1,12608,high,accept,"high confidence, verified sample and dedication tokens"
St Peter and St Paul,Kingsbury,Warwicks,1,13225,high,accept,"high confidence, verified sample and dedication tokens"
St Mark,Pensnett,West Midlands,1,15638,high,accept,"high confidence, verified sample and dedication tokens"
St Chad,Over,Cheshire,1,14754,high,accept,"high confidence, verified sample and dedication tokens"
St Chad,Norton in Hales,Shropshire,1,11076,high,accept,"high confidence, verified sample and dedication tokens"
St James',Sydney,New South Wales,1,13677,high,accept,"high confidence, verified sample and dedication tokens"
St Peter & St Paul,Kingsbury,Warwicks,1,13225,high,accept,"high confidence, verified sample and dedication tokens"
St Peter,Edgmond,Shropshire,1,14164,high,accept,"high confidence, verified sample and dedication tokens"
St Paul,Wood Green,West Midlands,1,10517,high,accept,"high confidence, verified sample and dedication tokens"
The Holy Trinity,Hurstpierpoint,West Sussex,1,14449,high,accept,"high confidence, verified sample and dedication tokens"
,Higham Ferrers,Northants,1,13375,high,accept,"high confidence, verified sample and dedication tokens"
,Glossop,,1,11294,medium,reject,adjudicated: multi-tower town with no building evidence
,Denholme Gate,,1,,none,reject,resolver found no tower
"21 Cornwall House, NW1",London,,1,,none,reject,resolver found no tower
St Peter,Sowerby,,1,14448,high,accept,"high confidence, verified sample and dedication tokens"
St Stephen,Westminster,Greater London,1,12465,high,accept,"high confidence, verified sample and dedication tokens"
St John the Evangelist,Whittle le Woods,Lancashire,1,13837,high,accept,"high confidence, verified sample and dedication tokens"
,Whickham,,1,14984,high,accept,"high confidence, verified sample and dedication tokens"
St Michael & All Angels,Buckland Dinham,Somerset,1,13471,high,accept,"high confidence, verified sample and dedication tokens"
Christchurch,"Sheffield, Dore",South Yorkshire,1,15539,high,accept,"high confidence, verified sample and dedication tokens"
All Saints,Witley,Surrey,1,15394,high,accept,"high confidence, verified sample and dedication tokens"
St Helena and St Mary,Bourn,Cambridgeshire,1,12090,high,accept,"high confidence, verified sample and dedication tokens"
St Mary,Tetbury,Gloucestershire,1,15266,high,accept,"high confidence, verified sample and dedication tokens"
St Sannan,Bedwellty,Caerphilly,1,16905,high,accept,"high confidence, verified sample and dedication tokens"
,Bledlow,,1,16778,high,accept,"high confidence, verified sample and dedication tokens"
,Stratfield Mortimer,,1,14457,medium,reject,adjudicated: multi-tower town with no building evidence
Old Church,Smethwick,West Midlands,1,16757,high,accept,"high confidence, verified sample and dedication tokens"
,Scunthorpe,,1,10603,medium,reject,adjudicated: multi-tower town with no building evidence
St James Ap,Birstwith,North Yorks,1,14536,high,accept,"high confidence, verified sample and dedication tokens"
St Saviour,Dartmouth,,1,13012,high,accept,"high confidence, verified sample and dedication tokens"
,Northfield,,1,10555,high,accept,"high confidence, verified sample and dedication tokens"
R.C. Cathedral of St Paul,Birmingham,Alabama,1,16786,high,accept,"high confidence, verified sample and dedication tokens"
Minster of St John the Baptist,Halifax,West Yorkshire,1,11592,high,accept,"high confidence, verified sample and dedication tokens"
,Melbourn,,1,15521,high,accept,"high confidence, verified sample and dedication tokens"
St John Bapt,Paignton,Devon,1,15737,high,accept,"high confidence, verified sample and dedication tokens"
St Paulinus,Crayford,Greater London,1,12837,high,accept,"high confidence, verified sample and dedication tokens"
St Mary V,Longcot,Oxfordshire,1,15804,high,accept,"high confidence, verified sample and dedication tokens"
"St Laurence, Hull Road",York,North Yorkshire,1,16125,high,accept,"high confidence, verified sample and dedication tokens"
The Collegiate Church of St Mary de Castro,Leicester,,1,13828,high,accept,"high confidence, verified sample and dedication tokens"
"Eaton Socon, Great Hockham, Oldham & Gex",Ringing Room,UK & France,1,,none,reject,resolver found no tower
St John in Bedwardine,Worcester,Worcestershire,1,13277,high,accept,"high confidence, verified sample and dedication tokens"
Little Creed Cottage,Bosham,Sussex,1,,none,reject,resolver found no tower
St Peter,"Buxton, Fairfield",Derbyshire,1,11560,high,accept,"high confidence, verified sample and dedication tokens"
"Vernet-les-Bains, Norwich, Wetton & Great Hockham",Ringing Room,UK & France,1,,none,reject,resolver found no tower
St James,"Sheffield, Norton",South Yorkshire,1,13662,high,accept,"high confidence, verified sample and dedication tokens"
The Romanby Green Campanile,Romanby,North Yorkshire,1,25241,high,accept,"high confidence, verified sample and dedication tokens"
,Lye,,1,16069,high,accept,"high confidence, verified sample and dedication tokens"
,Gilmorton,,1,17131,high,accept,"high confidence, verified sample and dedication tokens"
,East Budleigh,,1,12007,high,accept,"high confidence, verified sample and dedication tokens"
,Halesowen,,1,16876,high,accept,"high confidence, verified sample and dedication tokens"
St George,Hyde,Cheshire,1,12128,high,accept,"high confidence, verified sample and dedication tokens"
St Andrew's,Pershore Parish Centre,Worcestershire,1,,none,reject,resolver found no tower
St Gregory the Great,Morville,Shropshire,1,15945,high,accept,"high confidence, verified sample and dedication tokens"
,Crowle,,1,11843,medium,reject,adjudicated: multi-tower town with no building evidence
,Buckfastleigh,,1,11599,medium,reject,adjudicated: multi-tower town with no building evidence
St Andrew,Orwell,Cambridgeshire,1,11133,high,accept,"high confidence, verified sample and dedication tokens"
,Broughton,Staffs,1,11521,high,accept,"high confidence, verified sample and dedication tokens"
St Mary,Aldridge,West Midlands,1,15282,high,accept,"high confidence, verified sample and dedication tokens"
St John the Baptist,Shedfield,Hampshire,1,10875,high,accept,"high confidence, verified sample and dedication tokens"
St Michael AA,Haselbech,Northamptonshire,1,15424,high,accept,"high confidence, verified sample and dedication tokens"
Holy Cross,Ryton,Tyne & Wear,1,,none,reject,resolver found no tower
St Chad,Burton-upon-Trent,,1,17100,high,accept,"high confidence, verified sample and dedication tokens"
St Michael & All Angels,Headingley,West Yorkshire,1,16033,high,accept,"high confidence, verified sample and dedication tokens"
,Hadlow,,1,10073,high,accept,"high confidence, verified sample and dedication tokens"
"Brighton, Norwich, Oldham & Wetton",Ringing Room,UK,1,,none,reject,resolver found no tower
St Mary,Bampton,Oxfordshire,1,12367,high,accept,"high confidence, verified sample and dedication tokens"
St John the Baptist,Weston Super Mare,North Somerset,1,12821,high,accept,"high confidence, verified sample and dedication tokens"
,Castle Cary,,1,14540,high,accept,"high confidence, verified sample and dedication tokens"
St Peter and St Paul,Harlington,Middlesex,1,10679,high,accept,"high confidence, verified sample and dedication tokens"
,Luppitt,,1,16554,high,accept,"high confidence, verified sample and dedication tokens"
,Wellington,Somerset,1,10049,medium,reject,adjudicated: multi-tower town with no building evidence
St James,East Crompton,Greater Manchester,1,14199,high,accept,"high confidence, verified sample and dedication tokens"
St Michael,Kirby-le-Soken,Essex,1,16560,high,accept,"high confidence, verified sample and dedication tokens"
St Mark,Englefield,Berkshire,1,10325,high,accept,"high confidence, verified sample and dedication tokens"
,Kenwyn,,1,11209,high,accept,"high confidence, verified sample and dedication tokens"
,Towednack,,1,14661,high,accept,"high confidence, verified sample and dedication tokens"
St Mary the Virgin,Ringmer,East Sussex,1,10594,high,accept,"high confidence, verified sample and dedication tokens"
St Thomas,Moorside (Oldham),Lancashire,1,,none,reject,resolver found no tower
St Thomas,"Oldham, Moorside",Lancashire,1,,none,reject,resolver found no tower
St Thomas of Canterbury,Salisbury,Wiltshire,1,13300,high,accept,"high confidence, verified sample and dedication tokens"
,Aldeburgh,,1,17039,high,accept,"high confidence, verified sample and dedication tokens"
,Gaddesby,,1,14998,high,accept,"high confidence, verified sample and dedication tokens"
St Mary,Broughton Astley,Leicestershire,1,13152,high,accept,"high confidence, verified sample and dedication tokens"
St Peter,North Tawton,Devon,1,11109,high,accept,"high confidence, verified sample and dedication tokens"
St Mark,Philadelphia,Pennsylvania,1,16003,high,accept,"high confidence, verified sample and dedication tokens"
SS Mary the Virgin and Mary Magdalen,Tetbury,Gloucestershire,1,15266,medium,accept,"medium, building shares dedication evidence"
The Good Shepherd,Augusta,Georgia,1,16381,high,accept,"high confidence, verified sample and dedication tokens"
"Holy Trinity, West Hill",Wandsworth,SW 15,1,,none,reject,resolver found no tower
St Peter,West Bridgford,Nottinghamshire,1,11771,medium,reject,adjudicated: named church is not in Dove for this town
SS Philip & James,Holywood,"County Down, Northern Ireland",1,13444,high,accept,"high confidence, verified sample and dedication tokens"
St John the Baptist,Tunstall,Kent,1,12317,high,accept,"high confidence, verified sample and dedication tokens"
The Victoria Tower ( formerly St Mary the Virgin),Chatham,Kent,1,19083,medium,reject,adjudicated: names a saint absent from the sole tower
St Mary the Virgin,Bishop's Lydeard,Somerset,1,,none,reject,resolver found no tower
St Mary,Silverton,Devon,1,13709,high,accept,"high confidence, verified sample and dedication tokens"
All Saints,Darfield,South Yorkshire,1,12218,high,accept,"high confidence, verified sample and dedication tokens"
St John the Evangelist,Scunthorpe,Lincolnshire,1,,none,reject,resolver found no tower
St Michael,Whichford,Warwickshire,1,16949,high,accept,"high confidence, verified sample and dedication tokens"
St Nicholas,Warwick,Warwicks,1,15025,high,accept,"high confidence, verified sample and dedication tokens"
Cathedral of the Holy and Undivided Trinity,Bristol,Bristol,1,10300,high,accept,"high confidence, verified sample and dedication tokens"
BVM & St Peter,Winford,Somerset,1,16520,high,accept,"high confidence, verified sample and dedication tokens"
St Thomas,Pendleton,Lancashire,1,16797,high,accept,"high confidence, verified sample and dedication tokens"
St Lawrence,Church Stretton,Shropshire,1,15184,high,accept,"high confidence, verified sample and dedication tokens"
,Frensham,,1,10379,high,accept,"high confidence, verified sample and dedication tokens"
St Mary & All Saints,Beaconsfield,Buckinghamshire,1,13441,high,accept,"high confidence, verified sample and dedication tokens"
All Saints,Sutton Courtenay,Oxfordshire,1,15735,high,accept,"high confidence, verified sample and dedication tokens"
Harper Avenue,Radlett,"Hertfordshire, Ashmere",1,,none,reject,resolver found no tower
St Michael,Stoney Stanton,Leicestershire,1,14037,high,accept,"high confidence, verified sample and dedication tokens"
,Netherseale,,1,,none,reject,resolver found no tower
St Margaret,Rainham,Kent,1,16735,high,accept,"high confidence, verified sample and dedication tokens"
St Peter,Old Woking,Surrey,1,15923,high,accept,"high confidence, verified sample and dedication tokens"
All Saints,Clifton,Bedfordshire,1,14960,high,accept,"high confidence, verified sample and dedication tokens"
St John the Baptist,Danbury,Essex,1,16524,high,accept,"high confidence, verified sample and dedication tokens"
St Andrew,"Dudley, Netherton",West Midlands,1,15501,high,accept,"high confidence, verified sample and dedication tokens"
St James,Turramurra,New South Wales,1,15074,high,accept,"high confidence, verified sample and dedication tokens"
,Newton St Cyres,,1,13353,high,accept,"high confidence, verified sample and dedication tokens"
St Lawrence,Downton,Wiltshire,1,15953,high,accept,"high confidence, verified sample and dedication tokens"
,Skipton,,1,23418,high,accept,"high confidence, verified sample and dedication tokens"
,Kirton in Lindsey,,1,13723,high,accept,"high confidence, verified sample and dedication tokens"
St Anne's Cathedral (RC),Leeds,West Yorkshire,1,11425,high,accept,"high confidence, verified sample and dedication tokens"
St Michael and All Angels,Headingley,West Yorkshire,1,16033,high,accept,"high confidence, verified sample and dedication tokens"
,Rudgwick,,1,15186,high,accept,"high confidence, verified sample and dedication tokens"
"Campana Lodge, 96 Baxter Run Road",Clarington,Pennsylvania,1,,none,reject,resolver found no tower
St Cybi,Llangybi,Gwent,1,12355,high,accept,"high confidence, verified sample and dedication tokens"
Blessed Virgin Mary & St Peter,Winford,Somerset,1,16520,high,accept,"high confidence, verified sample and dedication tokens"
St Mary,Charlton Kings,Gloucestershire,1,15388,high,accept,"high confidence, verified sample and dedication tokens"
St Tudor,Mynyddislwyn,Gwent,1,13414,high,accept,"high confidence, verified sample and dedication tokens"
"Knowle, Holy Trinity",Bristol,Bristol,1,,none,reject,resolver found no tower
All Saints & St Bartholomew,Wootton Bassett,Wiltshire,1,16050,high,accept,"high confidence, verified sample and dedication tokens"
St Andrew,Congresbury,Somerset,1,10693,high,accept,"high confidence, verified sample and dedication tokens"
St Michael,Twerton on Avon,Somerset,1,12082,high,accept,"high confidence, verified sample and dedication tokens"
St Leonard,Sherfield English,Hampshire,1,11604,high,accept,"high confidence, verified sample and dedication tokens"
Buttery Wells Farm,Potterton,Aberdeenshire,1,,none,reject,resolver found no tower
"St Mary, Bow Road",Bow,Greater London,1,13996,high,accept,"high confidence, verified sample and dedication tokens"
St James the Apostle,Somerton,Oxfordshire,1,11413,high,accept,"high confidence, verified sample and dedication tokens"
Cathedral of St Canice,Kilkenny,Kilkenny,1,11778,high,accept,"high confidence, verified sample and dedication tokens"
Bell Meadow Peal,Warnham,West Sussex,1,,none,reject,resolver found no tower
Christ Church (Old North),Boston,"Massachusetts, United States of America",1,12291,high,accept,"high confidence, verified sample and dedication tokens"
St Wilfrid,Standish,Lancashire,1,14666,high,accept,"high confidence, verified sample and dedication tokens"
At the Parish Church of St Nicholas,New Romney,Kent,1,15817,high,accept,"high confidence, verified sample and dedication tokens"
,Headingley,,1,16033,high,accept,"high confidence, verified sample and dedication tokens"
"Christ Church, Douglas",Parbold,Lancashire,1,14091,high,accept,"high confidence, verified sample and dedication tokens"
,Kildwick,,1,17034,high,accept,"high confidence, verified sample and dedication tokens"
St Faith,Newton Longville,Buckinghamshire,1,14085,high,accept,"high confidence, verified sample and dedication tokens"
Priory Church of St Mary and St Bega,St Bees,Cumbria,1,10489,high,accept,"high confidence, verified sample and dedication tokens"
St James Gt,Audley,Staffordshire,1,15909,high,accept,"high confidence, verified sample and dedication tokens"
All Saints,West Bromwich,West Midlands,1,13138,high,accept,"high confidence, verified sample and dedication tokens"
St James the Great,Dursley,Glos.,1,11104,high,accept,"high confidence, verified sample and dedication tokens"
,Baldock,,1,12185,high,accept,"high confidence, verified sample and dedication tokens"
,Rock,,1,16741,medium,reject,adjudicated: multi-tower town with no building evidence
St Andrew,Cambridge,Cambridgeshire,1,15139,high,accept,"high confidence, verified sample and dedication tokens"
St Martin's,Ruislip,Greater London,1,16993,high,accept,"high confidence, verified sample and dedication tokens"
St John,Weston-super-Mare,North Somerset,1,12821,high,accept,"high confidence, verified sample and dedication tokens"
St Leonard,Streatham,Surrey,1,,none,reject,resolver found no tower
St Michael,Sunderland,,1,15838,high,accept,"high confidence, verified sample and dedication tokens"
"Chapel of St Hilda's School , Mosman Park",Perth,Western Australia,1,12726,high,accept,"high confidence, verified sample and dedication tokens"
St James Queens Square,Sydney,New South Wales,1,13677,high,accept,"high confidence, verified sample and dedication tokens"
"St Mary the Virgin, Deane",Bolton,Greater Manchester,1,11462,high,accept,"high confidence, verified sample and dedication tokens"
St Andrew,Kildwick,North Yorkshire,1,17034,high,accept,"high confidence, verified sample and dedication tokens"
11 St Chad's Drive,"Leeds, Headingley",West Yorkshire,1,,none,reject,resolver found no tower
,Ringing Room,Scotland,1,,none,reject,resolver found no tower
"Stetson Chapel, Kalamazoo College",Kalamazoo,"Michigan, United States of America",1,11102,high,accept,"high confidence, verified sample and dedication tokens"
,Uckfield,,1,13406,high,accept,"high confidence, verified sample and dedication tokens"
"Vernet-les-Bains, Wetton, Norwich & Great Hockham",Ringing Room,UK & France,1,,none,reject,resolver found no tower
Holy Trinity,"Wandsworth, West Hill",Surrey,1,,none,reject,resolver found no tower
,Walton-le-Dale,,1,12668,high,accept,"high confidence, verified sample and dedication tokens"
SS Mary and Paul,Rotherhithe,London,1,,none,reject,resolver found no tower
,Romford,,1,15620,medium,reject,adjudicated: multi-tower town with no building evidence
St Thomas,"Norbury, Hazel Grove",Greater Manchester,1,11240,high,accept,"high confidence, verified sample and dedication tokens"
St Michael and All Angels,"Headingley, Leeds",West Yorkshire,1,16033,high,accept,"high confidence, verified sample and dedication tokens"
St Nicholas,Chislehurst,Kent,1,,none,reject,resolver found no tower
,Hazel Grove,,1,11240,high,accept,"high confidence, verified sample and dedication tokens"
,Raleigh,,1,10203,high,accept,"high confidence, verified sample and dedication tokens"
,Brewster,,1,10265,high,accept,"high confidence, verified sample and dedication tokens"
St Mary the Virgin,Stratfield Mortimer,Berkshire,1,14457,high,accept,"high confidence, verified sample and dedication tokens"
Holy Cross and St Lawrence,Waltham Abbey,Essex,1,10053,high,accept,"high confidence, verified sample and dedication tokens"
SS Peter & Paul,Sheffield Cathedral,South Yorkshire,1,,none,reject,resolver found no tower
St Mary,Bletchley,Buckinghamshire,1,12576,high,accept,"high confidence, verified sample and dedication tokens"
Cathedral,Vancouver,,1,15376,high,accept,"high confidence, verified sample and dedication tokens"
St Mary,"Portsea, Portsmouth",Hampshire,1,17042,high,accept,"high confidence, verified sample and dedication tokens"
St Lawrence,West Wycombe,Buckinghamshire,1,12842,high,accept,"high confidence, verified sample and dedication tokens"
,Belper,,1,16536,medium,reject,adjudicated: multi-tower town with no building evidence
,Warborough,,1,13177,high,accept,"high confidence, verified sample and dedication tokens"
St Bartholomew & All Saints,Royal Wootton Bassett,Wiltshire,1,16050,high,accept,"high confidence, verified sample and dedication tokens"
,Drumbo,,1,11938,high,accept,"high confidence, verified sample and dedication tokens"
St Andrew,Enfield,Greater London,1,14416,high,accept,"high confidence, verified sample and dedication tokens"
,Buckland-in-the-Moor,,1,15861,high,accept,"high confidence, verified sample and dedication tokens"
St Mary,Aylesbury,Buckinghamshire,1,15375,high,accept,"high confidence, verified sample and dedication tokens"
St Mary the Virgin,Bampton,Oxfordshire,1,12367,high,accept,"high confidence, verified sample and dedication tokens"
St James Gt,Hanslope,Buckinghamshire,1,11622,high,accept,"high confidence, verified sample and dedication tokens"
St Mary the Virgin,Godmanchester,Huntingdonshire,1,,none,reject,resolver found no tower
Guy's Hospital (Guy's Tower),Southwark,London,1,,none,reject,resolver found no tower
,Pershore Parish Centre,Worcestershire,1,,none,reject,resolver found no tower
Holy Nativity,"Bristol, Knowle",Bristol,1,15548,high,accept,"high confidence, verified sample and dedication tokens"
All SS,Terling,Essex,1,13514,high,accept,"high confidence, verified sample and dedication tokens"
St Helen,Benson,Oxfordshire,1,13576,high,accept,"high confidence, verified sample and dedication tokens"
Holy Trinity,Hurstpierpoint,West Sussex,1,14449,high,accept,"high confidence, verified sample and dedication tokens"
St Peter,Portishead,Somerset,1,10069,high,accept,"high confidence, verified sample and dedication tokens"
St John the Baptist,Fladbury,Worcestershire,1,10084,high,accept,"high confidence, verified sample and dedication tokens"
St Michael and All Angels,Melksham,Wiltshire,1,10928,high,accept,"high confidence, verified sample and dedication tokens"
St Mary,Eastbourne,East Sussex,1,11691,high,accept,"high confidence, verified sample and dedication tokens"
"Old Woking, St Peter",Woking,Surrey,1,,none,reject,resolver found no tower
All saints,Highweek,Devon,1,11556,high,accept,"high confidence, verified sample and dedication tokens"
St Andrew and St George West,Edinburgh,Lothian,1,,none,reject,resolver found no tower
St Andrew,Mells,Somerset,1,16026,high,accept,"high confidence, verified sample and dedication tokens"
Cathedral Church of St Mary,Limerick,County Limerick,1,15110,high,accept,"high confidence, verified sample and dedication tokens"
St James Garlickhythe,City of London,London,1,16578,high,accept,"high confidence, verified sample and dedication tokens"
Cathedral of St Mark,Shreveport,"Louisiana, USA",1,10716,high,accept,"high confidence, verified sample and dedication tokens"
St Martin,Horsley,Gloucestershire,1,15337,high,accept,"high confidence, verified sample and dedication tokens"
St Mary,Woodford,Northamptonshire,1,17015,high,accept,"high confidence, verified sample and dedication tokens"
Cathedral Church of St German,Peel,Isle of Man,1,15911,high,accept,"high confidence, verified sample and dedication tokens"
St Laurence,Frodsham,Cheshire,1,15988,high,accept,"high confidence, verified sample and dedication tokens"
Cathedral Church of Holy Trinity,Chichester,West Sussex,1,10237,high,accept,"high confidence, verified sample and dedication tokens"
St Mary,Portsmouth,Hampshire,1,16279,high,accept,"high confidence, verified sample and dedication tokens"
St Mary the Virgin,Tewkesbury Abbey,Gloucestershire,1,,none,reject,resolver found no tower
All Saints,Waldron,Sussex,1,13864,high,accept,"high confidence, verified sample and dedication tokens"
Cathedral Church of St Mary the Virgin,Glasgow,,1,13026,high,accept,"high confidence, verified sample and dedication tokens"
St Leonard,Seaford,Sussex,1,11538,high,accept,"high confidence, verified sample and dedication tokens"
St Mary the Virgin,Childrey,Oxfordshire,1,14183,high,accept,"high confidence, verified sample and dedication tokens"
St George-in-the-East,Stepney,Greater London,1,17069,high,accept,"high confidence, verified sample and dedication tokens"
St Mary,Hadlow,Kent,1,10073,high,accept,"high confidence, verified sample and dedication tokens"
St Clement's,Cambridge,Cambridgeshire,1,17550,high,accept,"high confidence, verified sample and dedication tokens"
St Hilda's School Chapel,"Mosman Park, Perth",Western Australia,1,12726,high,accept,"high confidence, verified sample and dedication tokens"
The Pig Sty,Timsbury,Somerset,1,25256,high,accept,"high confidence, verified sample and dedication tokens"
St Nicholas,King's Lynn,Norfolk,1,10477,high,accept,"high confidence, verified sample and dedication tokens"
St Bartholomew,Maresfield,East Sussex,1,13095,high,accept,"high confidence, verified sample and dedication tokens"
All Saints,St Ives,Cambridgeshire,1,14667,high,accept,"high confidence, verified sample and dedication tokens"
St Michael,Brierley Hill,West Midlands,1,10071,high,accept,"high confidence, verified sample and dedication tokens"
All Saints,East Budleigh,Devon,1,12007,high,accept,"high confidence, verified sample and dedication tokens"
SS Peter and Paul,Cattistock,Dorset,1,12314,high,accept,"high confidence, verified sample and dedication tokens"
St Peter,Harborne,West Midlands,1,11706,high,accept,"high confidence, verified sample and dedication tokens"
St Martin in the Cornmarket,Worcester,,1,10704,high,accept,"high confidence, verified sample and dedication tokens"
St Nicholas,Ashill,Norfolk,1,15024,high,accept,"high confidence, verified sample and dedication tokens"
St Gregory,Morville,Shropshire,1,15945,high,accept,"high confidence, verified sample and dedication tokens"
Christ Church,Hampstead,Greater London,1,13829,high,accept,"high confidence, verified sample and dedication tokens"
Kent School Chapel,Kent,Connecticut,1,13580,high,accept,"high confidence, verified sample and dedication tokens"
"Christ Church, Walcot",Bath,Somerset,1,14089,high,accept,"high confidence, verified sample and dedication tokens"
,"Ringing Room (Reach, Norwich, Wetton, Great Hockham)",,1,,none,reject,resolver found no tower
Uk,"Ringing Room (Reach, Reach, Norwich, Wetton)",,1,,none,reject,resolver found no tower
Christ Church,"Dore, Sheffield",South Yorkshire,1,15539,high,accept,"high confidence, verified sample and dedication tokens"
"St Peter, St Paul, and St Thomas of Canterbury",Bovey Tracey,Devon,1,14690,high,accept,"high confidence, verified sample and dedication tokens"
St Mary Magdalene,Leintwardine,Herefordshire,1,10054,high,accept,"high confidence, verified sample and dedication tokens"
St Michael,Framlingham,Suffolk,1,11728,high,accept,"high confidence, verified sample and dedication tokens"
St Mary the Virgin,Kelvedon,Essex,1,11766,high,accept,"high confidence, verified sample and dedication tokens"
St Edward,Stow on the Wold,Gloucestershire,1,16443,high,accept,"high confidence, verified sample and dedication tokens"
All Hallows,Gedling,Nottinghamshire,1,11286,high,accept,"high confidence, verified sample and dedication tokens"
St James,Bulkington,Warwickshire,1,16952,high,accept,"high confidence, verified sample and dedication tokens"
St Mary,Petworth,West Sussex,1,14727,high,accept,"high confidence, verified sample and dedication tokens"
Wobbly Bob's Campanile,Bovey Tracy,Devon,1,,none,reject,resolver found no tower
St Peter and St Paul,Ringwood,Hampshire,1,16719,high,accept,"high confidence, verified sample and dedication tokens"
St Jude,Blackburn,Lancashire,1,13874,high,accept,"high confidence, verified sample and dedication tokens"
St Swithun,Woodbury,Devon,1,11884,high,accept,"high confidence, verified sample and dedication tokens"
St Andrew,Bebington,Merseyside,1,11241,high,accept,"high confidence, verified sample and dedication tokens"
All Saints,Gilmorton,Leicestershire,1,17131,high,accept,"high confidence, verified sample and dedication tokens"
St Paul,Daybrook,Nottinghamshire,1,15411,high,accept,"high confidence, verified sample and dedication tokens"
Holy Ascension,Settle,North Yorkshire,1,14793,high,accept,"high confidence, verified sample and dedication tokens"
St Silas,Blackburn,Lancashire,1,11152,high,accept,"high confidence, verified sample and dedication tokens"
St Mary the Virgin,Monken Hadley,Middlesex,1,11674,high,accept,"high confidence, verified sample and dedication tokens"
"Great Hockham, Oldham,  Bury St Edmunds & Chelmsford",Ringing Room,UK,1,,none,reject,resolver found no tower
St Mary the Virgin,Ware,Hertfordshire,1,14966,high,accept,"high confidence, verified sample and dedication tokens"
St Andrew and St Mary,Condover,Shropshire,1,13075,high,accept,"high confidence, verified sample and dedication tokens"
St Mary,Prior's Norton,Gloucestershire,1,13662,high,accept,"high confidence, verified sample and dedication tokens"
St Dunstan-in-the-East,London,,1,11914,medium,accept,"medium, building shares dedication evidence"
St John,Hackney,Greater London,1,16961,high,accept,"high confidence, verified sample and dedication tokens"
,Tideswell,,1,16875,high,accept,"high confidence, verified sample and dedication tokens"
St Mary,Liss,Hampshire,1,13966,high,accept,"high confidence, verified sample and dedication tokens"
,Orwell,,1,11133,high,accept,"high confidence, verified sample and dedication tokens"
"The Rose Inn, St Laurence",Ramsgate,Kent,1,16943,high,accept,"high confidence, verified sample and dedication tokens"
St Augustine,Thorpe Bay,Essex,1,16408,high,accept,"high confidence, verified sample and dedication tokens"
SS Peter and Paul,Aldeburgh,Suffolk,1,17039,high,accept,"high confidence, verified sample and dedication tokens"
,South Hackney,,1,16835,high,accept,"high confidence, verified sample and dedication tokens"
,Bray,Berks,1,11267,high,accept,"high confidence, verified sample and dedication tokens"
St Peter,Hook Norton,Oxfordshire,1,10393,high,accept,"high confidence, verified sample and dedication tokens"
St Martin-in-the-Fields,Philadelphia,Pennsylvania,1,13478,high,accept,"high confidence, verified sample and dedication tokens"
Annunciation,Chislehurst,,1,10438,high,accept,"high confidence, verified sample and dedication tokens"
St Mary and All Saints,Fillongley,Warwickshire,1,11875,high,accept,"high confidence, verified sample and dedication tokens"
St Mary Magdalene,Wethersfield,Essex,1,16257,high,accept,"high confidence, verified sample and dedication tokens"
St Margaret,Ditchling,East Sussex,1,14374,high,accept,"high confidence, verified sample and dedication tokens"
Holy Cross,Uckfield,East Sussex,1,13406,high,accept,"high confidence, verified sample and dedication tokens"
St Mary,Bridport,Dorset,1,14762,high,accept,"high confidence, verified sample and dedication tokens"
St Mary's Cathedral,Sydney NSW,Australia,1,,none,reject,resolver found no tower
St Mary the Virgin,Burwell,Cambridgeshire,1,13607,high,accept,"high confidence, verified sample and dedication tokens"
Chedburgh Campanile,Lincoln,Lincolnshire,1,25226,high,accept,"high confidence, verified sample and dedication tokens"
Woodside Campanile,Branston,Lincolnshire,1,25264,high,accept,"high confidence, verified sample and dedication tokens"
All Saints,Harmston,Lincolnshire,1,12433,high,accept,"high confidence, verified sample and dedication tokens"
St Andrew,Whittlesey,Cambridgeshire,1,14725,high,accept,"high confidence, verified sample and dedication tokens"
SS Margaret and Andrew,Littleham,Devon,1,,none,reject,resolver found no tower
"St Mary the Blessed Virgin, Plympton St Mary",Plymouth,Devon,1,12741,high,accept,"high confidence, verified sample and dedication tokens"
St Andrew,Much Hadham,Hertfordshire,1,14194,high,accept,"high confidence, verified sample and dedication tokens"
Holy Trinity,Hoghton,Lancashire,1,11022,high,accept,"high confidence, verified sample and dedication tokens"
St Andrew,Dowlish Wake,Somerset,1,13853,high,accept,"high confidence, verified sample and dedication tokens"
SS Peter & Paul,Newport Pagnell,Buckinghamshire,1,10854,medium,accept,"medium, building shares dedication evidence"
St Mary's Centre,Chester,Cheshire,1,14876,medium,accept,"medium, building shares dedication evidence"
Priory Church of SS Mary and Cuthbert,Worksop,Nottinghamshire,1,10021,medium,accept,"medium, building shares dedication evidence"
The Little Orchard Tower,East Huntspill,Somerset,1,17459,high,accept,"high confidence, verified sample and dedication tokens"
St Michael and All Angels,Clyst Honiton,Devon,1,11114,high,accept,"high confidence, verified sample and dedication tokens"
"St Michael and All Angels, Pinhoe",Exeter,Devon,1,13926,high,accept,"high confidence, verified sample and dedication tokens"
The Midways Campanile,Stubbington,Hampshire,1,25255,medium,accept,"medium, building shares dedication evidence"
Cathedral Church of St Peter and St Paul,Washington,District of Columbia,1,14848,high,accept,"high confidence, verified sample and dedication tokens"
All Saints,Dewsbury,West Yorkshire,1,10877,high,accept,"high confidence, verified sample and dedication tokens"
"Reedham, Roseville (MN), St Paul (MN), Coon Rapids (MN), Vancouver (WA)",Ringing Room,UK & USA,1,,none,reject,resolver found no tower
St George the Martyr,Southwark,Surrey,1,,none,reject,resolver found no tower
,Poplar,Middx,1,14021,medium,reject,adjudicated: multi-tower town with no building evidence
,Ringing Room UK,"Bearsden, Cambridge, Cambridge, Eaton Socon",1,,none,reject,resolver found no tower
St Mary the Blessed Virgin,Olveston,Gloucestershire,1,14742,high,accept,"high confidence, verified sample and dedication tokens"
St John the Baptist,Mersham,Kent,1,15356,high,accept,"high confidence, verified sample and dedication tokens"
Our Lady and the English Martyrs,Cambridge,Cambridgeshire,1,12645,medium,accept,"medium, building shares dedication evidence"
St Michael and all Angels,Mottram-in-Longdendale,Cheshire,1,12605,high,accept,"high confidence, verified sample and dedication tokens"
60 Liverpool Street,Southampton,Hampshire,1,,none,reject,resolver found no tower
"Cheltenham, Napierville (IL), Oldham, Vernet-les-Bains",Ringing Room,"UK, USA & France",1,,none,reject,resolver found no tower
MTB,Hopton Heath,Shropshire,1,13820,medium,reject,adjudicated: building appears to be a house name
Christ Church,North Shields,Northumberland,1,,none,reject,resolver found no tower
,Great Hampton,Worcs,1,12445,high,accept,"high confidence, verified sample and dedication tokens"
St Bartholomew,Haslemere,Surrey,1,13219,high,accept,"high confidence, verified sample and dedication tokens"
St John Horsleydown,Southwark,Surrey,1,,none,reject,resolver found no tower
Unknown,Norwich,Norfolk,1,,none,reject,resolver found no tower
"The Osborn Arms, Heneage Street",Spitalfields,Greater London,1,,none,reject,resolver found no tower
St John the Evangelist,Groton,Massachusetts,1,15745,medium,reject,adjudicated: names a saint absent from the sole tower
St Mary and St Thomas,Wymondham,Norfolk,1,16892,medium,accept,"sole tower in town, building is ecclesiastical"
,Cambridge (MIT),Massachusetts,1,,none,reject,resolver found no tower
SS. Peter & Paul,Coleshill,Warwickshire,1,10412,high,accept,"high confidence, verified sample and dedication tokens"
Cathedral,Derby,,1,16607,high,accept,"high confidence, verified sample and dedication tokens"
St Mary,Kidderminster,,1,13561,high,accept,"high confidence, verified sample and dedication tokens"
St John the Baptist,Cardiff,South Glamorgan,1,12372,high,accept,"high confidence, verified sample and dedication tokens"
St James,kingston,Dorset,1,14840,high,accept,"high confidence, verified sample and dedication tokens"
Wells Cathedral,Wells,,1,,none,reject,resolver found no tower
Barstable School,Barstable,Essex,1,,none,reject,resolver found no tower
St Mark,Worsley,Gtr. Man,1,,none,reject,resolver found no tower
St Peter,Bexhill on Sea,East Sussex,1,12863,high,accept,"high confidence, verified sample and dedication tokens"
St Peter and St Paul,Blockley,Gloucestershire,1,12356,high,accept,"high confidence, verified sample and dedication tokens"
"Holy Sepulchre without Newgate, Holborn Viaduct",City of London,,1,11081,high,accept,"high confidence, verified sample and dedication tokens"
76 Ashlawn Road,Rugby,Warwickshire,1,,none,reject,resolver found no tower
,Reigate,Surrey,1,14463,medium,reject,adjudicated: multi-tower town with no building evidence
Abbey Church of St Mary the Virgin and St Thomas a Becket,Wymondham,Norfolk,1,16892,high,accept,"high confidence, verified sample and dedication tokens"
"Ship and Sailor, Effingham Place",Deptford,Greater London,1,,none,reject,resolver found no tower
St Mary the Virgin,Saffron Walden,Essex,1,12985,high,accept,"high confidence, verified sample and dedication tokens"
St Philip,Birmingham,,1,15513,high,accept,"high confidence, verified sample and dedication tokens"
23 Park Road,Rugby,,1,,none,reject,resolver found no tower
,St Marychurch,Devon,1,15054,high,accept,"high confidence, verified sample and dedication tokens"
St Laurence,Stroud,Gloucestershire,1,14747,high,accept,"high confidence, verified sample and dedication tokens"
Christ Church,West Bromwich,Staffordshire,1,,none,reject,resolver found no tower
St Peter and St Paul,Cudham,Greater London,1,11480,high,accept,"high confidence, verified sample and dedication tokens"
All Saints,Gosforth,Northumb,1,,none,reject,resolver found no tower
"Great Hockham,Oldham, Norwich, South Walsham & Wymondham",Ringing Room,Uk,1,,none,reject,resolver found no tower
1 Totland Grove,Chester,Cheshire,1,,none,reject,resolver found no tower
,Malvern Link,Worcs,1,16823,medium,reject,adjudicated: multi-tower town with no building evidence
St Sidwell,Exeter,Devon,1,20013,high,accept,"high confidence, verified sample and dedication tokens"
Lavenham,Gravesend,Kent,1,,none,reject,resolver found no tower
St George,Stockport,,1,14137,high,accept,"high confidence, verified sample and dedication tokens"
St Mary and St Lambert,Stonham Aspal,Suffolk,1,15781,high,accept,"high confidence, verified sample and dedication tokens"
S Michael Archangel,Lyme Regis,Dorset,1,14094,high,accept,"high confidence, verified sample and dedication tokens"
St Peter Mancroft,Norwich,,1,11970,high,accept,"high confidence, verified sample and dedication tokens"
All Saints,Leighton Buzzard,Bedfordshire,1,10931,high,accept,"high confidence, verified sample and dedication tokens"
Unknown,Abingdon,Oxfordshire,1,,none,reject,resolver found no tower
12 Greville Place,St John's Wood,Middlesex,1,,none,reject,resolver found no tower
St Giles Belfry,Newcastle,Staffordshire,1,,none,reject,resolver found no tower
St John the Baptist,Yeovil,Somerset,1,15997,high,accept,"high confidence, verified sample and dedication tokens"
,Bromsgrove,,1,10080,medium,reject,adjudicated: multi-tower town with no building evidence
St John the Baptist,Bromsgrove,Worcestershire,1,10080,high,accept,"high confidence, verified sample and dedication tokens"
St Michael,Aylsham,Norfolk,1,16792,high,accept,"high confidence, verified sample and dedication tokens"
St Nicholas,Brighton,,1,10859,high,accept,"high confidence, verified sample and dedication tokens"
,Reigate,,1,14463,medium,reject,adjudicated: multi-tower town with no building evidence
"Eaton Socon,Wetton, Cambridge, Oldham & Great Hockham",Ringing Room,UK,1,,none,reject,resolver found no tower
,Banbury,,1,14105,medium,reject,adjudicated: multi-tower town with no building evidence
Blessed Virgin Mary,Bathwick,Somerset,1,13019,high,accept,"high confidence, verified sample and dedication tokens"
Priory Church of SS Mary and Michael,Great Malvern,Worcestershire,1,13083,medium,accept,"medium, building shares dedication evidence"
Cathedral Church of the Blessed Virgin Mary and St Ethelbert,Hereford,Herefordshire,1,16543,high,accept,"high confidence, verified sample and dedication tokens"
St Michael & All Angels,Aston Clinton,Buckinghamshire,1,17117,high,accept,"high confidence, verified sample and dedication tokens"
St Mary,Bocking,Essex,1,14707,high,accept,"high confidence, verified sample and dedication tokens"
Cathedral,Hereford,,1,16543,high,accept,"high confidence, verified sample and dedication tokens"
St Andrew,Hornchurch,Greater London,1,14513,high,accept,"high confidence, verified sample and dedication tokens"
All Saints,Nottingham,,1,16412,high,accept,"high confidence, verified sample and dedication tokens"
The Bell Meadow Peal,Warnham,,1,,none,reject,resolver found no tower
St Botolph,Newbold on Avon,Warwickshire,1,13231,high,accept,"high confidence, verified sample and dedication tokens"
Cathedral,Portsmouth,Hampshire,1,13220,high,accept,"high confidence, verified sample and dedication tokens"
St James,Whitehaven,Cumbria,1,11872,high,accept,"high confidence, verified sample and dedication tokens"
"Strand, St Clement Danes",Westminster,Greater London,1,13512,high,accept,"high confidence, verified sample and dedication tokens"
33 Osborne Road,Palmers Green,Greater London,1,,none,reject,resolver found no tower
St Mary,Stafford,Staffordshire,1,16829,high,accept,"high confidence, verified sample and dedication tokens"
Cathedral Church of St Thomas of Canturbury,Portsmouth,Hampshire,1,13220,medium,accept,"medium, building shares dedication evidence"
34 Hammelton Road,Bromley,Kent,1,,none,reject,resolver found no tower
,Roker,,1,11440,medium,reject,adjudicated: multi-tower town with no building evidence
"Vernet-le-Bains, Cambridge, Glasgow, Wetton & Great Hockham",Ringing Room,UK & France,1,,none,reject,resolver found no tower
St Mary,St. Neots,Cambridgeshire,1,12275,high,accept,"high confidence, verified sample and dedication tokens"
St Thomas a Becket,Stockton on Tees,Cleveland,1,,none,reject,resolver found no tower
,Hillingdon,,1,15193,medium,reject,adjudicated: multi-tower town with no building evidence
Lady S Mary,Wareham,Dorset,1,11178,high,accept,"high confidence, verified sample and dedication tokens"
"St Mary, St Katharine, and All Saints",Edington,Wiltshire,1,15138,high,accept,"high confidence, verified sample and dedication tokens"
Basilica of St Mary,Sydney,New South Wales,1,15468,high,accept,"high confidence, verified sample and dedication tokens"
The Wayside,Leicester,Leicestershire,1,,none,reject,resolver found no tower
"Norwich,Great Hockham, Reach & Godmanchester",Ringing Room,,1,,none,reject,resolver found no tower
,Whitby,,1,10263,medium,reject,adjudicated: multi-tower town with no building evidence
All Saints',Nottingham,Nottinghamshire,1,16412,high,accept,"high confidence, verified sample and dedication tokens"
SS Peter & Paul,Wisbech,Cambridgeshire,1,11719,medium,accept,"medium, building shares dedication evidence"
,Carbis Bay,,1,14778,high,accept,"high confidence, verified sample and dedication tokens"
St Nicolas,Guildford,,1,12695,high,accept,"high confidence, verified sample and dedication tokens"
St Mary,Dalton-in-Furness,Cumbria,1,14596,high,accept,"high confidence, verified sample and dedication tokens"
,Coleshill,Warks,1,10412,high,accept,"high confidence, verified sample and dedication tokens"
The Cathedral of St. Thomas of Canterbury,Portsmouth,Hampshire,1,13220,high,accept,"high confidence, verified sample and dedication tokens"
"Withycombe Raleigh, St John the Evangelist",Withycombe Raleigh,Devon,1,16183,high,accept,"high confidence, verified sample and dedication tokens"
"West Pines, Dale Brow",Prestbury,Cheshire,1,16364,medium,reject,adjudicated: building appears to be a house name
"Cambridge, Wetton, Norwich, Great Hockham & Godmanchester",Ringing Room,,1,,none,reject,resolver found no tower
St Mary,Long Crendon,Buckinghamshire,1,12735,high,accept,"high confidence, verified sample and dedication tokens"
St Mary,Stockport,Greater Manchester,1,14733,high,accept,"high confidence, verified sample and dedication tokens"
St.Peter,Saltby,Leicestershire,1,12864,high,accept,"high confidence, verified sample and dedication tokens"
Cathedral Church of SS Peter and Paul,Washington,"District of Columbia, United States of America",1,14848,medium,accept,"medium, building shares dedication evidence"
,Wrington,,1,16110,high,accept,"high confidence, verified sample and dedication tokens"
St Mary,Dalton in Furness,Cumbria,1,14596,high,accept,"high confidence, verified sample and dedication tokens"
St Margaret,Warnham,Sussex,1,15727,high,accept,"high confidence, verified sample and dedication tokens"
The Brambles,Brimpton,Berkshire,1,11416,medium,reject,adjudicated: building appears to be a house name
St Mary,Melton Mowbray,Leicestershire,1,14990,high,accept,"high confidence, verified sample and dedication tokens"
Priory Church of St James,Bristol,Bristol,1,14342,high,accept,"high confidence, verified sample and dedication tokens"
Cathedral,Lichfield,,1,13701,high,accept,"high confidence, verified sample and dedication tokens"
"Eaton Socon, Wetton, Glasgow, Great Hockham, Godmanchester",Ringing Room,,1,,none,reject,resolver found no tower
,Richmond,Surrey,1,,none,reject,resolver found no tower
"Vernet-les-Bains, Reach, Glasgow, Great Hockham & Cambridge",Ringing Room,UK,1,,none,reject,resolver found no tower
Holy Trinity,Coalbrookdale,Shropshire,1,10966,high,accept,"high confidence, verified sample and dedication tokens"
St Andrew,Ewerby,Lincolnshire,1,10801,high,accept,"high confidence, verified sample and dedication tokens"
All Hallows,Twickenham,London,1,12600,high,accept,"high confidence, verified sample and dedication tokens"
,Hursley,,1,17077,high,accept,"high confidence, verified sample and dedication tokens"
,Boston,Lincs,1,15592,medium,reject,adjudicated: multi-tower town with no building evidence
Christ Church,Crewe,Cheshire,1,13114,high,accept,"high confidence, verified sample and dedication tokens"
St Saviour,Oxton,Wirral,1,,none,reject,resolver found no tower
"Vernet-les-Bains, Hitchin, Oldham, Wetton & Great Hockham",Ringing Room,UK & France,1,,none,reject,resolver found no tower
,Fulham,,1,12421,medium,reject,adjudicated: multi-tower town with no building evidence
St Peter,Croydon,Surrey,1,,none,reject,resolver found no tower
,Hatfield,Herts,1,16620,medium,reject,adjudicated: multi-tower town with no building evidence
,Southover,,1,15805,high,accept,"high confidence, verified sample and dedication tokens"
St Mary,Beddington,Greater London,1,16391,high,accept,"high confidence, verified sample and dedication tokens"
St Clement Danes,London,WC,1,,none,reject,resolver found no tower
Cathedral of St Macartan,Enniskillen,Fermanagh,1,13372,high,accept,"high confidence, verified sample and dedication tokens"
"Penrith, Oldham, Glasgow, Wetton & Great Hockham",Ringing Room,UK,1,,none,reject,resolver found no tower
,Edington,,1,15138,medium,reject,adjudicated: multi-tower town with no building evidence
,Stratford-upon-Avon,,1,10264,high,accept,"high confidence, verified sample and dedication tokens"
Abbey of St Mary,Tewkesbury,Gloucestershire,1,15657,medium,accept,"medium, building shares dedication evidence"
,Wareham,,1,11178,medium,reject,adjudicated: multi-tower town with no building evidence
Cathedral,Rochester,,1,16583,high,accept,"high confidence, verified sample and dedication tokens"
"Cheltenham, Vancouver (WA), Naperville (IL), Foxborough (MA), Vernet-les-Bains",Ringing Room,"UK, USA, France",1,,none,reject,resolver found no tower
45 St Mary's Walk,Fowlmere,Cambridgeshire,1,,none,reject,resolver found no tower
"Cheltenham, Vancouver (WA), Naperville (IL), Glasgow, Vernet-les-Bains",Sonneur,,1,,none,reject,resolver found no tower
St Mary,Slough,Buckinghamshire,1,,none,reject,resolver found no tower
St Mary,Hitchin,Hertfordshire,1,11700,high,accept,"high confidence, verified sample and dedication tokens"
"Penrith, Oldham, Great Hockham, Glasgow & Wetton",Ringing Room,Uk,1,,none,reject,resolver found no tower
All Saints,Northallerton,N Yorkshire,1,,none,reject,resolver found no tower
St Mary Magdalene,Reigate,Surrey,1,12939,high,accept,"high confidence, verified sample and dedication tokens"
,Bathwick,,1,13019,medium,reject,adjudicated: multi-tower town with no building evidence
St Bartholomew,Marsden,West Yorkshire,1,10194,high,accept,"high confidence, verified sample and dedication tokens"
St Cuthbert,Edinburgh,Edinburgh,1,15076,high,accept,"high confidence, verified sample and dedication tokens"
Cathedral of St Peter,Bradford,West Yorkshire,1,10691,high,accept,"high confidence, verified sample and dedication tokens"
All Saints,Inveraray,Argyll & Bute,1,,none,reject,resolver found no tower
"Eaton Socon, Reach, Oldham, Glasgow & Wetton",Ringing Room,UK,1,,none,reject,resolver found no tower
St Michael & All Angels,Edenham,Lincolnshire,1,13380,high,accept,"high confidence, verified sample and dedication tokens"
10 Eden Drive,Macclesfield,Cheshire,1,,none,reject,resolver found no tower
St Dunstan,Stepney,,1,14988,high,accept,"high confidence, verified sample and dedication tokens"
St Mary Magdalene,Broughton in Furness,Lancashire,1,12615,medium,accept,"medium, fuzzy place match accepted"
Christ Church,Southgate,Middlesex,1,12730,high,accept,"high confidence, verified sample and dedication tokens"
"Ranmoor, St John the Evangelist",Sheffield,South Yorkshire,1,,none,reject,resolver found no tower
,Tamworth,,1,11411,high,accept,"high confidence, verified sample and dedication tokens"
,Dalton-in-Furness,,1,14596,medium,reject,adjudicated: multi-tower town with no building evidence
Holy Cross,Daventry,Northants,1,14260,high,accept,"high confidence, verified sample and dedication tokens"
Abbey of St Mary the Virgin and St Thomas a Becket,Wymondham,Norfolk,1,16892,high,accept,"high confidence, verified sample and dedication tokens"
St James,Bristol,Bristol,1,14342,high,accept,"high confidence, verified sample and dedication tokens"
St Edward Conf,Leek,Staffordshire,1,11585,high,accept,"high confidence, verified sample and dedication tokens"
St Giles,Willenhall,West Midlands,1,16436,high,accept,"high confidence, verified sample and dedication tokens"
,Marsden,,1,10194,high,accept,"high confidence, verified sample and dedication tokens"
Holy Trinity,Kendal,Westmorland,1,14976,high,accept,"high confidence, verified sample and dedication tokens"
The Priory Church of SS Peter and Paul,Leominster,Herefordshire,1,13718,medium,accept,"medium, building shares dedication evidence"
St Martin,Epsom,Surrey,1,11827,high,accept,"high confidence, verified sample and dedication tokens"
"Vernet-les-Bains, Oldham, Glasgow, Wetton & Great Hockham",Ringing Room,UK & France,1,,none,reject,resolver found no tower
At the Parish Church of St Dunstan,Stepney Green,Greater London,1,,none,reject,resolver found no tower
Cathedral of SS Peter and Wilfrid,Ripon,North Yorkshire,1,16628,medium,accept,"medium, building shares dedication evidence"
All Saints,Poplar,Middlesex,1,14021,high,accept,"high confidence, verified sample and dedication tokens"
All Saints,Northallerton,North Yorks,1,12067,high,accept,"high confidence, verified sample and dedication tokens"
All Saints,Youlgreave,Derbyshire,1,11474,high,accept,"high confidence, verified sample and dedication tokens"
,Egham,,1,13581,high,accept,"high confidence, verified sample and dedication tokens"
St Mary the Virgin,Masham,North Yorkshire,1,12583,high,accept,"high confidence, verified sample and dedication tokens"
Cathedral Church of St Columb,Londonderry,Derry,1,12649,high,accept,"high confidence, verified sample and dedication tokens"
Church of the Advent,Boston,,1,11198,high,accept,"high confidence, verified sample and dedication tokens"
SS Gregory and Martin,Wye,Kent,1,14113,high,accept,"high confidence, verified sample and dedication tokens"
"Cheltenham, Naperville (IL), Glasgow, Vancouver (WA), Vernet-les-Bains",Sonneur,UK & USA & France,1,,none,reject,resolver found no tower
"St Dunstan-in-the-West, Fleet St",City of London,,1,11914,high,accept,"high confidence, verified sample and dedication tokens"
St Mary the Virgin,Brixham,Devon,1,14146,high,accept,"high confidence, verified sample and dedication tokens"
Cathedral of St David,St Davids,Pembrokeshire,1,14312,high,accept,"high confidence, verified sample and dedication tokens"
All Saints,East Meon,Hampshire,1,11030,high,accept,"high confidence, verified sample and dedication tokens"
,Doulting Beacon (Knapps Farm Campanile),Somerset,1,14595,high,accept,"high confidence, verified sample and dedication tokens"
"Cathedral Church of St James and St Edmund, King and Martyr (Norman Tower)",Bury St Edmunds,Suffolk,1,12587,high,accept,"high confidence, verified sample and dedication tokens"
"Cathedral Church of  St James & St Edmund, King & Martyr",Bury St Edmunds,Suffolk,1,12587,high,accept,"high confidence, verified sample and dedication tokens"
Cathedral Church of All Saints,Wakefield,West Yorkshire,1,14172,high,accept,"high confidence, verified sample and dedication tokens"
,"Ringing Room (Eaton Socon, Oldham, Norwich, Glasgow & Glasgow)",UK,1,,none,reject,resolver found no tower
Cathedral Church of St Macartan,Enniskillen,Fermanagh,1,13372,high,accept,"high confidence, verified sample and dedication tokens"
Denmisch Ring,Exeter Cathedral School,Devon,1,,none,reject,resolver found no tower
St Alfege,Greenwich,Greater London,1,12672,high,accept,"high confidence, verified sample and dedication tokens"
St Saviour's Cathedral,Goulburn,"New South Wales, Australia",1,15655,high,accept,"high confidence, verified sample and dedication tokens"
Minster Church of St John and St Martin,Beverley,East Riding of Yorkshire,1,15335,high,accept,"high confidence, verified sample and dedication tokens"
All Saints,Hawton,Nottinghamshire,1,12556,high,accept,"high confidence, verified sample and dedication tokens"
St Mary of Charity,Faversham,Kent,1,14488,high,accept,"high confidence, verified sample and dedication tokens"
St Swithun,Retford,Nottinghamshire,1,16540,high,accept,"high confidence, verified sample and dedication tokens"
Little Creed Cottage,Bosham,West Sussex,1,,none,reject,resolver found no tower
St Mary Abbots,Kensington,,1,12662,high,accept,"high confidence, verified sample and dedication tokens"
,Dronfield Woodhouse,Derbys,1,16535,high,accept,"high confidence, verified sample and dedication tokens"
St Mary the Virgin,Berkeley,Gloucestershire,1,12607,high,accept,"high confidence, verified sample and dedication tokens"
"The Six Bells, Mill Pond Bridge",Rotherhithe,Greater London,1,,none,reject,resolver found no tower
,Charminster,,1,10352,medium,reject,adjudicated: multi-tower town with no building evidence
,Wilton,,1,17133,medium,reject,adjudicated: multi-tower town with no building evidence
62 Manor Park South,Knutsford,Cheshire,1,,none,reject,resolver found no tower
,Braintree,,1,16457,high,accept,"high confidence, verified sample and dedication tokens"
St Mary Magdalen,Oxford,Oxon.,1,14239,high,accept,"high confidence, verified sample and dedication tokens"
St Thomas of Thorverton,Thorverton,Devon,1,16860,high,accept,"high confidence, verified sample and dedication tokens"
"St Laurence, Northfield",Birmingham,W Midlands,1,10555,high,accept,"high confidence, verified sample and dedication tokens"
St Thomas,Thorverton,Devon,1,16860,high,accept,"high confidence, verified sample and dedication tokens"
"St Mary the Virgin, St Marychurch",Torquay,Devon,1,15054,high,accept,"high confidence, verified sample and dedication tokens"
"St Margaret, Altrincham",Dunham Massey,Greater Manchester,1,17902,high,accept,"high confidence, verified sample and dedication tokens"
St Wulfram,Grantham,Lincolnshire,1,15759,high,accept,"high confidence, verified sample and dedication tokens"
"Trafalgar Square, Liberties of St Martin in the Fields",Westminster,Greater London,1,15153,high,accept,"high confidence, verified sample and dedication tokens"
St Michael and All Angels,Ashton Under Lyne,Greater Manchester,1,10838,high,accept,"high confidence, verified sample and dedication tokens"
St Mary the Virgin,Shrewsbury,Salop,1,13234,high,accept,"high confidence, verified sample and dedication tokens"
Cath Ch of St John the Evangelist,Brecon,Powys,1,10499,high,accept,"high confidence, verified sample and dedication tokens"
St Padarn,Llanbadarn Fawr,Ceredigion,1,12789,high,accept,"high confidence, verified sample and dedication tokens"
St Ambrose,"Bristol, Whitehall",Bristol,1,15775,high,accept,"high confidence, verified sample and dedication tokens"
Cathedral Church of St Mary the Virgin,Glasgow,Strathclyde,1,,none,reject,resolver found no tower
St Wilfrid (RC),York,North Yorkshire,1,12165,high,accept,"high confidence, verified sample and dedication tokens"
16 College Road,Maidenhead,Berkshire,1,,none,reject,resolver found no tower
St Malachi,Hillsborough,Down,1,16595,high,accept,"high confidence, verified sample and dedication tokens"
Minster church of St John the Evangelist,Beverley,East Yorkshire,1,,none,reject,resolver found no tower
St Luke,Atlanta,"Georgia, United States of America",1,14361,high,accept,"high confidence, verified sample and dedication tokens"
St Andrew,Roker,Tyne and Wear,1,11440,high,accept,"high confidence, verified sample and dedication tokens"
St Mary,Beverley,East Yorkshire,1,,none,reject,resolver found no tower
Grace Church Cathedral,Charleston,South Carolina,1,16377,high,accept,"high confidence, verified sample and dedication tokens"
"St Paul, Jewellery Quarter",Birmingham,West Mids,1,,none,reject,resolver found no tower
,Greenwich,,1,12672,medium,reject,adjudicated: multi-tower town with no building evidence
,Hingham,,1,16018,medium,reject,adjudicated: multi-tower town with no building evidence
St Wilfrid,York,.,1,12165,high,accept,"high confidence, verified sample and dedication tokens"
Spark Bottom Farm,Chapel en le Frith,Derbyshire,1,,none,reject,resolver found no tower
St Ambrose,Bristol,,1,11859,medium,reject,adjudicated: named church is not in Dove for this town
"All Saints, Cathedral",Derby,Derbyshire,1,16607,high,accept,"high confidence, verified sample and dedication tokens"
St Mary the Virgin,"Sheffield, Ecclesfield",South Yorkshire,1,15876,high,accept,"high confidence, verified sample and dedication tokens"
St John Evan,Withycombe Raleigh,Devon,1,16183,high,accept,"high confidence, verified sample and dedication tokens"
St Mary-de-Castro,Leicester,Leicestershire,1,13828,high,accept,"high confidence, verified sample and dedication tokens"
Cathedral Church of St David,St David's,Pembrokeshire,1,,none,reject,resolver found no tower
St Michael Archangel,Lyme Regis,Dorset,1,14094,high,accept,"high confidence, verified sample and dedication tokens"
St Goranus,Gorran,Cornwall,1,14529,high,accept,"high confidence, verified sample and dedication tokens"
St Margaret,Westminster,Greater London,1,13657,high,accept,"high confidence, verified sample and dedication tokens"
St Peter,Newton le Willows,Merseyside,1,16550,high,accept,"high confidence, verified sample and dedication tokens"
St Swithun,East Retford,Nottinghamshire,1,16540,high,accept,"high confidence, verified sample and dedication tokens"
Ancient monastic site,Glenkeen,Co Tipperary,1,,none,reject,resolver found no tower
"Vernet-les-Bains, Reach, Norwich, Wetton & Great Hockham",Ringing Room,UK & France,1,,none,reject,resolver found no tower
St Brynach,Nevern,Pembrokeshire,1,16666,high,accept,"high confidence, verified sample and dedication tokens"
19b College Road,Bromley,Kent,1,,none,reject,resolver found no tower
Cathedral Church of Christ and the Blessed Virgin Mary,Worcester,Worcestershire,1,11299,high,accept,"high confidence, verified sample and dedication tokens"
St Michael and All Angels,Ledbury,Herefordshire,1,14435,high,accept,"high confidence, verified sample and dedication tokens"
Christ Church,Southgate,Greater London,1,12730,high,accept,"high confidence, verified sample and dedication tokens"
St John,Hackney,London,1,16961,high,accept,"high confidence, verified sample and dedication tokens"
St Martin,Birmingham,WM,1,,none,reject,resolver found no tower
St John the Divine,Merton,Greater London,1,16805,medium,accept,"medium, building shares dedication evidence"
All Saints,Fulham,Greater London,1,12421,high,accept,"high confidence, verified sample and dedication tokens"
,Birmingham,Warks,1,13032,medium,reject,adjudicated: multi-tower town with no building evidence
Clare College,Cambridge,Cambridgeshire,1,,none,reject,resolver found no tower
St John the Baptist,Hackney,Greater London,1,16961,high,accept,"high confidence, verified sample and dedication tokens"
"Cheltenham, Naperville (IL), Glasgow, Vancouver (WA), Vernet-les-Bains",Ringing Room,UK & USA & France,1,,none,reject,resolver found no tower
,Washington,,1,14848,medium,reject,adjudicated: multi-tower town with no building evidence
St James' Cathedral,Toronto,Ontario,1,12812,high,accept,"high confidence, verified sample and dedication tokens"
"Residence of Mr Roberts, the Union Tavern, Jamaica Row",Birmingham,,1,,none,reject,resolver found no tower
,Ringing Room,Oxford,1,,none,reject,resolver found no tower
"Our Lady and St Nicholas, Pier Head",Liverpool,Merseyside,1,13309,high,accept,"high confidence, verified sample and dedication tokens"
The Most Holy and Undivided Trinity,Hull,East Riding of Yorkshire,1,10627,medium,accept,"medium, building shares dedication evidence"
St Martin in the Fields,Westminster,Greater London,1,15153,high,accept,"high confidence, verified sample and dedication tokens"
Cathedral Church of St Paul,City of London,,1,15228,high,accept,"high confidence, verified sample and dedication tokens"
St Magnus the Martyr,London,,1,13189,high,accept,"high confidence, verified sample and dedication tokens"
Minster Church of the Most Holy and Undivided Trinity,Hull,East Riding of Yorkshire,1,10627,high,accept,"high confidence, verified sample and dedication tokens"
"Handel's Head, Burgess-Street",Sheffield,South Yorkshire,1,,none,reject,resolver found no tower
Ss Peter & Paul,Aston,West Midlands,1,10927,medium,accept,"medium, building shares dedication evidence"
30 Ann's Road,Cambridge,Cambridgeshire,1,,none,reject,resolver found no tower
St Chad,Shrewsbury,Shropshire,1,10593,high,accept,"high confidence, verified sample and dedication tokens"
Cathedral Church of St Nicholas,Newcastle upon Tyne,Northumberland,1,,none,reject,resolver found no tower
Cleatham House Farm,Cleatham,Lincs,1,,none,reject,resolver found no tower
"Vernet-les-Bains, Wetton, Cambridge, Sabarat, Glasgow",Ringing Room,UK & France,1,,none,reject,resolver found no tower
Loughrigg,Tollerton,Nottinghamshire,1,11010,medium,reject,adjudicated: building appears to be a house name
St Sepulchre without Newgate,London,,1,17135,high,accept,"high confidence, verified sample and dedication tokens"
St Magnus the Martyr,City of London,London,1,13189,high,accept,"high confidence, verified sample and dedication tokens"
18 Heyford Hill Lane,"Littlemore, Oxford",,1,,none,reject,resolver found no tower
Cathedral,Wakefield,,1,14172,high,accept,"high confidence, verified sample and dedication tokens"
,49 St John Street,York,1,,none,reject,resolver found no tower
St.Mary and St. Germanus,Selby,North Yorkshire,1,,none,reject,resolver found no tower
Cathedral Church of The Holy Spirit,Guildford,Surrey,1,14593,high,accept,"high confidence, verified sample and dedication tokens"
"The White Horse, Boughton Street",Boughton under Blean,Kent,1,,none,reject,resolver found no tower
"Vernet-les-Bains, Great Hockham, Oldham, Huningue, Vancouver (WA) & South Walsham",Ringing Room,"UK, France & USA",1,,none,reject,resolver found no tower
St Saviour,Southwark,,1,16296,high,accept,"high confidence, verified sample and dedication tokens"
St Mary The Virgin,Grundisburgh,Suffolk,1,11974,high,accept,"high confidence, verified sample and dedication tokens"
Cathedral Church of St Saviour and St Mary Overie,Southwark,Surrey,1,,none,reject,resolver found no tower
St Michael and All Angels,Ashton under Lyne,Lancashire,1,10838,high,accept,"high confidence, verified sample and dedication tokens"
Holy Spirit,Guildford,Surrey,1,14593,high,accept,"high confidence, verified sample and dedication tokens"
CATHEDRAL OF ST PHILIP,Birmingham,West Midlands,1,15513,high,accept,"high confidence, verified sample and dedication tokens"
All Saints,Kingston upon Thames,Greater London,1,12227,high,accept,"high confidence, verified sample and dedication tokens"
Cathedral and Metropolitical Church of St Peter,York,North Yorkshire,1,11340,high,accept,"high confidence, verified sample and dedication tokens"
"CSE/204, Ian Wand Building",York,,1,,none,reject,resolver found no tower
St Mary Redcliffe,Bristol,,1,12166,high,accept,"high confidence, verified sample and dedication tokens"
The Dog and Bear,Lenham,Kent,1,14571,medium,reject,adjudicated: building appears to be a house name
USA,Ringing Room,,1,,none,reject,resolver found no tower
Near St Martin's Church,Birmingham,West Midlands,1,14891,high,accept,"high confidence, verified sample and dedication tokens"
St Mary the Virgin,Painswick,Gloucestershire,1,14196,high,accept,"high confidence, verified sample and dedication tokens"
St Peter and St Paul,Aston,West Midlands,1,10927,high,accept,"high confidence, verified sample and dedication tokens"
"Vernet-les-Bains, Oldham, Norwich, Glasgow, Orwell & Great Hockham",Ringing Room,UK & France,1,,none,reject,resolver found no tower
Priory Church of the Holy Trinity,Christchurch,Dorset,1,10415,high,accept,"high confidence, verified sample and dedication tokens"
St Mary and All Saints,Kidderminster,Worcestershire,1,13561,high,accept,"high confidence, verified sample and dedication tokens"
150 Narborough Road South,Leicester,Leicestershire,1,,none,reject,resolver found no tower
"Vernet-les-Bains, Glasgow, Norwich, Cambridge, Wetton & Great Hockham",Ringing Room,,1,,none,reject,resolver found no tower
Cathedral,Coventry,,1,15631,high,accept,"high confidence, verified sample and dedication tokens"
7 Laburnham Drive,Maidenhead,Berkshire,1,,none,reject,resolver found no tower
Cathedral Church of St Michael,Coventry,West Midlands,1,13274,high,accept,"high confidence, verified sample and dedication tokens"
St Alphege,Solihull,Warwickshire,1,11354,high,accept,"high confidence, verified sample and dedication tokens"
"Vernet-les-Bains, Reach, Oldham, Glasgow, Reach & Sabarat",Ringing Room,UK & France,1,,none,reject,resolver found no tower
"Bitterne Park, The Ascension",Southampton,Hampshire,1,11712,high,accept,"high confidence, verified sample and dedication tokens"
,Stockton on Tees,,1,13790,medium,reject,adjudicated: multi-tower town with no building evidence
St Nicholas,Great Yarmouth,Norfolk,1,13794,high,accept,"high confidence, verified sample and dedication tokens"
St Swithun,East Grinstead,Sussex,1,15810,high,accept,"high confidence, verified sample and dedication tokens"
,Benenden,Kent,1,10534,high,accept,"high confidence, verified sample and dedication tokens"
112 Hartington Grove,Cambridge,,1,,none,reject,resolver found no tower
St Nicholas,Liverpool,,1,13309,high,accept,"high confidence, verified sample and dedication tokens"
"Cathedral Church of SS Peter, Paul and Andrew",Peterborough,Cambridgeshire,1,16247,medium,accept,"medium, building shares dedication evidence"
Cathedral,Peterborough,,1,16247,high,accept,"high confidence, verified sample and dedication tokens"
St Matthew,Walsall,Staffordshire,1,15867,high,accept,"high confidence, verified sample and dedication tokens"
"Vernet-les-Bains, Wetton, Norwich, Cambridge, Great Hockham & Glasgow",Ringing Room,UK & France,1,,none,reject,resolver found no tower
St Peter,Leeds,West Yorkshire,1,13165,high,accept,"high confidence, verified sample and dedication tokens"
St Mary the Virgin,Nottingham,,1,10637,high,accept,"high confidence, verified sample and dedication tokens"
St Mary Magdalene,Taunton,Somerset,1,10956,high,accept,"high confidence, verified sample and dedication tokens"
Cathedral,Exeter,,1,13963,high,accept,"high confidence, verified sample and dedication tokens"
Minster Church of St Thomas of Canterbury and St Thomas the Apostle,Newport,Hampshire,1,16960,high,accept,"high confidence, verified sample and dedication tokens"
St Swithun,East Grinstead,West Sussex,1,15810,high,accept,"high confidence, verified sample and dedication tokens"
8 Halkingcroft,Langley,Berkshire,1,,none,reject,resolver found no tower
St Stephen the Martyr,Bristol,Avon,1,,none,reject,resolver found no tower
Church House,Melbourne,Derbys,1,,none,reject,resolver found no tower
"80 Lambourne Drive, Cox Green",Maidenhead,,1,,none,reject,resolver found no tower
,Kingston-upon-Thames,,1,12227,medium,reject,adjudicated: multi-tower town with no building evidence
St Mary le Bow,London,Greater London,1,10588,high,accept,"high confidence, verified sample and dedication tokens"
,Kidderminster,,1,13561,medium,reject,adjudicated: multi-tower town with no building evidence
,Marlow,Bucks,1,11718,high,accept,"high confidence, verified sample and dedication tokens"
St Peter and St Paul,Aston,Warwickshire,1,10927,high,accept,"high confidence, verified sample and dedication tokens"
St Sepulchre without Newgate,City Of London,London,1,17135,high,accept,"high confidence, verified sample and dedication tokens"
,Newport,Isle of Wight,1,16960,high,accept,"high confidence, verified sample and dedication tokens"
,Oldham,,1,12889,medium,reject,adjudicated: multi-tower town with no building evidence
St Mary-le-Tower,Ipswich,Suffolk,1,11217,high,accept,"high confidence, verified sample and dedication tokens"
3 Prospect Row,Cambridge,,1,,none,reject,resolver found no tower
Collegiate Church of St Peter,Wolverhampton,West Midlands,1,14874,high,accept,"high confidence, verified sample and dedication tokens"
Cathedral of SS Peter and Paul,Sheffield,South Yorkshire,1,13787,medium,accept,"medium, building shares dedication evidence"
"Cathedral Church of Holy Trinity, St Peter, St Paul and St Swithun",Winchester,Hampshire,1,24847,high,accept,"high confidence, verified sample and dedication tokens"
St Mary-le-Bow,City of London,,1,10588,high,accept,"high confidence, verified sample and dedication tokens"
Priory Church of Holy Trinity,Christchurch,Dorset,1,10415,high,accept,"high confidence, verified sample and dedication tokens"
27 Lynn Road,Ely,Cambridgeshire,1,,none,reject,resolver found no tower
SS Peter and Paul,Aston,West Midlands,1,10927,medium,accept,"medium, building shares dedication evidence"
1 Hargrave Road,Maidenhead,Berkshire,1,,none,reject,resolver found no tower
Cathedral church of the Blessed Virgin Mary,Lincoln,Lincolnshire,1,12153,high,accept,"high confidence, verified sample and dedication tokens"
Cath Ch of Blessed Virgin Mary,Lincoln,,1,12153,high,accept,"high confidence, verified sample and dedication tokens"
Cathedral Church of Christ and the Blessed Virgin Mary,Chester,Cheshire,1,15972,high,accept,"high confidence, verified sample and dedication tokens"
St Chad,Shrewsbury,,1,10593,high,accept,"high confidence, verified sample and dedication tokens"
5 The Croft,Marlow,Buckinghamshire,1,,none,reject,resolver found no tower
St Peter,South Croydon,Surrey,1,,none,reject,resolver found no tower
All Saints',Worcester,Worcestershire,1,11249,high,accept,"high confidence, verified sample and dedication tokens"
9G Highbury Crescent,Islington,Greater London,1,,none,reject,resolver found no tower
The Minster Church of All Saints,Rotherham,South Yorkshire,1,11336,high,accept,"high confidence, verified sample and dedication tokens"
SS Peter and Paul,Aston,Birmingham,1,10927,high,accept,"high confidence, verified sample and dedication tokens"
SS Saviour and Mary Overie,Southwark,Surrey,1,,none,reject,resolver found no tower
"Myrtle Tree Inn, Thomas Street",Bristol,Bristol,1,,none,reject,resolver found no tower
Neuadd,Llangorse,Brecon,1,,none,reject,resolver found no tower
"Holborn Viaduct, St Sepulchre without Newgate",London,Greater London,1,17135,high,accept,"high confidence, verified sample and dedication tokens"
Cathedral Church of Christ,Oxford,Oxfordshire,1,14542,high,accept,"high confidence, verified sample and dedication tokens"
St Sepulchre without Newgate,Holborn Viaduct,City of London,1,17135,high,accept,"high confidence, verified sample and dedication tokens"
Stargazer,River Severn near Hampstall Inn,Worcestershire,1,,none,reject,resolver found no tower
14 Latham Road,Cambridge,Cambridgeshire,1,,none,reject,resolver found no tower
,Painswick,Gloucestershire,1,14196,high,accept,"high confidence, verified sample and dedication tokens"
St Martin's Belfry,Birmingham,,1,14891,high,accept,"high confidence, verified sample and dedication tokens"
,Glenfield,Leics,1,20324,high,accept,"high confidence, verified sample and dedication tokens"
Aldenham School,Aldenham,Hertfordshire,1,15828,medium,reject,adjudicated: named private ring or non-church venue
12 Hertford Street,Cambridge,,1,,none,reject,resolver found no tower
"Vernet-les-Bains, Oldham, Cambridge, Reach, Eaton Socon, Wetton & Great Hockham",Ringing Room,UK & France,1,,none,reject,resolver found no tower
,Southampton,Hants,1,13796,medium,reject,adjudicated: multi-tower town with no building evidence
"24, Suffolk Road",Enfield,Middlesex,1,,none,reject,resolver found no tower
"Cathedral Church of Holy Trinity, SS Peter, Paul & Swithun",Winchester,Hampshire,1,24847,high,accept,"high confidence, verified sample and dedication tokens"
22 Groby Road,Glenfield,Leicestershire,1,,none,reject,resolver found no tower
Cathedral,Winchester,Hampshire,1,14349,high,accept,"high confidence, verified sample and dedication tokens"
Zermatt,Crowthorne,Berks,1,25623,medium,reject,adjudicated: building appears to be a house name
"Cathedral Church of the Holy Trinity, SS Peter, Paul and Swithun",Winchester,Hampshire,1,24847,high,accept,"high confidence, verified sample and dedication tokens"
19 Trumpington St,Cambridge,Cambridgeshire,1,,none,reject,resolver found no tower
St Martin-in-the-Bullring,Birmingham,West Midlands,1,14891,high,accept,"high confidence, verified sample and dedication tokens"
Christ Church Diocesan Cathedral,Dublin,Eire,1,,none,reject,resolver found no tower
Christ's College,Cambridge,,1,25482,medium,accept,"medium, building shares dedication evidence"
"Vernet-les-Bains, Reach, Norwich, Reach, Oldham, Glasgow, Wetton & Great Hockham",Ringing Room,UK & France,1,,none,reject,resolver found no tower
The Swan Tower,Perth,Western Australia,1,16028,medium,accept,"medium, building shares dedication evidence"
St Martin in the Bullring,Birmingham,West Mids,1,,none,reject,resolver found no tower
St Martin-in-the-Bullring,Birmingham,West Mids,1,,none,reject,resolver found no tower
,Towcester,Northants,1,12719,high,accept,"high confidence, verified sample and dedication tokens"
12 Hertford Street,Cambridge,Cambridgeshire,1,,none,reject,resolver found no tower
170 Murray Road,Ealing,,1,,none,reject,resolver found no tower
