building,town,county,occurrences,dove_tower_id,confidence,alternatives,reasoning
,Kington & Presteigne,Herefordshire & Powys,812,13373,medium,14991,Dual tower festival/circuit across Kington (Herefordshire 13373) and Presteigne (Powys 14991)
,Ringing Room,UK,581,,none,,Virtual ringing platform or dispersed locations
Holy Trinity,Stow Bardolph,Norfolk,562,12914,high,,Unique tower in Stow Bardolph; dedication 'Holy Trinity' matches 'Holy Trinity'
12 Victoria Street,Cambridge,Cambridgeshire,557,,none,,Private residence address (handbell ring)
S Andrew the Great,Cambridge,,496,15139,high,12645;16664;14964;17550;13803;13748;10395;18933;18934;25479,Resolved dedication 'S Andrew Gt' (Cambridge) among 28 towers in town
2 Pretyman Avenue,Bacton,Suffolk,460,,none,,Private residence address (handbell ring)
23 Gilpin Green,Harpenden,Hertfordshire,428,,none,,Private residence address (handbell ring)
Bellfoundry,Loughborough,,329,10191,high,16752;21820;21821;21822;17781,Resolved dedication 'Bell Foundry Tower' (Loughborough) among 6 towers in town
,Meldreth,,328,16937,high,,Unique tower in Meldreth (Cambridgeshire); building unspecified in source
St Bartholomew,Sproxton,Leicestershire,295,11573,high,,Unique tower in Sproxton; dedication 'S Bartholomew' matches 'St Bartholomew'
,Stratton St Margaret,Wiltshire,269,12307,high,,Unique tower in Stratton St Margaret (Wiltshire); building unspecified in source
Sacred Trinity,Salford,,260,13054,high,13908;23147;23149,Resolved dedication 'Sacred Trinity' (Salford) among 4 towers in town
All Saints,Huntsham,Devon,217,14870,high,,Unique tower in Huntsham; dedication 'All Saints' matches 'All Saints'
Vale View Cottages,Batheaston,Somerset,209,,none,,Private residence name (handbell ring)
23 Albany Road,St Leonards on Sea,Sussex,200,,none,,Private residence address (handbell ring)
Reynards,Heathfield,Sussex,196,,none,,Private domestic mini-ring or residence (handbell ring)
St Peter,Saltby,Leicestershire,194,12864,high,,Unique tower in Saltby; dedication 'S Peter' matches 'St Peter'
Christ Church,Claremont,Western Australia,190,11687,high,,Unique tower in Claremont; dedication 'Christ Church' matches 'Christ Church'
,Barrow Gurney,,189,13023,high,,Unique tower in Barrow Gurney (Somerset); building unspecified in source
St Margaret,Great Barr,West Midlands,180,12494,high,25218,Resolved dedication 'S Margaret' (Great Barr) among 2 towers in town
St Mary,Beetley,Norfolk,168,14067,high,,Unique tower in Beetley; dedication 'S Mary' matches 'St Mary'
St Mary,Willesden,Middlesex,162,14613,high,24812;24813,Resolved dedication 'S Mary' (Willesden) among 3 towers in town
St John,Coppull,Lancashire,157,11331,high,19358,Resolved dedication 'S John' (Coppull) among 2 towers in town
NB Thistle,Wootton Wawen,Warwickshire,146,,none,,Vessel / narrowboat (mobile mini-ring or handbell)
St John the Baptist,Great Amwell,Hertfordshire,141,16992,high,,Unique tower in Great Amwell; dedication 'S John Bapt' matches 'St John the Baptist'
St Margaret of Antioch,Stratton St Margaret,Wiltshire,135,12307,high,,Unique tower in Stratton St Margaret; dedication 'S Margaret of Antioch' matches 'St Margaret of Antioch'
Bell Foundry Tower,Loughborough,Leicestershire,130,10191,high,16752;21820;21821;21822;17781,Resolved dedication 'Bell Foundry Tower' (Loughborough) among 6 towers in town
St Peter,Burnley,Lancashire,128,14659,high,18823;18817;18818;18819;18820;18821;18822,Resolved dedication 'S Peter' (Burnley) among 8 towers in town
"Apartment 20, 66 Graham Street",Birmingham,West Midlands,127,,none,,Private residence name (handbell ring)
St Thomas of Canterbury,Thorverton,Devon,122,16860,high,,Unique tower in Thorverton; dedication 'S Thomas of Canterbury' matches 'St Thomas of Canterbury'
St Laurence,Reading,Berkshire,114,10597,high,16811;16674;22958;22959;22960;17427;25652;25109;22962;22963,Resolved dedication 'S Laurence' (Reading) among 13 towers in town
"Christ Church, Dore",Sheffield,South Yorkshire,111,15539,high,,"Resolved via parish in building 'Dore' (Dore, Christ Church)"
All Saints,Trysull,Staffordshire,108,14642,high,,Unique tower in Trysull; dedication 'All Saints' matches 'All Saints'
14 Paget Place,Newmarket,Suffolk,103,,none,,Private residence address (handbell ring)
26 Redlands Road,Reading,Berkshire,101,,none,,Private residence address (handbell ring)
St Matthew,Walsall,,101,15867,high,24394;24395,Resolved dedication 'S Matthew' (Walsall) among 3 towers in town
St James,Bushey,Hertfordshire,99,13627,high,18871,Resolved dedication 'S James' (Bushey) among 2 towers in town
St Margaret,Hinton Waldrist,Oxfordshire,98,16613,high,,Unique tower in Hinton Waldrist; dedication 'S Margaret' matches 'St Margaret'
Holy Trinity,Rothwell,Northamptonshire,96,16897,high,,Unique tower in Rothwell; dedication 'Holy Trinity' matches 'Holy Trinity'
Blessed Virgin Mary and St Edward King and Martyr,Barrow Gurney,Somerset,95,13023,high,,Unique tower in Barrow Gurney; dedication 'Blessed Virgin Mary & S Edward K&M' matches 'Blessed Virgin Mary and St Edward King and Martyr'
Holy Trinity,Meldreth,Cambridgeshire,93,16937,high,,Unique tower in Meldreth; dedication 'Holy Trinity' matches 'Holy Trinity'
Cathedral Church of St Philip,Birmingham,West Midlands,90,15513,high,13032;14891;12955;25526;25540;25808,Resolved dedication 'Cath Ch of S Philip' (Birmingham) among 7 towers in town
SS Peter and Paul,Eye,Herefordshire,85,15447,high,,Unique tower in Eye; dedication 'S Peter & S Paul' matches 'SS Peter and Paul'
Christ Church (Churchyard),Fairwarp,East Sussex,85,16191,high,,Unique tower in Fairwarp; dedication 'Christ Church' matches 'Christ Church (Churchyard)'
131 Shawclough Way,Rochdale,Lancashire,81,,none,,Private residence address (handbell ring)
,Heywood,,80,10893,medium,20854;20855,Partial dedication match for 'S Luke' among 3 towers in town
St Leonard,Shoreditch,Middlesex,80,11847,high,,Unique tower in Shoreditch; dedication 'S Leonard' matches 'St Leonard'
St Nicholas,Grosmont,Monmouthshire,79,11026,high,,Unique tower in Grosmont; dedication 'S Nicholas' matches 'St Nicholas'
St Denys,Stanford Dingley,Berkshire,77,13000,high,,Unique tower in Stanford Dingley; dedication 'S Denys' matches 'St Denys'
Fairlight Ring,Baunton,Gloucestershire,77,25194,high,18194,Resolved dedication 'Fairlight Ring' (Baunton) among 2 towers in town
"Lyndhurst, 5 Copley Lane, Robin Hood",Wakefield,Yorkshire,76,,none,,Private residence name (handbell ring)
St Paul,Fulney,Lincolnshire,75,10977,high,,Unique tower in Fulney; dedication 'S Paul' matches 'St Paul'
,Moulton,Northants,75,13208,high,,Unique tower in Moulton (Northamptonshire); building unspecified in source
St Thomas the Martyr,Oxford,Oxfordshire,74,11759,high,14542;10172;11850;12299;11203;16203;13271;13903;10326;10578,Resolved dedication 'S Thomas M' (Oxford) among 26 towers in town
St George in the East,Stepney,Greater London,74,17069,high,14988;23768;25672,Resolved dedication 'S George in the East' (Stepney) among 4 towers in town
St Mary,East Ilsley,Berkshire,74,10316,high,,Unique tower in East Ilsley; dedication 'S Mary' matches 'St Mary'
,Daventry,,73,14260,high,,Unique tower in Daventry (Northamptonshire); building unspecified in source
Pig-le-Tower,Marston Bigot,Somerset,72,,none,,Private domestic mini-ring or residence (handbell ring)
St James the Apostle,Bushey,Hertfordshire,72,13627,high,18871,Resolved dedication 'S James' (Bushey) among 2 towers in town
St Martin,Birmingham,West Midlands,71,14891,high,13032;15513;12955;25526;25540;25808,Resolved dedication 'S Martin' (Birmingham) among 7 towers in town
,Burton Latimer,,71,12365,high,,Unique tower in Burton Latimer (Northamptonshire); building unspecified in source
All Saints,Barrowby,Lincolnshire,69,12968,high,,Unique tower in Barrowby; dedication 'All Saints' matches 'All Saints'
,Southampton,,69,13796,medium,10453;13354;11712;20881;25539;23552;25687;23549;23550;25418,Partial dedication match for 'S Barnabas' among 12 towers in town
"Mor Awelon, Lon Derw",Tycoch,Swansea,68,,none,,Private domestic mini-ring or residence (handbell ring)
St Mary,Harkstead,Suffolk,67,14259,high,,Unique tower in Harkstead; dedication 'S Mary' matches 'St Mary'
St Leonard,Shoreditch,Greater London,67,11847,high,,Unique tower in Shoreditch; dedication 'S Leonard' matches 'St Leonard'
,Birstall,Yorks,65,13433,high,,Unique tower in Birstall (West Yorkshire); building unspecified in source
St George and St Mary,Church Gresley,Derbyshire,64,12511,high,,Unique tower in Church Gresley; dedication 'S George & S Mary' matches 'St George and St Mary'
St Blaise,Milton,Oxfordshire,64,15970,high,22127,Resolved dedication 'S Blaise' (Milton) among 2 towers in town
,Easton Neston,,60,14582,high,,Unique tower in Easton Neston (Northamptonshire); building unspecified in source
Cathedral,Birmingham,,59,16786,high,13032;15513;14891;12955;25526;25540;25808,Resolved dedication 'Cath Ch of S Paul' (Birmingham) among 8 towers in town
St Michael Archangel,Warfield,Berkshire,59,14430,high,,Unique tower in Warfield; dedication 'S Michael Archangel' matches 'St Michael Archangel'
St Michael,Haselbech,Northamptonshire,57,15424,high,,Unique tower in Haselbech; dedication 'S Michael' matches 'St Michael'
Cathedral Church of St Martin,Leicester,Leicestershire,57,12250,high,10495;13828;21538;21539;21540;21541;21542;21544;21545;21546,Resolved dedication 'Cath Ch of S Martin' (Leicester) among 15 towers in town
St John the Baptist,Hannington,Wiltshire,56,11536,high,,Unique tower in Hannington; dedication 'S John Bapt' matches 'St John the Baptist'
Bishops-Ting-Tong,Bishopsteignton,Devon,56,25195,high,11343,Resolved dedication 'Bishops-Ting-Tong' (Bishopsteignton) among 2 towers in town
"St Laurence, Hull Road",York,,56,16125,high,11340;13714;16004;11426;15985;13479;12165;10509;11836;10444,Resolved dedication 'S Lawrence' (York) among 24 towers in town
Christ Church with St Ewen,Bristol,Bristol,56,15455,high,10300;10331;14342;11615;14422;12166;15180;12993;12039;16354,Resolved dedication 'Christ Church' (Bristol) among 17 towers in town
Cathedral Church of St Paul,Wellington,New Zealand,55,10533,high,13770;16362,Resolved dedication 'Cath Ch of S Paul' (Wellington) among 3 towers in town
St Lawrence,Hungerford,Berkshire,55,11892,high,,Unique tower in Hungerford; dedication 'S Lawrence' matches 'St Lawrence'
St George,Ticknall,Derbyshire,54,15214,high,,Unique tower in Ticknall; dedication 'S George' matches 'St George'
St Edmund King and Martyr,Holme Pierrepont,Nottinghamshire,53,11290,high,,Unique tower in Holme Pierrepont; dedication 'S Edmund K&M' matches 'St Edmund King and Martyr'
,Thatcham,,53,15128,high,,Unique tower in Thatcham (Berkshire); building unspecified in source
Christ Church,Spitalfields,Greater London,52,13840,high,,Unique tower in Spitalfields; dedication 'Christ Church' matches 'Christ Church'
,South Wigston,,52,11096,high,,Unique tower in South Wigston (Leicestershire); building unspecified in source
,Barrow-on-Soar,Leics,52,14755,high,,Unique tower in Barrow upon Soar (Leicestershire); building unspecified in source
All Saints,Maidstone,Kent,50,11883,high,12644;21917;21918;21919;21920;21921;21922,Resolved dedication 'All Saints' (Maidstone) among 8 towers in town
St Peter,Derby,Derbyshire,48,10354,high,16607;16699;19605;19606;19609;19610;19611;19613,Resolved dedication 'S Peter' (Derby) among 9 towers in town
St Mary and All Saints,Willingham,Cambridgeshire,48,16597,high,25261,Resolved dedication 'S Mary & All Saints' (Willingham) among 2 towers in town
"St Sepulchre without Newgate, Holborn Viaduct",City of London,,48,17135,high,15228;11081;13868;12429;13028;11914;16634;16578;10471;16020,Resolved dedication 'S Sepulchre without Newgate' (London) among 42 towers in town
St Michael,Shepton Beauchamp,,48,12916,high,,Unique tower in Shepton Beauchamp; dedication 'S Michael' matches 'St Michael'
,Saltby,,47,12864,high,,Unique tower in Saltby (Leicestershire); building unspecified in source
28 Harmers Hay Road,Hailsham,East Sussex,46,,none,,Private residence address (handbell ring)
46 Orchard Drive,St Albans,Hertfordshire,45,,none,,Private residence address (handbell ring)
89 Wheatear Road,Yatton,Somerset,45,,none,,Private residence address (handbell ring)
4 Bannutree Cottages,Bridstow,Herefordshire,45,,none,,Private residence address (handbell ring)
St Uny,Lelant,Cornwall,44,16230,high,,Unique tower in Lelant; dedication 'S Uny' matches 'St Uny'
7 Laburnham Road,Maidenhead,Berkshire,44,,none,,Private residence address (handbell ring)
Southrise,Crowhurst,East Sussex,43,,none,,Private domestic mini-ring or residence (handbell ring)
,St Albans,Herts,43,15782,medium,14427;11034;10871;23608;23609;23610;21987,Partial dedication match for 'Cath & Abbey Ch of S Alban' among 8 towers in town
Beckington,Hereford,Herefordshire,43,,none,,Private domestic mini-ring or residence (handbell ring)
"St Paul, Jewellery Quarter",Birmingham,,43,12955,high,16786;13032;15513;14891;25526;25540;25808,Resolved dedication 'S Paul' (Birmingham) among 8 towers in town
,Stratton St Margaret,,43,12307,high,,Unique tower in Stratton St Margaret (Wiltshire); building unspecified in source
St Giles,West Bridgford,Nottinghamshire,43,11771,high,24556,Resolved dedication 'S Giles' (West Bridgford) among 2 towers in town
3 Ditton Lane,Cambridge,Cambridgeshire,43,,none,,Private residence address (handbell ring)
St Paul,Walkden,Lancashire,42,12869,high,,Unique tower in Walkden; dedication 'S Paul' matches 'St Paul'
,Barrowford,,42,25427,high,,Unique tower in Barrowford (Lancashire); building unspecified in source
All Saints,Tarrant Keyneston,Dorset,41,15231,high,,Unique tower in Tarrant Keyneston; dedication 'All Saints' matches 'All Saints'
St Michael,Fobbing,Essex,41,15181,high,,Unique tower in Fobbing; dedication 'S Michael' matches 'St Michael'
Christ Church,"Sheffield, Dore",South Yorkshire,41,15539,high,,"Resolved via suburb/parish 'Dore' in town name (Dore, Christ Church)"
St Mary de Castro,Leicester,Leicestershire,41,13828,high,12250;10495;21538;21539;21540;21541;21542;21544;21545;21546,Resolved dedication 'S Mary de Castro' (Leicester) among 15 towers in town
University Church of St Mary the Great,Cambridge,Cambridgeshire,40,13748,high,12645;15139;16664;14964;17550;13803;18933;18934;25479;18935,Resolved dedication 'Univ Ch of S Mary Gt' (Cambridge) among 27 towers in town
St Mary,Thatcham,Berkshire,40,15128,high,,Unique tower in Thatcham; dedication 'S Mary' matches 'St Mary'
,Ringing Room,UK & USA,40,,none,,Virtual ringing platform or dispersed locations
St Mary de Castro,Leicester,,40,13828,high,12250;10495;21538;21539;21540;21541;21542;21544;21545;21546,Resolved dedication 'S Mary de Castro' (Leicester) among 15 towers in town
,Lockington,,40,14614,medium,21734,Partial dedication match for 'S Nicholas' among 2 towers in town
St Leonard,Marston Bigot,Somerset,39,17035,high,,Unique tower in Marston Bigot; dedication 'S Leonard' matches 'St Leonard'
St Peter,Belper,Derbyshire,39,16536,high,18259;18260;18261,Resolved dedication 'S Peter' (Belper) among 4 towers in town
106 Beaumont Road,Barrow on Soar,,39,,none,,Private residence address (handbell ring)
4 Spencer St,Eastwood,New South Wales,38,,none,,Private residence address (handbell ring)
St Mary Magdalen,Oxford,Oxfordshire,38,14239,high,14542;10172;11850;12299;11203;16203;13271;13903;10326;10578,Resolved dedication 'S Mary Magdalen' (Oxford) among 26 towers in town
St Thomas the Apostle,Heptonstall,West Yorkshire,38,16233,high,,Unique tower in Heptonstall; dedication 'S Thomas Ap' matches 'St Thomas the Apostle'
St Lawrence,Longney,Gloucestershire,38,12074,high,,Unique tower in Longney; dedication 'S Lawrence' matches 'St Lawrence'
"St James Garlickhythe, Garlick Hill",City of London,,37,16578,high,15228;11081;13868;12429;13028;11914;16634;10471;16020;13189,Resolved dedication 'S James Garlickhythe' (London) among 42 towers in town
St Andrew's Centre,Pershore,Worcestershire,37,11394,high,14267,Resolved dedication 'S Andrew's Centre' (Pershore) among 2 towers in town
The Vicarage,Bretton,Peterborough,37,,none,,Private residence name (handbell ring)
Christ Church,Swindon,Wiltshire,37,10478,high,14500;23947;23949;23950;10808,Resolved dedication 'Christ Church' (Swindon) among 6 towers in town
St Andrew,Lismore,New South Wales,36,13969,high,,Unique tower in Lismore; dedication 'S Andrew' matches 'St Andrew'
Sacred Trinity,Salford,Greater Manchester,36,13054,high,23149,Resolved dedication 'Sacred Trinity' (Salford) among 2 towers in town
"St Michael, Cornhill",City of London,,36,16131,high,15228;11081;13868;12429;13028;11914;16634;16578;10471;16020,Resolved dedication 'S Michael' (London) among 42 towers in town
Elizabeth College Mini Ring,St Peter Port,Guernsey,35,25248,high,12882;12910;23667;23668,Resolved dedication 'Elizabeth College' (St Peter Port) among 5 towers in town
St Andrew,North Kilworth,Leicestershire,35,13520,high,,Unique tower in North Kilworth; dedication 'S Andrew' matches 'St Andrew'
St Peter,Northampton,Northamptonshire,35,15709,high,12689;13195;13785;22461;22462;22463;17615;22465;12544;15899,Resolved dedication 'S Peter' (Northampton) among 15 towers in town
St James Garlickhythe,City of London,,35,16578,high,15228;11081;13868;12429;13028;11914;16634;10471;16020;13189,Resolved dedication 'S James Garlickhythe' (London) among 42 towers in town
,Rothwell,Northants,35,16897,high,,Unique tower in Rothwell (Northamptonshire); building unspecified in source
St Giles,Northampton,Northamptonshire,35,13785,high,12689;13195;15709;22461;22462;22463;17615;22465;12544;15899,Resolved dedication 'S Giles' (Northampton) among 15 towers in town
St Magnus the Martyr,City of London,,35,13189,high,15228;11081;13868;12429;13028;11914;16634;16578;10471;16020,Resolved dedication 'S Magnus the Martyr' (London) among 42 towers in town
St John the Baptist,Holywell,Cambridgeshire,34,15952,high,,Unique tower in Holywell; dedication 'S John Bapt' matches 'St John the Baptist'
SS Mary and Michael,Trumpington,Cambridgeshire,34,10245,high,,Unique tower in Trumpington; dedication 'S Mary & S Michael' matches 'SS Mary and Michael'
All Saints,Maidstone,,34,11883,high,12644;21917;21918;21919;21920;21921;21922,Resolved dedication 'All Saints' (Maidstone) among 8 towers in town
NB Thistle,Edstone Aqueduct,Warwickshire,33,,none,,Vessel / narrowboat (mobile mini-ring or handbell)
All Saints,Harrow Weald,Greater London,33,14329,high,20659,Resolved dedication 'All Saints' (Harrow Weald) among 2 towers in town
St Leonard,Middleton,Greater Manchester,33,16137,high,17672,Resolved dedication 'S Leonard' (Middleton) among 2 towers in town
St Clement Danes,Westminster,Greater London,33,13512,high,13657;15153;14872;12465;25551;25523;25538;24658;24660;24654,Resolved dedication 'S Clement Danes' (Westminster) among 16 towers in town
St Mary the Virgin and All Saints,Langdon Hills,Essex,32,10356,high,,Unique tower in Langdon Hills; dedication 'S Mary V & All Saints' matches 'St Mary the Virgin and All Saints'
The John David Ring,Wellington,New Zealand,32,,none,10533;13770;16362,Unresolved: 'The John David Ring' did not match any of the 3 towers in Wellington
Mindinho-le-Tower,Newmarket,Suffolk,32,,none,16670;12240,Unresolved: 'Mindinho-le-Tower' did not match any of the 2 towers in Newmarket
St Michael and All Angels,Highclere,Hampshire,32,12671,high,25413,Resolved dedication 'S Michael & All Angels' (Highclere) among 2 towers in town
The Bicycle Ring,Cheltenham,Gloucestershire,31,25201,high,15204;15682;12704;19100;19101;19102;19103;25110;19104;19105,Resolved dedication 'The Bicycle Ring' (Cheltenham) among 15 towers in town
St Mary the Virgin,Burton Latimer,Northamptonshire,31,12365,high,,Unique tower in Burton Latimer; dedication 'S Mary V' matches 'St Mary the Virgin'
St Mary the Blessed Virgin,Stanwell,Middlesex,30,,none,,No matching tower found for 'Stanwell' in Dove register
St Mary the Virgin,Disley,Cheshire,30,15142,high,,Unique tower in Disley; dedication 'S Mary V' matches 'St Mary the Virgin'
St Bartholomew,"Birmingham, Edgbaston",West Midlands,30,10824,high,,"Resolved via suburb/parish 'Edgbaston' in town name (Edgbaston, S Bartholomew)"
St Peter,Leckhampton,Gloucestershire,30,12596,high,21513,Resolved dedication 'S Peter' (Leckhampton) among 2 towers in town
55 St Martin's Road,Bristol,Bristol,30,,none,,Private residence address (handbell ring)
,"Ringing Room, UK",,30,,none,,"No matching tower found for 'Ringing Room, UK' in Dove register"
,Chigwell,,30,13109,high,,Unique tower in Chigwell (Essex); building unspecified in source
St James,Accrington,Lancashire,30,10851,high,17811;17574;22961;17813,Resolved dedication 'S James' (Accrington) among 5 towers in town
St Michael and All Angels,Hughenden,Buckinghamshire,30,15656,high,,Unique tower in Hughenden; dedication 'S Michael & All Angels' matches 'St Michael and All Angels'
,Watford,Herts,30,10317,medium,24481;24482;24483;24484;24486;24487,Partial dedication match for 'S Mary' among 7 towers in town
,Countesthorpe,,30,10557,high,,Unique tower in Countesthorpe (Leicestershire); building unspecified in source
St Peter and St Paul,Shelford,Nottinghamshire,29,13962,high,,Unique tower in Shelford; dedication 'S Peter & S Paul' matches 'St Peter and St Paul'
St Helen,Lundy Island,Bristol Channel,29,,none,,No matching tower found for 'Lundy Island' in Dove register
9 Hawthorn Lane,Wilmslow,Cheshire,29,,none,,Private residence address (handbell ring)
Holy Trinity,Barrow-upon-Humber,Lincolnshire,29,11981,high,,Unique tower in Barrow upon Humber; dedication 'Holy Trinity' matches 'Holy Trinity'
St Luke,Heywood,Lancashire,29,10893,high,20854;20855,Resolved dedication 'S Luke' (Heywood) among 3 towers in town
St Martin,Birmingham,,29,14891,high,16786;13032;15513;12955;25526;25540;25808,Resolved dedication 'S Martin' (Birmingham) among 8 towers in town
St Dunstan,Hunsdon,Hertfordshire,29,17103,high,,Unique tower in Hunsdon; dedication 'S Dunstan' matches 'St Dunstan'
St Mary the Virgin,Yatton,Somerset,29,13073,high,,Unique tower in Yatton; dedication 'S Mary V' matches 'St Mary the Virgin'
15 Harford Drive,Watford,Hertfordshire,29,,none,,Private residence address (handbell ring)
All Saints,Worcester,Worcestershire,29,11249,high,11299;13277;10704;12050;12921;12643;24996;24997;24998;24999,Resolved dedication 'All Saints' (Worcester) among 14 towers in town
Wobbly Bob's Campanile,Bovey Tracey,Devon,29,25196,high,14690;18545,Resolved dedication 'Wobbly Bob's Campanile' (Bovey Tracey) among 3 towers in town
St Sepulchre,London,EC,29,,none,,No matching tower found for 'London' in Dove register
St Andrew the Great,Cambridge,Cambridgeshire,28,15139,high,12645;16664;14964;17550;13803;13748;18933;18934;25479;18935,Resolved dedication 'S Andrew Gt' (Cambridge) among 27 towers in town
St Andrew,Alwalton,Cambridgeshire,28,12351,high,,Unique tower in Alwalton; dedication 'S Andrew' matches 'St Andrew'
Harwill House,Long Clawson,Leicestershire,28,,none,,Private residence name (handbell ring)
All Saints,Stisted,Essex,28,13696,high,,Unique tower in Stisted; dedication 'All Saints' matches 'All Saints'
St Paul,Langleybury,Hertfordshire,28,10184,high,,Unique tower in Langleybury; dedication 'S Paul' matches 'St Paul'
The Wolery,"Old Stoke, Ipswich",Suffolk,28,17735,high,,"Resolved via suburb/parish 'Ipswich' in town name (Ipswich, The Wolery)"
106 Beaumont Road,Barrow-on-Soar,Leicestershire,28,,none,,Private residence address (handbell ring)
All Saints,North Cerney,Gloucestershire,27,16647,high,,Unique tower in North Cerney; dedication 'All Saints' matches 'All Saints'
St Swithin,Clunbury,Shropshire,27,15294,high,,Unique tower in Clunbury; dedication 'S Swithin' matches 'St Swithin'
St Mary the Virgin,Grundisburgh,Suffolk,27,11974,high,,Unique tower in Grundisburgh; dedication 'S Mary V' matches 'St Mary the Virgin'
Holy Nativity,Knowle,Bristol,27,15548,high,21407;21409,Resolved dedication 'Holy Nativity' (Knowle) among 3 towers in town
St Bartholomew,Westhoughton,Greater Manchester,27,15011,high,,Unique tower in Westhoughton; dedication 'S Bartholomew' matches 'St Bartholomew'
,Edenham,,27,13380,high,,Unique tower in Edenham (Lincolnshire); building unspecified in source
Windover,Much Birch,Herefordshire,27,22228,medium,,"Sole ringing tower in Much Birch, but dedication 'S Mary & S Thomas' differs from source 'Windover'"
,Creswell,,27,15007,medium,19451,Partial dedication match for 'S Mary Magd' among 2 towers in town
St Lawrence,Towcester,Northamptonshire,27,12719,high,,Unique tower in Towcester; dedication 'S Lawrence' matches 'St Lawrence'
St Peter,Staunton-on-Arrow,Herefordshire,26,13941,high,,Unique tower in Staunton on Arrow; dedication 'S Peter' matches 'St Peter'
St Mary,Bucknall,Staffordshire,26,16060,high,,Unique tower in Bucknall; dedication 'S Mary' matches 'St Mary'
44 Sidney Road,Staines,,26,,none,,Private residence address (handbell ring)
University House,Edgbaston,,26,,none,,Private residence name (handbell ring)
All Saints,Elsham,Lincolnshire,25,11798,high,,Unique tower in Elsham; dedication 'All Saints' matches 'All Saints'
St Mary,Peterborough,Cambridgeshire,25,16442,high,16247;16041;22741;22742;17210;22743;22744,Resolved dedication 'S Mary' (Peterborough) among 8 towers in town
26 Thompsons Road,Keresley End,West Midlands,25,,none,,Private residence address (handbell ring)
Cathedral,Bristol,,25,10300,high,10331;15455;14342;11615;14422;12166;15180;12993;12039;16354,Resolved dedication 'Cath Ch of Holy & Undivided Trinity' (Bristol) among 17 towers in town
,Calcot,Berks,25,25641,high,,Unique tower in Calcot (Berkshire); building unspecified in source
St Christopher's,Ringing Room,,24,,none,,Virtual ringing platform or dispersed locations
St Mary the Virgin,Earl Stonham,Suffolk,24,13850,high,,Unique tower in Earl Stonham; dedication 'S Mary' matches 'St Mary the Virgin'
St Michael,Edenham,Lincolnshire,24,13380,high,,Unique tower in Edenham; dedication 'S Michael' matches 'St Michael'
St Mary,Willesden,Greater London,24,14613,high,24812;24813,Resolved dedication 'S Mary' (Willesden) among 3 towers in town
St Mary and St Michael,Trumpington,Cambridgeshire,24,10245,high,,Unique tower in Trumpington; dedication 'S Mary & S Michael' matches 'St Mary and St Michael'
SS Helena and Mary,Bourn,Cambridgeshire,24,12090,high,,Unique tower in Bourn; dedication 'S Helena & S Mary' matches 'SS Helena and Mary'
St Mary the Virgin,Amersham,Buckinghamshire,24,14913,high,,Unique tower in Amersham; dedication 'S Mary V' matches 'St Mary the Virgin'
,Ringing Room,Oxfordshire,23,,none,,Virtual ringing platform or dispersed locations
Elizabeth college,Guernsey,Channel Islands,23,,none,,No matching tower found for 'Guernsey' in Dove register
St Katharine,Blackrod,Greater Manchester,23,13099,high,,Unique tower in Blackrod; dedication 'S Katharine' matches 'St Katharine'
St James,Norton Canes,Staffordshire,23,12109,high,,Unique tower in Norton Canes; dedication 'S James' matches 'St James'
St Michael,Shepton Beauchamp,Somerset,23,12916,high,,Unique tower in Shepton Beauchamp; dedication 'S Michael' matches 'St Michael'
St Mary,Bishopstoke,Hampshire,23,11744,high,25400,Resolved dedication 'S Mary' (Bishopstoke) among 2 towers in town
Minster Church of All Saints,Rotherham,South Yorkshire,23,11336,high,15197,Resolved dedication 'Minster Ch of All Saints' (Rotherham) among 2 towers in town
St James,Colesbourne,Gloucestershire,22,12354,high,,Unique tower in Colesbourne; dedication 'S James' matches 'St James'
St Peter's Ringing Chamber,Fairfield,Derbyshire,22,11560,high,,Unique tower in Fairfield; dedication 'S Peter' matches 'St Peter's Ringing Chamber'
"Colchester, Norwich & Great Hockham",Ringing Room,UK,22,,none,,Virtual ringing platform or dispersed locations
All Saints,South Wingfield,Derbyshire,22,12326,high,,Unique tower in South Wingfield; dedication 'All Saints' matches 'All Saints'
St Mary the Virgin,Dover,Kent,22,14019,high,19679;25118,Resolved dedication 'S Mary V' (Dover) among 3 towers in town
Cathedral Church of the Holy and Undivided Trinity,Bristol,Bristol,22,10300,high,10331;15455;14342;11615;14422;12166;15180;12993;12039;16354,Resolved dedication 'Cath Ch of Holy & Undivided Trinity' (Bristol) among 17 towers in town
,Weedon Bec,,22,10134,high,,Unique tower in Weedon Bec (Northamptonshire); building unspecified in source
,Kingsbury,Warks,22,13225,high,,Unique tower in Kingsbury (Warwickshire); building unspecified in source
University House,Edgbaston,West Midlands,22,,none,,Private residence name (handbell ring)
St Mary Magdalene,Chewton Mendip,Somerset,22,15316,high,,Unique tower in Chewton Mendip; dedication 'S Mary Magd' matches 'St Mary Magdalene'
"St Edburgha, Yardley",Birmingham,West Midlands,22,14504,high,,"Resolved via parish in building 'Yardley' (Yardley, S Edburgha)"
St Mary and All Saints,Kirkby Underwood,Lincolnshire,21,10169,high,,Unique tower in Kirkby Underwood; dedication 'S Mary & All Saints' matches 'St Mary and All Saints'
,Ringing Room,UK and USA,21,,none,,Virtual ringing platform or dispersed locations
The Forewood Ring,Crowhurst,East Sussex,21,25203,high,19487,Resolved dedication 'The Forewood Ring' (Crowhurst) among 2 towers in town
All Saints,Cottenham,Cambridgeshire,21,14338,high,,Unique tower in Cottenham; dedication 'All Saints' matches 'All Saints'
St Andrew,Tarvin,Cheshire,21,15036,high,,Unique tower in Tarvin; dedication 'S Andrew' matches 'St Andrew'
St Michael and All Angels,Maidstone,Kent,21,12644,high,11883;21917;21918;21919;21920;21921;21922,Resolved dedication 'S Michael & All Angels' (Maidstone) among 8 towers in town
,Bishopstoke,,21,11744,medium,25400,Partial dedication match for 'S Mary' among 2 towers in town
St Leonard,Middleton,Lancashire,21,16137,high,17672,Resolved dedication 'S Leonard' (Middleton) among 2 towers in town
All Saints,Highweek,Devon,21,11556,high,,Unique tower in Highweek; dedication 'All Saints' matches 'All Saints'
,Rothwell,Yorks,21,10886,high,,Unique tower in Rothwell (West Yorkshire); building unspecified in source
"St Magnus the Martyr, London Bridge",City of London,,21,13189,high,15228;11081;13868;12429;13028;11914;16634;16578;10471;16020,Resolved dedication 'S Magnus the Martyr' (London) among 42 towers in town
16 Blackden Close,Belper,Derbyshire,20,,none,,Private residence address (handbell ring)
68 Rockfield Road,Fairfield,Derbyshire,20,,none,,Private residence address (handbell ring)
,Pettistree,Suffolk,20,13016,high,,Unique tower in Pettistree (Suffolk); building unspecified in source
St Helen,Etwall,Derbyshire,20,16656,high,,Unique tower in Etwall; dedication 'S Helen' matches 'St Helen'
Clock House Bells,Awbridge,Hampshire,20,,none,,Private residence name (handbell ring)
St Mary,Hasfield,Gloucestershire,20,16220,high,,Unique tower in Hasfield; dedication 'S Mary' matches 'St Mary'
St Mark,Swindon,Wiltshire,20,14500,high,10478;23947;23949;23950;10808,Resolved dedication 'S Mark' (Swindon) among 6 towers in town
"1a, Brampton Road",St Albans,Hertfordshire,20,,none,,Private residence name (handbell ring)
St Mark,Exeter,Devon,20,16135,high,13963;14687;15779;16959;14227;20007;20008;25133;20009;20016,Resolved dedication 'S Mark' (Exeter) among 16 towers in town
The Wayside,Leicester,Leics,20,,none,12250;10495;13828;21538;21539;21540;21541;21542;21544;21545,Unresolved: 'The Wayside' did not match any of the 15 towers in Leicester
St Stephen the Martyr,Bristol,Bristol,20,12993,high,10300;10331;15455;14342;11615;14422;12166;15180;12039;16354,Resolved dedication 'S Stephen M' (Bristol) among 17 towers in town
Ladies Who,Ringing Room,,19,,none,,Virtual ringing platform or dispersed locations
St Peter and St Paul,Algarkirk,Lincolnshire,19,15381,high,,Unique tower in Algarkirk; dedication 'S Peter & S Paul' matches 'St Peter and St Paul'
East Sussex,Ringing Room,,19,,none,,Virtual ringing platform or dispersed locations
St Mary the Virgin,Westmill,Hertfordshire,19,10793,high,,Unique tower in Westmill; dedication 'S Mary V' matches 'St Mary the Virgin'
St Andrew,Backwell,Somerset,19,11245,high,,Unique tower in Backwell; dedication 'S Andrew' matches 'St Andrew'
St Mary,Overton,Hampshire,19,12543,high,25237,Resolved dedication 'S Mary' (Overton) among 2 towers in town
St Saviour,Pimlico,Greater London,19,14962,high,15224;13642;22765,Resolved dedication 'S Saviour' (Pimlico) among 4 towers in town
,West Bridgford,,19,11771,medium,24556,Partial dedication match for 'S Giles' among 2 towers in town
,Farnworth-with-Kearsley,,19,,none,,No matching tower found for 'Farnworth-with-Kearsley' in Dove register
"St Lawrence, Hull Road",York,,19,16125,high,11340;13714;16004;11426;15985;13479;12165;10509;11836;10444,Resolved dedication 'S Lawrence' (York) among 24 towers in town
St Mark,Worsley,Greater Manchester,19,10612,high,,Unique tower in Worsley; dedication 'S Mark' matches 'St Mark'
45 Blanch Croft,Melbourne,Derbyshire,19,,none,,Private residence address (handbell ring)
Town Hall,Manchester,Greater Manchester,19,16363,high,12311;21935,Resolved dedication 'Town Hall' (Manchester) among 3 towers in town
Hazelton,Guernsey,Channel islands,18,,none,,No matching tower found for 'Guernsey' in Dove register
Sefton Avenue,York,North Yorkshire,18,,none,,Private residence name (handbell ring)
,Ringing Room,East Sussex,18,,none,,Virtual ringing platform or dispersed locations
446 Welford Road,Leicester,Leicestershire,18,,none,,Private residence address (handbell ring)
St Peter,Tewin,Hertfordshire,18,16358,high,,Unique tower in Tewin; dedication 'S Peter' matches 'St Peter'
"Vernet-les-Bains, Oldham & Great Hockham",Ringing Room,UK & France,18,,none,,Virtual ringing platform or dispersed locations
Mindinho-le-tower,Newmarket,Suffolk,18,,none,16670;12240,Unresolved: 'Mindinho-le-tower' did not match any of the 2 towers in Newmarket
St Agatha,Portsmouth,Hampshire,18,17042,high,13220;25238;16279;25536,Resolved dedication 'S Agatha' (Portsmouth) among 5 towers in town
St Thomas,Norbury,Cheshire,18,11240,high,,Unique tower in Norbury; dedication 'S Thomas' matches 'St Thomas'
,Highclere,,18,12671,medium,25413,Partial dedication match for 'S Michael & All Angels' among 2 towers in town
St Luke,Heywood,Greater Manchester,18,10893,high,20854;20855,Resolved dedication 'S Luke' (Heywood) among 3 towers in town
St Giles,Stoke Poges,Buckinghamshire,18,11988,high,25795,Resolved dedication 'S Giles' (Stoke Poges) among 2 towers in town
,Greasley,,18,15046,high,,Unique tower in Greasley (Nottinghamshire); building unspecified in source
,Campsall,,18,17041,high,,Unique tower in Campsall (South Yorkshire); building unspecified in source
,Trumpington,,18,10245,high,,Unique tower in Trumpington (Cambridgeshire); building unspecified in source
,Helmingham,,18,13545,high,,Unique tower in Helmingham (Suffolk); building unspecified in source
St Peter and St Paul,Moulton,Northamptonshire,18,13208,high,,Unique tower in Moulton; dedication 'S Peter & S Paul' matches 'St Peter and St Paul'
Cathedral,Leicester,,18,12250,high,10495;13828;21538;21539;21540;21541;21542;21544;21545;21546,Resolved dedication 'Cath Ch of S Martin' (Leicester) among 15 towers in town
80 Leconfield Road,Loughborough,Leicestershire,17,,none,,Private residence address (handbell ring)
St John Baptist,Sully,Vale of Glamorgan,17,11445,high,,Unique tower in Sully; dedication 'S John Bapt' matches 'St John Baptist'
St Thomas,Woolton Hill,Hampshire,17,14934,high,,Unique tower in Woolton Hill; dedication 'S Thomas' matches 'St Thomas'
St Alkmund,Duffield,Derbyshire,17,11235,high,,Unique tower in Duffield; dedication 'S Alkmund' matches 'St Alkmund'
"5, Moat Close",Bushey,Hertfordshire,17,,none,,Private residence name (handbell ring)
Windermere,Stretton Sugwas,Herefordshire,17,23875,medium,,"Sole ringing tower in Stretton Sugwas, but dedication 'S Mary Magd' differs from source 'Windermere'"
"Thorrington, Wickford, Great Hockham",Ringing Room,UK,17,,none,,Virtual ringing platform or dispersed locations
St John the Baptist,Windsor,Berkshire,17,15169,high,12504;25639;24863,Resolved dedication 'S John Bapt' (Windsor) among 4 towers in town
Highbury St (Dumbbell),Peterborough,City of Peterborough,17,,none,,No matching tower found for 'Peterborough' in Dove register
Swaledale,Holme Lacy,Herefordshire,17,,none,,Private domestic mini-ring or residence (handbell ring)
Christ Church,Dore,South Yorkshire,17,15539,high,,Unique tower in Dore; dedication 'Christ Church' matches 'Christ Church'
,East Ilsley,,17,10316,high,,Unique tower in East Ilsley (Berkshire); building unspecified in source
All Saints,Rotherham,,17,11336,high,15197,Resolved dedication 'Minster Ch of All Saints' (Rotherham) among 2 towers in town
Parish and Civic Church of St Mary-le-Wigford,Lincoln,Lincolnshire,16,13659,high,12153;25226;12159;10782;21599;11493;17791;21600;21601;21602,Resolved dedication 'S Mary le Wigford' (Lincoln) among 14 towers in town
,Marston-on-Dove,,16,16800,high,,Unique tower in Marston on Dove (Derbyshire); building unspecified in source
St Nicholas,Longparish,Hampshire,16,12538,high,,Unique tower in Longparish; dedication 'S Nicholas' matches 'St Nicholas'
St Giles,South Mymms,Hertfordshire,16,14256,high,,Unique tower in South Mimms; dedication 'S Giles' matches 'St Giles'
Priory Church of St Peter,Dunstable,Bedfordshire,16,15318,high,19733;19734,Resolved dedication 'Priory Ch of S Peter' (Dunstable) among 3 towers in town
St Mary,Rushden,Northamptonshire,16,10504,high,23118,Resolved dedication 'S Mary' (Rushden) among 2 towers in town
,Dore,,16,15539,high,,Unique tower in Dore (South Yorkshire); building unspecified in source
St Peter,Wellesbourne,Warwickshire,16,11177,high,,Unique tower in Wellesbourne; dedication 'S Peter' matches 'St Peter'
St Nicholas,Mavesyn Ridware,Staffordshire,16,15216,high,,Unique tower in Mavesyn Ridware; dedication 'S Nicholas' matches 'St Nicholas'
St Peter,Nottingham,,16,16058,high,16412;10637;25524;22500;22501;22502;22503,Resolved dedication 'S Peter' (Nottingham) among 8 towers in town
"Harrison Building, Exeter University",Exeter,Devon,16,20010,high,13963;14687;16135;15779;16959;14227;20007;20008;25133;20009,Resolved dedication 'S Matthew' (Newtown) among 16 towers in town
Bellfoundry Tower,Loughborough,Leicestershire,16,10191,high,16752;21820;21821;21822;17781,Resolved dedication 'Bell Foundry Tower' (Loughborough) among 6 towers in town
Bishop Ryder,Birmingham,,16,,none,16786;13032;15513;14891;12955;25526;25540;25808,Unresolved: 'Bishop Ryder' did not match any of the 8 towers in Birmingham
Holy Cross,Daventry,Northamptonshire,16,14260,high,,Unique tower in Daventry; dedication 'Holy Cross' matches 'Holy Cross'
"St Mary, Upton cum Chalvey",Slough,Berkshire,16,15564,high,25793;25794,Resolved dedication 'S Mary' (Slough) among 3 towers in town
SS Peter and Paul,Moulton,Northamptonshire,16,13208,high,,Unique tower in Moulton; dedication 'S Peter & S Paul' matches 'SS Peter and Paul'
,Drayton Bassett,,15,16528,high,,Unique tower in Drayton Bassett (Staffordshire); building unspecified in source
St Helen,Great Oxendon,Northamptonshire,15,16491,high,,Unique tower in Great Oxendon; dedication 'S Helen' matches 'St Helen'
St Mary the Virgin,Ashley,Northamptonshire,15,12989,high,,Unique tower in Ashley; dedication 'S Mary V' matches 'St Mary the Virgin'
The Alphabet Ring,Balga,Western Australia,15,25661,high,,Unique tower in Balga; dedication 'Cygnet Ring' matches 'The Alphabet Ring'
"C3 Old Court, Clare College",Cambridge,Cambridgeshire,15,,none,,Private residence name (handbell ring)
Cathedral Church of All Saints,Derby,Derbyshire,15,16607,high,16699;10354;19605;19606;19609;19610;19611;19613,Resolved dedication 'Cath Ch of All Saints' (Derby) among 9 towers in town
The John David Mini Ring,Wellington,New Zealand,15,,none,10533;13770;16362,Unresolved: 'The John David Mini Ring' did not match any of the 3 towers in Wellington
St Remigius,Hethersett,Norfolk,15,16435,high,,Unique tower in Hethersett; dedication 'S Remigius' matches 'St Remigius'
"170, Headstone Lane",Harrow,Middlesex,15,,none,,Private residence name (handbell ring)
St Peter,St Albans,Hertfordshire,15,11034,high,15782;14427;10871;23608;23609;23610;21987,Resolved dedication 'S Peter' (St Albans) among 8 towers in town
Bosham & Portsmouth,Ringing Room,West Sussex & Hampshire,15,,none,,Virtual ringing platform or dispersed locations
SS Philip and Jacob,Bristol,Bristol,15,15180,medium,10300;10331;15455;14342;11615;14422;12166;12993;12039;16354,Partial dedication match for 'S Philip & S Jacob' among 17 towers in town
St Mary the Virgin,Longcot,Oxfordshire,15,15804,high,,Unique tower in Longcot; dedication 'S Mary V' matches 'St Mary the Virgin'
St Nicholas,Islip,Oxfordshire,15,10318,high,,Unique tower in Islip; dedication 'S Nicholas' matches 'St Nicholas'
,Turners Hill,,15,16948,high,,Unique tower in Turners Hill (West Sussex); building unspecified in source
St Nicholas,Stevenage,Hertfordshire,15,11994,high,23771;23773;23772,Resolved dedication 'S Nicholas' (Stevenage) among 4 towers in town
,Royston,Herts,15,11703,high,,Unique tower in Royston (Hertfordshire); building unspecified in source
St Thomas,Oxford,Oxfordshire,15,11759,high,14542;10172;11850;12299;11203;16203;13271;13903;10326;10578,Resolved dedication 'S Thomas M' (Oxford) among 26 towers in town
All Saints,Northallerton,North Yorkshire,15,12067,high,,Unique tower in Northallerton; dedication 'All Saints' matches 'All Saints'
All Saints,Sapcote,Leicestershire,15,13130,high,25249,Resolved dedication 'All Saints' (Sapcote) among 2 towers in town
St Barnabas,Peasemore,Berkshire,14,11095,high,,Unique tower in Peasemore; dedication 'S Barnabas' matches 'St Barnabas'
,Warsop,,14,11117,high,,Unique tower in Warsop (Nottinghamshire); building unspecified in source
St James,Taxal,Derbyshire,14,12705,high,,Unique tower in Taxal; dedication 'S James' matches 'St James'
"St Wilfrid, Duncombe Place",York,,14,12165,high,11340;13714;16004;11426;16125;15985;13479;10509;11836;10444,Resolved dedication 'Oratory Ch of S Wilfrid' (York) among 24 towers in town
St Leonard,Horringer,Suffolk,14,14771,high,,Unique tower in Horringer; dedication 'S Leonard' matches 'St Leonard'
"Little Creed Cottage, Green Lane",Bosham,West Sussex,14,,none,,Private residence name (handbell ring)
The Plantagenet Ring,Church Lawford,Warwickshire,14,12558,high,14823,Resolved dedication 'Plantagenet Ring' (Church Lawford) among 2 towers in town
St Mary le Tower,Ipswich,Suffolk,14,11217,high,13614;13091;13121;10964;13732;12441;10057;16122;17735;21183,Resolved dedication 'Minster Ch of S Mary le Tower' (Ipswich) among 20 towers in town
RC Cathedral Church of St Anne,Leeds,West Yorkshire,14,11425,high,15978;13165;21524;21525;21526;21527;21531;25533;10218;14977,Resolved dedication 'Cath Ch of S Anne' (Leeds) among 27 towers in town
,Aldenham,,14,15828,high,,Unique tower in Aldenham (Hertfordshire); building unspecified in source
Bell Foundry Campanile,Loughborough,Leicestershire,14,10191,high,16752;21820;21821;21822;17781,Resolved dedication 'Bell Foundry Tower' (Loughborough) among 6 towers in town
All Saints,Isleworth,Greater London,14,13679,high,21203;21204;21205,Resolved dedication 'All Saints' (Isleworth) among 4 towers in town
St Mary,Moseley,West Midlands,14,16431,high,12134;22204,Resolved dedication 'S Mary' (Moseley) among 3 towers in town
St Peter,Nottingham,Nottinghamshire,14,16058,high,16412;10637;25524;22500;22501;22502;22503,Resolved dedication 'S Peter' (Nottingham) among 8 towers in town
"Calcot, 18 Sandhills Way",Reading,,14,,none,,Private residence name (handbell ring)
,Chilvers Coton,,14,13950,high,,Unique tower in Nuneaton (Warwickshire); building unspecified in source
,Langley,Berks,14,11210,high,,"Fuzzy place match (Langley -> Langley Marish, Berkshire)"
,Ringing Room,UK (Manchester and London),13,,none,,Virtual ringing platform or dispersed locations
All Saints,Ockbrook,Derbyshire,13,11154,high,,Unique tower in Ockbrook; dedication 'All Saints' matches 'All Saints'
St Botolph,Barton Seagrave,Northamptonshire,13,14518,high,,Unique tower in Barton Seagrave; dedication 'S Botolph' matches 'St Botolph'
St Helen,Sibbertoft,Northamptonshire,13,16862,high,,Unique tower in Sibbertoft; dedication 'S Helen' matches 'St Helen'
St Margaret,Old Fletton,Cambridgeshire,13,13106,high,,Unique tower in Old Fletton; dedication 'S Margaret' matches 'St Margaret'
St Lawrence,Frodsham,Cheshire,13,15988,high,,Unique tower in Frodsham; dedication 'S Lawrence' matches 'St Lawrence'
St Mary the Virgin,High Halden,Kent,13,13216,high,,Unique tower in High Halden; dedication 'S Mary V' matches 'St Mary the Virgin'
1 Albany Quadrant,Glasgow,,13,,none,,Private residence address (handbell ring)
St Mary,Aston,Hertfordshire,13,15118,high,,Unique tower in Aston; dedication 'S Mary' matches 'St Mary'
,Brockenhurst,,13,25199,medium,25265;25266;12797;25401,Partial dedication match for 'Captain MainwaRing' among 5 towers in town
St Mary the Virgin,Henham,Essex,13,12281,high,,Unique tower in Henham; dedication 'S Mary V' matches 'St Mary the Virgin'
,Radlett,,13,15488,high,,Unique tower in Radlett (Hertfordshire); building unspecified in source
All Saints,Harrow Weald,Middlesex,13,14329,high,20659,Resolved dedication 'All Saints' (Harrow Weald) among 2 towers in town
"Imperial College, Huxley Buliding",Knightsbridge,Middlesex,13,,none,10305;21260,"Unresolved: 'Imperial College, Huxley Buliding' did not match any of the 2 towers in Knightsbridge"
,Haselbech,,13,15424,high,,Unique tower in Haselbech (Northamptonshire); building unspecified in source
Bellfoundry,Loughborough,Leicestershire,13,10191,high,16752;21820;21821;21822;17781,Resolved dedication 'Bell Foundry Tower' (Loughborough) among 6 towers in town
,Knebworth,,13,14054,medium,21391,Partial dedication match for 'S Mary & S Thomas a Becket' among 2 towers in town
St Mary the Virgin,Higham Ferrers,Northamptonshire,13,13375,high,,Unique tower in Higham Ferrers; dedication 'S Mary V' matches 'St Mary the Virgin'
All Saints (Base of Tower),Bristol,Bristol,13,10331,high,10300;15455;14342;11615;14422;12166;15180;12993;12039;16354,Resolved dedication 'All Saints' (Bristol) among 17 towers in town
St Michael and All Angels,Ashton under Lyne,Greater Manchester,13,10838,high,15994;17995;17996;17997;17998,Resolved dedication 'S Michael & All Angels' (Ashton under Lyne) among 6 towers in town
St Andrew's,Potterhanworth,Lincolnshire,12,14584,high,,Unique tower in Potterhanworth; dedication 'S Andrew' matches 'St Andrew's'
,Ringing Room,USA,12,,none,,Virtual ringing platform or dispersed locations
St Andrew,Brigstock,Northamptonshire,12,13766,high,,Unique tower in Brigstock; dedication 'S Andrew' matches 'St Andrew'
The Michaeldene Campanile,Mitcheldean,Gloucestershire,12,11359,medium,,"Sole ringing tower in Mitcheldean, but dedication 'S Michael & All Angels' differs from source 'The Michaeldene Campanile'"
"34 Elmslie Road, Pinehaven",Wellington,New Zealand,12,,none,,Private residence address (handbell ring)
St Mary,Hertingfordbury,Hertfordshire,12,11915,high,,Unique tower in Hertingfordbury; dedication 'S Mary' matches 'St Mary'
St Mary,Otley,Suffolk,12,13615,high,,Unique tower in Otley; dedication 'S Mary' matches 'St Mary'
St Mary,Graveley,Hertfordshire,12,11656,high,,Unique tower in Graveley; dedication 'S Mary' matches 'St Mary'
St Mary,Addington,Greater London,12,14695,high,,Unique tower in Addington; dedication 'S Mary' matches 'St Mary'
St Mary the Virgin,Castle Eaton,Wiltshire,12,16619,high,,Unique tower in Castle Eaton; dedication 'S Mary V' matches 'St Mary the Virgin'
"St Olave, Hart Street",City of London,,12,12986,high,15228;11081;13868;12429;13028;11914;16634;16578;10471;16020,Resolved dedication 'S Olave' (London) among 42 towers in town
St John the Evangelist,Lemsford,Hertfordshire,12,12929,high,,Unique tower in Lemsford; dedication 'S John Ev' matches 'St John the Evangelist'
St Mary Magdalene,Great Offley,Hertfordshire,12,12296,high,,Unique tower in Offley; dedication 'S Mary Magd' matches 'St Mary Magdalene'
,Shoreditch,,12,11847,high,,Unique tower in Shoreditch (Greater London); building unspecified in source
The Union,Edgbaston,,12,,none,10824;19879;19880;19881;19882,Unresolved: 'The Union' did not match any of the 5 towers in Edgbaston
St Peter,Burnham,Buckinghamshire,12,15543,high,,Unique tower in Burnham; dedication 'S Peter' matches 'St Peter'
St Peter,Walworth,Greater London,12,17140,high,24414;24415,Resolved dedication 'S Peter' (Walworth) among 3 towers in town
St Mary De Castro,Leicester,Leicestershire,12,13828,high,12250;10495;21538;21539;21540;21541;21542;21544;21545;21546,Resolved dedication 'S Mary de Castro' (Leicester) among 15 towers in town
SS Mary V and Edward K and M,Barrow Gurney,Somerset,12,13023,high,,Unique tower in Barrow Gurney; dedication 'Blessed Virgin Mary & S Edward K&M' matches 'SS Mary V and Edward K and M'
St Mary,Amersham,Buckinghamshire,12,14913,high,,Unique tower in Amersham; dedication 'S Mary V' matches 'St Mary'
St Andrew-the-Great,Cambridge,,12,15139,high,12645;16664;14964;17550;13803;13748;10395;18933;18934;25479,Resolved dedication 'S Andrew Gt' (Cambridge) among 28 towers in town
6 Knights Court,Bishops Frome,Herefordshire,12,,none,,Private residence address (handbell ring)
15 Lytham End Tilehurst,Reading,Berkshire,12,,none,,Private residence address (handbell ring)
,Beeston,,12,14670,medium,18239;18240,Partial dedication match for 'S John Bapt' among 3 towers in town
St Botolph,Knottingley,West Yorkshire,12,15888,high,,Unique tower in Knottingley; dedication 'S Botolph' matches 'St Botolph'
St John the Baptist,Beeston,Nottinghamshire,12,14670,high,,Unique tower in Beeston; dedication 'S John Bapt' matches 'St John the Baptist'
St Sepulchre Library Room,London,EC,12,,none,,No matching tower found for 'London' in Dove register
"Cathedral Church of the Holy Trinity, St Peter, St Paul, and St Swithun",Winchester,Hampshire,12,24847,high,14349;11660;11985;11942;24845;24846;24854;24853;24848;24849,Resolved dedication 'Holy Trinity' (Winchester) among 15 towers in town
St Margaret,Bowers Gifford,Essex,11,11961,high,,Unique tower in Bowers Gifford; dedication 'S Margaret' matches 'St Margaret'
St Peter and St Paul,Stallingborough,Lincolnshire,11,11665,high,,Unique tower in Stallingborough; dedication 'S Peter & S Paul' matches 'St Peter and St Paul'
St Peter,St Mary Bourne,Hampshire,11,11419,high,,Unique tower in St Mary Bourne; dedication 'S Peter' matches 'St Peter'
St Margaret,Warnham,,11,15727,high,25269;25663,Resolved dedication 'S Margaret' (Warnham) among 3 towers in town
St Mary,Monewden,Suffolk,11,13855,high,,Unique tower in Monewden; dedication 'S Mary' matches 'St Mary'
Anchorsholme,Whiteparish,Wiltshire,11,14821,medium,,"Sole ringing tower in Whiteparish, but dedication 'All Saints' differs from source 'Anchorsholme'"
St George,Sampford Brett,Somerset,11,13694,high,,Unique tower in Sampford Brett; dedication 'S George' matches 'St George'
St Andrew,Cherry Hinton,Cambridgeshire,11,10473,high,25485,Resolved dedication 'S Andrew' (Cherry Hinton) among 2 towers in town
St Mary,Badby,Northamptonshire,11,13715,high,,Unique tower in Badby; dedication 'S Mary' matches 'St Mary'
St Mary Magdalene,Whipsnade,Bedfordshire,11,16773,high,,Unique tower in Whipsnade; dedication 'S Mary Magd' matches 'St Mary Magdalene'
The Blessed Virgin Mary and St Peter,Winford,Somerset,11,16520,high,,Unique tower in Winford; dedication 'BVM & S Peter' matches 'The Blessed Virgin Mary and St Peter'
The Alphabet Ring,Bridgetown,Western Australia,11,25198,high,,Unique tower in Bridgetown; dedication 'Alphabet Ring' matches 'The Alphabet Ring'
Bank Cottage,Hollybush,Worcestershire,11,,none,,Private residence name (handbell ring)
St Mary's Cathedral,Sydney,,11,15468,high,16969;13849;14777;13677;11518;10621;12983;13900;11755;16839,Resolved dedication 'Cath Ch of S Mary' (Sydney) among 20 towers in town
,Handsworth,Yorks,11,10845,high,,Unique tower in Handsworth (South Yorkshire); building unspecified in source
St Nicolas,Newbury,Berkshire,11,15984,high,22335,Resolved dedication 'S Nicolas' (Newbury) among 2 towers in town
,Spitalfields,,11,13840,high,,Unique tower in Spitalfields (Greater London); building unspecified in source
,Grundisburgh,,11,11974,high,,Unique tower in Grundisburgh (Suffolk); building unspecified in source
St Peter,Claybrooke,Leicestershire,11,11714,high,,Unique tower in Claybrooke; dedication 'S Peter' matches 'St Peter'
St Giles,Packwood,Warwickshire,11,12988,high,,Unique tower in Packwood; dedication 'S Giles' matches 'St Giles'
,Tadcaster,,11,16039,high,,Unique tower in Tadcaster (North Yorkshire); building unspecified in source
St Mary,Aberavon,Neath Port Talbot,11,,none,,No matching tower found for 'Aberavon' in Dove register
,Fairwarp,,11,16191,high,,Unique tower in Fairwarp (East Sussex); building unspecified in source
,Bolsterstone,,11,15595,high,,Unique tower in Bolsterstone (South Yorkshire); building unspecified in source
St Mary,Cholsey,Oxfordshire,11,10717,high,,Unique tower in Cholsey; dedication 'S Mary' matches 'St Mary'
"Cathedral Church of St Mary the Virgin, St Peter and St Cedd",Chelmsford,Essex,11,15277,high,,"Unique tower in Chelmsford; dedication 'Cath Ch of S Mary V, S Peter, & S Cedd' matches 'Cathedral Church of St Mary the Virgin, St Peter and St Cedd'"
Cathedral,Portsmouth,,11,13220,high,25238;17042;16279;25536,Resolved dedication 'Cath Ch of S Thomas of Canterbury' (Portsmouth) among 5 towers in town
7 Laburnham Road,Maidenhead,,11,,none,,Private residence address (handbell ring)
St John the Divine,Leicester,Leicestershire,11,,none,12250;10495;13828;21538;21539;21540;21541;21542;21544;21545,Unresolved: 'St John the Divine' did not match any of the 15 towers in Leicester
The White House,Aston Rowant,Oxfordshire,11,,none,,Private residence name (handbell ring)
9 Falstaff Gardens,St Albans,Hertfordshire,11,,none,,Private residence address (handbell ring)
SS Mary the Virgin and John the Baptist,Newtown,Hampshire,10,14600,high,25433;25432,Resolved dedication 'S Mary V & S John Bapt' (Newtown) among 3 towers in town
Under the big tree,Cambridge,Cambridgeshire,10,,none,12645;15139;16664;14964;17550;13803;13748;18933;18934;25479,Unresolved: 'Under the big tree' did not match any of the 27 towers in Cambridge
St James the Apostle,Grafton Underwood,Northamptonshire,10,14619,high,,Unique tower in Grafton Underwood; dedication 'S James Ap' matches 'St James the Apostle'
St Mary,Whittlebury,Northamptonshire,10,14955,high,,Unique tower in Whittlebury; dedication 'S Mary' matches 'St Mary'
St Mary V,Ashley,Northamptonshire,10,12989,high,,Unique tower in Ashley; dedication 'S Mary V' matches 'St Mary V'
St Peter,Carmarthen,Carmarthenshire,10,15084,high,,Unique tower in Carmarthen; dedication 'S Peter' matches 'St Peter'
St Leonard,Sunningwell,Oxfordshire,10,14046,high,,Unique tower in Sunningwell; dedication 'S Leonard' matches 'St Leonard'
St Botolph,Burgh,Suffolk,10,15844,high,,Unique tower in Burgh; dedication 'S Botolph' matches 'St Botolph'
Holy Trinity,Badgeworth,Gloucestershire,10,10798,high,,Unique tower in Badgeworth; dedication 'Holy Trinity' matches 'Holy Trinity'
St Kyneburgha,Castor,Cambridgeshire,10,14322,high,,Unique tower in Castor; dedication 'S Kyneburgha' matches 'St Kyneburgha'
The Mythering,Gloucester,Gloucestershire,10,,none,14601;25217;11105;11346;10214;20327;20328;20329;20330;20331,Unresolved: 'The Mythering' did not match any of the 14 towers in Gloucester
St John the Baptist,Strensham,Worcestershire,10,15577,high,,Unique tower in Strensham; dedication 'S John Bapt' matches 'St John the Baptist'
17 College Cross,Islington,Greater London,10,,none,,Private residence address (handbell ring)
52 Burrows Road,Kensal Green,Middlesex,10,,none,,Private residence address (handbell ring)
53 Covent Garden,Willingham,Cambridgeshire,10,,none,,Private residence address (handbell ring)
St Peter,Broughton,Staffordshire,10,11521,high,,Unique tower in Broughton; dedication 'S Peter' matches 'St Peter'
All Saints,Lapley,Staffordshire,10,10456,high,,Unique tower in Lapley; dedication 'All Saints' matches 'All Saints'
,Thorverton,,10,16860,high,,Unique tower in Thorverton (Devon); building unspecified in source
St Nicholas,Harpenden,Hertfordshire,10,15119,high,20650;20651,Resolved dedication 'S Nicholas' (Harpenden) among 3 towers in town
"St Michael, Stoke",Coventry,West Midlands,10,13274,high,15631;19411;19400;19410;18923;19408;19402;19403;19404;19406,Resolved dedication 'S Michael' (Coventry) among 18 towers in town
SS Mary and Nicolas,Spalding,Lincolnshire,10,15336,medium,23586;10977,Partial dedication match for 'S Mary & S Nicolas' among 3 towers in town
St Thomas,Heptonstall,West Yorkshire,10,16233,high,,Unique tower in Heptonstall; dedication 'S Thomas Ap' matches 'St Thomas'
St Luke,Cannock,Staffordshire,10,16791,high,,Unique tower in Cannock; dedication 'S Luke' matches 'St Luke'
"St Stephen, Barbourne",Worcester,,10,12050,high,11299;11249;13277;10704;12921;12643;24996;24997;24998;24999,Resolved dedication 'S Stephen' (Worcester) among 14 towers in town
,Conisbrough,,10,12310,high,,Unique tower in Conisbrough (South Yorkshire); building unspecified in source
St Bartholomew,Westhoughton,Lancashire,10,15011,high,,Unique tower in Westhoughton; dedication 'S Bartholomew' matches 'St Bartholomew'
St Mary,"Sheffield, Handsworth",South Yorkshire,10,10845,high,,"Resolved via suburb/parish 'Handsworth' in town name (Handsworth, S Mary)"
All Saints,Terling,Essex,10,13514,high,,Unique tower in Terling; dedication 'All Saints' matches 'All Saints'
"St Martin-le-Grand, Coney Street",York,,10,15985,high,11340;13714;16004;11426;16125;13479;12165;10509;11836;10444,Resolved dedication 'S Martin le Grand' (York) among 24 towers in town
All Saints,Rotherham,South Yorkshire,10,11336,high,15197,Resolved dedication 'Minster Ch of All Saints' (Rotherham) among 2 towers in town
Holy and Undivided Trinity,Bristol,Bristol,10,10300,medium,10331;15455;14342;11615;14422;12166;15180;12993;12039;16354,Partial dedication match for 'Cath Ch of Holy & Undivided Trinity' among 17 towers in town
,Wigston Magna,,10,12155,medium,25155,Partial dedication match for 'All Saints' among 2 towers in town
Cathedral Church of St Mary the Virgin,Blackburn,Lancashire,10,10297,high,13874;11152;18413;18414;18415;18416,Resolved dedication 'Cath Ch of S Mary V' (Blackburn) among 7 towers in town
St Mary,Nottingham,,10,10637,high,16412;16058;25524;22500;22501;22502;22503,Resolved dedication 'S Mary V' (Nottingham) among 8 towers in town
,Isleworth,,10,13679,medium,21203;21204;21205,Partial dedication match for 'All Saints' among 4 towers in town
Lordsfield Gardens,Overton,Hampshire,10,,none,,Private residence name (handbell ring)
St Mary the Virgin,Long Crendon,Buckinghamshire,10,12735,high,,Unique tower in Long Crendon; dedication 'S Mary V' matches 'St Mary the Virgin'
91 Nottingham Road,Kegworth,Leicestershire,10,,none,,Private residence address (handbell ring)
Christ Church,Bristol,,10,15455,high,10300;10331;14342;11615;14422;12166;15180;12993;12039;16354,Resolved dedication 'Christ Church' (Bristol) among 17 towers in town
,Holyport,Berks,10,,none,,No matching tower found for 'Holyport' in Dove register
The Cock Ring,Hamworthy,Dorset,9,25219,high,20598,Resolved dedication 'Cock Ring' (Hamworthy) among 2 towers in town
G13 Stephen Hawking Building,Cambridge,Cambridgeshire,9,,none,12645;15139;16664;14964;17550;13803;13748;18933;18934;25479,Unresolved: 'G13 Stephen Hawking Building' did not match any of the 27 towers in Cambridge
The Waikato Mini Ring,Hamilton,New Zealand,9,13098,medium,,"Sole ringing tower in Hamilton, but dedication 'Cath Ch of S Peter' differs from source 'The Waikato Mini Ring'"
SS Peter and Paul,Scaldwell,Northamptonshire,9,12677,high,,Unique tower in Scaldwell; dedication 'S Peter & S Paul' matches 'SS Peter and Paul'
St Mary the Virgin,Culworth,Northamptonshire,9,14107,high,,Unique tower in Culworth; dedication 'S Mary V' matches 'St Mary the Virgin'
St Michael,Bradden,Northamptonshire,9,16600,high,,Unique tower in Bradden; dedication 'S Michael' matches 'St Michael'
St Botolph,Church Brampton,Northamptonshire,9,12290,high,,Unique tower in Church Brampton; dedication 'S Botolph' matches 'St Botolph'
"Blessed Virgin Mary, Bathwick",Bath,Somerset,9,13019,high,12547;14089;15243;15431;11365;14458;12686;18173;18177;18174,Resolved dedication 'Blessed Virgin Mary' (Bath) among 19 towers in town
St Paul,Birmingham,West Midlands,9,12955,high,13032;15513;14891;25526;25540;25808,Resolved dedication 'S Paul' (Birmingham) among 7 towers in town
All Saints,Bigby,Lincolnshire,9,12844,high,,Unique tower in Bigby; dedication 'All Saints' matches 'All Saints'
,East Woodhay,,9,14902,high,,Unique tower in East Woodhay (Hampshire); building unspecified in source
,Surfleet,,9,14910,high,,Unique tower in Surfleet (Lincolnshire); building unspecified in source
All Saints,Tuckingmill,Cornwall,9,15288,high,,Unique tower in Tuckingmill; dedication 'All Saints' matches 'All Saints'
All Saints,Datchworth,Hertfordshire,9,11025,high,,Unique tower in Datchworth; dedication 'All Saints' matches 'All Saints'
"Oldham, Vernet-les-Bains & Great Hockham",Sonneur,UK & France,9,,none,,No matching tower found for 'Sonneur' in Dove register
"Thorrington, Wickford & Great Hockham",Ringing Room,UK,9,,none,,Virtual ringing platform or dispersed locations
,Newmarket,Suffolk,9,16670,medium,12240,Partial dedication match for 'All Saints' among 2 towers in town
12 Victoria Street (GF),Cambridge,Cambridgeshire,9,,none,,Private residence address (handbell ring)
't Klockhuys,Dordrecht,Netherlands,9,14275,high,17691,Resolved dedication ''t Klockhuys' (Dordrecht) among 2 towers in town
St Mary the Virgin,Tutbury,Staffordshire,9,14535,high,,Unique tower in Tutbury; dedication 'S Mary V' matches 'St Mary the Virgin'
"St Olave, Marygate",York,,9,13479,high,11340;13714;16004;11426;16125;15985;12165;10509;11836;10444,Resolved dedication 'S Olave' (York) among 24 towers in town
St Andrew,Presteigne,Powys,9,14991,high,,Unique tower in Presteigne; dedication 'S Andrew' matches 'St Andrew'
St Bride,London,,9,21766,high,15228;11081;13868;12429;13028;11914;16634;16578;10471;16020,Resolved dedication 'S Bride' (London) among 42 towers in town
St Peter,Bromyard,Herefordshire,9,10558,high,,Unique tower in Bromyard; dedication 'S Peter' matches 'St Peter'
Christ Church,Fairwarp,East Sussex,9,16191,high,,Unique tower in Fairwarp; dedication 'Christ Church' matches 'Christ Church'
St Giles,Chalfont St Giles,Buckinghamshire,9,15717,high,,Unique tower in Chalfont St Giles; dedication 'S Giles' matches 'St Giles'
"Dore, Christ Church",Sheffield,South Yorkshire,9,,none,10439;13787;23300;22121,"Unresolved: 'Dore, Christ Church' did not match any of the 4 towers in Sheffield"
St Giles,Desborough,Northamptonshire,9,15870,high,,Unique tower in Desborough; dedication 'S Giles' matches 'St Giles'
St Andrew,Prestwold,Leicestershire,9,13948,high,,Unique tower in Prestwold; dedication 'S Andrew' matches 'St Andrew'
Blessed Virgin Mary and St Edward K and M,Barrow Gurney,Somerset,9,13023,high,,Unique tower in Barrow Gurney; dedication 'Blessed Virgin Mary & S Edward K&M' matches 'Blessed Virgin Mary and St Edward K and M'
All Saints,Pontefract,,9,13179,high,12231,Resolved dedication 'All Saints' (Pontefract) among 2 towers in town
The Vicarage,Longthorpe,Peterborough,9,,none,,Private residence name (handbell ring)
St Lawrence,Long Buckby,Northamptonshire,9,10487,high,,Unique tower in Long Buckby; dedication 'S Lawrence' matches 'St Lawrence'
,Kingham,,9,13974,high,,Unique tower in Kingham (Oxfordshire); building unspecified in source
St Andrew,Clevedon,Somerset,9,10974,high,16163;15021;12457;19225;19226,Resolved dedication 'S Andrew' (Clevedon) among 6 towers in town
St Sepulchre,City of London,City of London,9,17135,high,15228;11081;13868;12429;13028;11914;16634;16578;10471;16020,Resolved dedication 'S Sepulchre without Newgate' (London) among 41 towers in town
All Saints,Pontefract,West Yorkshire,9,13179,high,12231,Resolved dedication 'All Saints' (Pontefract) among 2 towers in town
St Andrew Holborn,City of London,,9,11081,high,15228;13868;12429;13028;11914;16634;16578;10471;16020;13189,Resolved dedication 'S Andrew Holborn' (London) among 42 towers in town
,Aston,Warks,9,10927,high,,Unique tower in Aston (West Midlands); building unspecified in source
St Wilfrid,York,,9,12165,high,11340;13714;16004;11426;16125;15985;13479;10509;11836;10444,Resolved dedication 'Oratory Ch of S Wilfrid' (York) among 24 towers in town
Cathedral Church of St Thomas of Canterbury,Portsmouth,Hampshire,9,13220,high,25238;17042;16279;25536,Resolved dedication 'Cath Ch of S Thomas of Canterbury' (Portsmouth) among 5 towers in town
St Mary,Southampton,,9,10453,high,13796;13354;11712;20881;25539;23552;25687;23549;23550;25418,Resolved dedication 'S Mary' (Southampton) among 12 towers in town
6 Ashwood Crescent,Marple,Cheshire,9,,none,,Private residence address (handbell ring)
St Stephen,Bristol,,9,12993,high,10300;10331;15455;14342;11615;14422;12166;15180;12039;16354,Resolved dedication 'S Stephen M' (Bristol) among 17 towers in town
Gable Farm Cottage,Reach,Cambs,9,,none,,Private residence name (handbell ring)
The John of Gaunt Ring,Aylsham,Norfolk,8,16792,medium,,"Sole ringing tower in Aylsham, but dedication 'S Michael' differs from source 'The John of Gaunt Ring'"
,Heveningham,,8,13263,high,,Unique tower in Heveningham (Suffolk); building unspecified in source
,Ringing Room,(Ladies Who),8,,none,,Virtual ringing platform or dispersed locations
All Saints,Dingley,Northamptonshire,8,15465,high,,Unique tower in Dingley; dedication 'All Saints' matches 'All Saints'
St Mary the Blessed Virgin,Everdon,Northamptonshire,8,13623,high,,Unique tower in Everdon; dedication 'S Mary BV' matches 'St Mary the Blessed Virgin'
The Elizabeth College Campanile,St Peter Port,Guernsey,8,25248,high,12882;12910;23667;23668,Resolved dedication 'Elizabeth College' (St Peter Port) among 5 towers in town
St Nicholas,Great Munden,Hertfordshire,8,15189,high,,Unique tower in Great Munden; dedication 'S Nicholas' matches 'St Nicholas'
St Nicholas,Ashchurch,Gloucestershire,8,14753,high,,Unique tower in Ashchurch; dedication 'S Nicholas' matches 'St Nicholas'
St Mary the Virgin,Denby,Derbyshire,8,15585,high,,Unique tower in Denby; dedication 'S Mary V' matches 'St Mary the Virgin'
St Peter,Huish Champflower,Somerset,8,15496,high,,Unique tower in Huish Champflower; dedication 'S Peter' matches 'St Peter'
63 St Martin's Road,Coventry,West Midlands,8,,none,,Private residence address (handbell ring)
,Ringing Room,Suffolk,8,,none,,Virtual ringing platform or dispersed locations
St Margaret,Quadring,Lincolnshire,8,14136,high,,Unique tower in Quadring; dedication 'S Margaret' matches 'St Margaret'
Holy Trinity,Hatfield Heath,Essex,8,17085,high,,Unique tower in Hatfield Heath; dedication 'Holy Trinity' matches 'Holy Trinity'
St Mary's Basilica,Sydney,"New South Wales, Australia",8,15468,high,16969;13849;14777;13677;11518;10621;12983;13900;11755;16839,Resolved dedication 'Cath Ch of S Mary' (Sydney) among 20 towers in town
"Norwich, Great Hockham & Colchester",Ringing Room,,8,,none,,Virtual ringing platform or dispersed locations
St Mary,Matching,Essex,8,17143,high,,Unique tower in Matching; dedication 'S Mary' matches 'St Mary'
,Ringing Room,England,8,,none,,Virtual ringing platform or dispersed locations
St Mary the Virgin,Stansted Mountfitchet,Essex,8,13823,high,23726,Resolved dedication 'S Mary V' (Stansted Mountfitchet) among 2 towers in town
19 The Green,"Romanby, Northallerton",North Yorkshire,8,,none,,Private residence address (handbell ring)
St Mary and All Saints,Willoughby on the Wolds,Nottinghamshire,8,12133,high,,Unique tower in Willoughby on the Wolds; dedication 'S Mary & All Saints' matches 'St Mary and All Saints'
St James,Sutton,Cheshire,8,16373,high,23910;23915,Resolved dedication 'S James' (Sutton) among 3 towers in town
33 Kingsway Close,Ossett,Yorkshire,8,,none,,Private residence address (handbell ring)
St Mary Magdalene,Exford,Somerset,8,12803,high,,Unique tower in Exford; dedication 'S Mary Magd' matches 'St Mary Magdalene'
St Chad,Saddleworth,Greater Manchester,8,10238,high,,Unique tower in Saddleworth; dedication 'S Chad' matches 'St Chad'
Dewby's Bells,Hooe,East Sussex,8,12517,medium,,"Sole ringing tower in Hooe, but dedication 'S Oswald' differs from source 'Dewby's Bells'"
SS Peter and Paul,Upton upon Severn,Worcestershire,8,17049,high,,Unique tower in Upton upon Severn; dedication 'S Peter & S Paul' matches 'SS Peter and Paul'
St Peter Mancroft,Norwich,Norfolk,8,11970,high,13262;10164;14724;13293;15574;15668;15623;10466;22493;25547,Resolved dedication 'S Peter Mancroft' (Norwich) among 20 towers in town
St Mary,Barnes,Greater London,8,11169,high,18126;18127,Resolved dedication 'S Mary' (Barnes) among 3 towers in town
20 Kingshill Avenue,Cumbernauld,,8,,none,,Private residence address (handbell ring)
St Mary the Virgin,Clifton,Nottinghamshire,8,15190,high,16048;12048,Resolved dedication 'S Mary V' (Clifton) among 3 towers in town
Christ Church,Spitalfields,Middlesex,8,13840,high,,Unique tower in Spitalfields; dedication 'Christ Church' matches 'Christ Church'
St Philip and St Jacob,Bristol,Bristol,8,15180,high,10300;10331;15455;14342;11615;14422;12166;12993;12039;16354,Resolved dedication 'S Philip & S Jacob' (Bristol) among 17 towers in town
10 Selkirk Drive,Holmes Chapel,Cheshire,8,,none,,Private residence address (handbell ring)
St Paul,Whitley Bay,Tyne & Wear,8,,none,,No matching tower found for 'Whitley Bay' in Dove register
,Arundel,,8,10180,medium,16691,Partial dedication match for 'Chapel of Our Lady' among 2 towers in town
St Nicholas,Warwick,,8,15025,high,11519;24457;24458,Resolved dedication 'S Nicholas' (Warwick) among 4 towers in town
Minster Church of St Peter ad Vincula,Stoke on Trent,Staffordshire,8,15103,high,16060;11305;15820;12994,Resolved dedication 'Minster Ch of S Peter ad Vincula' (Stoke on Trent) among 5 towers in town
St Thomas the Apostle,South Wigston,Leicestershire,8,11096,high,,Unique tower in South Wigston; dedication 'S Thomas Ap' matches 'St Thomas the Apostle'
St Mary the Virgin,Hanbury,Worcestershire,8,15060,high,,Unique tower in Hanbury; dedication 'S Mary V' matches 'St Mary the Virgin'
,Terling,,8,13514,high,,Unique tower in Terling (Essex); building unspecified in source
St Mary the Virgin,Sprotbrough,South Yorkshire,8,14060,high,23604,Resolved dedication 'S Mary V' (Sprotbrough) among 2 towers in town
,Eastwood,Notts,8,13211,high,,Unique tower in Eastwood (Nottinghamshire); building unspecified in source
St Giles,Lincoln,,8,12159,high,12153;25226;13659;10782;21599;11493;17791;21600;21601;21602,Resolved dedication 'S Giles' (Lincoln) among 14 towers in town
Holy Sepulchre,Northampton,Northamptonshire,8,13195,high,12689;13785;15709;22461;22462;22463;17615;22465;12544;15899,Resolved dedication 'Holy Sepulchre' (Northampton) among 15 towers in town
St John the Baptist,Egham,Surrey,8,13581,high,,Unique tower in Egham; dedication 'S John Bapt' matches 'St John the Baptist'
The Grange,Llandenny,Monmouthshire,8,16697,medium,,"Sole ringing tower in Llandenny, but dedication 'S John' differs from source 'The Grange'"
St Mary,Helmingham,Suffolk,8,13545,high,,Unique tower in Helmingham; dedication 'S Mary' matches 'St Mary'
,Desborough,,8,15870,high,,Unique tower in Desborough (Northamptonshire); building unspecified in source
Blessed Virgin Mary & St Edward K&M,Barrow Gurney,Somerset,8,13023,high,,Unique tower in Barrow Gurney; dedication 'Blessed Virgin Mary & S Edward K&M' matches 'Blessed Virgin Mary & St Edward K&M'
St John the Baptist,Weston super Mare,Somerset,8,12821,high,24672;24673;24674;24675;24676;12495,Resolved dedication 'S John Bapt' (Weston super Mare) among 7 towers in town
,Rawmarsh,,8,12811,high,,Unique tower in Rawmarsh (South Yorkshire); building unspecified in source
"Dore, Christchurch",Sheffield,South Yorkshire,8,,none,10439;13787;23300;22121,"Unresolved: 'Dore, Christchurch' did not match any of the 4 towers in Sheffield"
,Lower Beeding,,8,13127,high,,Unique tower in Lower Beeding (West Sussex); building unspecified in source
15 Lytham End,Tilehurst,Berkshire,8,,none,,Private residence address (handbell ring)
,Long Crendon,,8,12735,high,,Unique tower in Long Crendon (Buckinghamshire); building unspecified in source
All Saints,Sapcote,,8,13130,high,25249,Resolved dedication 'All Saints' (Sapcote) among 2 towers in town
Minster Church of St Peter ad Vincula,Stoke upon Trent,Staffordshire,8,15103,high,16060;11305;15820;12994,Resolved dedication 'Minster Ch of S Peter ad Vincula' (Stoke on Trent) among 5 towers in town
St George,Vernet-les-Bains,France,8,14486,high,,Unique tower in Vernet-les-Bains; dedication 'S George' matches 'St George'
Christ Church,Macclesfield,Cheshire,8,12003,high,15811;14669;17333,Resolved dedication 'Christ Church' (Macclesfield) among 4 towers in town
Holy Trinity,Rothwell,Nthts.,8,,none,,No matching tower found for 'Rothwell' in Dove register
St John the Baptist,Hillingdon,Greater London,8,15193,high,20897,Resolved dedication 'S John Bapt' (Hillingdon) among 2 towers in town
,South Croydon,,8,15156,medium,19501;23496,Partial dedication match for 'S Peter' among 3 towers in town
The White House,Aston Rowant,Oxon,8,,none,,Private residence name (handbell ring)
Cathedral Church of the Holy Spirit,Guildford,Surrey,8,14593,high,14592;11502;12695;25706;20505;25586,Resolved dedication 'Cath Ch of Holy Spirit' (Guildford) among 7 towers in town
All Saints,Churchill,Oxfordshire,8,11768,high,26033,Resolved dedication 'All Saints' (Churchill) among 2 towers in town
,Catshill Bromsgrove,Worcestershire,7,17183,high,,"Fuzzy place match (Catshill Bromsgrove -> Catshill, Worcestershire)"
Admiral Park,Guernsey,Channel Islands,7,,none,,No matching tower found for 'Guernsey' in Dove register
Elizabeth College,Guernsey,Channel Islands,7,,none,,No matching tower found for 'Guernsey' in Dove register
26 Sunningfields Rd,Hendon,,7,,none,,Private residence address (handbell ring)
St Bartholomew,Welby,Lincolnshire,7,13303,high,,Unique tower in Welby; dedication 'S Bartholomew' matches 'St Bartholomew'
St Mary,Burry Port,Carmarthenshire,7,16887,high,,Unique tower in Burry Port; dedication 'S Mary' matches 'St Mary'
,Hammerwood,,7,14180,high,,Unique tower in Hammerwood (East Sussex); building unspecified in source
St Mary Magdalene,Castle Ashby,Northamptonshire,7,13914,high,,Unique tower in Castle Ashby; dedication 'S Mary Magd' matches 'St Mary Magdalene'
St Denys,Ravensthorpe,Northamptonshire,7,14550,high,,Unique tower in Ravensthorpe; dedication 'S Denys' matches 'St Denys'
St Mary,Southampton,Hampshire,7,10453,high,13796;13354;11712;20881;25539;23552;25687;23549;23550;25418,Resolved dedication 'S Mary' (Southampton) among 12 towers in town
Holy Trinity,Penn,Buckinghamshire,7,11653,high,,Unique tower in Penn; dedication 'Holy Trinity' matches 'Holy Trinity'
12 Victoria St,Cambridge,Cambridgeshire,7,,none,,Private residence address (handbell ring)
St Clement,Horsley,Derbyshire,7,13529,high,,Unique tower in Horsley; dedication 'S Clement' matches 'St Clement'
St Peter,Fairfield,Derbyshire,7,11560,high,,Unique tower in Fairfield; dedication 'S Peter' matches 'St Peter'
Alta Kabano,Standish,Gloucestershire,7,25252,high,12798,Resolved dedication 'Alta Kabano' (Standish) among 2 towers in town
St Senara,Zennor,Cornwall,7,12035,high,,Unique tower in Zennor; dedication 'S Senara V' matches 'St Senara'
St Peter,Belton in Rutland,Rutland,7,10454,high,,Unique tower in Belton in Rutland; dedication 'S Peter' matches 'St Peter'
"24, Doyle Avenue, Hilsea",Portsmouth,Hampshire,7,,none,,Private residence name (handbell ring)
,Stapleford,Cambs,7,16175,high,,Unique tower in Stapleford (Cambridgeshire); building unspecified in source
St Mary the Virgin,Moreton,Essex,7,12345,high,,Unique tower in Moreton; dedication 'S Mary' matches 'St Mary the Virgin'
Trinity College,Cambridge,Cambridgeshire,7,25480,medium,12645;15139;16664;14964;17550;13803;13748;18933;18934;25479,Partial dedication match for 'Holy Trinity' among 27 towers in town
St Mary,Whitechapel,Greater London,7,24739,high,,Unique tower in Whitechapel; dedication 'S Paul' matches 'St Mary'
St Mary,Great Wymondley,Hertfordshire,7,10548,high,,Unique tower in Great Wymondley; dedication 'S Mary' matches 'St Mary'
St Margaret,Downham,Essex,7,12661,high,,Unique tower in Downham; dedication 'S Margaret' matches 'St Margaret'
All Saints,Steep,Hampshire,7,14378,high,25925,Resolved dedication 'All Saints' (Steep) among 2 towers in town
St Mary the Virgin,Shipley,West Sussex,7,14716,high,,Unique tower in Shipley; dedication 'S Mary V' matches 'St Mary the Virgin'
St John the Baptist,Widford,Hertfordshire,7,10271,high,,Unique tower in Widford; dedication 'S John Bapt' matches 'St John the Baptist'
St John the Baptist,Cottered,Hertfordshire,7,16080,high,,Unique tower in Cottered; dedication 'S John Bapt' matches 'St John the Baptist'
St John the Evangelist,Preston,Lancashire,7,11963,high,22856;22857;22858;22859;22863,Resolved dedication 'Minster Ch of S John Ev' (Preston) among 6 towers in town
St John the Baptist,Mildenhall,Wiltshire,7,13156,high,,Unique tower in Mildenhall; dedication 'S John Bapt' matches 'St John the Baptist'
46 Orchard Drive,St Albans,,7,,none,,Private residence address (handbell ring)
All Saints,Marple,Cheshire,7,15017,high,,Unique tower in Marple; dedication 'All Saints' matches 'All Saints'
St Mary,Hartfield,East Sussex,7,12747,high,,Unique tower in Hartfield; dedication 'S Mary' matches 'St Mary'
St Michael,Kingsteignton,Devon,7,12105,high,25666,Resolved dedication 'S Michael' (Kingsteignton) among 2 towers in town
Cathedral Church of St Saviour,Goulburn,New South Wales,7,15655,high,,Unique tower in Goulburn; dedication 'Cath Ch of S Saviour' matches 'Cathedral Church of St Saviour'
Christ's Church,Mandurah,Western Australia,7,10751,high,,Unique tower in Mandurah; dedication 'Christ's Church' matches 'Christ's Church'
The Lair of the Snow Tiger,Ringing Room,,7,,none,,Virtual ringing platform or dispersed locations
St Nicholas,Arundel,West Sussex,7,16691,high,10180,Resolved dedication 'S Nicholas' (Arundel) among 2 towers in town
St Nicholas,Abbots Bromley,Staffordshire,7,14443,high,25192,Resolved dedication 'S Nicholas' (Abbots Bromley) among 2 towers in town
St Andrew,Billingborough,Lincolnshire,7,16911,high,,Unique tower in Billingborough; dedication 'S Andrew' matches 'St Andrew'
"Jubilee, New Farm Rd",New Alresford,Hampshire,7,,none,,Private residence name (handbell ring)
37 Northbrook,Micheldever,Hampshire,7,,none,,Private residence address (handbell ring)
,Crayford,,7,12837,high,,Unique tower in Crayford (Greater London); building unspecified in source
St Mary the Virgin,Bowdon,Greater Manchester,7,14100,high,,Unique tower in Bowdon; dedication 'S Mary V' matches 'St Mary the Virgin'
50 Needham Drive,Cranage,Cheshire,7,,none,,Private residence address (handbell ring)
,Accrington,,7,10851,medium,17811;17574;22961;17813,Partial dedication match for 'S James' among 5 towers in town
St James,Mangotsfield,Gloucestershire,7,16932,high,,Unique tower in Mangotsfield; dedication 'S James' matches 'St James'
All Saints,Allesley,West Midlands,7,13782,high,,Unique tower in Allesley; dedication 'All Saints' matches 'All Saints'
,Hughenden,,7,15656,high,,Unique tower in Hughenden (Buckinghamshire); building unspecified in source
,Penistone,,7,16134,high,,Unique tower in Penistone (South Yorkshire); building unspecified in source
St John the Baptist,Brinklow,Warwickshire,7,16910,high,,Unique tower in Brinklow; dedication 'S John Bapt' matches 'St John the Baptist'
All Saints,Basingstoke,Hampshire,7,10112,high,16758;25675,Resolved dedication 'All Saints' (Basingstoke) among 3 towers in town
St Mary,Handsworth,South Yorkshire,7,10845,high,,Unique tower in Handsworth; dedication 'S Mary' matches 'St Mary'
St Lawrence,York,,7,16125,high,11340;13714;16004;11426;15985;13479;12165;10509;11836;10444,Resolved dedication 'S Lawrence' (York) among 24 towers in town
,Thornhill,,7,15558,medium,25688,Partial dedication match for 'S Michael & All Angels' among 2 towers in town
,Wath-on-Dearne,,7,13601,high,,Unique tower in Wath upon Dearne (South Yorkshire); building unspecified in source
,Bolsover,,7,14841,high,,Unique tower in Bolsover (Derbyshire); building unspecified in source
Christ Church,Pendlebury,Greater Manchester,7,,none,22706;22707,Unresolved: 'Christ Church' did not match any of the 2 towers in Pendlebury
Imperial College (Huxley Building),Knightsbridge,Middx,7,,none,10305;21260,Unresolved: 'Imperial College (Huxley Building)' did not match any of the 2 towers in Knightsbridge
,Petworth,,7,14727,high,,Unique tower in Petworth (West Sussex); building unspecified in source
,Whitley Bay,,7,17001,high,,Unique tower in Whitley Bay (Tyne and Wear); building unspecified in source
,Rusper,,7,16522,high,,Unique tower in Rusper (West Sussex); building unspecified in source
,Tuxford,,7,14811,high,,Unique tower in Tuxford (Nottinghamshire); building unspecified in source
,Dronfield,,7,16535,high,,Unique tower in Dronfield (Derbyshire); building unspecified in source
,Claybrooke,,7,11714,high,,Unique tower in Claybrooke (Leicestershire); building unspecified in source
St Wilfrid of York,West Hallam,Derbyshire,7,13398,high,,Unique tower in West Hallam; dedication 'S Wilfrid of York' matches 'St Wilfrid of York'
,Higham Ferrers,,7,13375,high,,Unique tower in Higham Ferrers (Northamptonshire); building unspecified in source
Brambles,Brimpton,Berkshire,7,11416,medium,,"Sole ringing tower in Brimpton, but dedication 'S Peter' differs from source 'Brambles'"
,Benington,Herts,7,13604,high,,Unique tower in Benington (Hertfordshire); building unspecified in source
,Finedon,,7,12514,high,,Unique tower in Finedon (Northamptonshire); building unspecified in source
All Saints,High Wycombe,Buckinghamshire,7,13160,high,25785,Resolved dedication 'All Saints' (High Wycombe) among 2 towers in town
,Swillington,,7,15572,high,,Unique tower in Swillington (West Yorkshire); building unspecified in source
,Sproxton,,7,11573,medium,23606,Partial dedication match for 'S Bartholomew' among 2 towers in town
"73, Braithwaite Gardens",Stanmore,Middlesex,7,,none,,Private residence name (handbell ring)
St Peter,Drayton,Oxfordshire,7,13691,high,14475,Resolved dedication 'S Peter' (Drayton) among 2 towers in town
St Nicholas,Lockington,Leicestershire,7,14614,high,,Unique tower in Lockington; dedication 'S Nicholas' matches 'St Nicholas'
St John the Evangelist,"Sheffield, Ranmoor",South Yorkshire,7,16286,high,,"Resolved via suburb/parish 'Ranmoor' in town name (Ranmoor, S John Ev)"
"St Dunstan-in-the-West, Fleet Street",City of London,,7,11914,high,15228;11081;13868;12429;13028;16634;16578;10471;16020;13189,Resolved dedication 'S Dunstan-in-the-West' (London) among 42 towers in town
St Laurence,Reading,,7,10597,high,16811;16674;22958;22959;22960;17427;25652;25109;22962;22963,Resolved dedication 'S Laurence' (Reading) among 13 towers in town
St Michael,Ashton-under-Lyne,,7,10838,high,15994;17995;17996;17997;17998,Resolved dedication 'S Michael & All Angels' (Ashton under Lyne) among 6 towers in town
Minster of All Saints,Rotherham,South Yorkshire,7,11336,high,15197,Resolved dedication 'Minster Ch of All Saints' (Rotherham) among 2 towers in town
St Mary de Castro,Leicester,Collegiate Church of,7,,none,,No matching tower found for 'Leicester' in Dove register
St John the Baptist,Hillingdon,Middlesex,7,15193,high,20897,Resolved dedication 'S John Bapt' (Hillingdon) among 2 towers in town
All Saints,Worcester,,7,11249,high,11299;13277;10704;12050;12921;12643;24996;24997;24998;24999,Resolved dedication 'All Saints' (Worcester) among 14 towers in town
Cathedral,Guildford,Surrey,7,14593,high,14592;11502;12695;25706;20505;25586,Resolved dedication 'Cath Ch of Holy Spirit' (Guildford) among 7 towers in town
,Escrick,,7,11686,high,,Unique tower in Escrick (North Yorkshire); building unspecified in source
,Fowlmere,Cambs,7,11382,high,,Unique tower in Fowlmere (Cambridgeshire); building unspecified in source
The Vicarage,Melbourne,Derbyshire,7,,none,,Private residence name (handbell ring)
,Vergers Lodge Alcester,Warwickshire,6,,none,,No matching tower found for 'Vergers Lodge Alcester' in Dove register
St Margaret,Addington,Kent,6,16347,high,,Unique tower in Addington; dedication 'S Margaret' matches 'St Margaret'
23 Albany Road,St Leonards on Sea,East Sussex,6,,none,,Private residence address (handbell ring)
St Laurence,Wyck Rissington,Gloucestershire,6,14446,high,,Unique tower in Wyck Rissington; dedication 'S Laurence' matches 'St Laurence'
13 Church Meadow,Lilleshall,Shropshire,6,,none,,Private residence address (handbell ring)
St Mary,Swinstead,Lincolnshire,6,13256,high,,Unique tower in Swinstead; dedication 'S Mary' matches 'St Mary'
"Mayscroft, Mayswood Road",Wootton Wawen,Warwickshire,6,,none,,Private residence name (handbell ring)
,Cynwyl Elfed,Carmarthenshire,6,,none,,No matching tower found for 'Cynwyl Elfed' in Dove register
,Ringing Room,UK (London and Manchester),6,,none,,Virtual ringing platform or dispersed locations
,Anstey,Leics,6,13745,high,,Unique tower in Anstey (Leicestershire); building unspecified in source
All Saints,Staplehurst,Kent,6,13740,high,,Unique tower in Staplehurst; dedication 'All Saints' matches 'All Saints'
St Mary Magdalene,Cottingham,Northamptonshire,6,17007,high,,Unique tower in Cottingham; dedication 'S Mary Magd' matches 'St Mary Magdalene'
St George,Evenley,Northamptonshire,6,16662,high,,Unique tower in Evenley; dedication 'S George' matches 'St George'
St Mary,Aldeby,Norfolk,6,15301,high,,Unique tower in Aldeby; dedication 'S Mary' matches 'St Mary'
St Mary the Virgin,Hambleden,Buckinghamshire,6,12602,high,,Unique tower in Hambleden; dedication 'S Mary V' matches 'St Mary the Virgin'
All Saints,Braywood,Berkshire,6,,none,,No matching tower found for 'Braywood' in Dove register
St Mary the Virgin,Shenfield,Essex,6,13454,high,,Unique tower in Shenfield; dedication 'S Mary V' matches 'St Mary the Virgin'
St Edmund King and Martyr,Stoulton,Worcestershire,6,16881,high,,Unique tower in Stoulton; dedication 'S Edmund K&M' matches 'St Edmund King and Martyr'
,Ringing Room,Lincolnshire,6,,none,,Virtual ringing platform or dispersed locations
St Margaret,Corse,Gloucestershire,6,13280,high,,Unique tower in Corse; dedication 'S Margaret' matches 'St Margaret'
Holy Angels,Hoar Cross,Staffordshire,6,15683,high,,Unique tower in Hoar Cross; dedication 'Holy Angels' matches 'Holy Angels'
Holy Innocents,Great Barton,Suffolk,6,10780,high,,Unique tower in Great Barton; dedication 'Holy Innocents' matches 'Holy Innocents'
,Bournemouth,Hants,6,,none,,No matching tower found for 'Bournemouth' in Dove register
St Peter and St Paul,Langham,Rutland,6,11213,high,,Unique tower in Langham; dedication 'S Peter & S Paul' matches 'St Peter and St Paul'
,Hough on the Hill,Lincs,6,15849,high,,Unique tower in Hough on the Hill (Lincolnshire); building unspecified in source
St Peter,Brampford Speke,Devon,6,16477,high,,Unique tower in Brampford Speke; dedication 'S Peter' matches 'St Peter'
St Mary,Gayton,Northamptonshire,6,13295,high,,Unique tower in Gayton; dedication 'S Mary' matches 'St Mary'
Erica Magnis Campanis,Leonard Stanley,Gloucestershire,6,11889,medium,,"Sole ringing tower in Leonard Stanley, but dedication 'S Swithun' differs from source 'Erica Magnis Campanis'"
St Michael and All Angels,Lyonshall,Herefordshire,6,15533,high,,Unique tower in Lyonshall; dedication 'S Michael & All Angels' matches 'St Michael and All Angels'
St Peter and St Paul,Eye,Herefordshire,6,15447,high,,Unique tower in Eye; dedication 'S Peter & S Paul' matches 'St Peter and St Paul'
St David's Cathedral,Hobart,Tasmania,6,11547,high,16075,Resolved dedication 'Cath Ch of S David' (Hobart) among 2 towers in town
St George's Cathedral,Perth,Western Australia,6,12085,high,16028;11687;12726,Resolved dedication 'Cath Ch of S George' (Perth) among 4 towers in town
"Oldham, Vernet-les-Bains & Great Hockham",Ringing Room,UK & France,6,,none,,Virtual ringing platform or dispersed locations
St Brandon,Brancepeth,Durham,6,14288,high,,Unique tower in Brancepeth; dedication 'S Brandon' matches 'St Brandon'
,Swardeston,Norfolk,6,17529,high,,Unique tower in Swardeston (Norfolk); building unspecified in source
,Ringing Room,Heighington,6,,none,,Virtual ringing platform or dispersed locations
St Bartholomew,Norton in the Moors,Staffordshire,6,11221,high,,Unique tower in Norton in the Moors; dedication 'S Bartholomew' matches 'St Bartholomew'
"Oldham, Vancouver (WA), South Walsham",Ringing Room,UK & USA,6,,none,,Virtual ringing platform or dispersed locations
St Leonard,Flamstead,Hertfordshire,6,15249,high,,Unique tower in Flamstead; dedication 'S Leonard' matches 'St Leonard'
Immanuel,Oswaldtwistle,Lancashire,6,15566,high,22599,Resolved dedication 'Immanuel' (Oswaldtwistle) among 2 towers in town
All Saints,Harston,Cambridgeshire,6,11244,high,,Unique tower in Harston; dedication 'All Saints' matches 'All Saints'
St Bartholomew,Ashleworth,Gloucestershire,6,12427,high,,Unique tower in Ashleworth; dedication 'S Bartholomew' matches 'St Bartholomew'
St Mary the Virgin,Studham,Bedfordshire,6,15440,high,,Unique tower in Studham; dedication 'S Mary V' matches 'St Mary the Virgin'
All Saints,Nocton,Lincolnshire,6,11509,high,,Unique tower in Nocton; dedication 'All Saints' matches 'All Saints'
St Michael and All Angels,Aston Clinton,Buckinghamshire,6,17117,high,,Unique tower in Aston Clinton; dedication 'S Michael & All Angels' matches 'St Michael and All Angels'
St James the Less,Pangbourne,Berkshire,6,16866,high,,Unique tower in Pangbourne; dedication 'S James Less' matches 'St James the Less'
St Petrock,Exeter,Devon,6,16959,high,13963;14687;16135;15779;14227;20007;20008;25133;20009;20016,Resolved dedication 'S Petrock' (Exeter) among 16 towers in town
All Saints,Hamerton,Cambridgeshire,6,10697,high,,Unique tower in Hamerton; dedication 'All Saints' matches 'All Saints'
St Cecilia,Little Hadham,Hertfordshire,6,16089,high,,Unique tower in Little Hadham; dedication 'S Cecilia' matches 'St Cecilia'
All Saints,Coddington,Nottinghamshire,6,11794,high,,Unique tower in Coddington; dedication 'All Saints' matches 'All Saints'
Onze-Lieve-Vrouwekerk (Grote Kerk),Dordrecht,Netherlands,6,17691,high,14275,Resolved dedication 'Onze-Lieve-Vrouwekerk (Grote Kerk)' (Dordrecht) among 2 towers in town
St Mary the Virgin,Ilkeston,Derbyshire,6,11401,high,21160,Resolved dedication 'S Mary V' (Ilkeston) among 2 towers in town
Abbey Church of St Mary the Virgin,Tewkesbury,Gloucestershire,6,15657,high,25268;24023,Resolved dedication 'Abbey Ch of S Mary V' (Tewkesbury) among 3 towers in town
,Chesterfield,Derbys,6,13811,medium,19120;19121,Partial dedication match for 'S Mary & All Saints' among 3 towers in town
St Wilfrid,Grappenhall,Cheshire,6,15508,high,,Unique tower in Grappenhall; dedication 'S Wilfrid' matches 'St Wilfrid'
,Measham,,6,25228,medium,15760,Partial dedication match for 'Garage Ring' among 2 towers in town
,Stansted Mountfitchet,,6,13823,medium,23726,Partial dedication match for 'S Mary V' among 2 towers in town
Abbey Church of St Mary and St Ethelflaeda,Romsey,Hampshire,6,13589,high,,Unique tower in Romsey; dedication 'Abbey Ch of S Mary & S Ethelflaeda' matches 'Abbey Church of St Mary and St Ethelflaeda'
,Aldermaston,,6,10431,high,,Unique tower in Aldermaston (Berkshire); building unspecified in source
St Mary,Bucklebury,Berkshire,6,11027,high,,Unique tower in Bucklebury; dedication 'S Mary' matches 'St Mary'
St James,Kingston,Dorset,6,14840,high,,Unique tower in Kingston; dedication 'S James' matches 'St James'
Cathedral Church of St Andrew,Wells,Somerset,6,13876,high,17150;24518,Resolved dedication 'Cath Ch of S Andrew' (Wells) among 3 towers in town
St Mary the Virgin,Pulford,Cheshire,6,11189,high,,Unique tower in Pulford; dedication 'S Mary V' matches 'St Mary the Virgin'
St Mary the Virgin,Saxlingham Nethergate,Norfolk,6,15580,high,,Unique tower in Saxlingham Nethergate; dedication 'S Mary V' matches 'St Mary the Virgin'
Cathedral of SS Peter & Paul,Sheffield,South Yorkshire,6,13787,medium,10439;23300;22121,Partial dedication match for 'Cath Ch of S Peter & S Paul' among 4 towers in town
St John the Baptist,Newcastle upon Tyne,Tyne & Wear,6,,none,,No matching tower found for 'Newcastle upon Tyne' in Dove register
New College,Oxford,Oxfordshire,6,13271,high,14542;10172;11850;12299;11203;16203;13903;10326;10578;14239,Resolved dedication 'New College' (Oxford) among 26 towers in town
Royal Masonic Junior School,Bushey,Herts,6,,none,13627;18871,Unresolved: 'Royal Masonic Junior School' did not match any of the 2 towers in Bushey
,Putney,,6,12162,medium,22893;22894,Partial dedication match for 'S Mary' among 3 towers in town
Abbey Church of St Peter and St Paul,Dorchester,Oxfordshire,6,10217,high,,Unique tower in Dorchester; dedication 'Abbey Ch of S Peter & S Paul' matches 'Abbey Church of St Peter and St Paul'
"297 Main Street, Tawa",Wellington,New Zealand,6,,none,,Private residence address (handbell ring)
Minster Church of St Mary,Cheltenham,Gloucestershire,6,15388,high,15204;15682;12704;25201;19100;19101;19102;19103;25110;19104,Resolved dedication 'S Mary' (Charlton Kings) among 15 towers in town
St Philip,Sydney,,6,11518,high,16969;15468;13849;14777;13677;10621;12983;13900;11755;16839,Resolved dedication 'S Philip' (Sydney) among 20 towers in town
SS Mary the Virgin and Edward K and M,Barrow Gurney,Somerset,6,13023,high,,Unique tower in Barrow Gurney; dedication 'Blessed Virgin Mary & S Edward K&M' matches 'SS Mary the Virgin and Edward K and M'
,Cambridge,,6,12645,medium,15139;16664;14964;17550;13803;13748;10395;18933;18934;25479,Partial dedication match for 'Our Lady & Eng Martyrs' among 28 towers in town
,Sutterton,,6,14739,high,,Unique tower in Sutterton (Lincolnshire); building unspecified in source
Bellfoundry Tower,Loughborough,Leics.,6,10191,high,16752;21820;21821;21822;17781,Resolved dedication 'Bell Foundry Tower' (Loughborough) among 6 towers in town
,Thorne,,6,10104,high,,Unique tower in Thorne (South Yorkshire); building unspecified in source
,North Stoneham,,6,10082,high,,Unique tower in North Stoneham (Hampshire); building unspecified in source
St Andrew's Parish Centre,Pershore,Worcestershire,6,11394,high,14267,Resolved dedication 'S Andrew's Centre' (Pershore) among 2 towers in town
St Wilfrid,Standish,Greater Manchester,6,14666,high,,Unique tower in Standish; dedication 'S Wilfrid' matches 'St Wilfrid'
"Great Hockham, Reach & Norwich",Ringing Room,,6,,none,,Virtual ringing platform or dispersed locations
St James the Great,"Sheffield, Norton",South Yorkshire,6,10874,high,,"Resolved via suburb/parish 'Norton' in town name (Norton, S James Gt)"
,Buxted,,6,15622,medium,18883,Partial dedication match for 'S Margaret Q' among 2 towers in town
St Mary,Usk,Monmouthshire,6,11790,high,,Unique tower in Usk; dedication 'S Mary' matches 'St Mary'
"Norwich, Gt Hockham & Reach",Ringing Room,,6,,none,,Virtual ringing platform or dispersed locations
St Leonard,Broad Blunsdon,Wiltshire,6,12338,high,,Unique tower in Broad Blunsdon; dedication 'S Leonard' matches 'St Leonard'
,Weston-super-Mare,,6,12821,medium,24672;24673;24674;24675;24676;12495,Partial dedication match for 'S John Bapt' among 7 towers in town
St Mary and St Laurence,Bolsover,Derbyshire,6,14841,high,,Unique tower in Bolsover; dedication 'S Mary & S Laurence' matches 'St Mary and St Laurence'
,Middleham,,6,11313,high,,Unique tower in Middleham (North Yorkshire); building unspecified in source
Minster Church of St George,Doncaster,South Yorkshire,6,12184,high,19661;19662,Resolved dedication 'Minster Ch of S George' (Doncaster) among 3 towers in town
St Peter,Conisbrough,South Yorkshire,6,12310,high,,Unique tower in Conisbrough; dedication 'S Peter' matches 'St Peter'
,Heanor,,6,15653,high,,Unique tower in Heanor (Derbyshire); building unspecified in source
,Chiddingstone,,6,11135,high,,Unique tower in Chiddingstone (Kent); building unspecified in source
St Margaret,Leicester,,6,10495,high,12250;13828;21538;21539;21540;21541;21542;21544;21545;21546,Resolved dedication 'S Margaret' (Leicester) among 15 towers in town
St Mary-le-Tower,Ipswich,,6,11217,high,13614;13091;13121;10964;13732;12441;10057;16122;17735;21183,Resolved dedication 'Minster Ch of S Mary le Tower' (Ipswich) among 20 towers in town
51 Castle Shannon Boulevard,Pittsburgh,Pennsylvania,6,,none,,Private residence address (handbell ring)
St John the Baptist,Chilcompton,Somerset,6,12701,high,,Unique tower in Chilcompton; dedication 'S John Bapt' matches 'St John the Baptist'
Cathedral and Abbey Church of St Alban,St Albans,Hertfordshire,6,15782,high,14427;11034;10871;23608;23609;23610;21987,Resolved dedication 'Cath & Abbey Ch of S Alban' (St Albans) among 8 towers in town
St Mark,Worsley,Lancashire,6,10612,high,,Unique tower in Worsley; dedication 'S Mark' matches 'St Mark'
St Helena,Lundy Island,Bristol Channel,6,,none,,No matching tower found for 'Lundy Island' in Dove register
All Saints,Inveraray,Argyll and Bute,6,15398,high,,Unique tower in Inveraray; dedication 'All Saints' matches 'All Saints'
All Saints,Chilvers Coton,Warwickshire,6,13950,high,,Unique tower in Nuneaton; dedication 'All Saints' matches 'All Saints'
Christ Church,Bristol,Bristol,6,15455,high,10300;10331;14342;11615;14422;12166;15180;12993;12039;16354,Resolved dedication 'Christ Church' (Bristol) among 17 towers in town
The Most Holy and Undivided Trinity,Kingston upon Hull,East Riding of Yorkshire,6,10627,medium,15457;14938;25355;21095;21096;21336;22430;21337,Partial dedication match for 'Minster Ch of the Most Holy & Undivided Trinity' among 9 towers in town
St Michael,Melbourne,Derbyshire,6,10249,high,,Unique tower in Melbourne; dedication 'S Michael' matches 'St Michael'
Holy Trinity,Rothwell,Nthts,6,,none,,No matching tower found for 'Rothwell' in Dove register
St Alphege,Solihull,West Midlands,6,11354,high,,Unique tower in Solihull; dedication 'S Alphege' matches 'St Alphege'
Cathedral of St Philip,Birmingham,,6,15513,high,16786;13032;14891;12955;25526;25540;25808,Resolved dedication 'Cath Ch of S Philip' (Birmingham) among 8 towers in town
St Matthew,Walsall,West Midlands,6,15867,high,24394;24395,Resolved dedication 'S Matthew' (Walsall) among 3 towers in town
,Cambridge,Cambs,6,12645,medium,15139;16664;14964;17550;13803;13748;18933;18934;25479;18935,Partial dedication match for 'Our Lady & Eng Martyrs' among 27 towers in town
Minster Church of St James,Grimsby,Lincolnshire,5,13717,high,17792;20481;20482;20483;20484,Resolved dedication 'Minster Ch of S James' (Grimsby) among 6 towers in town
St Peter,Lodsworth,West Sussex,5,10755,high,,Unique tower in Lodsworth; dedication 'S Peter' matches 'St Peter'
St Lawrence,York,North Yorkshire,5,16125,high,11340;13714;16004;11426;15985;13479;12165;10509;11836;17575,Resolved dedication 'S Lawrence' (York) among 23 towers in town
St Mary,Breamore,Hampshire,5,10295,high,,Unique tower in Breamore; dedication 'S Mary' matches 'St Mary'
Westminster Road,"Birmingham, Selly Park",West Midlands,5,,none,,Private residence name (handbell ring)
All Saints,Nottingham,Nottinghamshire,5,16412,high,10637;16058;25524;22500;22501;22502;22503,Resolved dedication 'All Saints' (Nottingham) among 8 towers in town
Holy Trinity,Rayleigh,Essex,5,12322,high,,Unique tower in Rayleigh; dedication 'Holy Trinity' matches 'Holy Trinity'
St Mary the Virgin,Fawsley,Northamptonshire,5,14358,high,,Unique tower in Fawsley; dedication 'S Mary V' matches 'St Mary the Virgin'
St Andrew,Ufford,Cambridgeshire,5,13497,high,,Unique tower in Ufford; dedication 'S Andrew' matches 'St Andrew'
St Mary V,Whiston,Northamptonshire,5,14802,high,,Unique tower in Whiston; dedication 'S Mary V' matches 'St Mary V'
"E203, EPB, UoB","Birmingham, Edgbaston",West Midlands,5,,none,,"No matching tower found for 'Birmingham, Edgbaston' in Dove register"
St Sampson,Cricklade,Wiltshire,5,11809,high,19456,Resolved dedication 'S Sampson' (Cricklade) among 2 towers in town
St Andrew,Thornhaugh,Cambridgeshire,5,16677,high,,Unique tower in Thornhaugh; dedication 'S Andrew' matches 'St Andrew'
St Rumbald,Stoke Doyle,Northamptonshire,5,14223,high,,Unique tower in Stoke Doyle; dedication 'S Rumbald' matches 'St Rumbald'
St James Apostle,Grafton Underwood,Northamptonshire,5,14619,high,,Unique tower in Grafton Underwood; dedication 'S James Ap' matches 'St James Apostle'
"St Andrew, West Tower",Rugby,Warwicks,5,14482,high,25541;23103;23104;23105;23106;16361,Resolved dedication 'S Andrew' (Rugby) among 7 towers in town
St Mary-the-Virgin,Hailsham,East Sussex,5,15312,high,,Unique tower in Hailsham; dedication 'S Mary' matches 'St Mary-the-Virgin'
St Bartholomew,West Cranmore,Somerset,5,15799,high,,Unique tower in West Cranmore; dedication 'S Bartholomew' matches 'St Bartholomew'
All Saints,Marsworth,Buckinghamshire,5,12123,high,,Unique tower in Marsworth; dedication 'All Saints' matches 'All Saints'
St Mary,Guildford,Surrey,5,11502,high,14593;14592;12695;25706;20505;25586,Resolved dedication 'S Mary' (Guildford) among 7 towers in town
St Mary the Virgin,Stoneleigh,Warwickshire,5,12286,high,,Unique tower in Stoneleigh; dedication 'S Mary V' matches 'St Mary the Virgin'
St Mary,Barking,Suffolk,5,15693,high,,Unique tower in Barking; dedication 'S Mary' matches 'St Mary'
St Guthlac,Market Deeping,Lincolnshire,5,16858,high,,Unique tower in Market Deeping; dedication 'S Guthlac' matches 'St Guthlac'
St Michael,Sutton on the Hill,Derbyshire,5,12850,high,,Unique tower in Sutton on the Hill; dedication 'S Michael' matches 'St Michael'
St Thomas,Navestock,Essex,5,11042,high,,Unique tower in Navestock; dedication 'S Thomas' matches 'St Thomas'
St Andrew,Thursby,Cumbria,5,12028,high,,Unique tower in Thursby; dedication 'S Andrew' matches 'St Andrew'
All Saints,Brailsford,Derbyshire,5,15818,high,,Unique tower in Brailsford; dedication 'All Saints' matches 'All Saints'
St Michael and All Angels,Bampton,Devon,5,12114,high,,Unique tower in Bampton; dedication 'S Michael & All Angels' matches 'St Michael and All Angels'
St Weneppa,Gwennap,Cornwall,5,11620,high,,Unique tower in Gwennap; dedication 'S Weneppa' matches 'St Weneppa'
St Bene't's,Cambridge,Cambridgeshire,5,16664,high,12645;15139;14964;17550;13803;13748;18933;18934;25479;18935,Resolved dedication 'S Bene't' (Cambridge) among 27 towers in town
Blessed Virgin Mary,Brompton Regis,Somerset,5,17155,high,,Unique tower in Brompton Regis; dedication 'Blessed Virgin Mary' matches 'Blessed Virgin Mary'
St Mary and St Helena,Elstow,Bedfordshire,5,12912,high,,Unique tower in Elstow; dedication 'S Mary & S Helena' matches 'St Mary and St Helena'
All Saints,Hastings,East Sussex,5,15800,high,13212;12891;20692;20691,Resolved dedication 'All Saints' (Hastings) among 5 towers in town
,"Handbell Stadium, Wellington",New Zealand,5,15981,high,,"Resolved via suburb/parish 'Wellington' in town name (Wellington, S Margaret of Antioch)"
St Peter,Raunds,Northamptonshire,5,11998,high,,Unique tower in Raunds; dedication 'S Peter' matches 'St Peter'
St Mary the Virgin,Whitchurch,Oxfordshire,5,12623,high,,Unique tower in Whitchurch; dedication 'S Mary V' matches 'St Mary the Virgin'
St Leonard,Naremburn,New South Wales,5,16841,high,,Unique tower in Naremburn; dedication 'S Leonard' matches 'St Leonard'
Bettyfold,Hawkshead,Lancashire,5,,none,,No matching tower found for 'Hawkshead' in Dove register
St Michael and All Angels,Great Creaton,Northamptonshire,5,10299,high,,Unique tower in Great Creaton; dedication 'S Michael & All Angels' matches 'St Michael and All Angels'
St Peter,Stutton,Suffolk,5,14237,high,,Unique tower in Stutton; dedication 'S Peter' matches 'St Peter'
St Andrew,Spratton,Northamptonshire,5,10339,high,,Unique tower in Spratton; dedication 'S Andrew' matches 'St Andrew'
St Etheldreda,Guilsborough,Northamptonshire,5,11910,high,,Unique tower in Guilsborough; dedication 'S Etheldreda' matches 'St Etheldreda'
Falconwood and Acton,Ringing Room,,5,,none,,Virtual ringing platform or dispersed locations
"Thorrington, Wickford & Great Hockham",Ringing Room,,5,,none,,Virtual ringing platform or dispersed locations
,Offley,,5,12296,high,,Unique tower in Offley (Hertfordshire); building unspecified in source
St Olave,London,,5,12986,high,15228;11081;13868;12429;13028;11914;16634;16578;10471;16020,Resolved dedication 'S Olave' (London) among 42 towers in town
St Mary,Frampton,Lincolnshire,5,12027,high,,Unique tower in Frampton; dedication 'S Mary' matches 'St Mary'
All Saints,Laughton,East Sussex,5,15991,high,,Unique tower in Laughton; dedication 'All Saints' matches 'All Saints'
Teignbridge,Ringing Room,Devon,5,,none,,Virtual ringing platform or dispersed locations
Woodlands,Keele,Staffordshire,5,15793,high,15675,Resolved dedication 'Woodlands' (Keele) among 2 towers in town
Falconwood and Bovey Tracey,Ringing Room,,5,,none,,Virtual ringing platform or dispersed locations
St Bene't,Cambridge,Cambridgeshire,5,16664,high,12645;15139;14964;17550;13803;13748;18933;18934;25479;18935,Resolved dedication 'S Bene't' (Cambridge) among 27 towers in town
St Etheldreda,Hatfield,Hertfordshire,5,16620,high,20699;20700,Resolved dedication 'S Etheldreda' (Hatfield) among 3 towers in town
St Helen,Lundy Island,Devon,5,11248,high,,Unique tower in Lundy Island; dedication 'S Helen' matches 'St Helen'
St Buriana,St Buryan,Cornwall,5,12575,high,,Unique tower in St Buryan; dedication 'S Buriana' matches 'St Buriana'
St Michael,Wood Green,Greater London,5,10450,high,25774,Resolved dedication 'S Michael' (Wood Green) among 2 towers in town
St Giles in the Fields,Holborn,Greater London,5,12506,high,20937;20935;20936;20261;11081,Resolved dedication 'S Giles in the Fields' (Holborn) among 6 towers in town
"Colchester, Norwich & Great Hockham",Ringing Room,Uk,5,,none,,Virtual ringing platform or dispersed locations
,Litlington,,5,16288,medium,21626,Partial dedication match for 'S Catherine' among 2 towers in town
Holy Trinity,Ashford in the Water,Derbyshire,5,15935,high,,Unique tower in Ashford in the Water; dedication 'Holy Trinity' matches 'Holy Trinity'
St Werburgh,Spondon,Derbyshire,5,13638,high,,Unique tower in Spondon; dedication 'S Werburgh' matches 'St Werburgh'
St Stephen,Hammerwood,East Sussex,5,14180,high,,Unique tower in Hammerwood; dedication 'S Stephen' matches 'St Stephen'
St John the Evangelist,Chelford,Cheshire,5,15671,high,,Unique tower in Chelford; dedication 'S John Ev' matches 'St John the Evangelist'
St Mary,Bolsterstone,South Yorkshire,5,15595,high,,Unique tower in Bolsterstone; dedication 'S Mary' matches 'St Mary'
St John the Baptist,Whittington,Shropshire,5,10162,high,,Unique tower in Whittington; dedication 'S John Bapt' matches 'St John the Baptist'
St Oswald King and Martyr,Oswestry,Shropshire,5,13772,medium,22600,Partial dedication match for 'S Oswald K&M' among 2 towers in town
St John the Baptist,Penistone,South Yorkshire,5,16134,high,,Unique tower in Penistone; dedication 'S John Bapt' matches 'St John the Baptist'
,Hooe (Dewbys Bells),East Sussex,5,12517,high,,"Fuzzy place match (Hooe (Dewbys Bells) -> Hooe, East Sussex)"
't Klockhuys,Dordrecht,The Netherlands,5,14275,high,17691,Resolved dedication ''t Klockhuys' (Dordrecht) among 2 towers in town
St Mary,Henlow,Bedfordshire,5,10174,high,,Unique tower in Henlow; dedication 'S Mary' matches 'St Mary'
,Rendham,Suffolk,5,12934,high,,Unique tower in Rendham (Suffolk); building unspecified in source
St Vincent,Caythorpe,Lincolnshire,5,13483,high,,Unique tower in Caythorpe; dedication 'S Vincent' matches 'St Vincent'
3 Macadam Close,Burntwood,Staffordshire,5,,none,,Private residence address (handbell ring)
St Nicholas,East Dereham,Norfolk,5,11591,high,,Unique tower in Dereham; dedication 'S Nicholas' matches 'St Nicholas'
St Peter,Leeds,,5,13165,high,16351;11425;15978;21524;21525;21526;21527;21531;25533;10218,Resolved dedication 'Minster Ch of S Peter' (Leeds) among 28 towers in town
St Mary,Long Sutton,Lincolnshire,5,15492,high,,Unique tower in Long Sutton; dedication 'S Mary' matches 'St Mary'
St James,Sheldwich,Kent,5,15430,high,,Unique tower in Sheldwich; dedication 'S James' matches 'St James'
,Liversedge,,5,15896,high,,Unique tower in Liversedge (West Yorkshire); building unspecified in source
St Margaret,Uxbridge,Greater London,5,14402,high,12550,Resolved dedication 'S Margaret' (Uxbridge) among 2 towers in town
St Laurence,Long Eaton,Derbyshire,5,15066,high,21775,Resolved dedication 'S Laurence' (Long Eaton) among 2 towers in town
Dewbys Bells,Hooe,East Sussex,5,12517,medium,,"Sole ringing tower in Hooe, but dedication 'S Oswald' differs from source 'Dewbys Bells'"
St Peter,Walworth,London,5,17140,high,24414;24415,Resolved dedication 'S Peter' (Walworth) among 3 towers in town
St Oswald,Malpas,Cheshire,5,12702,high,,Unique tower in Malpas; dedication 'S Oswald' matches 'St Oswald'
Holy Trinity,Loddon,Norfolk,5,12942,high,,Unique tower in Loddon; dedication 'Holy Trinity' matches 'Holy Trinity'
,Watlington,Oxon,5,10209,high,,Unique tower in Watlington (Oxfordshire); building unspecified in source
All Saints,Sawley,Derbyshire,5,14222,high,23192,Resolved dedication 'All Saints' (Sawley) among 2 towers in town
St Ebbe,Oxford,Oxfordshire,5,10326,high,14542;10172;11850;12299;11203;16203;13271;13903;10578;14239,Resolved dedication 'S Ebbe' (Oxford) among 26 towers in town
St Mary the Virgin,Burghill,Herefordshire,5,13979,high,,Unique tower in Burghill; dedication 'S Mary V' matches 'St Mary the Virgin'
St Bartholomew,Edgbaston,West Midlands,5,10824,high,19879;19880;19881;19882,Resolved dedication 'S Bartholomew' (Edgbaston) among 5 towers in town
St Mary,Todmorden,,5,16893,high,17066;12829,Resolved dedication 'S Mary' (Todmorden) among 3 towers in town
,Crawley,Sussex,5,13308,medium,19439;25137,Partial dedication match for 'S John Bapt' among 3 towers in town
St Mary the Virgin,Aldridge,West Midlands,5,15282,high,,Unique tower in Aldridge; dedication 'S Mary V' matches 'St Mary the Virgin'
,Hungerford,,5,11892,high,,Unique tower in Hungerford (Berkshire); building unspecified in source
St James,Southam,Warwickshire,5,11684,high,,Unique tower in Southam; dedication 'S James' matches 'St James'
St Bartholomew,Quorn,Leicestershire,5,10703,high,,Unique tower in Quorn; dedication 'S Bartholomew' matches 'St Bartholomew'
St Mary the Virgin,East Molesey,Surrey,5,10386,high,25584,Resolved dedication 'S Mary V' (East Molesey) among 2 towers in town
,Balderton,,5,14817,high,,Unique tower in Balderton (Nottinghamshire); building unspecified in source
,Aspley,Notts,5,15234,high,,Unique tower in Aspley (Nottinghamshire); building unspecified in source
Imperial College (Huxley Building),Knightsbridge,Middlesex,5,,none,10305;21260,Unresolved: 'Imperial College (Huxley Building)' did not match any of the 2 towers in Knightsbridge
,Hanbury,Worcs,5,15060,high,,Unique tower in Hanbury (Worcestershire); building unspecified in source
St Catherine,Pontypridd,Rhondda Cynon Taf,5,14992,high,,Unique tower in Pontypridd; dedication 'S Catherine' matches 'St Catherine'
,Welbourn,,5,12909,high,,Unique tower in Welbourn (Lincolnshire); building unspecified in source
2 Adlington Close,Poynton,Cheshire,5,,none,,Private residence address (handbell ring)
Technical College,Loughborough,Leicestershire,5,,none,16752;10191;21820;21821;21822;17781,Unresolved: 'Technical College' did not match any of the 6 towers in Loughborough
St Ann,Stamford Hill,Greater London,5,13932,high,,Unique tower in Stamford Hill; dedication 'S Ann' matches 'St Ann'
St Peter,East Tytherley,Hampshire,5,12006,high,,Unique tower in East Tytherley; dedication 'S Peter' matches 'St Peter'
St Peter,Brighton,,5,10532,high,16546;10859;14297;14589;18660;18670;18662;18663;18664;18665,Resolved dedication 'S Peter' (Brighton) among 17 towers in town
All Saints,Oakham,Rutland,5,14688,high,,Unique tower in Oakham; dedication 'All Saints' matches 'All Saints'
,Frindsbury,,5,14133,high,,Unique tower in Frindsbury (Kent); building unspecified in source
All Saints,Bakewell,Derbyshire,5,10677,high,,Unique tower in Bakewell; dedication 'All Saints' matches 'All Saints'
St George,Bristol,Bristol,5,11859,medium,10300;10331;15455;14342;11615;14422;12166;15180;12993;12039,Partial dedication match for 'S Matthew' among 17 towers in town
,Staveley,,5,15085,medium,13617,Partial dedication match for 'S John Bapt' among 2 towers in town
,Royston,Yorks,5,15270,high,,Unique tower in Royston (South Yorkshire); building unspecified in source
St John the Evangelist,Barmouth,Gwynedd,5,14343,high,,Unique tower in Barmouth; dedication 'S John' matches 'St John the Evangelist'
St Nicholas,Codsall,Staffordshire,5,12370,high,,Unique tower in Codsall; dedication 'S Nicholas' matches 'St Nicholas'
,Willesden,,5,14613,medium,24812;24813,Partial dedication match for 'S Mary' among 3 towers in town
Cathedral Church of St Anne,Leeds,West Yorkshire,5,11425,high,15978;13165;21524;21525;21526;21527;21531;25533;10218;14977,Resolved dedication 'Cath Ch of S Anne' (Leeds) among 27 towers in town
,Helmshore,,5,10421,high,,Unique tower in Helmshore (Lancashire); building unspecified in source
St Michael and All Angels,Pinhoe,Devon,5,13926,high,,Unique tower in Pinhoe; dedication 'S Michael & All Angels' matches 'St Michael and All Angels'
,Malmesbury,,5,14788,high,,Unique tower in Malmesbury (Wiltshire); building unspecified in source
,Newhey,,5,10050,high,,Unique tower in Newhey (Greater Manchester); building unspecified in source
,Oaks-in-Charnwood,,5,11164,high,,Unique tower in Oaks in Charnwood (Leicestershire); building unspecified in source
"Waterloo Tower, Quex Park",Birchington,Kent,5,14108,high,11371,Resolved dedication 'Waterloo Tower' (Birchington) among 2 towers in town
,Over,Cambs,5,10652,high,,Unique tower in Over (Cambridgeshire); building unspecified in source
The Narnia Campanile,Stubbington,Hampshire,5,25255,high,25509;25510,Resolved dedication 'Narnia Campanile' (Stubbington) among 3 towers in town
St Margaret,Leiston,Suffolk,5,15386,high,,Unique tower in Leiston; dedication 'S Margaret' matches 'St Margaret'
The Parish Church,East Farleigh,Kent,5,13991,medium,,"Sole ringing tower in East Farleigh, but dedication 'dedication unknown' differs from source 'The Parish Church'"
,Leiston,,5,15386,high,,Unique tower in Leiston (Suffolk); building unspecified in source
Church House,Melbourne,Derbyshire,5,,none,,Private domestic mini-ring or residence (handbell ring)
Cathedral Church of St Andrew,Sydney,New South Wales,5,16969,high,15468;13849;14777;13677;11518;10621;12983;13900;11755;16839,Resolved dedication 'Cath Ch of S Andrew' (Sydney) among 20 towers in town
St Mark,Swindon,,5,14500,high,10478;23948;23947;23949;23950;10808,Resolved dedication 'S Mark' (Swindon) among 7 towers in town
,Ilkley,,5,16588,medium,21163,Partial dedication match for 'All Saints' among 2 towers in town
,Thurcaston,,5,17102,high,,Unique tower in Thurcaston (Leicestershire); building unspecified in source
,Whiston,,5,14802,medium,16775;24723;24722,Partial dedication match for 'S Mary V' among 4 towers in town
Christ Church,Spitalfields,London,5,13840,high,,Unique tower in Spitalfields; dedication 'Christ Church' matches 'Christ Church'
St John the Baptist,Aldenham,Hertfordshire,5,15828,high,,Unique tower in Aldenham; dedication 'S John Bapt' matches 'St John the Baptist'
St Mary le More,Wallingford,Oxfordshire,5,15477,high,24380;24381,Resolved dedication 'S Mary le More' (Wallingford) among 3 towers in town
,Keighley,,5,12061,high,,Unique tower in Keighley (West Yorkshire); building unspecified in source
SS Mary V & Edward K&M,Barrow Gurney,Somerset,5,13023,high,,Unique tower in Barrow Gurney; dedication 'Blessed Virgin Mary & S Edward K&M' matches 'SS Mary V & Edward K&M'
SS Mary the Virgin & Edmund King & Martyr,Barrow Gurney,Somerset,5,13023,medium,,"Sole ringing tower in Barrow Gurney, but dedication 'Blessed Virgin Mary & S Edward K&M' differs from source 'SS Mary the Virgin & Edmund King & Martyr'"
St Nicholas,Warwick,Warwickshire,5,15025,high,11519;24458,Resolved dedication 'S Nicholas' (Warwick) among 3 towers in town
,Horsham,,5,15107,medium,21036;21037,Partial dedication match for 'S Mary V' among 3 towers in town
All Saints,Long Ashton,Somerset,5,10965,high,,Unique tower in Long Ashton; dedication 'All Saints' matches 'All Saints'
St John the Baptist,Staveley,Derbyshire,5,15085,high,,Unique tower in Staveley; dedication 'S John Bapt' matches 'St John the Baptist'
Church of the Good Shepherd,Augusta,Georgia,5,16381,high,,Unique tower in Augusta; dedication 'The Good Shepherd' matches 'Church of the Good Shepherd'
St Leonard,Shoreditch,London,5,11847,high,,Unique tower in Shoreditch; dedication 'S Leonard' matches 'St Leonard'
St Paul,Burwood,New South Wales,5,10621,high,,Unique tower in Burwood; dedication 'S Paul' matches 'St Paul'
,Burley,,5,14977,medium,18800,Partial dedication match for 'S Matthias' among 2 towers in town
St Giles,Pontefract,West Yorkshire,5,12231,high,13179,Resolved dedication 'S Giles' (Pontefract) among 2 towers in town
Christ Church,Spitalfields,London E,5,,none,,No matching tower found for 'Spitalfields' in Dove register
"The Ascension, Bitterne Park",Southampton,Hampshire,5,11712,high,13796;10453;13354;20881;25539;23552;25687;23549;23550;25418,Resolved dedication 'The Ascension' (Southampton) among 12 towers in town
Christ Church,Raleigh,North Carolina,5,10203,high,,Unique tower in Raleigh; dedication 'Christ Church' matches 'Christ Church'
The Assumption,Bradford Peverell,Dorset,5,15752,high,,Unique tower in Bradford Peverell; dedication 'The Assumption' matches 'The Assumption'
The Piglet Ring,Uffculme,Devon,5,25331,high,10883,Resolved dedication 'Piglet Ring' (Uffculme) among 2 towers in town
5 Woodfield Road,Peterborough,Cambridgeshire,5,,none,,Private residence address (handbell ring)
18 Dalby Avenue,Bushby,Leicestershire,5,,none,,Private residence address (handbell ring)
12 Brentnall Close,Long Eaton,Derbyshire,5,,none,,Private residence address (handbell ring)
St Nicholas,Leeds,Kent,5,16351,high,,Unique tower in Leeds; dedication 'S Nicholas' matches 'St Nicholas'
All Saints,Loughborough,,5,16752,high,10191;21820;21821;21822;17781,Resolved dedication 'All Saints' (Loughborough) among 6 towers in town
,Prittlewell,,5,13422,medium,22883;23561,Partial dedication match for 'S Mary V' among 3 towers in town
All Saints,Isleworth,Middlesex,5,13679,high,21203;21204;21205,Resolved dedication 'All Saints' (Isleworth) among 4 towers in town
St Helen,Abingdon,,5,15023,high,10628;17803,Resolved dedication 'S Helen' (Abingdon) among 3 towers in town
St Sepulchre,London,,5,17135,high,15228;11081;13868;12429;13028;11914;16634;16578;10471;16020,Resolved dedication 'S Sepulchre without Newgate' (London) among 42 towers in town
,Northallerton,,5,12067,high,,Unique tower in Northallerton (North Yorkshire); building unspecified in source
St Michael Archangel,Southampton,Hampshire,5,13354,high,13796;10453;11712;20881;25539;23552;25687;23549;23550;25418,Resolved dedication 'S Michael Archangel' (Southampton) among 12 towers in town
All Saints,Hursley,Hampshire,5,17077,high,,Unique tower in Hursley; dedication 'All Saints' matches 'All Saints'
Cathedral,Blackburn,,5,10297,high,13874;11152;18413;18414;18415;18416,Resolved dedication 'Cath Ch of S Mary V' (Blackburn) among 7 towers in town
Abbey Church of St Andrew,Hexham,Northumberland,5,16213,high,,Unique tower in Hexham; dedication 'Abbey Ch of S Andrew' matches 'Abbey Church of St Andrew'
St Mary the Virgin,Nottingham,Nottinghamshire,5,10637,high,16412;16058;25524;22500;22501;22502;22503,Resolved dedication 'S Mary V' (Nottingham) among 8 towers in town
St Mary,Abergavenny,Monmouthshire,5,10227,high,,Unique tower in Abergavenny; dedication 'S Mary' matches 'St Mary'
,Knottingley,,5,15888,high,,Unique tower in Knottingley (West Yorkshire); building unspecified in source
All Saints,Loughborough,Leicestershire,5,16752,high,10191;21820;21821;21822;17781,Resolved dedication 'All Saints' (Loughborough) among 6 towers in town
All Saints,West Ham,Essex,5,,none,,No matching tower found for 'West Ham' in Dove register
St Mary the Virgin,Ecclesfield,South Yorkshire,5,15876,high,,Unique tower in Ecclesfield; dedication 'S Mary V' matches 'St Mary the Virgin'
St Mary le Bow,City of London,,5,10588,high,15228;11081;13868;12429;13028;11914;16634;16578;10471;16020,Resolved dedication 'S Mary le Bow' (London) among 42 towers in town
St Sepulchre,London,City of London,5,17135,high,15228;11081;13868;12429;13028;11914;16634;16578;10471;16020,Resolved dedication 'S Sepulchre without Newgate' (London) among 41 towers in town
"St Giles, Cripplegate",City of London,,5,16634,high,15228;11081;13868;12429;13028;11914;16578;10471;16020;13189,Resolved dedication 'S Giles without Cripplegate' (London) among 42 towers in town
16 Godesdone Rd,Cambridge,Cambridgeshire,5,,none,,Private residence address (handbell ring)
38 Priory Avenue,Caversham,Berkshire,5,,none,,Private residence address (handbell ring)
Minster church of St John the Baptist,Halifax,West Yorkshire,5,11592,high,10914;20548;20549;25542,Resolved dedication 'Minster Ch of S John Bapt' (Halifax) among 5 towers in town
St Mary-le-Bow,London,,5,10588,high,15228;11081;13868;12429;13028;11914;16634;16578;10471;16020,Resolved dedication 'S Mary le Bow' (London) among 42 towers in town
"St Peter, Preston Park",Brighton,East Sussex,4,10532,high,16546;10859;14297;14589;18660;18670;18662;18663;18664;18665,Resolved dedication 'S Peter' (Brighton) among 16 towers in town
St Mary,Carlton,Bedfordshire,4,15609,high,,Unique tower in Carlton; dedication 'S Mary' matches 'St Mary'
All Saints,Seckington,Warwickshire,4,14225,high,,Unique tower in Seckington; dedication 'All Saints' matches 'All Saints'
Room 1011,Hartley Library,Hampshire,4,,none,,No matching tower found for 'Hartley Library' in Dove register
All Saints,Kempston,Bedfordshire,4,15732,high,21242,Resolved dedication 'All Saints' (Kempston) among 2 towers in town
Christ Church,Moreton,Merseyside,4,11144,high,,Unique tower in Moreton; dedication 'Christ Church' matches 'Christ Church'
76 Rectory Road,"Old Stoke, Ipswich",Suffolk,4,,none,,Private residence address (handbell ring)
"Whitehaven, Tredova Crescent",Falmouth,Cornwall,4,,none,,Private residence name (handbell ring)
St Peter Apostle and Martyr Town Church,St Peter Port,Guernsey,4,12910,medium,25248;12882;23667;23668,Partial dedication match for 'S Peter A&M Town Church' among 5 towers in town
,Grantham,,4,15759,medium,20378;20377;20379;20380,Partial dedication match for 'S Wulfram' among 5 towers in town
Potters Yard,Taunton,Somerset,4,,none,14604;10514;11145;15646;10956;23992;23993,Unresolved: 'Potters Yard' did not match any of the 7 towers in Taunton
St Leonard,Streatham,Greater London,4,14547,high,23860;23859,Resolved dedication 'S Leonard' (Streatham) among 3 towers in town
St Oswald,Hooe,East Sussex,4,12517,high,,Unique tower in Hooe; dedication 'S Oswald' matches 'St Oswald'
St Martin,Laugharne,Carmarthenshire,4,14750,high,,Unique tower in Laugharne; dedication 'S Martin' matches 'St Martin'
Blessed Virgin Mary,Ston Easton,Somerset,4,10029,high,,Unique tower in Ston Easton; dedication 'Blessed Virgin Mary' matches 'Blessed Virgin Mary'
St Mary,Stoke d'Abernon,Surrey,4,11165,high,,Unique tower in Stoke D'Abernon; dedication 'S Mary' matches 'St Mary'
St Nicolas,North Stoneham,Hampshire,4,10082,high,,Unique tower in North Stoneham; dedication 'S Nicolas' matches 'St Nicolas'
St Margaret,Alderton,Northamptonshire,4,10269,high,,Unique tower in Alderton; dedication 'S Margaret' matches 'St Margaret'
St Matthew,Pentrich,Derbyshire,4,13273,high,,Unique tower in Pentrich; dedication 'S Matthew' matches 'St Matthew'
All Saints,Hutton,Essex,4,11099,high,21129,Resolved dedication 'All Saints' (Hutton) among 2 towers in town
St Giles,Killamarsh,Derbyshire,4,13726,high,,Unique tower in Killamarsh; dedication 'S Giles' matches 'St Giles'
Holy Trinity,Abbots Leigh,Somerset,4,13048,high,,Unique tower in Abbots Leigh; dedication 'Holy Trinity' matches 'Holy Trinity'
All Saints,Ashcott,Somerset,4,12065,high,,Unique tower in Ashcott; dedication 'All Saints' matches 'All Saints'
St James the Great,Gretton,Northamptonshire,4,11441,high,,Unique tower in Gretton; dedication 'S James Gt' matches 'St James the Great'
St Mary,Grafton Regis,Northamptonshire,4,11984,high,,Unique tower in Grafton Regis; dedication 'S Mary' matches 'St Mary'
St John the Baptist,Hellidon,Northamptonshire,4,15765,high,,Unique tower in Hellidon; dedication 'S John Bapt' matches 'St John the Baptist'
St Andrew,Hambleton,Rutland,4,13199,high,,Unique tower in Hambleton; dedication 'S Andrew' matches 'St Andrew'
SS Peter and Paul,Chipping Warden,Northamptonshire,4,11668,high,,Unique tower in Chipping Warden; dedication 'S Peter & S Paul' matches 'SS Peter and Paul'
St Edmund,Hardingstone,Northamptonshire,4,16723,high,,Unique tower in Hardingstone; dedication 'S Edmund' matches 'St Edmund'
SS Peter and Paul,Preston Capes,Northamptonshire,4,15475,high,,Unique tower in Preston Capes; dedication 'S Peter & S Paul' matches 'SS Peter and Paul'
St Mary,Barby,Northamptonshire,4,10922,high,,Unique tower in Barby; dedication 'S Mary' matches 'St Mary'
St Lawrence,Gotham,Nottinghamshire,4,14553,high,,Unique tower in Gotham; dedication 'S Lawrence' matches 'St Lawrence'
All Saints,Wilbarston,Northamptonshire,4,13270,high,,Unique tower in Wilbarston; dedication 'All Saints' matches 'All Saints'
St Nicholas,Ulceby,Lincolnshire,4,13818,high,24287,Resolved dedication 'S Nicholas' (Ulceby) among 2 towers in town
All Saints,Hannington,Hampshire,4,16832,high,,Unique tower in Hannington; dedication 'All Saints' matches 'All Saints'
Blessed Virgin Mary,Luccombe,Somerset,4,10595,high,,Unique tower in Luccombe; dedication 'Blessed Virgin Mary' matches 'Blessed Virgin Mary'
All Saints,Brandeston,Suffolk,4,16527,high,,Unique tower in Brandeston; dedication 'All Saints' matches 'All Saints'
St Nicholas,Silton,Dorset,4,12793,high,,Unique tower in Silton; dedication 'S Nicholas' matches 'St Nicholas'
Bettyfold,Hawkshead,Lancs,4,,none,,No matching tower found for 'Hawkshead' in Dove register
All Saints,Ashbocking,Suffolk,4,16123,high,,Unique tower in Ashbocking; dedication 'All Saints' matches 'All Saints'
,Basford,,4,12073,medium,18165,Partial dedication match for 'S Leodegarius' among 2 towers in town
St Peter and St Paul,Pettistree,Suffolk,4,13016,high,,Unique tower in Pettistree; dedication 'S Peter & S Paul' matches 'St Peter and St Paul'
St Peter,Roydon,Essex,4,16262,high,,Unique tower in Roydon; dedication 'S Peter' matches 'St Peter'
,Packington,,4,10740,high,,Unique tower in Packington (Leicestershire); building unspecified in source
St Francis Xavier,Liverpool,Merseyside,4,11694,high,13402;10744;13309;25529;25564;13925;14155;11800;14177;12572,Resolved dedication 'S Francis Xavier' (Liverpool) among 15 towers in town
The Students Union,Edgbaston,West Midlands,4,,none,10824;19879;19880;19881;19882,Unresolved: 'The Students Union' did not match any of the 5 towers in Edgbaston
St Mary,Hailsham,East Sussex,4,15312,high,,Unique tower in Hailsham; dedication 'S Mary' matches 'St Mary'
St Vigor,Fulbourn,Cambridgeshire,4,15561,high,,Unique tower in Fulbourn; dedication 'S Vigor' matches 'St Vigor'
Galey Cottage,Blackden,Cheshire,4,,none,,Private residence name (handbell ring)
St Andrew,Great Cransley,Northamptonshire,4,11218,high,,Unique tower in Great Cransley; dedication 'S Andrew' matches 'St Andrew'
St Peter,Sharnbrook,Bedfordshire,4,10226,high,,Unique tower in Sharnbrook; dedication 'S Peter' matches 'St Peter'
St Giles,Totternhoe,Bedfordshire,4,13097,high,,Unique tower in Totternhoe; dedication 'S Giles' matches 'St Giles'
St Bartholomew,Cadeleigh,Devon,4,11717,high,,Unique tower in Cadeleigh; dedication 'S Bartholomew' matches 'St Bartholomew'
St Peter and St Paul,Combe Florey,Somerset,4,12710,high,,Unique tower in Combe Florey; dedication 'S Peter & S Paul' matches 'St Peter and St Paul'
,Burghclere,,4,16251,high,,Unique tower in Burghclere (Hampshire); building unspecified in source
St Thomas,Norbury,Greater Manchester,4,11240,high,,Unique tower in Norbury; dedication 'S Thomas' matches 'St Thomas'
St Catwg,Cadoxton juxta Neath,Neath Port Talbot,4,14141,high,,Unique tower in Cadoxton juxta Neath; dedication 'S Catwg' matches 'St Catwg'
Holy Trinity,Ash Priors,Somerset,4,13609,high,,Unique tower in Ash Priors; dedication 'Holy Trinity' matches 'Holy Trinity'
The Ascension,Burghclere,Hampshire,4,16251,high,,Unique tower in Burghclere; dedication 'The Ascension' matches 'The Ascension'
St Mary's,Amersham,Buckinghamshire,4,14913,high,,Unique tower in Amersham; dedication 'S Mary V' matches 'St Mary's'
All Saints,Bradbourne,Derbyshire,4,10554,high,,Unique tower in Bradbourne; dedication 'All Saints' matches 'All Saints'
The Stonebroom Campanile,Stonebroom,Derbyshire,4,25330,high,23830,Resolved dedication 'Stonebroom Campanile' (Stonebroom) among 2 towers in town
St Giles,Sandiacre,Derbyshire,4,15360,high,,Unique tower in Sandiacre; dedication 'S Giles' matches 'St Giles'
St Isan,Llanishen,Cardiff,4,13169,high,,Unique tower in Llanishen; dedication 'S Isan' matches 'St Isan'
All Saints,Mugginton,Derbyshire,4,16556,high,,Unique tower in Mugginton; dedication 'All Saints' matches 'All Saints'
,Weldon,,4,15750,high,,Unique tower in Weldon (Northamptonshire); building unspecified in source
St Botolph,Stoke Albany,Northamptonshire,4,11704,high,,Unique tower in Stoke Albany; dedication 'S Botolph' matches 'St Botolph'
St Nicholas,Twywell,Northamptonshire,4,17083,high,,Unique tower in Twywell; dedication 'S Nicholas' matches 'St Nicholas'
14 Stuart Close,Stone,Staffordshire,4,,none,,Private residence address (handbell ring)
,Hingham,Norfolk,4,10650,high,,Unique tower in Hingham (Norfolk); building unspecified in source
St Mary,Marlborough,,4,14009,high,13550,Resolved dedication 'S Mary V' (Marlborough) among 2 towers in town
"6, Gibbon Walk",Roehampton,Surrey,4,,none,,Private residence name (handbell ring)
All Saints,Great Addington,Northamptonshire,4,13330,high,,Unique tower in Great Addington; dedication 'All Saints' matches 'All Saints'
St Lawrence,Swindon Village,Gloucestershire,4,11721,high,,Unique tower in Swindon Village; dedication 'S Lawrence' matches 'St Lawrence'
St John and St Giles,Great Easton,Essex,4,12302,high,,Unique tower in Great Easton; dedication 'S John & S Giles' matches 'St John and St Giles'
St Denys,Cold Ashby,Northamptonshire,4,11572,high,,Unique tower in Cold Ashby; dedication 'S Denys' matches 'St Denys'
,Harbury,,4,15565,high,,Unique tower in Harbury (Warwickshire); building unspecified in source
St Lalluwy and St Antoninus,Menheniot,Cornwall,4,13403,high,,Unique tower in Menheniot; dedication 'S Lalluwy & S Antoninus' matches 'St Lalluwy and St Antoninus'
Mindinho-Le-Tower,Newmarket,Suffolk,4,,none,16670;12240,Unresolved: 'Mindinho-Le-Tower' did not match any of the 2 towers in Newmarket
St Laurence,Stanwick,Northamptonshire,4,17036,high,,Unique tower in Stanwick; dedication 'S Laurence' matches 'St Laurence'
St Basil,Bassaleg,Newport,4,12626,high,,Unique tower in Bassaleg; dedication 'S Basil' matches 'St Basil'
SS Peter and Paul,Pettistree,Suffolk,4,13016,high,,Unique tower in Pettistree; dedication 'S Peter & S Paul' matches 'SS Peter and Paul'
St Nicholas,Elstree,Hertfordshire,4,10946,high,,Unique tower in Elstree; dedication 'S Nicholas' matches 'St Nicholas'
St Mary the Virgin,Warbleton,East Sussex,4,16359,high,,Unique tower in Warbleton; dedication 'S Mary V' matches 'St Mary the Virgin'
St Michael,Bath,Somerset,4,15431,high,12547;13019;14089;15243;11365;14458;12686;18173;18177;18174,Resolved dedication 'S Michael' (Bath) among 19 towers in town
St Bartholomew,Clay Cross,Derbyshire,4,14577,high,,Unique tower in Clay Cross; dedication 'S Bartholomew' matches 'St Bartholomew'
St Denys,Kelmarsh,Northamptonshire,4,10674,high,,Unique tower in Kelmarsh; dedication 'S Denys' matches 'St Denys'
,Broad Blunsdon,,4,12338,high,,Unique tower in Broad Blunsdon (Wiltshire); building unspecified in source
Holy Cross,Byfield,Northamptonshire,4,15633,high,,Unique tower in Byfield; dedication 'Holy Cross' matches 'Holy Cross'
St John the Evangelist,Caterham Valley,Surrey,4,16667,high,,Unique tower in Caterham Valley; dedication 'S John Ev' matches 'St John the Evangelist'
St Nicholas,Chawton,Hampshire,4,16900,high,,Unique tower in Chawton; dedication 'S Nicholas' matches 'St Nicholas'
St Anta and All Saints,Carbis Bay,Cornwall,4,14778,high,,Unique tower in Carbis Bay; dedication 'S Anta & All Saints' matches 'St Anta and All Saints'
St Mary the Virgin,Chieveley,Berkshire,4,15971,high,,Unique tower in Chieveley; dedication 'S Mary V' matches 'St Mary the Virgin'
St Mary of Holy Rood,Little Chart,Kent,4,14247,high,,Unique tower in Little Chart; dedication 'S Mary' matches 'St Mary of Holy Rood'
"Thorrington, Wickford & Sabarat",Ringing Room,UK & France,4,,none,,Virtual ringing platform or dispersed locations
East Sussex and Notts,Ringing Room,,4,,none,,Virtual ringing platform or dispersed locations
33 Sandringham Road,Macclesfield,Cheshire,4,,none,,Private residence address (handbell ring)
St Michael,Tirley,Gloucestershire,4,10451,high,,Unique tower in Tirley; dedication 'S Michael' matches 'St Michael'
,Ringing Room,Suffolk and Eastern Ontario,4,,none,,Virtual ringing platform or dispersed locations
St Augustine,Penarth,Vale of Glamorgan,4,15761,high,,Unique tower in Penarth; dedication 'S Augustine' matches 'St Augustine'
St Peter and St Paul,Eckington,Derbyshire,4,16901,high,,Unique tower in Eckington; dedication 'S Peter & S Paul' matches 'St Peter and St Paul'
St Paul,Armitage Bridge,West Yorkshire,4,12478,high,,Unique tower in Armitage Bridge; dedication 'S Paul' matches 'St Paul'
Holy Trinity,Capenhurst,Cheshire,4,15547,high,,Unique tower in Capenhurst; dedication 'Holy Trinity' matches 'Holy Trinity'
,Chiddingly,East Sussex,4,14881,high,,Unique tower in Chiddingly (East Sussex); building unspecified in source
The Clock Tower,Morpeth,Northumberland,4,13176,high,22192;22193;22194,Resolved dedication 'Clock Tower' (Morpeth) among 4 towers in town
St Hilda's School Chapel,Mosman Park,Western Australia,4,12726,high,,Unique tower in Mosman Park; dedication 'S Hilda's School Chapel' matches 'St Hilda's School Chapel'
St Peter and St Paul,Kingsbury,Warwickshire,4,13225,high,,Unique tower in Kingsbury; dedication 'S Peter & S Paul' matches 'St Peter and St Paul'
Christ Church,Eastbourne,East Sussex,4,10836,high,11160;11691;10018;19831;19832;19833;19835;19837,Resolved dedication 'Christ Church' (Eastbourne) among 9 towers in town
17 Westergreen Meadow,Braintree,Essex,4,,none,,Private residence address (handbell ring)
St Mary Magdalene,Tanworth in Arden,Warwickshire,4,11260,high,,Unique tower in Tanworth in Arden; dedication 'S Mary Magd' matches 'St Mary Magdalene'
St Mary the Virgin,Marlborough,Wiltshire,4,14009,high,13550,Resolved dedication 'S Mary V' (Marlborough) among 2 towers in town
St James,Marietta,Georgia,4,14694,high,,Unique tower in Marietta; dedication 'S James' matches 'St James'
"St Mary without the Walls, Handbridge",Chester,Cheshire,4,13678,high,15972;14876;15763;19117;25905;19118,Resolved dedication 'S Mary without the Walls' (Chester) among 7 towers in town
St Michael,Rocester,Staffordshire,4,15229,high,,Unique tower in Rocester; dedication 'S Michael' matches 'St Michael'
St Peter,Hope,Derbyshire,4,14000,high,,Unique tower in Hope; dedication 'S Peter' matches 'St Peter'
St Mary,Wirksworth,Derbyshire,4,11839,high,,Unique tower in Wirksworth; dedication 'S Mary' matches 'St Mary'
Wells House,Alderney,Channel Islands,4,,none,,Private residence name (handbell ring)
St Mary V and St Edward K&M,Barrow Gurney,Somerset,4,13023,high,,Unique tower in Barrow Gurney; dedication 'Blessed Virgin Mary & S Edward K&M' matches 'St Mary V and St Edward K&M'
,Debenham,,4,12680,high,,Unique tower in Debenham (Suffolk); building unspecified in source
,Nuneaton,,4,13950,medium,11805;22505,Partial dedication match for 'All Saints' among 3 towers in town
St Michael,St Albans,Hertfordshire,4,14427,high,15782;11034;10871;23608;23609;23610;21987,Resolved dedication 'S Michael' (St Albans) among 8 towers in town
High Hall,Edgbaston,,4,,none,10824;19879;19880;19881;19882,Unresolved: 'High Hall' did not match any of the 5 towers in Edgbaston
,Kirtlington,,4,12535,high,,Unique tower in Kirtlington (Oxfordshire); building unspecified in source
,Witney,,4,14418,medium,25730,Partial dedication match for 'S Mary V' among 2 towers in town
St Wilfrid (Ringing Chamber),Grappenhall,Cheshire,4,15508,high,,Unique tower in Grappenhall; dedication 'S Wilfrid' matches 'St Wilfrid (Ringing Chamber)'
Imperial College (Huxley Building),London,Greater London,4,,none,15228;11081;13868;12429;13028;11914;16634;16578;10471;16020,Unresolved: 'Imperial College (Huxley Building)' did not match any of the 41 towers in London
All Saints,Waldron,East Sussex,4,13864,high,,Unique tower in Waldron; dedication 'All Saints' matches 'All Saints'
,Guiseley,,4,13608,high,,Unique tower in Guiseley (West Yorkshire); building unspecified in source
,Fulbourn,,4,15561,high,,Unique tower in Fulbourn (Cambridgeshire); building unspecified in source
St Andrew,Whilton,Northamptonshire,4,12138,high,,Unique tower in Whilton; dedication 'S Andrew' matches 'St Andrew'
Blessed Virgin Mary and St Peter,Winford,Somerset,4,16520,high,,Unique tower in Winford; dedication 'BVM & S Peter' matches 'Blessed Virgin Mary and St Peter'
St John,Farnworth,Greater Manchester,4,16563,high,16192,Resolved dedication 'S John' (Farnworth) among 2 towers in town
St Mary,Handsworth,West Midlands,4,13749,high,20603;20604,Resolved dedication 'S Mary' (Handsworth) among 3 towers in town
St John the Baptist,Dronfield,Derbyshire,4,16535,high,,Unique tower in Dronfield; dedication 'S John Bapt' matches 'St John the Baptist'
St Mary the Virgin,Finedon,Northamptonshire,4,12514,high,,Unique tower in Finedon; dedication 'S Mary V' matches 'St Mary the Virgin'
St James,Norton Canes,West Midlands,4,12109,high,,Unique tower in Norton Canes; dedication 'S James' matches 'St James'
St Andrew,Countesthorpe,Leicestershire,4,10557,high,,Unique tower in Countesthorpe; dedication 'S Andrew' matches 'St Andrew'
St Michael and All Angels,Buckland Dinham,Somerset,4,13471,high,,Unique tower in Buckland Dinham; dedication 'S Michael & All Angels' matches 'St Michael and All Angels'
52 Burrows Road,Kensal Green,,4,,none,,Private residence address (handbell ring)
,Cleckheaton,,4,14438,medium,19215;19216,Partial dedication match for 'S John Ev' among 3 towers in town
,Mytholmroyd,,4,16038,high,,Unique tower in Mytholmroyd (West Yorkshire); building unspecified in source
,Bushey Heath,Herts,4,13858,high,,Unique tower in Bushey Heath (Hertfordshire); building unspecified in source
All Hallows,Harthill,South Yorkshire,4,13448,high,,Unique tower in Harthill; dedication 'All Hallows' matches 'All Hallows'
,Ossett,,4,13163,high,,Unique tower in Ossett (West Yorkshire); building unspecified in source
,Chiddingfold,,4,10544,high,,Unique tower in Chiddingfold (Surrey); building unspecified in source
St Mary,Balcombe,West Sussex,4,16605,high,,Unique tower in Balcombe; dedication 'S Mary' matches 'St Mary'
,Steyning,,4,10639,high,,Unique tower in Steyning (West Sussex); building unspecified in source
"Clapham Junc, 55d, Cologne Road",London,,4,,none,,Private residence name (handbell ring)
St Mary,Spalding,,4,15336,high,23586;10977,Resolved dedication 'S Mary & S Nicolas' (Spalding) among 3 towers in town
,Yatton,,4,13073,medium,25071,Partial dedication match for 'S Mary V' among 2 towers in town
All Saints,Wokingham,Berkshire,4,13834,high,11452;24914,Resolved dedication 'All Saints' (Wokingham) among 3 towers in town
St Wilfrid,Metheringham,Lincolnshire,4,16973,high,,Unique tower in Metheringham; dedication 'S Wilfrid' matches 'St Wilfrid'
"Guy's Hospital, St Thomas St",Southwark,,4,,none,16296;12588;23574,"Unresolved: 'Guy's Hospital, St Thomas St' did not match any of the 3 towers in Southwark"
St Nicholas,Saintbury,Gloucestershire,4,13413,high,,Unique tower in Saintbury; dedication 'S Nicholas' matches 'St Nicholas'
St Mary,Greasley,Nottinghamshire,4,15046,high,,Unique tower in Greasley; dedication 'S Mary' matches 'St Mary'
St John,Farnworth and Kearsley,Greater Manchester,4,,none,,No matching tower found for 'Farnworth and Kearsley' in Dove register
All Saints,Breadsall,Derbyshire,4,14117,high,,Unique tower in Breadsall; dedication 'All Saints' matches 'All Saints'
St John the Evangelist,Lambeth,Greater London,4,10973,high,,Unique tower in Waterloo; dedication 'S John Ev' matches 'St John the Evangelist'
64 Mount Pleasant Road,Exeter,Devon,4,,none,,Private residence address (handbell ring)
Sacred Trinity,Salford,Lancashire,4,13054,high,23149,Resolved dedication 'Sacred Trinity' (Salford) among 2 towers in town
St John the Baptist,Pinner,Middlesex,4,15302,high,,Unique tower in Pinner; dedication 'S John Bapt' matches 'St John the Baptist'
,Longney,,4,12074,high,,Unique tower in Longney (Gloucestershire); building unspecified in source
,Birstwith,,4,14536,high,,Unique tower in Birstwith (North Yorkshire); building unspecified in source
217 Reading Road,Wokingham,Berkshire,4,,none,,Private residence address (handbell ring)
St Leonard,Bilston,West Midlands,4,11005,high,25761;18350,Resolved dedication 'S Leonard' (Bilston) among 3 towers in town
St Mary,Beverley,East Riding of Yorkshire,4,10618,high,15335;18305,Resolved dedication 'S Mary' (Beverley) among 3 towers in town
,Buckland,Oxon,4,12723,high,,Unique tower in Buckland (Oxfordshire); building unspecified in source
St Mary the Virgin,Witney,Oxfordshire,4,14418,high,25730,Resolved dedication 'S Mary V' (Witney) among 2 towers in town
Manor Cottage,Great Hockham,Norfolk,4,,none,,Private residence name (handbell ring)
"St Laurence, Hull Road",York,.,4,16125,high,11340;13714;16004;11426;15985;13479;12165;10509;11836;10444,Resolved dedication 'S Lawrence' (York) among 24 towers in town
Holy Rood,Holybourne,Hampshire,4,12932,high,,Unique tower in Holybourne; dedication 'Holy Rood' matches 'Holy Rood'
,Ashby Folville,,4,10350,high,,Unique tower in Ashby Folville (Leicestershire); building unspecified in source
,Newton Abbot,,4,16043,medium,12315;22366,Partial dedication match for 'S Leonard's Tower' among 3 towers in town
,Hinton-on-the-Green,,4,15884,high,,Unique tower in Hinton on the Green (Worcestershire); building unspecified in source
St Peter,Benington,Hertfordshire,4,13604,high,,Unique tower in Benington; dedication 'S Peter' matches 'St Peter'
,Edenbridge,,4,11957,high,,Unique tower in Edenbridge (Kent); building unspecified in source
,Warfield,,4,14430,high,,Unique tower in Warfield (Berkshire); building unspecified in source
Pig le Tower Campanile,Marston Bigot,Somerset,4,17035,medium,,"Sole ringing tower in Marston Bigot, but dedication 'S Leonard' differs from source 'Pig le Tower Campanile'"
,Danbury,Essex,4,16524,high,,Unique tower in Danbury (Essex); building unspecified in source
,Southam,,4,11684,medium,23548,Partial dedication match for 'S James' among 2 towers in town
St Peter,Hinton on the Green,Worcestershire,4,15884,high,,Unique tower in Hinton on the Green; dedication 'S Peter' matches 'St Peter'
,Longcot,,4,15804,high,,Unique tower in Longcot (Oxfordshire); building unspecified in source
St James,Sydney,New South Wales,4,13677,high,16969;15468;13849;14777;11518;10621;12983;13900;11755;16839,Resolved dedication 'S James' (Sydney) among 20 towers in town
First Presbyterian Church,Texarkana,"Arkansas, United States of America",4,11754,high,,Unique tower in Texarkana; dedication 'First Presbyterian Ch' matches 'First Presbyterian Church'
St Giles,Ashtead,Surrey,4,15485,high,25453,Resolved dedication 'S Giles' (Ashtead) among 2 towers in town
SS Peter and Paul,Tonbridge,Kent,4,11378,medium,24168;17491,Partial dedication match for 'S Peter & S Paul' among 3 towers in town
Cathedral Church of The Holy & Undivided Trinity,Bristol,Bristol,4,10300,high,10331;15455;14342;11615;14422;12166;15180;12993;12039;16354,Resolved dedication 'Cath Ch of Holy & Undivided Trinity' (Bristol) among 17 towers in town
,Tichmarsh,,4,10065,high,,Unique tower in Titchmarsh (Northamptonshire); building unspecified in source
,Hemsworth,,4,15339,high,,Unique tower in Hemsworth (West Yorkshire); building unspecified in source
All Saints,Alrewas,Staffordshire,4,15616,high,,Unique tower in Alrewas; dedication 'All Saints' matches 'All Saints'
SS Mary and Nicholas,Leatherhead,Surrey,4,16692,high,,Unique tower in Leatherhead; dedication 'S Mary & S Nicholas' matches 'SS Mary and Nicholas'
St James,East Crompton,Lancashire,4,14199,high,,Unique tower in East Crompton; dedication 'S James' matches 'St James'
St Meugan,Llanfeugan,Powys,4,15242,high,,Unique tower in Llanfeugan; dedication 'S Meugan' matches 'St Meugan'
Blessed Virgin Mary and St Edward K&M,Barrow Gurney,Somerset,4,13023,high,,Unique tower in Barrow Gurney; dedication 'Blessed Virgin Mary & S Edward K&M' matches 'Blessed Virgin Mary and St Edward K&M'
St Paul,Wokingham,Berkshire,4,11452,high,13834;24914,Resolved dedication 'S Paul' (Wokingham) among 3 towers in town
"17, Coniston Road",Beeston,Nottinghamshire,4,,none,,Private residence name (handbell ring)
St Peter,Bolton,,4,11515,high,13215;18478;25532;18480;11462;20554,Resolved dedication 'S Peter' (Bolton) among 7 towers in town
St Mary,Guilden Morden,Cambridgeshire,4,16109,high,,Unique tower in Guilden Morden; dedication 'S Mary' matches 'St Mary'
All Hallows,Whitchurch,Hampshire,4,16907,high,,Unique tower in Whitchurch; dedication 'All Hallows' matches 'All Hallows'
All Saints,Frindsbury,Kent,4,14133,high,,Unique tower in Frindsbury; dedication 'All Saints' matches 'All Saints'
All Saints,Campton,Bedfordshire,4,15134,high,,Unique tower in Campton; dedication 'All Saints' matches 'All Saints'
,Beddington,,4,16391,high,,Unique tower in Beddington (Greater London); building unspecified in source
,Widmer End,Bucks,4,,none,,No matching tower found for 'Widmer End' in Dove register
Wobbly Bobs Campanile,Bovey Tracey,Devon,4,25196,medium,14690;18545,Partial dedication match for 'Wobbly Bob's Campanile' among 3 towers in town
"St James the Great, Norton",Sheffield,South Yorkshire,4,10874,high,,"Resolved via parish in building 'Norton' (Norton, S James Gt)"
Blessed Virgin Mary,Hardington Mandeville,Somerset,4,12507,high,,Unique tower in Hardington Mandeville; dedication 'Blessed Virgin Mary' matches 'Blessed Virgin Mary'
Cathedral Church of St Peter and St Paul,Sheffield,South Yorkshire,4,13787,high,10439;23300;22121,Resolved dedication 'Cath Ch of S Peter & S Paul' (Sheffield) among 4 towers in town
St Mary,North Creake,Norfolk,4,11557,high,,Unique tower in North Creake; dedication 'S Mary' matches 'St Mary'
St Mary V,Aldridge,West Midlands,4,15282,high,,Unique tower in Aldridge; dedication 'S Mary V' matches 'St Mary V'
Southminster Presbyterian Church,Pittsburgh,Pennsylvania,4,11188,high,,Unique tower in Pittsburgh; dedication 'Southminster Presbyterian Ch' matches 'Southminster Presbyterian Church'
Cathedral Church of St Peter,Bradford,West Yorkshire,4,10691,high,17449;18579;18580;18581,Resolved dedication 'Cath Ch of S Peter' (Bradford) among 5 towers in town
Massachusetts Institute of Technology,Cambridge,,4,,none,12645;15139;16664;14964;17550;13803;13748;10395;18933;18934,Unresolved: 'Massachusetts Institute of Technology' did not match any of the 28 towers in Cambridge
St James the Great,Dursley,Gloucestershire,4,11104,high,,Unique tower in Dursley; dedication 'S James Gt' matches 'St James the Great'
"St Paul, Jewellery Quarter",Birmingham,West Midlands,4,12955,high,13032;15513;14891;25526;25540;25808,Resolved dedication 'S Paul' (Birmingham) among 7 towers in town
St Mary Abbots,Kensington,Greater London,4,12662,high,21258;21259,Resolved dedication 'S Mary Abbots' (Kensington) among 3 towers in town
The Bell Tower,Evesham,Worcestershire,4,13495,high,20002;20003,Resolved dedication 'Bell Tower' (Evesham) among 3 towers in town
St Mary the Virgin,Rickmansworth,Hertfordshire,4,15098,high,,Unique tower in Rickmansworth; dedication 'S Mary V' matches 'St Mary the Virgin'
St Michael,Minehead,Somerset,4,11747,high,22137;22138,Resolved dedication 'S Michael' (Minehead) among 3 towers in town
,Slough,,4,15564,medium,25793;25794,Partial dedication match for 'S Mary' among 3 towers in town
St Mary,Banbury,Oxfordshire,4,13990,high,14105;25738;18096;18097,Resolved dedication 'S Mary' (Banbury) among 5 towers in town
St Thomas,Dudley,,4,10607,high,19713;19711;20954,Resolved dedication 'S Thomas & S Luke' (Dudley) among 4 towers in town
St Mary the Virgin,Bathwick,Avon,4,,none,,No matching tower found for 'Bathwick' in Dove register
St Michael,Southampton,,4,13354,high,13796;10453;11712;20881;25539;23552;25687;23549;23550;25418,Resolved dedication 'S Michael Archangel' (Southampton) among 12 towers in town
52 Wyvern Avenue,Long Eaton,Derbyshire,4,,none,,Private residence address (handbell ring)
St Mary,Chepstow,Monmouthshire,4,13883,high,,Unique tower in Chepstow; dedication 'S Mary' matches 'St Mary'
,Maidenhead,Berks,4,15877,medium,21914;21915;25648,Partial dedication match for 'All Saints' among 4 towers in town
Christ Church,Swindon,,4,10478,high,14500;23948;23947;23949;23950;10808,Resolved dedication 'Christ Church' (Swindon) among 7 towers in town
,High Wycombe,Bucks,4,13160,medium,25785,Partial dedication match for 'All Saints' among 2 towers in town
St Mary,Whitby,North Yorkshire,4,10263,high,24726;24727;24728,Resolved dedication 'S Mary' (Whitby) among 4 towers in town
Cathedral Church of St Mary,Sydney,New South Wales,4,15468,high,16969;13849;14777;13677;11518;10621;12983;13900;11755;16839,Resolved dedication 'Cath Ch of S Mary' (Sydney) among 20 towers in town
,Gerrards Cross,Bucks,4,,none,,No matching tower found for 'Gerrards Cross' in Dove register
St Martin,Birmingham,Warwickshire,4,14891,high,13032;15513;12955;25526;25540;25808,Resolved dedication 'S Martin' (Birmingham) among 7 towers in town
St Sepulchre,City of London,,4,17135,high,15228;11081;13868;12429;13028;11914;16634;16578;10471;16020,Resolved dedication 'S Sepulchre without Newgate' (London) among 42 towers in town
St Michael Cornhill,City of London,,4,16131,high,15228;11081;13868;12429;13028;11914;16634;16578;10471;16020,Resolved dedication 'S Michael' (London) among 42 towers in town
"St Michael, Cornhill (Vestry)",City of London,,4,16131,high,15228;11081;13868;12429;13028;11914;16634;16578;10471;16020,Resolved dedication 'S Michael' (London) among 42 towers in town
Cathedral of St Philip,Birmingham,West Midlands,4,15513,high,13032;14891;12955;25526;25540;25808,Resolved dedication 'Cath Ch of S Philip' (Birmingham) among 7 towers in town
Minster Church of St John the Baptist,Croydon,Greater London,4,16938,high,19500;19502;19503;19505,Resolved dedication 'Minster Ch of S John Bapt' (Croydon) among 5 towers in town
"St Mary le Bow, Cheapside",City of London,,4,10588,high,15228;11081;13868;12429;13028;11914;16634;16578;10471;16020,Resolved dedication 'S Mary le Bow' (London) among 42 towers in town
Cathedral Church of Christ,Liverpool,Merseyside,4,13402,high,10744;13309;11694;25529;25564;13925;14155;11800;14177;12572,Resolved dedication 'Cath Ch of Christ' (Liverpool) among 15 towers in town
Woodstock,Brandon Parva,Norfolk,4,18613,medium,,"Sole ringing tower in Brandon Parva, but dedication 'All Saints' differs from source 'Woodstock'"
St Mary,Cheltenham,Gloucestershire,4,12704,high,15204;15682;25201;19100;19101;19102;19103;25110;19104;19105,Resolved dedication 'Minster Ch of S Mary' (Cheltenham) among 15 towers in town
106 Beaumont Road,Barrow Upon Soar,Leicestershire,4,,none,,Private residence address (handbell ring)
,Midsomer Norton,,4,15593,high,,Unique tower in Midsomer Norton (Somerset); building unspecified in source
The Campanile,Horsted Keynes,West Sussex,3,25670,high,17642,Resolved dedication 'nan' (Horsted Keynes) among 2 towers in town
St Peter,Lilley,Hertfordshire,3,16499,high,,Unique tower in Lilley; dedication 'S Peter' matches 'St Peter'
,Bluebells Cottage,Gloucestershire,3,,none,,No matching tower found for 'Bluebells Cottage' in Dove register
"St. Mary The Virgin, Churchyard",Hayes,Kent,3,,none,,No matching tower found for 'Hayes' in Dove register
St Peter,Coughton,Warwickshire,3,10058,high,,Unique tower in Coughton; dedication 'S Peter' matches 'St Peter'
St Mary,Syston,Lincolnshire,3,17089,high,,Unique tower in Syston; dedication 'S Mary' matches 'St Mary'
St John the Baptist,Aston Cantlow,Warwickshire,3,17054,high,,Unique tower in Aston Cantlow; dedication 'S John Bapt' matches 'St John the Baptist'
,Langdon Hills,Essex,3,10356,high,,Unique tower in Langdon Hills (Essex); building unspecified in source
St Mary the Virgin,Ayston,Rutland,3,13052,high,,Unique tower in Ayston; dedication 'S Mary V' matches 'St Mary the Virgin'
St Martin,Lyndon,Rutland,3,16935,high,,Unique tower in Lyndon; dedication 'S Martin' matches 'St Martin'
The Patch,Lodsworth,West Sussex,3,10755,medium,,"Sole ringing tower in Lodsworth, but dedication 'S Peter' differs from source 'The Patch'"
14 Elmore Road,Sheffield,South Yorkshire,3,,none,,Private residence address (handbell ring)
St Mary the Virgin,South Luffenham,Rutland,3,11140,high,,Unique tower in South Luffenham; dedication 'S Mary V' matches 'St Mary the Virgin'
All Saints,Westborough,Lincolnshire,3,12472,high,,Unique tower in Westborough; dedication 'All Saints' matches 'All Saints'
St Mary the Virgin and St John the Baptist,Newtown,Hampshire,3,14600,high,25433;25432,Resolved dedication 'S Mary V & S John Bapt' (Newtown) among 3 towers in town
,Moreton,Merseyside,3,11144,high,,Unique tower in Moreton (Merseyside); building unspecified in source
St John the Baptist,Thorpe Achurch,Northamptonshire,3,11215,high,,Unique tower in Achurch; dedication 'S John Bapt' matches 'St John the Baptist'
St Mary,Carlton le Moorland,Lincolnshire,3,11863,high,,Unique tower in Carlton le Moorland; dedication 'S Mary' matches 'St Mary'
St Teilo,Llandeilo,Carmarthenshire,3,10912,high,,Unique tower in Llandeilo; dedication 'S Teilo' matches 'St Teilo'
,Woodborough,Notts,3,12096,high,,Unique tower in Woodborough (Nottinghamshire); building unspecified in source
St Mary-le-Wigford,Lincoln,,3,13659,high,12153;25226;12159;10782;21599;11493;17791;21600;21601;21602,Resolved dedication 'S Mary le Wigford' (Lincoln) among 14 towers in town
St Michael,Lichfield,Staffordshire,3,11065,high,13701;15562;12669;21592,Resolved dedication 'S Michael' (Lichfield) among 5 towers in town
Great St Mary,Cambridge,Cambridgeshire,3,13748,medium,12645;15139;16664;14964;17550;13803;18933;18934;25479;18935,Partial dedication match for 'Univ Ch of S Mary Gt' among 27 towers in town
,Trumpington,Cambridgeshire,3,10245,high,,Unique tower in Trumpington (Cambridgeshire); building unspecified in source
St Mary,Newton Valence,Hampshire,3,14677,high,,Unique tower in Newton Valence; dedication 'S Mary' matches 'St Mary'
The Wesleyan Chapel,Castlereagh,New South Wales,3,13900,high,,Unique tower in Castlereagh; dedication 'Wesleyan Chapel' matches 'The Wesleyan Chapel'
Lady St Mary,Wareham,Dorset,3,11178,high,24433,Resolved dedication 'Lady S Mary' (Wareham) among 2 towers in town
St Giles,Reading,Berkshire,3,16811,high,10597;16674;22958;22959;22960;17427;25652;25109;22962;22963,Resolved dedication 'S Giles' (Reading) among 13 towers in town
St John on the Wall,Bristol,Bristol,3,11615,high,10300;10331;15455;14342;14422;12166;15180;12993;12039;16354,Resolved dedication 'S John on the Wall' (Bristol) among 17 towers in town
"Stetson Chapel, Kalamazoo College",Kalamazoo,Michigan,3,11102,high,,"Unique tower in Kalamazoo; dedication 'Stetson Chapel' matches 'Stetson Chapel, Kalamazoo College'"
St Nicholas,Marston Trussell,Northamptonshire,3,14692,high,,Unique tower in Marston Trussell; dedication 'S Nicholas' matches 'St Nicholas'
4 Rushton Drive,Marple,Cheshire,3,,none,,Private residence address (handbell ring)
Craigdhu House,Inveraray,Argyll,3,,none,,Private residence name (handbell ring)
St Margaret,Queen Charlton,Somerset,3,10571,high,,Unique tower in Queen Charlton; dedication 'S Margaret' matches 'St Margaret'
St Peter,Bickenhill,West Midlands,3,15943,high,,Unique tower in Bickenhill; dedication 'S Peter' matches 'St Peter'
St Peter,Peterchurch,Herefordshire,3,11548,high,,Unique tower in Peterchurch; dedication 'S Peter' matches 'St Peter'
St Laurence,Brafield on the Green,Northamptonshire,3,16810,high,,Unique tower in Brafield on the Green; dedication 'S Laurence' matches 'St Laurence'
St Mary,Offton,Suffolk,3,13140,high,,Unique tower in Offton; dedication 'S Mary' matches 'St Mary'
,Badingham,,3,15830,high,,Unique tower in Badingham (Suffolk); building unspecified in source
Blessed Virgin Mary,Wanstrow,Somerset,3,11122,high,,Unique tower in Wanstrow; dedication 'Blessed Virgin Mary' matches 'Blessed Virgin Mary'
St Helen,Thornby,Northamptonshire,3,15315,high,,Unique tower in Thornby; dedication 'S Helen' matches 'St Helen'
St Mary the Virgin and All Saints,Nassington,Northamptonshire,3,12241,high,,Unique tower in Nassington; dedication 'S Mary V & All Saints' matches 'St Mary the Virgin and All Saints'
St Hugh,Durleigh,Somerset,3,12810,high,,Unique tower in Durleigh; dedication 'S Hugh' matches 'St Hugh'
St Lawrence,Marston St Lawrence,Northamptonshire,3,12637,high,,Unique tower in Marston St Lawrence; dedication 'S Lawrence' matches 'St Lawrence'
All Saints,Goxhill,Lincolnshire,3,16953,high,,Unique tower in Goxhill; dedication 'All Saints' matches 'All Saints'
All Saints,Fawley,Hampshire,3,10721,high,,Unique tower in Fawley; dedication 'All Saints' matches 'All Saints'
St Leonard,Ipstones,Staffordshire,3,12738,high,,Unique tower in Ipstones; dedication 'S Leonard' matches 'St Leonard'
Holy Trinity,Barrow upon Humber,Lincolnshire,3,11981,high,,Unique tower in Barrow upon Humber; dedication 'Holy Trinity' matches 'Holy Trinity'
St Thomas,Neath,Neath Port Talbot,3,12761,high,,Unique tower in Neath; dedication 'S Thomas' matches 'St Thomas'
St John the Baptist,Ashbrittle,Somerset,3,11897,high,,Unique tower in Ashbrittle; dedication 'S John Bapt' matches 'St John the Baptist'
St Mary,Barnsley,Gloucestershire,3,15834,high,,Unique tower in Barnsley; dedication 'S Mary' matches 'St Mary'
SS Peter and Paul,Exton,Rutland,3,16717,high,,Unique tower in Exton; dedication 'S Peter & S Paul' matches 'SS Peter and Paul'
St Paul,Burton upon Trent,Staffordshire,3,15964,high,17025;17100;11225;12886;11605;25377,Resolved dedication 'S Paul' (Burton upon Trent) among 7 towers in town
St Michael,Eastrington,East Riding of Yorkshire,3,13269,high,,Unique tower in Eastrington; dedication 'S Michael' matches 'St Michael'
St Mary's Cathedral,Sydney,New South Wales,3,15468,high,16969;13849;14777;13677;11518;10621;12983;13900;11755;16839,Resolved dedication 'Cath Ch of S Mary' (Sydney) among 20 towers in town
St Peter,Caversham,Berkshire,3,15422,high,25642;25630,Resolved dedication 'S Peter' (Caversham) among 3 towers in town
2 Long Close,Oxford,Oxfordshire,3,,none,,Private residence address (handbell ring)
Christ Church,Kilndown,Kent,3,10687,high,,Unique tower in Kilndown; dedication 'Christ Church' matches 'Christ Church'
St George,Thriplow,Cambridgeshire,3,10698,high,,Unique tower in Thriplow; dedication 'S George' matches 'St George'
St Peter,Droitwich,Worcestershire,3,,none,,No matching tower found for 'Droitwich' in Dove register
"Oldham, Vernet-les-Bains, Great Hockham",Sonneur,UK & France,3,,none,,No matching tower found for 'Sonneur' in Dove register
St Mary and St Michael,Mistley,Essex,3,16748,high,,Unique tower in Mistley; dedication 'S Mary & S Michael' matches 'St Mary and St Michael'
St Martin,Little Waltham,Essex,3,10414,high,,Unique tower in Little Waltham; dedication 'S Martin' matches 'St Martin'
St Lawrence,Brentford,Middlesex,3,18640,high,,Unique tower in Brentford; dedication 'S Paul' matches 'St Lawrence'
St Andrew,Stokeinteignhead,Devon,3,13578,high,,Unique tower in Stokeinteignhead; dedication 'S Andrew' matches 'St Andrew'
St Michael and All Angels,Alvaston,Derbyshire,3,10163,high,,Unique tower in Alvaston; dedication 'S Michael & All Angels' matches 'St Michael and All Angels'
,Gosport,Hants,3,17544,medium,20368;17757,Partial dedication match for 'Jack & Jill House Campanile' among 3 towers in town
26 St Margaret's Road,Oxford,Oxfordshire,3,,none,,Private residence address (handbell ring)
St John the Baptist,Barlaston,Staffordshire,3,14405,high,,Unique tower in Barlaston; dedication 'S John Bapt' matches 'St John the Baptist'
St Mary,Amport,Hampshire,3,15890,high,,Unique tower in Amport; dedication 'S Mary' matches 'St Mary'
St Etheldreda,West Quantoxhead,Somerset,3,15788,high,,Unique tower in West Quantoxhead; dedication 'S Etheldreda' matches 'St Etheldreda'
St Mary,Astbury,Cheshire,3,12924,high,,Unique tower in Astbury; dedication 'S Mary' matches 'St Mary'
The Roost,Hawkshead,Lancs,3,,none,,No matching tower found for 'Hawkshead' in Dove register
St Mary the Virgin,Bramford,Suffolk,3,11952,high,,Unique tower in Bramford; dedication 'S Mary V' matches 'St Mary the Virgin'
14 Park Road,Willaston,Cheshire,3,,none,,Private residence address (handbell ring)
St Mary the Virgin,Edwardstone,Suffolk,3,11930,high,,Unique tower in Edwardstone; dedication 'S Mary V' matches 'St Mary the Virgin'
2 Santos Close,Coventry,West Midlands,3,,none,,Private residence address (handbell ring)
St Mary the Virgin,Wilby,Northamptonshire,3,15095,high,,Unique tower in Wilby; dedication 'S Mary V' matches 'St Mary the Virgin'
St Constantine,Constantine,Cornwall,3,15807,high,,Unique tower in Constantine; dedication 'S Constantine' matches 'St Constantine'
St Mary,Clifton,Nottinghamshire,3,15190,high,16048;12048,Resolved dedication 'S Mary V' (Clifton) among 3 towers in town
65 Melbourne Street,Derby,Derbyshire,3,,none,,Private residence address (handbell ring)
St John the Baptist,Honiley,Warwickshire,3,11156,high,,Unique tower in Honiley; dedication 'S John Bapt' matches 'St John the Baptist'
St John,Lockerley,Hampshire,3,16094,high,,Unique tower in Lockerley; dedication 'S John' matches 'St John'
St Mary the Virgin,Eardisland,Herefordshire,3,13697,high,,Unique tower in Eardisland; dedication 'S Mary V' matches 'St Mary the Virgin'
,Lamberhurst,,3,10661,high,,Unique tower in Lamberhurst (Kent); building unspecified in source
St Giles,Kilmington,Devon,3,10866,high,,Unique tower in Kilmington; dedication 'S Giles' matches 'St Giles'
Blessed Virgin Mary,Hemington,Somerset,3,15459,high,,Unique tower in Hemington; dedication 'Blessed Virgin Mary' matches 'Blessed Virgin Mary'
St John the Baptist,Holcombe Burnell,Devon,3,15746,high,,Unique tower in Holcombe Burnell; dedication 'S John Bapt' matches 'St John the Baptist'
St Dunawd,Bangor is y Coed,Wrexham,3,,none,,No matching tower found for 'Bangor is y Coed' in Dove register
St Michael,Doddiscombsleigh,Devon,3,11075,high,,Unique tower in Doddiscombsleigh; dedication 'S Michael' matches 'St Michael'
St Hubert,Corfe Mullen,Dorset,3,10741,high,,Unique tower in Corfe Mullen; dedication 'S Hubert' matches 'St Hubert'
All Saints,Mears Ashby,Northamptonshire,3,11182,high,,Unique tower in Mears Ashby; dedication 'All Saints' matches 'All Saints'
St Martin,Fiddington,Somerset,3,11328,high,,Unique tower in Fiddington; dedication 'S Martin' matches 'St Martin'
Bellflowering,Stoke Orchard,Gloucestershire,3,25254,high,23820,Resolved dedication 'Bellflowering' (Stoke Orchard) among 2 towers in town
"25a Alma Rd, The Bicycle Ring On Tour V2",Cheltenham,Gloucestershire,3,,none,,Private residence address (handbell ring)
St Andrew,Swavesey,Cambridgeshire,3,16854,high,,Unique tower in Swavesey; dedication 'S Andrew' matches 'St Andrew'
St James,Brassington,Derbyshire,3,11791,high,,Unique tower in Brassington; dedication 'S James' matches 'St James'
SS Peter and Paul,Thruxton,Hampshire,3,13084,high,,Unique tower in Thruxton; dedication 'S Peter & S Paul' matches 'SS Peter and Paul'
St Leonard,Sherfield on Loddon,Hampshire,3,14154,high,,Unique tower in Sherfield on Loddon; dedication 'S Leonard' matches 'St Leonard'
St John the Baptist,Beckford,Worcestershire,3,11179,high,,Unique tower in Beckford; dedication 'S John Bapt' matches 'St John the Baptist'
St Mary,Builth Wells,Powys,3,15296,high,,Unique tower in Builth Wells; dedication 'S Mary' matches 'St Mary'
St Catherine,Litlington,Cambridgeshire,3,16288,high,,Unique tower in Litlington; dedication 'S Catherine' matches 'St Catherine'
St Nicholas,Dersingham,Norfolk,3,12713,high,,Unique tower in Dersingham; dedication 'S Nicholas' matches 'St Nicholas'
The Cygnet Ring,Balga,Western Australia,3,25661,high,,Unique tower in Balga; dedication 'Cygnet Ring' matches 'The Cygnet Ring'
St Laurence,Adwick le Street,South Yorkshire,3,14127,high,,Unique tower in Adwick le Street; dedication 'S Laurence' matches 'St Laurence'
St Mary,Ripple,Worcestershire,3,14205,high,,Unique tower in Ripple; dedication 'S Mary' matches 'St Mary'
Carfax Tower,Oxford,Oxfordshire,3,11850,high,14542;10172;12299;11203;16203;13271;13903;10326;10578;14239,Resolved dedication 'Carfax Tower' (Oxford) among 26 towers in town
St Edmund,Warkton,Northamptonshire,3,10388,high,,Unique tower in Warkton; dedication 'S Edmund' matches 'St Edmund'
St Luke,Cold Higham,Northamptonshire,3,10919,high,,Unique tower in Cold Higham; dedication 'S Luke' matches 'St Luke'
St Bartholomew,Greens Norton,Northamptonshire,3,15879,high,,Unique tower in Greens Norton; dedication 'S Bartholomew' matches 'St Bartholomew'
St Mary the Virgin,Moreton Pinkney,Northamptonshire,3,10224,high,,Unique tower in Moreton Pinkney; dedication 'S Mary V' matches 'St Mary the Virgin'
All Saints,Flore,Northamptonshire,3,16162,high,,Unique tower in Flore; dedication 'All Saints' matches 'All Saints'
,Anstey,Herts,3,11971,high,,Unique tower in Anstey (Hertfordshire); building unspecified in source
,Stratton St Margaret,Wilts,3,12307,high,,Unique tower in Stratton St Margaret (Wiltshire); building unspecified in source
,Speen,,3,14169,high,,Unique tower in Speen (Berkshire); building unspecified in source
St Giles,Cheddington,Buckinghamshire,3,16696,high,,Unique tower in Cheddington; dedication 'S Giles' matches 'St Giles'
St Peter,Church Lawford,Warwicks,3,14823,high,12558,Resolved dedication 'S Peter' (Church Lawford) among 2 towers in town
,Wendens Ambo,,3,10822,high,,Unique tower in Wendens Ambo (Essex); building unspecified in source
"Thorrington, Wickford & Great Hockham",Ringing Room,Uk,3,,none,,Virtual ringing platform or dispersed locations
St Barbara,Ashton under Hill,Worcestershire,3,10526,high,,Unique tower in Ashton under Hill; dedication 'S Barbara' matches 'St Barbara'
2 Pretyman Ave,Bacton,Suffolk,3,,none,,Private residence address (handbell ring)
St Mary,Rushden,Hertfordshire,3,11501,high,,Unique tower in Rushden; dedication 'S Mary' matches 'St Mary'
St Mary Magdalene,Twyning,Gloucestershire,3,13313,high,,Unique tower in Twyning; dedication 'S Mary Magd' matches 'St Mary Magdalene'
St Decuman,Watchet,Somerset,3,13299,high,24467,Resolved dedication 'S Decuman' (St Decuman's) among 2 towers in town
St Mary-the-Virgin,High Halden,Kent,3,13216,high,,Unique tower in High Halden; dedication 'S Mary V' matches 'St Mary-the-Virgin'
,Sible Hedingham,Essex,3,10157,high,,Unique tower in Sible Hedingham (Essex); building unspecified in source
St Michael and All Angels,Kingsland,Herefordshire,3,15443,high,,Unique tower in Kingsland; dedication 'S Michael & All Angels' matches 'St Michael and All Angels'
St Nicholas,Earls Croome,Worcestershire,3,16379,high,,Unique tower in Earls Croome; dedication 'S Nicholas' matches 'St Nicholas'
,Shaw,,3,11896,medium,23293;23292;23294;14199,Partial dedication match for 'S Mary' among 5 towers in town
Blessed Mary of Upham,Upham,Hampshire,3,12563,high,,Unique tower in Upham; dedication 'Blessed Mary of Upham' matches 'Blessed Mary of Upham'
St Mary the Virgin,Westwood,Wiltshire,3,16178,high,,Unique tower in Westwood; dedication 'S Mary V' matches 'St Mary the Virgin'
St Thomas a Becket,Greatford,Lincolnshire,3,15993,high,,Unique tower in Greatford; dedication 'S Thomas a Becket' matches 'St Thomas a Becket'
St Winwaloe,Towednack,Cornwall,3,14661,high,,Unique tower in Towednack; dedication 'S Tewinock' matches 'St Winwaloe'
St Luke,Duston,Northamptonshire,3,10089,high,19746,Resolved dedication 'S Luke' (Duston) among 2 towers in town
,Binsted,,3,16467,medium,18360,Partial dedication match for 'Holy Cross' among 2 towers in town
St Matthew,Wookey,Somerset,3,14911,high,,Unique tower in Wookey; dedication 'S Matthew' matches 'St Matthew'
,Waltham,Kent,3,12297,high,,Unique tower in Waltham (Kent); building unspecified in source
St Stedyana,Stithians,Cornwall,3,14397,high,,Unique tower in Stithians; dedication 'S Stedyana' matches 'St Stedyana'
St Mary the Virgin,Ideford,Devon,3,13103,high,,Unique tower in Ideford; dedication 'S Mary V' matches 'St Mary the Virgin'
St John the Baptist,Berkswell,West Midlands,3,16795,high,,Unique tower in Berkswell; dedication 'S John Bapt' matches 'St John the Baptist'
All Saints,Dunkerton,Somerset,3,17114,high,,Unique tower in Dunkerton; dedication 'All Saints' matches 'All Saints'
St Nicholas,Bradfield,South Yorkshire,3,11773,high,,Unique tower in Bradfield; dedication 'S Nicholas' matches 'St Nicholas'
All Saints,Silkstone,South Yorkshire,3,16393,high,,Unique tower in Silkstone; dedication 'All Saints' matches 'All Saints'
St Mary the Virgin,Furneux Pelham,Hertfordshire,3,12597,high,,Unique tower in Furneux Pelham; dedication 'S Mary V' matches 'St Mary the Virgin'
St Mary,Albury,Hertfordshire,3,11127,high,,Unique tower in Albury; dedication 'S Mary' matches 'St Mary'
,Woolton Hill,,3,14934,high,,Unique tower in Woolton Hill (Hampshire); building unspecified in source
St Leonard,Sandridge,Hertfordshire,3,15478,high,,Unique tower in Sandridge; dedication 'S Leonard' matches 'St Leonard'
St Andrew,Tostock,Suffolk,3,10852,high,,Unique tower in Tostock; dedication 'S Andrew' matches 'St Andrew'
,Beedon,,3,14015,high,,Unique tower in Beedon (Berkshire); building unspecified in source
St Hilda's Chapel,Mosman Park,Western Australia,3,12726,high,,Unique tower in Mosman Park; dedication 'S Hilda's School Chapel' matches 'St Hilda's Chapel'
St Oswald King and Martyr,Durham,Durham,3,12379,high,16115;10063;19742;19743;19744;25876;25517,Resolved dedication 'S Oswald' (Durham) among 8 towers in town
Great Orchard Campanile,North Wootton,Somerset,3,11529,high,11873,Resolved dedication 'Great Orchard Campanile' (North Wootton) among 2 towers in town
Channel Islands' Ringing Centre,Longis Common,Alderney,3,,none,,No matching tower found for 'Longis Common' in Dove register
St Michael and All Angels,Coningsby,Lincolnshire,3,15647,high,,Unique tower in Coningsby; dedication 'S Michael & All Angels' matches 'St Michael and All Angels'
St Stephen,St Albans,Hertfordshire,3,10871,high,15782;14427;11034;23608;23609;23610;21987,Resolved dedication 'S Stephen' (St Albans) among 8 towers in town
St Andrew,Great Easton,Leicestershire,3,12918,high,,Unique tower in Great Easton; dedication 'S Andrew' matches 'St Andrew'
St Pol-de-Leon,Paul,Cornwall,3,13468,high,,Unique tower in Paul; dedication 'S Pol de Leon' matches 'St Pol-de-Leon'
St Gwinear,Gwinear,Cornwall,3,12867,high,,Unique tower in Gwinear; dedication 'S Gwinear' matches 'St Gwinear'
The Bell Tower,Perth,Western Australia,3,16028,high,12085;11687;12726,Resolved dedication 'Bell Tower' (Perth) among 4 towers in town
St Margaret,Edgware,Middlesex,3,15069,high,19890,Resolved dedication 'S Margaret' (Edgware) among 2 towers in town
St Oswald,Durham,Durham,3,12379,high,16115;10063;19742;19743;19744;25876;25517,Resolved dedication 'S Oswald' (Durham) among 8 towers in town
St Lawrence,Eyam,Derbyshire,3,10126,high,,Unique tower in Eyam; dedication 'S Lawrence' matches 'St Lawrence'
,Sturry,Kent,3,14787,high,,Unique tower in Sturry (Kent); building unspecified in source
St Andrew,Arthingworth,Northamptonshire,3,14160,high,,Unique tower in Arthingworth; dedication 'S Andrew' matches 'St Andrew'
St Mary the Virgin,Westham,East Sussex,3,14298,high,,Unique tower in Westham; dedication 'S Mary V' matches 'St Mary the Virgin'
St Mary the Virgin,Bathwick,Somerset,3,13019,high,18180,Resolved dedication 'Blessed Virgin Mary' (Bath) among 2 towers in town
St Nicholas,Chiswick,Greater London,3,15523,high,19164,Resolved dedication 'S Nicholas' (Chiswick) among 2 towers in town
All Saints,Rushton,Northamptonshire,3,10991,high,,Unique tower in Rushton; dedication 'All Saints' matches 'All Saints'
Tulloch Ringing Centre,Tulloch,Highland,3,10120,high,15856,Resolved dedication 'Tulloch Ringing Centre' (Tulloch) among 2 towers in town
St John the Evangelist,Stoke-next-Guildford,Surrey,3,10675,high,,Unique tower in Stoke next Guildford; dedication 'S John Ev' matches 'St John the Evangelist'
St Nicolas,Guildford,Surrey,3,12695,high,14593;14592;11502;25706;20505;25586,Resolved dedication 'S Nicolas' (Guildford) among 7 towers in town
St George,Poynton,Cheshire,3,11072,high,,Unique tower in Poynton; dedication 'S George' matches 'St George'
,Mavesyn Ridware,,3,15216,high,,Unique tower in Mavesyn Ridware (Staffordshire); building unspecified in source
,Brampford Speke,Devon,3,16477,high,,Unique tower in Brampford Speke (Devon); building unspecified in source
St John the Baptist,Clowne,Derbyshire,3,14097,high,,Unique tower in Clowne; dedication 'S John Bapt' matches 'St John the Baptist'
All Saints,Parramatta,New South Wales,3,15020,high,17590,Resolved dedication 'All Saints' (Parramatta) among 2 towers in town
St Mary,Wilby,Suffolk,3,14736,high,,Unique tower in Wilby; dedication 'S Mary' matches 'St Mary'
St Peter and St Paul,Old Brampton,Derbyshire,3,16055,high,,Unique tower in Old Brampton; dedication 'S Peter & S Paul' matches 'St Peter and St Paul'
St Mary the Virgin,Cheshunt,Hertfordshire,3,12800,high,,Unique tower in Cheshunt; dedication 'S Mary V' matches 'St Mary the Virgin'
St Michael and All Angels,Illston on the Hill,Leicestershire,3,16633,high,,Unique tower in Illston on the Hill; dedication 'S Michael & All Angels' matches 'St Michael and All Angels'
All Saints,Beckley,East Sussex,3,15113,high,,Unique tower in Beckley; dedication 'All Saints' matches 'All Saints'
Minster Church of St Mary the Virgin,Reading,Berkshire,3,22964,high,16811;10597;16674;22958;22959;22960;17427;25652;25109;22962,Resolved dedication 'S Mary' (Reading) among 13 towers in town
,Earl Stonham,Suffolk,3,13850,high,,Unique tower in Earl Stonham (Suffolk); building unspecified in source
St Cynfarch,Hope,Flintshire,3,11056,high,,Unique tower in Hope; dedication 'S Cynfarch' matches 'St Cynfarch'
SS Peter and Paul,Kingsbury,Warwickshire,3,13225,high,,Unique tower in Kingsbury; dedication 'S Peter & S Paul' matches 'SS Peter and Paul'
Cathedral of St Chad (RC),Birmingham,West Midlands,3,13032,high,15513;14891;12955;25526;25540;25808,Resolved dedication 'Metropolitan Cath Ch of S Chad' (Birmingham) among 7 towers in town
Holy Trinity,Hawley,Hampshire,3,13720,high,,Unique tower in Hawley; dedication 'Holy Trinity' matches 'Holy Trinity'
St John the Baptist,Feckenham,Worcestershire,3,10076,high,,Unique tower in Feckenham; dedication 'S John Bapt' matches 'St John the Baptist'
,Rendham,,3,12934,high,,Unique tower in Rendham (Suffolk); building unspecified in source
St Martin of Tours,West Coker,Somerset,3,17129,high,,Unique tower in West Coker; dedication 'S Martin of Tours' matches 'St Martin of Tours'
St Andrew,Hingham,Norfolk,3,10650,high,,Unique tower in Hingham; dedication 'S Andrew' matches 'St Andrew'
"West Hill, Holy Trinity",Wandsworth,Greater London,3,16214,high,14071;24416;24418;24419;24417;25572,Resolved dedication 'Holy Trinity' (Wandsworth) among 7 towers in town
St Thomas,Salisbury,,3,13300,high,11574;13094;12908;23153,Resolved dedication 'S Thomas of Canterbury' (Salisbury) among 5 towers in town
Holy and Undivided Trinity,Ossett,West Yorkshire,3,13163,high,,Unique tower in Ossett; dedication 'Holy & Undivided Trinity' matches 'Holy and Undivided Trinity'
All Hallows,Twickenham,Greater London,3,12600,high,13698;25941;24266;24267,Resolved dedication 'All Hallows' (Twickenham) among 5 towers in town
Cathedral Church of St Machar,Aberdeen,Aberdeen,3,13827,high,12389;17777,Resolved dedication 'Cath Ch of S Machar' (Aberdeen) among 3 towers in town
45 Bramley Avenue,Faversham,Kent,3,,none,,Private residence address (handbell ring)
St Luke,Grayshott,Hampshire,3,13795,high,,Unique tower in Grayshott; dedication 'S Luke' matches 'St Luke'
St Michael Archangel,Aldershot,Hampshire,3,10989,high,17860;25451;25464,Resolved dedication 'S Michael Archangel' (Aldershot) among 4 towers in town
St Mary the Virgin,Aldermaston,Berkshire,3,10431,high,,Unique tower in Aldermaston; dedication 'S Mary V' matches 'St Mary the Virgin'
St Martin,Alfreton,Derbyshire,3,11489,high,,Unique tower in Alfreton; dedication 'S Martin' matches 'St Martin'
St Mary the Virgin,Kintbury,Berkshire,3,13090,high,,Unique tower in Kintbury; dedication 'S Mary V' matches 'St Mary the Virgin'
St Mary Magdalene,Rusper,West Sussex,3,16522,high,,Unique tower in Rusper; dedication 'S Mary Magd' matches 'St Mary Magdalene'
St Michael and All Angels,Heydour,Lincolnshire,3,11252,high,,Unique tower in Heydour; dedication 'S Michael & All Angels' matches 'St Michael and All Angels'
St Mary the Virgin,Fairford,Gloucestershire,3,10862,high,,Unique tower in Fairford; dedication 'S Mary V' matches 'St Mary the Virgin'
St George,Clun,Shropshire,3,11946,high,,Unique tower in Clun; dedication 'S George' matches 'St George'
,Huddersfield,,3,10804,medium,21088;21089;21090,Partial dedication match for 'S Peter' among 4 towers in town
St Mary within the Walls,Chester,Cheshire,3,13678,medium,15972;14876;15763;19117;25905;19118,Partial dedication match for 'S Mary without the Walls' among 7 towers in town
Trentwood,Burton-on-Stather,Lincs,3,12498,medium,,"Sole ringing tower in Burton upon Stather, but dedication 'S Andrew' differs from source 'Trentwood'"
"St Peter, Fairfield",Buxton,Derbyshire,3,11560,high,,"Resolved via parish in building 'Fairfield' (Fairfield, S Peter)"
St Giles,Hartington,Derbyshire,3,16698,high,,Unique tower in Hartington; dedication 'S Giles' matches 'St Giles'
St Lawrence Jewry,London,,3,16020,high,15228;11081;13868;12429;13028;11914;16634;16578;10471;13189,Resolved dedication 'S Lawrence Jewry' (London) among 42 towers in town
St Mary the Virgin,Kidlington,Oxfordshire,3,10826,high,25744,Resolved dedication 'S Mary V' (Kidlington) among 2 towers in town
St James the Great,Norton,South Yorkshire,3,10874,high,,Unique tower in Norton; dedication 'S James Gt' matches 'St James the Great'
St Helen,Darley Dale,Derbyshire,3,13637,high,,Unique tower in Darley Dale; dedication 'S Helen' matches 'St Helen'
,Earl Shilton,,3,13202,high,,Unique tower in Earl Shilton (Leicestershire); building unspecified in source
,Handsworth,Staffs,3,13749,medium,20603;20604,Partial dedication match for 'S Mary' among 3 towers in town
,Whitwick,,3,11676,high,,Unique tower in Whitwick (Leicestershire); building unspecified in source
,Barrow-upon-Humber,,3,11981,high,,Unique tower in Barrow upon Humber (Lincolnshire); building unspecified in source
,Sheffield,Yorks,3,10439,medium,13787;23300;22121,Partial dedication match for 'Cath Ch of S Marie' among 4 towers in town
Holy Trinity,Guildford,,3,14592,high,14593;11502;12695;25706;20505;25586,Resolved dedication 'Holy Trinity' (Guildford) among 7 towers in town
,Buckley,,3,17124,high,,Unique tower in Buckley (Flintshire); building unspecified in source
St Mary,Hemel Hempstead,Hertfordshire,3,15479,high,25136,Resolved dedication 'S Mary' (Hemel Hempstead) among 2 towers in town
St Cuthbert,Allendale,Northumberland,3,15435,high,,Unique tower in Allendale; dedication 'S Cuthbert' matches 'St Cuthbert'
,Reading,Berks,3,16811,medium,10597;16674;22958;22959;22960;17427;25652;25109;22962;22963,Partial dedication match for 'S Giles' among 13 towers in town
182 Freshwater Drive,Hamworthy,Dorset,3,,none,,Private residence address (handbell ring)
St Leodegarius,Basford,Nottinghamshire,3,12073,high,,Unique tower in Basford; dedication 'S Leodegarius' matches 'St Leodegarius'
Assumption of the Blessed Virgin Mary,Gressenhall,Norfolk,3,10047,high,,Unique tower in Gressenhall; dedication 'Assumption of BVM' matches 'Assumption of the Blessed Virgin Mary'
St Mary the Virgin,Welwyn,Hertfordshire,3,14639,high,,Unique tower in Welwyn; dedication 'S Mary V' matches 'St Mary the Virgin'
,Birstall,Leics,3,16453,high,,Unique tower in Birstall (Leicestershire); building unspecified in source
St John the Baptist,Broadclyst,Devon,3,13355,high,,Unique tower in Broadclyst; dedication 'S John Bapt' matches 'St John the Baptist'
"St Bride's, Fleet Street",City of London,,3,21766,high,15228;11081;13868;12429;13028;11914;16634;16578;10471;16020,Resolved dedication 'S Bride' (London) among 42 towers in town
St Margaret,Westminster,,3,13657,high,13512;15153;14872;12465;25551;25523;25538;24658;24660;24654,Resolved dedication 'S Margaret' (Westminster) among 16 towers in town
22 Portugal Street,Cambridge,Cambridgeshire,3,,none,,Private residence address (handbell ring)
"Briarwood, Goostrey Lane",Cranage,Cheshire,3,,none,,Private residence name (handbell ring)
,Walesby,,3,16848,medium,12755;24373,Partial dedication match for 'All Saints Old Church' among 3 towers in town
St Mary the Virgin,Eccleston,Cheshire,3,14636,high,25575;19871;12828,Resolved dedication 'S Mary V' (Eccleston) among 4 towers in town
All Saints,Bisley,Gloucestershire,3,10527,high,,Unique tower in Bisley; dedication 'All Saints' matches 'All Saints'
,Broughton-in-Furness,,3,12023,high,,Unique tower in Broughton in Furness (Cumbria); building unspecified in source
Christ Church,Tunstall,Staffordshire,3,12994,high,25556,Resolved dedication 'Christ Church' (Tunstall) among 2 towers in town
St Luke,Silverdale,Staffordshire,3,10610,high,,Unique tower in Silverdale; dedication 'S Luke' matches 'St Luke'
,Hunslet,,3,15244,high,,Unique tower in Hunslet (West Yorkshire); building unspecified in source
Cathedral Church of St Nicholas,Newcastle upon Tyne,Tyne and Wear,3,10887,high,12945;10353;25928;17782;22337;22343,Resolved dedication 'Cath Ch of S Nicholas' (Newcastle upon Tyne) among 7 towers in town
St Mary,Hawkesbury,Gloucestershire,3,17512,high,,Unique tower in Hawkesbury; dedication 'S Mary' matches 'St Mary'
,Deddington,,3,11642,high,,Unique tower in Deddington (Oxfordshire); building unspecified in source
Larkfield,Holyport,Berkshire,3,,none,,No matching tower found for 'Holyport' in Dove register
St Michael,Basingstoke,Hampshire,3,16758,high,10112;25675,Resolved dedication 'S Michael' (Basingstoke) among 3 towers in town
St Mary,Bow,Greater London,3,13996,high,18547,Resolved dedication 'S Mary' (Bow) among 2 towers in town
St Gregory,Sudbury,Suffolk,3,15687,high,15144;16386,Resolved dedication 'S Gregory' (Sudbury) among 3 towers in town
,Hollesley,,3,16100,high,,Unique tower in Hollesley (Suffolk); building unspecified in source
,East Coker,,3,10605,high,,Unique tower in East Coker (Somerset); building unspecified in source
,Horwich,,3,10582,medium,21046,Partial dedication match for 'Holy Trinity' among 2 towers in town
,Netherton,,3,15501,medium,22285;22287;22286,Partial dedication match for 'S Andrew' among 4 towers in town
St Peter,Ashton-under-Lyne,,3,15994,high,10838;17995;17996;17997;17998,Resolved dedication 'S Peter' (Ashton under Lyne) among 6 towers in town
,Shirley,,3,16743,medium,11396;25156;23347;23346;25686,Partial dedication match for 'S Michael' among 6 towers in town
,Tring,,3,15131,high,,Unique tower in Tring (Hertfordshire); building unspecified in source
St Peter,Great Berkhamsted,Hertfordshire,3,12786,high,,"Unique tower in Berkhamsted, Great; dedication 'S Peter' matches 'St Peter'"
,Essendon,,3,15444,high,,Unique tower in Essendon (Hertfordshire); building unspecified in source
St Andrew,Old Cleeve,Somerset,3,15208,high,,Unique tower in Old Cleeve; dedication 'S Andrew' matches 'St Andrew'
Holy Trinity,Eccleshall,Staffordshire,3,10452,high,,Unique tower in Eccleshall; dedication 'Holy Trinity' matches 'Holy Trinity'
St Nicholas,Tuxford,Nottinghamshire,3,14811,high,,Unique tower in Tuxford; dedication 'S Nicholas' matches 'St Nicholas'
St Mary Magdalene,Clitheroe,Lancashire,3,11713,high,19248,Resolved dedication 'S Mary Magd' (Clitheroe) among 2 towers in town
St Mary the Virgin and All Souls,Bulwell,Nottinghamshire,3,14775,high,18788,Resolved dedication 'S Mary V & All Souls' (Bulwell) among 2 towers in town
St Martin,Brighouse,West Yorkshire,3,13843,high,18657,Resolved dedication 'S Martin' (Brighouse) among 2 towers in town
Cathedral Church of the Blessed Virgin Mary,Lincoln,Lincolnshire,3,12153,high,25226;12159;13659;10782;21599;11493;17791;21600;21601;21602,Resolved dedication 'Cath Ch of BVM' (Lincoln) among 14 towers in town
Holy Trinity,Bledlow,Buckinghamshire,3,16778,high,,Unique tower in Bledlow; dedication 'Holy Trinity' matches 'Holy Trinity'
St Chad,Welbourn,Lincolnshire,3,12909,high,,Unique tower in Welbourn; dedication 'S Chad' matches 'St Chad'
St Mary,Eaton Socon,Cambridgeshire,3,16021,high,,Unique tower in Eaton Socon; dedication 'S Mary' matches 'St Mary'
St David,Moreton in Marsh,Gloucestershire,3,14752,high,,Unique tower in Moreton in Marsh; dedication 'S David' matches 'St David'
Cathedral Church of St Anne (RC),Leeds,West Yorkshire,3,11425,high,15978;13165;21524;21525;21526;21527;21531;25533;10218;14977,Resolved dedication 'Cath Ch of S Anne' (Leeds) among 27 towers in town
"St Stephen, Barbourne",Worcester,Worcestershire,3,12050,high,11299;11249;13277;10704;12921;12643;24996;24997;24998;24999,Resolved dedication 'S Stephen' (Worcester) among 14 towers in town
,Ripponden,,3,16188,high,,Unique tower in Ripponden (West Yorkshire); building unspecified in source
Marches Teaching Belfry,Hopton Heath,Shropshire,3,13820,medium,,"Sole ringing tower in Hopton Heath, but dedication 'nan' differs from source 'Marches Teaching Belfry'"
St Lawrence,Alton,Hampshire,3,11925,high,11730,Resolved dedication 'S Lawrence' (Alton) among 2 towers in town
St Mary,Radcliffe,Greater Manchester,3,13493,high,22911;22912,Resolved dedication 'S Mary' (Radcliffe) among 3 towers in town
,Gressenhall,,3,10047,high,,Unique tower in Gressenhall (Norfolk); building unspecified in source
St Augustine,Broxbourne,Hertfordshire,3,10369,high,,Unique tower in Broxbourne; dedication 'S Augustine' matches 'St Augustine'
St Bertoline,Barthomley,Cheshire,3,15065,high,,Unique tower in Barthomley; dedication 'S Bertoline' matches 'St Bertoline'
,Bromley,,3,14144,medium,18727;18728,Partial dedication match for 'S Peter & S Paul' among 3 towers in town
,Woolwich,,3,14252,high,,Unique tower in Woolwich (Greater London); building unspecified in source
St John the Evangelist,Stanmore,Middlesex,3,10079,high,,Unique tower in Great Stanmore; dedication 'S John Ev' matches 'St John the Evangelist'
,Batley,,3,10394,medium,18181,Partial dedication match for 'All Saints' among 2 towers in town
,Balcombe,,3,16605,high,,Unique tower in Balcombe (West Sussex); building unspecified in source
St Peter,Harrogate,,3,11630,high,16205;20658,Resolved dedication 'S Peter' (Harrogate) among 3 towers in town
,Fulney,,3,10977,high,,Unique tower in Fulney (Lincolnshire); building unspecified in source
St Andrew,Banwell,Somerset,3,11561,high,,Unique tower in Banwell; dedication 'S Andrew' matches 'St Andrew'
,Deane,Lancs,3,11462,high,,Unique tower in Deane (Greater Manchester); building unspecified in source
,Ewell,,3,12749,medium,25701,Partial dedication match for 'S Mary V' among 2 towers in town
Pig-le-Tower,Marston Bigot,,3,,none,,Private domestic mini-ring or residence (handbell ring)
St Mary,Maulden,Bedfordshire,3,16127,high,,Unique tower in Maulden; dedication 'S Mary' matches 'St Mary'
,Bermondsey,,3,11128,medium,18284;18285;25878;23021,Partial dedication match for 'S James' among 5 towers in town
St Andrew,Moretonhampstead,Devon,3,14478,high,,Unique tower in Moretonhampstead; dedication 'S Andrew' matches 'St Andrew'
St Peter and St Paul,Buckingham,Buckinghamshire,3,12905,high,,Unique tower in Buckingham; dedication 'S Peter & S Paul' matches 'St Peter and St Paul'
St Peter,Congleton,Cheshire,3,10579,high,19338;19339,Resolved dedication 'S Peter' (Congleton) among 3 towers in town
St Michael,Maidstone,,3,12644,high,11883;21917;21918;21919;21920;21921;21922,Resolved dedication 'S Michael & All Angels' (Maidstone) among 8 towers in town
St Thomas,Helmshore,Lancashire,3,10421,high,,Unique tower in Helmshore; dedication 'S Thomas' matches 'St Thomas'
18 Sandhills Way Calcot,Reading,Berkshire,3,,none,,Private residence address (handbell ring)
Home Farmhouse,Burghill,Herefordshire,3,13979,medium,,"Sole ringing tower in Burghill, but dedication 'S Mary V' differs from source 'Home Farmhouse'"
Christ Church,Raleigh,"North Carolina, United States of America",3,10203,high,,Unique tower in Raleigh; dedication 'Christ Church' matches 'Christ Church'
,King's Norton,Leics,3,10950,high,,Unique tower in King's Norton (Leicestershire); building unspecified in source
,Norton,Worcs,3,14265,medium,22481,Partial dedication match for 'S Egwin' among 2 towers in town
,Uppingham,,3,13320,high,,Unique tower in Uppingham (Rutland); building unspecified in source
All Saints,Cottesbrooke,Northamptonshire,3,13783,high,,Unique tower in Cottesbrooke; dedication 'All Saints' matches 'All Saints'
Collegiate Church of St Mary de Castro,Leicester,Leicestershire,3,13828,high,12250;10495;21538;21539;21540;21541;21542;21544;21545;21546,Resolved dedication 'S Mary de Castro' (Leicester) among 15 towers in town
St Michael with St Paul,Bath,,3,15431,high,12547;13019;14089;15243;11365;14458;12686;18173;18177;18174,Resolved dedication 'S Michael' (Bath) among 19 towers in town
,Easebourne,,3,16972,high,,Unique tower in Easebourne (West Sussex); building unspecified in source
,East Grinstead,,3,15810,medium,19792,Partial dedication match for 'S Swithun' among 2 towers in town
,Oakham,,3,14688,high,,Unique tower in Oakham (Rutland); building unspecified in source
First Presbyterian Church,Texarkana,Arkansas,3,11754,high,,Unique tower in Texarkana; dedication 'First Presbyterian Ch' matches 'First Presbyterian Church'
St Leonard,Shoreditch,London E,3,,none,,No matching tower found for 'Shoreditch' in Dove register
St Mary Magdalene,Creswell,Derbyshire,3,15007,high,,Unique tower in Creswell; dedication 'S Mary Magd' matches 'St Mary Magdalene'
St Andrew,Wanborough,Wiltshire,3,11390,high,,Unique tower in Wanborough; dedication 'S Andrew' matches 'St Andrew'
,Wincanton,,3,12189,high,,Unique tower in Wincanton (Somerset); building unspecified in source
,Bishops Cannings,,3,16193,high,,Unique tower in Bishops Cannings (Wiltshire); building unspecified in source
St Nicholas,Brockenhurst,Hampshire,3,12797,high,25199;25265;25266;25401,Resolved dedication 'S Nicholas' (Brockenhurst) among 5 towers in town
Holy Trinity,Buckfastleigh,Devon,3,11599,high,18770,Resolved dedication 'Ruined ch of Holy Trinity' (Buckfastleigh) among 2 towers in town
St Mary-de-Crypt,Gloucester,,3,11105,high,14601;25217;11346;10214;20327;20328;20329;20330;20331;20332,Resolved dedication 'S Mary de Crypt' (Gloucester) among 14 towers in town
St James,Quedgeley,Gloucestershire,3,12499,high,,Unique tower in Quedgeley; dedication 'S James' matches 'St James'
St Andrew,Wiveliscombe,Somerset,3,12340,high,,Unique tower in Wiveliscombe; dedication 'S Andrew' matches 'St Andrew'
St Mary the Virgin,Bishops Cannings,Wiltshire,3,16193,high,,Unique tower in Bishops Cannings; dedication 'S Mary V' matches 'St Mary the Virgin'
,East Tytherley,,3,12006,high,,Unique tower in East Tytherley (Hampshire); building unspecified in source
St Mary the Virgin,Frensham,Surrey,3,10379,high,,Unique tower in Frensham; dedication 'S Mary V' matches 'St Mary the Virgin'
St John-the-Baptist,Erith,,3,16332,high,15370;19978,Resolved dedication 'S John Bapt' (Erith) among 3 towers in town
,Wellesbourne,,3,11177,high,,Unique tower in Wellesbourne (Warwickshire); building unspecified in source
St John the Baptist,New Alresford,Hampshire,3,15518,high,25153,Resolved dedication 'S John Bapt' (New Alresford) among 2 towers in town
,Pulborough,,3,13676,high,,Unique tower in Pulborough (West Sussex); building unspecified in source
Blessed Virgin Mary,Woolavington,Somerset,3,14170,high,,Unique tower in Woolavington; dedication 'Blessed Virgin Mary' matches 'Blessed Virgin Mary'
St Mary,Prestbury,Gloucestershire,3,12141,high,22854,Resolved dedication 'S Mary' (Prestbury) among 2 towers in town
All Saints,Hessle,Yorkshire,3,11671,high,,Unique tower in Hessle; dedication 'All Saints' matches 'All Saints'
St Helen,Tarporley,Cheshire,3,13819,high,,Unique tower in Tarporley; dedication 'S Helen' matches 'St Helen'
,Bicester,,3,11528,high,,Unique tower in Bicester (Oxfordshire); building unspecified in source
,Heydour,,3,11252,high,,Unique tower in Heydour (Lincolnshire); building unspecified in source
"St Ambrose, Whitehall",Bristol,Bristol,3,15775,high,,"Resolved via parish in building 'Whitehall' (Whitehall, S Ambrose)"
St Pancras,Widecombe in the Moor,Devon,3,14248,high,,Unique tower in Widecombe in the Moor; dedication 'S Pancras' matches 'St Pancras'
39 Titian Avenue,Bushey Heath,Hertfordshire,3,,none,,Private residence address (handbell ring)
,Bushey,Herts,3,13627,medium,18871,Partial dedication match for 'S James' among 2 towers in town
,Beaconsfield,,3,13441,medium,18204,Partial dedication match for 'S Mary & All Saints' among 2 towers in town
,Stanford-in-the-Vale,,3,17078,high,,Unique tower in Stanford in the Vale (Oxfordshire); building unspecified in source
,Bourn,,3,12090,high,,Unique tower in Bourn (Cambridgeshire); building unspecified in source
Christ Church,Southport,,3,10014,high,12232;23568;23569;23570,Resolved dedication 'Christ Church' (Southport) among 5 towers in town
St Peter,Pebworth,Worcestershire,3,14179,high,,Unique tower in Pebworth; dedication 'S Peter' matches 'St Peter'
All Saints,Earls Barton,Northamptonshire,3,13546,high,,Unique tower in Earls Barton; dedication 'All Saints' matches 'All Saints'
St Mary,Liverpool,Merseyside,3,12572,high,13402;10744;13309;11694;25529;25564;13925;14155;11800;14177,Resolved dedication 'S Mary' (Walton on the Hill) among 15 towers in town
St Thomas of Canterbury,Goring on Thames,Oxfordshire,3,10908,high,,Unique tower in Goring on Thames; dedication 'S Thomas of Canterbury' matches 'St Thomas of Canterbury'
St Mary the Virgin,Buckland,Oxfordshire,3,12723,high,,Unique tower in Buckland; dedication 'S Mary V' matches 'St Mary the Virgin'
,Barnwood,,3,10976,high,,Unique tower in Barnwood (Gloucestershire); building unspecified in source
,Barkingside,,3,16995,medium,18111;25143;25144,Partial dedication match for 'S George' among 4 towers in town
St Mary the Virgin,Woodford,Northamptonshire,3,17015,high,,Unique tower in Woodford; dedication 'S Mary V' matches 'St Mary the Virgin'
,Amblecote,,3,14839,high,,Unique tower in Amblecote (West Midlands); building unspecified in source
St Michael & All Angels,Hughenden,Buckinghamshire,3,15656,high,,Unique tower in Hughenden; dedication 'S Michael & All Angels' matches 'St Michael & All Angels'
St John,Farnworth and Kearsley,Lancashire,3,16563,high,,"Fuzzy place match (Farnworth and Kearsley -> Farnworth, Greater Manchester)"
St Peter and St Paul,Deddington,Oxfordshire,3,11642,high,,Unique tower in Deddington; dedication 'S Peter & S Paul' matches 'St Peter and St Paul'
,Donington,,3,14561,medium,13205,Partial dedication match for 'S Mary & Holy Rood' among 2 towers in town
"Cath and Parish Ch of St Mary, St Denys, & St George",Manchester,Greater Manchester,3,12311,high,16363;21935,"Resolved dedication 'Cath and Collegiate Ch of S Mary, S Denys, & S George' (Manchester) among 3 towers in town"
St Mary and Michael,Trumpington,Cambridgeshire,3,10245,high,,Unique tower in Trumpington; dedication 'S Mary & S Michael' matches 'St Mary and Michael'
St Mary,Easton Neston,Northamptonshire,3,14582,high,,Unique tower in Easton Neston; dedication 'S Mary' matches 'St Mary'
,Holmfirth,,3,12802,high,,Unique tower in Holmfirth (West Yorkshire); building unspecified in source
St Michael & All Angels,Highclere,Hampshire,3,12671,high,25413,Resolved dedication 'S Michael & All Angels' (Highclere) among 2 towers in town
,Old Windsor,,3,12878,high,,Unique tower in Old Windsor (Berkshire); building unspecified in source
St Andrew and St Cuthman,Steyning,West Sussex,3,10639,high,,Unique tower in Steyning; dedication 'S Andrew & S Cuthman' matches 'St Andrew and St Cuthman'
Stella Maris,"Charleston, Sullivan's Island","South Carolina, United States of America",3,,none,,"No matching tower found for 'Charleston, Sullivan's Island' in Dove register"
St John,Lambeth,,3,10973,high,,Unique tower in Waterloo; dedication 'S John Ev' matches 'St John'
St Peter ad Vincula,Coggeshall,Essex,3,13518,high,,Unique tower in Coggeshall; dedication 'S Peter ad Vincula' matches 'St Peter ad Vincula'
St Martin,Caerphilly,Caerphilly,3,16855,high,,Unique tower in Caerphilly; dedication 'S Martin' matches 'St Martin'
Holy Cross,Mark,Somerset,3,14301,high,25760,Resolved dedication 'Holy Cross' (Mark) among 2 towers in town
,Bushey,,3,13627,medium,18871,Partial dedication match for 'S James' among 2 towers in town
,Colston Bassett,,3,11976,high,,Unique tower in Colston Bassett (Nottinghamshire); building unspecified in source
't klockhuys,Dordrecht,The Netherlands,3,14275,high,17691,Resolved dedication ''t Klockhuys' (Dordrecht) among 2 towers in town
2 Orchard Road,Hitchin,Hertfordshire,3,,none,,Private residence address (handbell ring)
,Withyham,,3,16152,medium,24901,Partial dedication match for 'S Michael & All Angels' among 2 towers in town
St Michael the Archangel,Aldershot,Hampshire,3,10989,high,17860;25451;25464,Resolved dedication 'S Michael Archangel' (Aldershot) among 4 towers in town
,Hook Norton,,3,10393,high,,Unique tower in Hook Norton (Oxfordshire); building unspecified in source
,Oxhey,,3,13572,medium,22641,Partial dedication match for 'S Matthew' among 2 towers in town
St Mary,Watford,Hertfordshire,3,10317,high,24481;24482;24483;24484;24486;24487,Resolved dedication 'S Mary' (Watford) among 7 towers in town
St Laurence,York,,3,16125,high,11340;13714;16004;11426;15985;13479;12165;10509;11836;10444,Resolved dedication 'S Lawrence' (York) among 24 towers in town
,Norton,Yorks,3,10874,high,,Unique tower in Norton (South Yorkshire); building unspecified in source
,Dewsbury,,3,10877,high,,Unique tower in Dewsbury (West Yorkshire); building unspecified in source
St Owen,Bromham,Bedfordshire,3,16225,high,,Unique tower in Bromham; dedication 'S Owen' matches 'St Owen'
St Peter,Birstall,West Yorkshire,3,13433,high,,Unique tower in Birstall; dedication 'S Peter' matches 'St Peter'
St Margaret the Queen,Buxted,East Sussex,3,15622,medium,18883,Partial dedication match for 'S Margaret Q' among 2 towers in town
Holy Trinity,Wandsworth,London SW,3,,none,,No matching tower found for 'Wandsworth' in Dove register
,Barnet,,3,14421,high,,Unique tower in Barnet (Greater London); building unspecified in source
St Barnabas,Bromborough,Wirral,3,,none,,No matching tower found for 'Bromborough' in Dove register
St Mary,Aspenden,Hertfordshire,3,10505,high,,Unique tower in Aspenden; dedication 'S Mary' matches 'St Mary'
St Giles,Balderton,Nottinghamshire,3,14817,high,,Unique tower in Balderton; dedication 'S Giles' matches 'St Giles'
St Mary and All Saints,Chesterfield,Derbyshire,3,13811,high,19120;19121,Resolved dedication 'S Mary & All Saints' (Chesterfield) among 3 towers in town
St Martin in the Cornmarket,Worcester,Worcestershire,3,10704,high,11299;11249;13277;12050;12921;12643;24996;24997;24998;24999,Resolved dedication 'S Martin in the Cornmarket' (Worcester) among 14 towers in town
Piltdown House,St Mary's Platt,Kent,3,,none,,Private residence name (handbell ring)
St Mary the Virgin,Hugh Town,Isles of Scilly,3,15205,high,23656,Resolved dedication 'S Mary V' (Hugh Town) among 2 towers in town
St Michael and St Wulfad,Stone,Staffordshire,3,12438,high,23828,Resolved dedication 'S Michael & S Wulfad' (Stone) among 2 towers in town
"SS Peter, Paul and Thomas of Canterbury",Bovey Tracey,Devon,3,14690,high,25196;18545,"Resolved dedication 'S Peter, S Paul, & S Thomas of Canterbury' (Bovey Tracey) among 3 towers in town"
St John the Baptist,Weston-super-Mare,Somerset,3,12821,high,24672;24673;24674;24675;24676;12495,Resolved dedication 'S John Bapt' (Weston super Mare) among 7 towers in town
St Helen,Abingdon,Oxfordshire,3,15023,high,10628;17803,Resolved dedication 'S Helen' (Abingdon) among 3 towers in town
St Mary,Wolborough,Devon,3,12315,high,22366,Resolved dedication 'S Mary' (Wolborough) among 2 towers in town
SS Mary and Edward,Barrow Gurney,Somerset,3,13023,medium,,"Sole ringing tower in Barrow Gurney, but dedication 'Blessed Virgin Mary & S Edward K&M' differs from source 'SS Mary and Edward'"
SS Mary & Edward,Barrow Gurney,Somerset,3,13023,medium,,"Sole ringing tower in Barrow Gurney, but dedication 'Blessed Virgin Mary & S Edward K&M' differs from source 'SS Mary & Edward'"
St Margaret,Warnham,West Sussex,3,15727,high,25269;25663,Resolved dedication 'S Margaret' (Warnham) among 3 towers in town
St John,Weston-super-mare,North Somerset,3,12821,high,24672;24673;24674;24675;24676;12495,Resolved dedication 'S John Bapt' (Weston super Mare) among 7 towers in town
St John the Baptist,Wolverley,Worcestershire,3,16470,high,,Unique tower in Wolverley; dedication 'S John Bapt' matches 'St John the Baptist'
St Gregory,Dawlish,Devon,3,10507,high,,Unique tower in Dawlish; dedication 'S Gregory' matches 'St Gregory'
All Saints,Hertford,Hertfordshire,3,14953,high,16209,Resolved dedication 'All Saints' (Hertford) among 2 towers in town
St George,Benenden,Kent,3,10534,high,,Unique tower in Benenden; dedication 'S George' matches 'St George'
Holy Trinity,Stratford upon Avon,Warwickshire,3,10264,high,,Unique tower in Stratford upon Avon; dedication 'Holy Trinity' matches 'Holy Trinity'
St Andrew,Farnham,Surrey,3,11301,high,25460;25465,Resolved dedication 'S Andrew' (Farnham) among 3 towers in town
St Mary the Virgin,Prittlewell,Essex,3,13422,high,22883;23561,Resolved dedication 'S Mary V' (Prittlewell) among 3 towers in town
St Peter,St Albans,,3,11034,high,15782;14427;10871;23608;23609;23610;21987,Resolved dedication 'S Peter' (St Albans) among 8 towers in town
28 Mardale Court,Holmes Chapel,Cheshire,3,,none,,Private residence address (handbell ring)
St Peter,Bolton,Greater Manchester,3,11515,high,13215;25532;11462;20554,Resolved dedication 'S Peter' (Bolton) among 5 towers in town
,Cox Green,Berks,3,19423,high,,Unique tower in Cox Green (Berkshire); building unspecified in source
Magdalen College,Oxford,Oxon.,3,11203,high,14542;10172;11850;12299;16203;13271;13903;10326;10578;14239,Resolved dedication 'Magdalen College' (Oxford) among 26 towers in town
St Editha,Tamworth,Staffordshire,3,11411,high,,Unique tower in Tamworth; dedication 'S Editha' matches 'St Editha'
"18 Sandhills Way, Calcot",Reading,Berkshire,3,,none,,Private residence address (handbell ring)
St Mary,Beddington,Surrey,3,,none,,No matching tower found for 'Beddington' in Dove register
,Berkeley,,3,12607,medium,23232,Partial dedication match for 'S Mary V' among 2 towers in town
St Andrew,Shrivenham,Oxfordshire,3,16485,high,,Unique tower in Shrivenham; dedication 'S Andrew' matches 'St Andrew'
,Bishop's Stortford,,3,13338,medium,18393,Partial dedication match for 'S Michael' among 2 towers in town
St Paul,Bedford,Bedfordshire,3,14240,high,10574;16478;18221;18222;18223;18224;10669,Resolved dedication 'S Paul' (Bedford) among 8 towers in town
"St John the Evangelist, Ranmoor",Sheffield,South Yorkshire,3,16286,high,,"Resolved via parish in building 'Ranmoor' (Ranmoor, S John Ev)"
,Bury St Edmunds,,3,12587,medium,18865;17434;18866,Partial dedication match for 'Cath Ch of S James & S Edmund' among 4 towers in town
St James the Great,Colwall,Herefordshire,3,12769,high,,Unique tower in Colwall; dedication 'S James Gt' matches 'St James the Great'
,West Ham,,3,13183,high,,Unique tower in West Ham (Greater London); building unspecified in source
All Saints,Ashover,Derbyshire,3,13902,high,,Unique tower in Ashover; dedication 'All Saints' matches 'All Saints'
,Wisbech,,3,11719,medium,24886,Partial dedication match for 'S Peter & S Paul' among 2 towers in town
,Duffield,,3,11235,high,,Unique tower in Duffield (Derbyshire); building unspecified in source
St Sepulchre Ringing Chamber,City of London,,3,17135,medium,15228;11081;13868;12429;13028;11914;16634;16578;10471;16020,Partial dedication match for 'S Sepulchre without Newgate' among 42 towers in town
Cathedral Church of St James and St Edmund,Bury St Edmunds,Suffolk,3,12587,high,18865;17434;18866,Resolved dedication 'Cath Ch of S James & S Edmund' (Bury St Edmunds) among 4 towers in town
St Martin in the Fields,Westminster,Middlesex,3,15153,high,13512;13657;14872;12465;25551;25523;25538;24658;24660;24654,Resolved dedication 'S Martin in the Fields' (Westminster) among 16 towers in town
St Helen,Escrick,North Yorkshire,3,11686,high,,Unique tower in Escrick; dedication 'S Helen' matches 'St Helen'
"St Michael, Cornhill, Vestry",City of London,,3,16131,high,15228;11081;13868;12429;13028;11914;16634;16578;10471;16020,Resolved dedication 'S Michael' (London) among 42 towers in town
St Sepulchre without Newgate,City of London,,3,17135,high,15228;11081;13868;12429;13028;11914;16634;16578;10471;16020,Resolved dedication 'S Sepulchre without Newgate' (London) among 42 towers in town
,Ealing,Middx,3,13776,medium,14868;19749;19750;19751;19752;10279,Partial dedication match for 'Christ the Saviour' among 7 towers in town
Cathedral Church of St Saviour,Southwark,Greater London,3,16296,high,12588;23574,Resolved dedication 'Cath Ch of S Saviour' (Southwark) among 3 towers in town
"Cathedral Church of the Holy Trinity, St Peter, St Paul and St Swithun",Winchester,Hampshire,3,24847,high,14349;11660;11985;11942;24845;24846;24854;24853;24848;24849,Resolved dedication 'Holy Trinity' (Winchester) among 15 towers in town
,Southampton,Hampshire,2,13796,medium,10453;13354;11712;20881;25539;23552;25687;23549;23550;25418,Partial dedication match for 'S Barnabas' among 12 towers in town
St Michael and All Angels,Haworth,West Yorkshire,2,10409,high,,Unique tower in Haworth; dedication 'S Michael & All Angels' matches 'St Michael and All Angels'
,Catshill,Worcestershire,2,17183,high,,Unique tower in Catshill (Worcestershire); building unspecified in source
"St Mary, South Stoneham",Southampton,Hampshire,2,12022,high,,"Resolved via parish in building 'South Stoneham' (South Stoneham, S Mary)"
St Mary,Harrington,Lincolnshire,2,16056,high,,Unique tower in Harrington; dedication 'S Mary' matches 'St Mary'
St Mary,Ashby Magna,Leicestershire,2,16462,high,,Unique tower in Ashby Magna; dedication 'S Mary' matches 'St Mary'
,"Beacon Hill, Lickey",Worcestershire,2,,none,,"No matching tower found for 'Beacon Hill, Lickey' in Dove register"
,Lickey incline Bromsgrove,Worcestershire,2,,none,,No matching tower found for 'Lickey incline Bromsgrove' in Dove register
All Saints,Wistow,North Yorkshire,2,10690,high,,Unique tower in Wistow; dedication 'All Saints' matches 'All Saints'
St Andrew's Church,Potterhanworth,Lincolnshire,2,14584,high,,Unique tower in Potterhanworth; dedication 'S Andrew' matches 'St Andrew's Church'
All Saints,Thorp Arch,West Yorkshire,2,13009,high,,Unique tower in Thorp Arch; dedication 'All Saints' matches 'All Saints'
,"Catshill, Bromsgrove",Worcestershire,2,10080,high,,"Resolved via suburb/parish 'Bromsgrove' in town name (Bromsgrove, S John Bapt)"
Abbey Church of St Andrew,Sempringham,Lincolnshire,2,15245,high,,Unique tower in Sempringham; dedication 'Abbey Ch of S Andrew' matches 'Abbey Church of St Andrew'
St Thomas a Becket,Burton le Coggles,Lincolnshire,2,11921,high,,Unique tower in Burton le Coggles; dedication 'S Thomas a Becket' matches 'St Thomas a Becket'
"Mary Allan Building, Homerton College",Cambridge,Cambridgeshire,2,,none,12645;15139;16664;14964;17550;13803;13748;18933;18934;25479,"Unresolved: 'Mary Allan Building, Homerton College' did not match any of the 27 towers in Cambridge"
St Martin,Bole,Nottinghamshire,2,11802,high,,Unique tower in Bole; dedication 'S Martin' matches 'St Martin'
,Sutton-cum-Lound,Notts,2,13122,high,,Unique tower in Sutton cum Lound (Nottinghamshire); building unspecified in source
All Saints,Pickwell,Leicestershire,2,10700,high,,Unique tower in Pickwell; dedication 'All Saints' matches 'All Saints'
St Nicholas,Cherington,Gloucestershire,2,16449,high,,Unique tower in Cherington; dedication 'S Nicholas' matches 'St Nicholas'
St Peter,Kinver,Staffordshire,2,10945,high,,Unique tower in Kinver; dedication 'S Peter' matches 'St Peter'
St Mary le Wigford,Lincoln,Lincolnshire,2,13659,high,12153;25226;12159;10782;21599;11493;17791;21600;21601;21602,Resolved dedication 'S Mary le Wigford' (Lincoln) among 14 towers in town
St Augustine,East Langdon,Kent,2,13450,high,,Unique tower in East Langdon; dedication 'S Augustine' matches 'St Augustine'
Rolt Crescent,Middlewich,Cheshire,2,,none,,Private residence name (handbell ring)
,Ringing Room,UK & USA & Switzerland,2,,none,,Virtual ringing platform or dispersed locations
All Saints,Landbeach,Cambridgeshire,2,15449,high,,Unique tower in Landbeach; dedication 'All Saints' matches 'All Saints'
All Saints,Tinwell,Rutland,2,16139,high,,Unique tower in Tinwell; dedication 'All Saints' matches 'All Saints'
St Martin of Tours,Elworthy,Somerset,2,11997,high,,Unique tower in Elworthy; dedication 'S Martin of Tours' matches 'St Martin of Tours'
St Mary Magdalene and St Andrew,Ridlington,Rutland,2,14895,high,,Unique tower in Ridlington; dedication 'S Mary Magd & S Andrew' matches 'St Mary Magdalene and St Andrew'
Town Church,Guernsey,Channel islands,2,,none,,No matching tower found for 'Guernsey' in Dove register
"Cathedral Church of St Marie, Hallam",Sheffield,South Yorkshire,2,10439,high,13787;23300;22121,Resolved dedication 'Cath Ch of S Marie' (Sheffield) among 4 towers in town
St Andrew,Cold Aston,Gloucestershire,2,16479,high,,Unique tower in Cold Aston; dedication 'S Andrew' matches 'St Andrew'
,Ringing Room,"Stanford in the Vale, Oxon",2,,none,,Virtual ringing platform or dispersed locations
St John the Baptist,Campsea Ashe,Suffolk,2,15112,high,,Unique tower in Campsea Ashe; dedication 'S John Bapt' matches 'St John the Baptist'
,"All Saints, Crondall",,2,12140,high,,"Resolved via suburb/parish 'Crondall' in town name (Crondall, All Saints)"
St Paul's College,Cheltenham,Gloucestershire,2,19105,high,15204;15682;12704;25201;19100;19101;19102;19103;25110;19104,Resolved dedication 'S Paul' (Cheltenham) among 15 towers in town
,Basildon,Essex,2,11028,medium,18166;18167,Partial dedication match for 'S Martin of Tours' among 3 towers in town
,Ringing Room,Cheshire and Kent,2,,none,,Virtual ringing platform or dispersed locations
"The Cathedral Church of St. Thomas of Canterbury, Ringing Room.",Portsmouth,Hampshire,2,13220,high,25238;17042;16279;25536,Resolved dedication 'Cath Ch of S Thomas of Canterbury' (Portsmouth) among 5 towers in town
,"Exeter, 14 Brookfield Gardens",Devon,2,,none,,"No matching tower found for 'Exeter, 14 Brookfield Gardens' in Dove register"
St Helen,Kneeton,Nottinghamshire,2,11584,high,,Unique tower in Kneeton; dedication 'S Helen' matches 'St Helen'
St Oswald,East Stoke,Nottinghamshire,2,16915,high,,Unique tower in East Stoke; dedication 'S Oswald' matches 'St Oswald'
"Tumulus, St Peter's Churchyard",Wootton Wawen,Warwickshire,2,10550,high,,"Unique tower in Wootton Wawen; dedication 'S Peter' matches 'Tumulus, St Peter's Churchyard'"
The Old Workhouse,Upton Bishop,Herefordshire,2,11201,medium,,"Sole ringing tower in Upton Bishop, but dedication 'S John Bapt' differs from source 'The Old Workhouse'"
St Lawrence,Canon Pyon,Herefordshire,2,12706,high,,Unique tower in Canon Pyon; dedication 'S Lawrence' matches 'St Lawrence'
St Mary,Winterborne Stickland,Dorset,2,10939,high,,Unique tower in Winterborne Stickland; dedication 'S Mary' matches 'St Mary'
St George,Trotton,West Sussex,2,15306,high,,Unique tower in Trotton; dedication 'S George' matches 'St George'
St Milburga,Stoke St Milborough,Shropshire,2,15014,high,,Unique tower in Stoke St Milborough; dedication 'S Milburga' matches 'St Milburga'
St Mary Magdalene,Yarwell,Northamptonshire,2,15600,high,,Unique tower in Yarwell; dedication 'S Mary Magd' matches 'St Mary Magdalene'
All Saints,Hougham,Lincolnshire,2,14959,high,,Unique tower in Hougham; dedication 'All Saints' matches 'All Saints'
St Mary,Whaplode,Lincolnshire,2,14273,high,,Unique tower in Whaplode; dedication 'S Mary' matches 'St Mary'
,Langdon Hills,,2,10356,high,,Unique tower in Langdon Hills (Essex); building unspecified in source
,Fobbing,,2,15181,high,,Unique tower in Fobbing (Essex); building unspecified in source
Channel Islands' Ringing Centre,Alderney,Alderney,2,13059,high,10322,Resolved dedication 'Channel Islands' Ringing Centre' (St Anne) among 2 towers in town
Holy Trinity,Gedney Hill,Lincolnshire,2,12767,high,20296,Resolved dedication 'Holy Trinity' (Gedney Hill) among 2 towers in town
All Saints,Moulton,Lincolnshire,2,15979,high,,Unique tower in Moulton; dedication 'All Saints' matches 'All Saints'
St Mary,Great Massingham,Norfolk,2,11581,high,,Unique tower in Great Massingham; dedication 'S Mary' matches 'St Mary'
All Saints,Holbeach,Lincolnshire,2,14527,high,,Unique tower in Holbeach; dedication 'All Saints' matches 'All Saints'
"St Bartholomew the Great, Smithfield",City of London,,2,13868,high,15228;11081;12429;13028;11914;16634;16578;10471;16020;13189,Resolved dedication 'S Bartholomew Gt' (London) among 42 towers in town
,Lincoln,,2,12153,medium,25226;12159;13659;10782;21599;11493;17791;21600;21601;21602,Partial dedication match for 'Cath Ch of BVM' among 14 towers in town
St James the Great,Kimbolton,Herefordshire,2,15489,high,,Unique tower in Kimbolton; dedication 'S James Gt' matches 'St James the Great'
All Saints,Little Shelford,Cambridgeshire,2,11637,high,,Unique tower in Little Shelford; dedication 'All Saints' matches 'All Saints'
,Itchingfield,,2,10107,high,,Unique tower in Itchingfield (West Sussex); building unspecified in source
All Saints,Roos,East Riding of Yorkshire,2,14327,high,,Unique tower in Roos; dedication 'All Saints' matches 'All Saints'
St Mary's Cathedral Ringing Room,Sydney,New South Wales,2,15468,high,16969;13849;14777;13677;11518;10621;12983;13900;11755;16839,Resolved dedication 'Cath Ch of S Mary' (Sydney) among 20 towers in town
St Llonio,Llandinam,Powys,2,15602,high,,Unique tower in Llandinam; dedication 'S Llonio' matches 'St Llonio'
St Mary the Virgin,Shincliffe,County Durham,2,16794,high,,Unique tower in Shincliffe; dedication 'S Mary V' matches 'St Mary the Virgin'
St Mary,Broughton,Lincolnshire,2,11749,high,,Unique tower in Broughton; dedication 'S Mary' matches 'St Mary'
St Mary,Claxby,Lincolnshire,2,12072,high,,Unique tower in Claxby; dedication 'S Mary' matches 'St Mary'
St Nicholas,Great Wilbraham,Cambridgeshire,2,15674,high,,Unique tower in Great Wilbraham; dedication 'S Nicholas' matches 'St Nicholas'
St Margaret,Heveningham,Suffolk,2,13263,high,,Unique tower in Heveningham; dedication 'S Margaret' matches 'St Margaret'
St John the Baptist,Penhow,Newport,2,14537,high,,Unique tower in Penhow; dedication 'S John Bapt' matches 'St John the Baptist'
,Isham,,2,10292,high,,Unique tower in Isham (Northamptonshire); building unspecified in source
St Nicholas,Marston,Oxfordshire,2,15711,high,,Unique tower in Marston; dedication 'S Nicholas' matches 'St Nicholas'
4/4 Barnpark Terrace,Teignmouth,Devon,2,,none,,Private residence name (handbell ring)
St Paul,Southville,Bristol,2,12016,high,,Unique tower in Southville; dedication 'S Paul' matches 'St Paul'
In the Belfry of All Saints’ Church,Marple,Cheshire,2,15017,high,,Unique tower in Marple; dedication 'All Saints' matches 'In the Belfry of All Saints’ Church'
Basingstoke,Ringing Room,,2,,none,,Virtual ringing platform or dispersed locations
,Croft,Leics,2,15866,high,,Unique tower in Croft (Leicestershire); building unspecified in source
Unknown,Durleigh,Somerset,2,12810,medium,,"Sole ringing tower in Durleigh, but dedication 'S Hugh' differs from source 'Unknown'"
St Peter,Pimperne,Dorset,2,11455,high,,Unique tower in Pimperne; dedication 'S Peter' matches 'St Peter'
St George,Damerham,Hampshire,2,15111,high,,Unique tower in Damerham; dedication 'S George' matches 'St George'
,Midgham,,2,12976,high,,Unique tower in Midgham (Berkshire); building unspecified in source
St Giles,Bradford on Tone,Somerset,2,16990,high,,Unique tower in Bradford on Tone; dedication 'S Giles' matches 'St Giles'
,Sutton Coldfield,,2,11924,medium,23923,Partial dedication match for 'Holy Trinity' among 2 towers in town
St Peter,Goodworth Clatford,Hampshire,2,14231,high,,Unique tower in Goodworth Clatford; dedication 'S Peter' matches 'St Peter'
All Saints,Barton Stacey,Hampshire,2,13777,high,,Unique tower in Barton Stacey; dedication 'All Saints' matches 'All Saints'
St Peter,Westleigh,Devon,2,15042,high,,Unique tower in Westleigh; dedication 'S Peter' matches 'St Peter'
The Parish church,East Farleigh,Kent,2,13991,medium,,"Sole ringing tower in East Farleigh, but dedication 'dedication unknown' differs from source 'The Parish church'"
St Mary Magdalene,Croome D'Abitot,Worcestershire,2,12711,high,,Unique tower in Croome D'Abitot; dedication 'S Mary Magd' matches 'St Mary Magdalene'
St Mary the Virgin,Weston by Welland,Northamptonshire,2,11695,high,,Unique tower in Weston by Welland; dedication 'S Mary V' matches 'St Mary the Virgin'
Holy Trinity,Thrussington,Leicestershire,2,13754,high,,Unique tower in Thrussington; dedication 'Holy Trinity' matches 'Holy Trinity'
St Luke,Kislingbury,Northamptonshire,2,16945,high,,Unique tower in Kislingbury; dedication 'S Luke' matches 'St Luke'
Holy Cross,Milton Malsor,Northamptonshire,2,11900,high,,Unique tower in Milton Malsor; dedication 'Holy Cross' matches 'Holy Cross'
St Mary the Virgin,Whiston,Northamptonshire,2,14802,high,,Unique tower in Whiston; dedication 'S Mary V' matches 'St Mary the Virgin'
St John Baptist,Hellidon,Northamptonshire,2,15765,high,,Unique tower in Hellidon; dedication 'S John Bapt' matches 'St John Baptist'
St Peter,Tilton-on-the-Hill,Leicestershire,2,10083,high,,Unique tower in Tilton on the Hill; dedication 'S Peter' matches 'St Peter'
St Andrew,Cotterstock,Northamptonshire,2,12936,high,,Unique tower in Cotterstock; dedication 'S Andrew' matches 'St Andrew'
All Saints,Croughton,Northamptonshire,2,16632,high,,Unique tower in Croughton; dedication 'All Saints' matches 'All Saints'
St Nicholas,Great Doddington,Northamptonshire,2,10585,high,,Unique tower in Great Doddington; dedication 'S Nicholas' matches 'St Nicholas'
All Saints,Norton,Northamptonshire,2,16864,high,,Unique tower in Norton; dedication 'All Saints' matches 'All Saints'
All Hallows,Upper Dean,Bedfordshire,2,13499,high,,Unique tower in Upper Dean; dedication 'All Hallows' matches 'All Hallows'
St Peter,Aldwincle,Northamptonshire,2,16124,high,17870,Resolved dedication 'S Peter' (Aldwincle) among 2 towers in town
St Mary the Virgin,Stoke Bruerne,Northamptonshire,2,16261,high,,Unique tower in Stoke Bruerne; dedication 'S Mary V' matches 'St Mary the Virgin'
St Mary the Blessed Virgin,Little Houghton,Northamptonshire,2,12180,high,,Unique tower in Little Houghton; dedication 'S Mary BV' matches 'St Mary the Blessed Virgin'
St Michael and All Angels,Ashton,Northamptonshire,2,14066,high,,Unique tower in Ashton; dedication 'S Michael & All Angels' matches 'St Michael and All Angels'
St Mary V,Stoke Bruerne,Northamptonshire,2,16261,high,,Unique tower in Stoke Bruerne; dedication 'S Mary V' matches 'St Mary V'
St Michael and All Angels,Bugbrooke,Northamptonshire,2,17122,high,,Unique tower in Bugbrooke; dedication 'S Michael & All Angels' matches 'St Michael and All Angels'
All Saints,West Haddon,Northamptonshire,2,14032,high,,Unique tower in West Haddon; dedication 'All Saints' matches 'All Saints'
St Guthlac,Passenham,Northamptonshire,2,16965,high,,Unique tower in Passenham; dedication 'S Guthlac' matches 'St Guthlac'
St Mary V,Harby,Leicestershire,2,16872,high,,Unique tower in Harby; dedication 'S Mary V' matches 'St Mary V'
SS Peter and Paul,Rothersthorpe,Northamptonshire,2,10341,high,,Unique tower in Rothersthorpe; dedication 'S Peter & S Paul' matches 'SS Peter and Paul'
St Tegai,Llandegai,Gwynedd,2,16840,high,,Unique tower in Llandegai; dedication 'S Tegai' matches 'St Tegai'
All Saints,Sudborough,Northamptonshire,2,12846,high,,Unique tower in Sudborough; dedication 'All Saints' matches 'All Saints'
"St Dingad, Llandingat",Llandovery,Carmarthenshire,2,12245,high,,"Unique tower in Llandovery; dedication 'S Dingad' matches 'St Dingad, Llandingat'"
All Saints,Clipston,Northamptonshire,2,11370,high,,Unique tower in Clipston; dedication 'All Saints' matches 'All Saints'
St Stephen,Sparsholt,Hampshire,2,14627,high,,Unique tower in Sparsholt; dedication 'S Stephen' matches 'St Stephen'
St John the Baptist,Carhampton,Somerset,2,14980,high,,Unique tower in Carhampton; dedication 'S John Bapt' matches 'St John the Baptist'
St Mary Magdalene,Winsford,Somerset,2,10676,high,,Unique tower in Winsford; dedication 'S Mary Magd' matches 'St Mary Magdalene'
,Kewstoke,Somerset,2,13361,high,,Unique tower in Kewstoke (Somerset); building unspecified in source
St Nicholas,Beedon,Berkshire,2,14015,high,,Unique tower in Beedon; dedication 'S Nicholas' matches 'St Nicholas'
St Stephen,Old Radnor,Powys,2,15009,high,,Unique tower in Old Radnor; dedication 'S Stephen' matches 'St Stephen'
Waikato Cathedral Church of St Peter,Hamilton,New Zealand,2,13098,high,,Unique tower in Hamilton; dedication 'Cath Ch of S Peter' matches 'Waikato Cathedral Church of St Peter'
S Margaret,Clenchwarton,Norfolk,2,12505,high,,Unique tower in Clenchwarton; dedication 'S Margaret' matches 'S Margaret'
St Senara the Virgin,Zennor,Cornwall,2,12035,high,,Unique tower in Zennor; dedication 'S Senara V' matches 'St Senara the Virgin'
Unknown,Maisemore,Gloucestershire,2,14147,medium,,"Sole ringing tower in Maisemore, but dedication 'S Giles' differs from source 'Unknown'"
At the Youth Hostel,Inglesham,Wiltshire,2,21172,medium,,"Sole ringing tower in Inglesham, but dedication 'S John Bapt' differs from source 'At the Youth Hostel'"
,Ashbocking,,2,16123,high,,Unique tower in Ashbocking (Suffolk); building unspecified in source
St Mary,Sturminster Newton,Dorset,2,14218,high,,Unique tower in Sturminster Newton; dedication 'S Mary' matches 'St Mary'
St Lawrence,Bardney,Lincolnshire,2,11893,high,,Unique tower in Bardney; dedication 'S Laurence' matches 'St Lawrence'
St John the Baptist,Aston Ingham,Herefordshire,2,10896,high,,Unique tower in Aston Ingham; dedication 'S John Bapt' matches 'St John the Baptist'
,Barton Stacey,,2,13777,high,,Unique tower in Barton Stacey (Hampshire); building unspecified in source
All Saints,Martin,Hampshire,2,11576,high,,Unique tower in Martin; dedication 'All Saints' matches 'All Saints'
St Luke,Milland,West Sussex,2,13470,high,,Unique tower in Milland; dedication 'S Luke' matches 'St Luke'
St Katherine,Litlington,Cambridgeshire,2,16288,high,,Unique tower in Litlington; dedication 'S Catherine' matches 'St Katherine'
St Mary,Meysey Hampton,Gloucestershire,2,14163,high,,Unique tower in Meysey Hampton; dedication 'S Mary' matches 'St Mary'
St Mary,Clifton upon Dunsmore,Warwickshire,2,12288,high,,Unique tower in Clifton upon Dunsmore; dedication 'S Mary' matches 'St Mary'
All Saints',Staplehurst,Kent,2,13740,high,,Unique tower in Staplehurst; dedication 'All Saints' matches 'All Saints''
Holy Trinity,Newton St Loe,Somerset,2,14236,high,,Unique tower in Newton St Loe; dedication 'Holy Trinity' matches 'Holy Trinity'
St Giles,Imber,Wiltshire,2,15797,high,,Unique tower in Imber; dedication 'S Giles' matches 'St Giles'
University of Washington,Seattle,Washington,2,16423,high,,Unique tower in Seattle; dedication 'nan' matches 'University of Washington'
,Lamberhurst,Kent,2,10661,high,,Unique tower in Lamberhurst (Kent); building unspecified in source
St Margaret,Stratton Strawless,Norfolk,2,11310,high,,Unique tower in Stratton Strawless; dedication 'S Margaret' matches 'St Margaret'
All Saints,Shipdham,Norfolk,2,14784,high,,Unique tower in Shipdham; dedication 'All Saints' matches 'All Saints'
St Barnabas,Swanmore,Hampshire,2,11834,high,10820,Resolved dedication 'S Barnabas' (Swanmore) among 2 towers in town
St Clement Bishop and the Martyr,Powderham,Devon,2,12083,high,,Unique tower in Powderham; dedication 'S Clement B&M' matches 'St Clement Bishop and the Martyr'
"39 Wakefield Drive, Leasowe",Wallasey,Cheshire,2,,none,,Private residence address (handbell ring)
St Mary Magdalene,Thorrington,Essex,2,14914,high,,Unique tower in Thorrington; dedication 'S Mary Magd' matches 'St Mary Magdalene'
Somerville College,Oxford,Oxfordshire,2,12299,medium,14542;10172;11850;11203;16203;13271;13903;10326;10578;14239,Partial dedication match for 'Lincoln College' among 26 towers in town
St James,Shardlow,Derbyshire,2,10542,high,,Unique tower in Shardlow; dedication 'S James' matches 'St James'
The Campanile,Belper,Derbyshire,2,,none,16536;18259;18260;18261,Unresolved: 'The Campanile' did not match any of the 4 towers in Belper
St Ida,Ide,Devon,2,14492,high,,Unique tower in Ide; dedication 'S Ida' matches 'St Ida'
St Winifred,Manaton,Devon,2,10880,high,,Unique tower in Manaton; dedication 'S Winifred' matches 'St Winifred'
,Kentisbeare,Devon,2,10743,high,,Unique tower in Kentisbeare (Devon); building unspecified in source
St Mary,Whimple,Devon,2,16256,high,,Unique tower in Whimple; dedication 'S Mary' matches 'St Mary'
Holy Cross,Hillfarrance,Somerset,2,10363,high,,Unique tower in Hillfarrance; dedication 'Holy Cross' matches 'Holy Cross'
All Saints,Sandon,Hertfordshire,2,11170,high,,Unique tower in Sandon; dedication 'All Saints' matches 'All Saints'
St Mary,Walsham le Willows,Suffolk,2,16638,high,,Unique tower in Walsham le Willows; dedication 'S Mary' matches 'St Mary'
The Residence of Mr F Knights,Norwich,Norfolk,2,,none,13262;10164;14724;13293;15574;15668;15623;11970;10466;22493,Unresolved: 'The Residence of Mr F Knights' did not match any of the 20 towers in Norwich
155 Waterloo Street,Burton-on-Trent,Staffordshire,2,,none,,Private residence address (handbell ring)
St Matthew,Stretton,Cheshire,2,15122,high,,Unique tower in Stretton; dedication 'S Matthew' matches 'St Matthew'
,Ringing Room ( Homelands),Hampshire,2,,none,,No matching tower found for 'Ringing Room ( Homelands)' in Dove register
"52, Lammas Park Road",Ealing,Middlesex,2,,none,,Private residence name (handbell ring)
,Eastwell,,2,19858,high,,Unique tower in Eastwell (Leicestershire); building unspecified in source
St Mary and St Hugh,Harlow,Essex,2,10392,high,20642,Resolved dedication 'S Mary & S Hugh' (Harlow) among 2 towers in town
St Thomas,Belfast,Antrim,2,11316,high,16974;16753;17354;25571;25599,Resolved dedication 'S Thomas' (Belfast) among 6 towers in town
St George,Beckenham,Kent,2,,none,,No matching tower found for 'Beckenham' in Dove register
St Wennapa,Gwennap,Cornwall,2,11620,high,,Unique tower in Gwennap; dedication 'S Weneppa' matches 'St Wennapa'
St Mary,Seavington St Mary,Somerset,2,13857,high,,Unique tower in Seavington St Mary; dedication 'S Mary' matches 'St Mary'
St Mary the Virgin,Piddlehinton,Dorset,2,13438,high,,Unique tower in Piddlehinton; dedication 'S Mary V' matches 'St Mary the Virgin'
St Thomas a Becket,Bridford,Devon,2,10997,high,,Unique tower in Bridford; dedication 'S Thomas a Becket' matches 'St Thomas a Becket'
"St George, Colegate",Norwich,Norfolk,2,13293,high,13262;10164;14724;15574;15668;15623;11970;10466;22493;25547,Resolved dedication 'S George' (Norwich) among 20 towers in town
Cathedral Church of St John the Evangelist,Brecon,Powys,2,10499,high,12492,Resolved dedication 'Cath Ch of S John Ev' (Brecon) among 2 towers in town
St Mary the Virgin,Holne,Devon,2,13913,high,,Unique tower in Holne; dedication 'S Mary V' matches 'St Mary the Virgin'
,Danbury,,2,16524,high,,Unique tower in Danbury (Essex); building unspecified in source
St Clydog,Clodock,Herefordshire,2,10787,high,,Unique tower in Clodock; dedication 'S Clydog' matches 'St Clydog'
"St Michael on the Mount, Without",Bristol,Bristol,2,16354,high,10300;10331;15455;14342;11615;14422;12166;15180;12993;12039,Resolved dedication 'The Mount Without' (Bristol) among 17 towers in town
Holy Trinity,Burrington,Somerset,2,12641,high,,Unique tower in Burrington; dedication 'Holy Trinity' matches 'Holy Trinity'
St Laurence,East Harptree,Somerset,2,13283,high,,Unique tower in East Harptree; dedication 'S Laurence' matches 'St Laurence'
St Mary Magdalene,Stoke Canon,Devon,2,16200,high,,Unique tower in Stoke Canon; dedication 'S Mary Magd' matches 'St Mary Magdalene'
St John the Baptist,Plymtree,Devon,2,14958,high,,Unique tower in Plymtree; dedication 'S John Bapt' matches 'St John the Baptist'
St Mary,Lakenheath,Suffolk,2,12368,high,,Unique tower in Lakenheath; dedication 'S Mary' matches 'St Mary'
Christ Church,Bacup,Lancashire,2,12876,high,18064,Resolved dedication 'Christ Church' (Bacup) among 2 towers in town
St James',Turramurra,"New South Wales, Australia",2,15074,high,,Unique tower in Turramurra; dedication 'S James' matches 'St James''
St Michael,Linby,Nottinghamshire,2,10855,high,,Unique tower in Linby; dedication 'S Michael' matches 'St Michael'
St Thomas,Milnthorpe,Cumbria,2,14024,high,,Unique tower in Milnthorpe; dedication 'S Thomas' matches 'St Thomas'
St Mary the Virgin,Ashwell,Hertfordshire,2,12848,high,,Unique tower in Ashwell; dedication 'S Mary V' matches 'St Mary the Virgin'
,Ockley,,2,10310,medium,22530,Partial dedication match for 'S Margaret' among 2 towers in town
St Dubricius,Porlock,Somerset,2,15031,high,,Unique tower in Porlock; dedication 'S Dubricius' matches 'St Dubricius'
All Saints,Burton upon Trent,Staffordshire,2,17025,high,17100;11225;15964;12886;11605;25377,Resolved dedication 'All Saints' (Burton upon Trent) among 7 towers in town
All Saints,Stone,Gloucestershire,2,13226,high,,Unique tower in Stone; dedication 'All Saints' matches 'All Saints'
The Bell Tower (Swan Bells),Perth,Western Australia,2,16028,high,12085;11687;12726,Resolved dedication 'Bell Tower' (Perth) among 4 towers in town
St Mary,Bromsberrow,Gloucestershire,2,14464,high,,Unique tower in Bromsberrow; dedication 'S Mary V' matches 'St Mary'
,Upwell,,2,12664,medium,24341,Partial dedication match for 'S Peter' among 2 towers in town
,Laverstoke,,2,13884,high,,Unique tower in Laverstoke (Hampshire); building unspecified in source
78 Nunts Park Avenue,Coventry,West Midlands,2,,none,,Private residence address (handbell ring)
Blessed Virgin Mary,Aylesbeare,Devon,2,13311,high,,Unique tower in Aylesbeare; dedication 'Blessed Virgin Mary' matches 'Blessed Virgin Mary'
All Saints,Kirby Hill,North Yorkshire,2,12091,high,,Unique tower in Kirby Hill; dedication 'All Saints' matches 'All Saints'
,Ockbrook,Derbyshire,2,11154,high,,Unique tower in Ockbrook (Derbyshire); building unspecified in source
St Paul,Kewstoke,Somerset,2,13361,high,,Unique tower in Kewstoke; dedication 'S Paul' matches 'St Paul'
SS Peter and Paul,Bishop's Hull,Somerset,2,13530,high,,Unique tower in Bishop's Hull; dedication 'S Peter & S Paul' matches 'SS Peter and Paul'
Holy Cross,Middlezoy,Somerset,2,10228,high,,Unique tower in Middlezoy; dedication 'Holy Cross' matches 'Holy Cross'
St Mary,Speen,Berkshire,2,14169,high,,Unique tower in Speen; dedication 'S Mary' matches 'St Mary'
All Saints,Hampreston,Dorset,2,16241,high,,Unique tower in Hampreston; dedication 'All Saints' matches 'All Saints'
St Mary and All Saints,Broomfield,Somerset,2,14838,high,,Unique tower in Broomfield; dedication 'S Mary & All Saints' matches 'St Mary and All Saints'
Holy Ghost,Crowcombe,Somerset,2,11877,high,,Unique tower in Crowcombe; dedication 'Holy Ghost' matches 'Holy Ghost'
Blessed Virgin Mary,Nether Stowey,Somerset,2,10626,high,,Unique tower in Nether Stowey; dedication 'Blessed Virgin Mary' matches 'Blessed Virgin Mary'
St James,Nunburnholme,East Riding of Yorkshire,2,14640,high,,Unique tower in Nunburnholme; dedication 'S James' matches 'St James'
St Peter and St Paul,Bishop's Hull,Somerset,2,13530,high,,Unique tower in Bishop's Hull; dedication 'S Peter & S Paul' matches 'St Peter and St Paul'
St Mary,Bickleigh,Devon,2,10623,high,15355,Resolved dedication 'S Mary' (Bickleigh) among 2 towers in town
St Peter,Minsterworth,Gloucestershire,2,10987,high,,Unique tower in Minsterworth; dedication 'S Peter' matches 'St Peter'
St Michael,Great Comberton,Worcestershire,2,14645,high,,Unique tower in Great Comberton; dedication 'S Michael' matches 'St Michael'
"Music Centre, Churchill College",Cambridge,Cambridgeshire,2,,none,12645;15139;16664;14964;17550;13803;13748;18933;18934;25479,"Unresolved: 'Music Centre, Churchill College' did not match any of the 27 towers in Cambridge"
St Michael,Brimpsfield,Gloucestershire,2,14059,high,,Unique tower in Brimpsfield; dedication 'S Michael' matches 'St Michael'
The Abbeyfold Ring,Tewkesbury,Gloucestershire,2,,none,15657;25268;24023,Unresolved: 'The Abbeyfold Ring' did not match any of the 3 towers in Tewkesbury
All Saints,Hough on the Hill,Lincolnshire,2,15849,high,,Unique tower in Hough on the Hill; dedication 'All Saints' matches 'All Saints'
Blessed Virgin Mary,Shapwick,Somerset,2,16190,high,,Unique tower in Shapwick; dedication 'Blessed Virgin Mary' matches 'Blessed Virgin Mary'
St Mary,Storrington,West Sussex,2,16169,high,16372,Resolved dedication 'S Mary' (Storrington) among 2 towers in town
St Mary,Shaw,Berkshire,2,11896,high,,Unique tower in Shaw; dedication 'S Mary' matches 'St Mary'
St Mary,Herriard,Hampshire,2,13093,high,,Unique tower in Herriard; dedication 'S Mary' matches 'St Mary'
St Leonard,Shirland,Derbyshire,2,11272,high,,Unique tower in Shirland; dedication 'S Leonard' matches 'St Leonard'
St Mary,Hampstead Norreys,Berkshire,2,12363,high,,Unique tower in Hampstead Norreys; dedication 'S Mary' matches 'St Mary'
St Andrew,Hasketon,Suffolk,2,16920,high,,Unique tower in Hasketon; dedication 'S Andrew' matches 'St Andrew'
The Cygnet Ring,Mount Claremont,Western Australia,2,,none,,No matching tower found for 'Mount Claremont' in Dove register
,Great Rissington,Gloucestershire,2,12663,high,,Unique tower in Great Rissington (Gloucestershire); building unspecified in source
10 Stockmore Street,Oxford,Oxfordshire,2,,none,,Private residence address (handbell ring)
,Shipley,West Sussex,2,14716,high,,Unique tower in Shipley (West Sussex); building unspecified in source
2 Rosemoor Grove,Chandler's Ford,Hampshire,2,,none,,Private residence address (handbell ring)
St Firmin,Thurlby,Lincolnshire,2,12451,high,10282,Resolved dedication 'S Firmin' (Thurlby) among 2 towers in town
Cathedral Ringing Chamber,Wellington,New Zealand,2,,none,10533;13770;16362,Unresolved: 'Cathedral Ringing Chamber' did not match any of the 3 towers in Wellington
,Brailsford,Derbyshire,2,15818,high,,Unique tower in Brailsford (Derbyshire); building unspecified in source
All Saints,Rayne,Essex,2,11091,high,,Unique tower in Rayne; dedication 'All Saints' matches 'All Saints'
St John the Baptist,Shipton Moyne,Gloucestershire,2,12636,high,,Unique tower in Shipton Moyne; dedication 'S John Bapt' matches 'St John the Baptist'
Holy Trinity,Clapham,Greater London,2,15420,high,16621;19193;19194;19195;19196;19197,Resolved dedication 'Holy Trinity' (Clapham) among 7 towers in town
The Coleridge Campanile,Walsoken,Norfolk,2,13692,medium,,"Sole ringing tower in Walsoken, but dedication 'All Saints' differs from source 'The Coleridge Campanile'"
St Mary the Virgin,Kemsing,Kent,2,15526,high,,Unique tower in Kemsing; dedication 'S Mary V' matches 'St Mary the Virgin'
The Kowhai Mini-Ring,Oamaru,New Zealand,2,,none,,No matching tower found for 'Oamaru' in Dove register
Knapps Farm Campanile,Doulting Beacon,Somerset,2,14595,medium,,"Fuzzy place match (Doulting Beacon -> Doulting, Somerset)"
SS Peter and Paul,Caistor,Lincolnshire,2,13804,high,,Unique tower in Caistor; dedication 'S Peter & S Paul' matches 'SS Peter and Paul'
St Laurence,Brafield-on-the-Green,Northamptonshire,2,16810,high,,Unique tower in Brafield on the Green; dedication 'S Laurence' matches 'St Laurence'
St Mary of the Purification,Blidworth,Nottinghamshire,2,13389,high,,Unique tower in Blidworth; dedication 'S Mary of the Purification' matches 'St Mary of the Purification'
St Mary the Blessed Virgin,Warmington,Northamptonshire,2,16066,high,,Unique tower in Warmington; dedication 'S Mary BV' matches 'St Mary the Blessed Virgin'
St Nicholas,Potterspury,Northamptonshire,2,16614,high,,Unique tower in Potterspury; dedication 'S Nicholas' matches 'St Nicholas'
St Mary the Virgin,East Haddon,Northamptonshire,2,12415,high,,Unique tower in East Haddon; dedication 'S Mary V' matches 'St Mary the Virgin'
St Mary Magdalene,Helmdon,Northamptonshire,2,15676,high,,Unique tower in Helmdon; dedication 'S Mary Magd' matches 'St Mary Magdalene'
Cowgill Grange,Cowgill,Cumbria,2,,none,,No matching tower found for 'Cowgill' in Dove register
All Saints Centre,"Norwich, Westlegate",Norfolk,2,,none,,"No matching tower found for 'Norwich, Westlegate' in Dove register"
St John the Baptist,Elmore,Gloucestershire,2,16682,high,,Unique tower in Elmore; dedication 'S John Bapt' matches 'St John the Baptist'
St Mary,"Walkley, Sheffield",S. Yorks,2,23300,high,,"Resolved via suburb/parish 'Sheffield' in town name (Sheffield, S Matthew)"
St Nicolas,Abingdon,Oxfordshire,2,10628,high,15023;17803,Resolved dedication 'S Nicolas' (Abingdon) among 3 towers in town
,Winchester,Hants,2,14349,medium,11660;11985;11942;24845;24846;24847;24854;24853;24848;24849,"Partial dedication match for 'Cath Ch of Holy Trinity, S Peter, S Paul, & S Swithun' among 15 towers in town"
All Saints,Holme on Spalding Moor,East Riding of Yorkshire,2,13821,high,,Unique tower in Holme on Spalding Moor; dedication 'All Saints' matches 'All Saints'
St Mary the Virgin,High Ongar,Essex,2,15742,high,,Unique tower in High Ongar; dedication 'S Mary V' matches 'St Mary the Virgin'
,Bourne,Lincs,2,15330,high,,Unique tower in Bourne (Lincolnshire); building unspecified in source
St James the Great,Aston Abbots,Buckinghamshire,2,12342,high,,Unique tower in Aston Abbotts; dedication 'S James Gt' matches 'St James the Great'
St John the Baptist,Sully,Vale of Glamorgan,2,11445,high,,Unique tower in Sully; dedication 'S John Bapt' matches 'St John the Baptist'
St Martin,North Nibley,Gloucestershire,2,13100,high,,Unique tower in North Nibley; dedication 'S Martin' matches 'St Martin'
St Hippolytus,St Ippolyts,Hertfordshire,2,12149,high,,Unique tower in St Ippolyts; dedication 'S Hippolytus' matches 'St Hippolytus'
St Benedict,West Hunsbury,Northamptonshire,2,10657,high,,Unique tower in West Hunsbury; dedication 'S Benedict' matches 'St Benedict'
St Peter,Ashburnham,East Sussex,2,10635,high,,Unique tower in Ashburnham; dedication 'S Peter' matches 'St Peter'
St Peter,Gamston,Nottinghamshire,2,11655,high,,Unique tower in Gamston; dedication 'S Peter' matches 'St Peter'
Holy Trinity,Chrishall,Essex,2,11621,high,,Unique tower in Chrishall; dedication 'Holy Trinity' matches 'Holy Trinity'
St Margaret of Antioch,Barley,Hertfordshire,2,12453,high,,Unique tower in Barley; dedication 'S Margaret of Antioch' matches 'St Margaret of Antioch'
St George,Monkleigh,Devon,2,11785,high,,Unique tower in Monkleigh; dedication 'S George' matches 'St George'
St Dunstan,Cranford,Middlesex,2,12431,high,,Unique tower in Cranford; dedication 'S Dunstan' matches 'St Dunstan'
24 Overstone Road,Harpenden,Hertfordshire,2,,none,,Private residence address (handbell ring)
St Peter,Arlesey,Bedfordshire,2,16001,high,,Unique tower in Arlesey; dedication 'S Peter' matches 'St Peter'
St Botolph without Bishopsgate,City of London,,2,13028,high,15228;11081;13868;12429;11914;16634;16578;10471;16020;13189,Resolved dedication 'S Botolph without Bishopsgate' (London) among 42 towers in town
SS Mary and Michael,Mistley,Essex,2,16748,high,,Unique tower in Mistley; dedication 'S Mary & S Michael' matches 'SS Mary and Michael'
42 Devon Way,Trowse,Norfolk,2,,none,,Private residence address (handbell ring)
St Mary Magdalene,Thornham Magna,Suffolk,2,10753,high,,Unique tower in Thornham Magna; dedication 'S Mary Magd' matches 'St Mary Magdalene'
Lindum,Southampton,Hants,2,,none,13796;10453;13354;11712;20881;25539;23552;25687;23549;23550,Unresolved: 'Lindum' did not match any of the 12 towers in Southampton
,Darlington,Durham,2,14923,medium,15226;16686;19559;19560,Partial dedication match for 'Holy Trinity' among 5 towers in town
,Wigston,Leics,2,,none,,No matching tower found for 'Wigston' in Dove register
St Andrew,Harlestone,Northamptonshire,2,15610,high,,Unique tower in Harlestone; dedication 'S Andrew' matches 'St Andrew'
All Saints,Little Munden,Hertfordshire,2,14651,high,,Unique tower in Little Munden; dedication 'All Saints' matches 'All Saints'
All Saints,Darton,South Yorkshire,2,10897,high,,Unique tower in Darton; dedication 'All Saints' matches 'All Saints'
,Spratton,,2,10339,high,,Unique tower in Spratton (Northamptonshire); building unspecified in source
St Mary,South Walsham,Norfolk,2,14954,high,23536,Resolved dedication 'S Mary' (South Walsham) among 2 towers in town
St Mary the Virgin,Bramshott,Hampshire,2,10870,high,,Unique tower in Bramshott; dedication 'S Mary V' matches 'St Mary the Virgin'
St Peter,Church Lawford,Warwickshire,2,14823,high,12558,Resolved dedication 'S Peter' (Church Lawford) among 2 towers in town
St Mary,Shrawley,Worcestershire,2,14534,high,,Unique tower in Shrawley; dedication 'S Mary' matches 'St Mary'
Christ Church,St Leonards on Sea,East Sussex,2,13523,high,23644;23645;23646;23647,Resolved dedication 'Christ Church' (St Leonards on Sea) among 5 towers in town
St Martin,Stamford Baron,Lincolnshire,2,12129,high,,Unique tower in Stamford Baron; dedication 'S Martin' matches 'St Martin'
St Paul,Staverton,Devon,2,17033,high,,Unique tower in Staverton; dedication 'S Paul de Leon' matches 'St Paul'
Holy Cross,Seend,Wiltshire,2,17084,high,,Unique tower in Seend; dedication 'Holy Cross' matches 'Holy Cross'
Holy Trinity,Woolfardisworthy (West),Devon,2,12076,high,,Unique tower in Woolfardisworthy (West); dedication 'Holy Trinity' matches 'Holy Trinity'
St Giles,Maisemore,Gloucestershire,2,14147,high,,Unique tower in Maisemore; dedication 'S Giles' matches 'St Giles'
St Bartholomew,Great Gransden,Cambridgeshire,2,13807,high,,Unique tower in Great Gransden; dedication 'S Bartholomew' matches 'St Bartholomew'
All Saints,King's Bromley,Staffordshire,2,16545,high,,Unique tower in King's Bromley; dedication 'All Saints' matches 'All Saints'
St Mary,Burlescombe,Devon,2,13171,high,,Unique tower in Burlescombe; dedication 'S Mary' matches 'St Mary'
Holy Trinity,Drewsteignton,Devon,2,10159,high,,Unique tower in Drewsteignton; dedication 'Holy Trinity' matches 'Holy Trinity'
St James,Ashwick,Somerset,2,14171,high,,Unique tower in Ashwick; dedication 'S James' matches 'St James'
St Giles,Great Longstone,Derbyshire,2,16437,high,,Unique tower in Great Longstone; dedication 'S Giles' matches 'St Giles'
St John Evangelist,Whitfield,Northamptonshire,2,16780,high,,Unique tower in Whitfield; dedication 'S John Ev' matches 'St John Evangelist'
Holy Trinity,Wickwar,Gloucestershire,2,12531,high,,Unique tower in Wickwar; dedication 'Holy Trinity' matches 'Holy Trinity'
St Mary,Wappenham,Northamptonshire,2,13342,high,,Unique tower in Wappenham; dedication 'S Mary' matches 'St Mary'
St Michael and All Angels,Diseworth,Leicestershire,2,12396,high,,Unique tower in Diseworth; dedication 'S Michael & All Angels' matches 'St Michael and All Angels'
All Saints,Farmborough,Somerset,2,12820,high,,Unique tower in Farmborough; dedication 'All Saints' matches 'All Saints'
Holy Cross,Pattishall,Northamptonshire,2,11238,high,,Unique tower in Pattishall; dedication 'Holy Cross' matches 'Holy Cross'
St Peter,Shirwell,Devon,2,12503,high,,Unique tower in Shirwell; dedication 'S Peter' matches 'St Peter'
St Botolph,Aspley Guise,Bedfordshire,2,10223,high,,Unique tower in Aspley Guise; dedication 'S Botolph' matches 'St Botolph'
St Michael and All Angels,Uffington,Lincolnshire,2,16849,high,,Unique tower in Uffington; dedication 'S Michael & All Angels' matches 'St Michael and All Angels'
St Kenelm,Upton Snodsbury,Worcestershire,2,16138,high,,Unique tower in Upton Snodsbury; dedication 'S Kenelm' matches 'St Kenelm'
Bovey Tracey and Falconwood,Ringing Room,,2,,none,,Virtual ringing platform or dispersed locations
St Michael and All Angels,Waddesdon,Buckinghamshire,2,16338,high,,Unique tower in Waddesdon; dedication 'S Michael & All Angels' matches 'St Michael and All Angels'
St Edmund Hall,Oxford,Oxfordshire,2,,none,14542;10172;11850;12299;11203;16203;13271;13903;10326;10578,Unresolved: 'St Edmund Hall' did not match any of the 26 towers in Oxford
,Ashwell,Herts,2,12848,high,,Unique tower in Ashwell (Hertfordshire); building unspecified in source
"Bovey Tracey, Falconwood and Acton",Ringing Room,,2,,none,,Virtual ringing platform or dispersed locations
St Martin,Fincham,Norfolk,2,16857,high,,Unique tower in Fincham; dedication 'S Martin' matches 'St Martin'
St George,Whatley,Somerset,2,12897,high,,Unique tower in Whatley; dedication 'S George' matches 'St George'
St Tudy,St Tudy,Cornwall,2,12468,high,,Unique tower in St Tudy; dedication 'S Tudy' matches 'St Tudy'
St Peter,Yaxham,Norfolk,2,11828,high,,Unique tower in Yaxham; dedication 'S Peter' matches 'St Peter'
St Leonard,Misterton,Leicestershire,2,13984,high,,Unique tower in Misterton; dedication 'S Leonard' matches 'St Leonard'
St Margaret,Paston,Norfolk,2,10031,high,,Unique tower in Paston; dedication 'S Margaret' matches 'St Margaret'
"St Mary of the Assumption, Upper Froyle",Froyle,Hampshire,2,16971,high,,"Unique tower in Froyle; dedication 'Assumption of BVM' matches 'St Mary of the Assumption, Upper Froyle'"
St Mary the Virgin,Arkesden,Essex,2,13022,high,,Unique tower in Arkesden; dedication 'S Mary V' matches 'St Mary the Virgin'
St Peter,Dyrham,Gloucestershire,2,11078,high,,Unique tower in Dyrham; dedication 'S Peter' matches 'St Peter'
St Peter,Barrowden,Rutland,2,14211,high,,Unique tower in Barrowden; dedication 'S Peter' matches 'St Peter'
,Whitestone,Devon,2,15150,high,,Unique tower in Whitestone (Devon); building unspecified in source
St Mary the Virgin,Staverton,Northamptonshire,2,16367,high,,Unique tower in Staverton; dedication 'S Mary V' matches 'St Mary the Virgin'
The Mobile Woodside Campanile,The Lincolnshire Showground,Lincolnshire,2,,none,,No matching tower found for 'The Lincolnshire Showground' in Dove register
St Mary,Great Barrington,Gloucestershire,2,15570,high,,Unique tower in Great Barrington; dedication 'S Mary' matches 'St Mary'
St Andrew,Middleton,North Yorkshire,2,15908,high,22086;22088,Resolved dedication 'S Andrew' (Middleton) among 3 towers in town
St Cuthbert,Edinburgh,Lothian,2,,none,,No matching tower found for 'Edinburgh' in Dove register
St Andrew,Cromhall,Gloucestershire,2,15905,high,,Unique tower in Cromhall; dedication 'S Andrew' matches 'St Andrew'
55 St Martin's Road,Bristol,,2,,none,,Private residence address (handbell ring)
St Peter,Netherseal,Leicestershire,2,,none,,No matching tower found for 'Netherseal' in Dove register
St Bartholomew,Holmer,Herefordshire,2,12066,high,20965,Resolved dedication 'S Bartholomew' (Holmer) among 2 towers in town
St Mary,Ston Easton,Somerset,2,10029,high,,Unique tower in Ston Easton; dedication 'Blessed Virgin Mary' matches 'St Mary'
,East Ogwell,Devon,2,12624,high,,Unique tower in East Ogwell (Devon); building unspecified in source
,Ideford,Devon,2,13103,high,,Unique tower in Ideford (Devon); building unspecified in source
,Coffinswell,Devon,2,11672,high,,Unique tower in Coffinswell (Devon); building unspecified in source
,Stokeinteignhead,Devon,2,13578,high,,Unique tower in Stokeinteignhead (Devon); building unspecified in source
,North Bovey,Devon,2,16637,high,,Unique tower in North Bovey (Devon); building unspecified in source
St Andrew,Walkerville,South Australia,2,17138,high,,Unique tower in Adelaide; dedication 'S Andrew' matches 'St Andrew'
Cathedral of St Columba,Dunkeld,Tayside,2,,none,,No matching tower found for 'Dunkeld' in Dove register
St Oswald's,Blankney,Lincolnshire,2,12203,high,,Unique tower in Blankney; dedication 'S Oswald' matches 'St Oswald's'
St David,Barton St David,Somerset,2,14424,high,,Unique tower in Barton St David; dedication 'S David' matches 'St David'
All Saints,Tilsworth,Bedfordshire,2,14730,high,,Unique tower in Tilsworth; dedication 'All Saints' matches 'All Saints'
St Leonard,Pitcombe,Somerset,2,14159,high,,Unique tower in Pitcombe; dedication 'S Leonard' matches 'St Leonard'
Christ Church,Radlett,Hertfordshire,2,15488,high,,Unique tower in Radlett; dedication 'Christ Church' matches 'Christ Church'
St Giles,Leigh on Mendip,Somerset,2,11148,high,,Unique tower in Leigh upon Mendip; dedication 'S Giles' matches 'St Giles'
St Mary,Buxhall,Suffolk,2,16316,high,,Unique tower in Buxhall; dedication 'S Mary' matches 'St Mary'
St Leonard,Shipham,Somerset,2,13574,high,,Unique tower in Shipham; dedication 'S Leonard' matches 'St Leonard'
St James the Great,Silsoe,Bedfordshire,2,13407,high,,Unique tower in Silsoe; dedication 'S James Gt' matches 'St James the Great'
Uniting Church,Bowral,New South Wales,2,13305,high,,Unique tower in Bowral; dedication 'Uniting Church' matches 'Uniting Church'
St Martin,Kingsbury Episcopi,Somerset,2,11271,high,,Unique tower in Kingsbury Episcopi; dedication 'S Martin' matches 'St Martin'
All Saints,Caddington,Bedfordshire,2,14138,high,,Unique tower in Caddington; dedication 'All Saints' matches 'All Saints'
Holy Trinity,Weston,Hertfordshire,2,15921,high,,Unique tower in Weston; dedication 'Holy Trinity' matches 'Holy Trinity'
St George and St Mary,Cockington,Devon,2,14123,high,,Unique tower in Cockington; dedication 'S George & S Mary' matches 'St George and St Mary'
St Materiana,Tintagel,Cornwall,2,12890,high,,Unique tower in Tintagel; dedication 'S Materiana' matches 'St Materiana'
St Peter and St Paul,Little Gaddesden,Hertfordshire,2,15239,high,,Unique tower in Little Gaddesden; dedication 'S Peter & S Paul' matches 'St Peter and St Paul'
St Nicholas,Hinxworth,Hertfordshire,2,15902,high,,Unique tower in Hinxworth; dedication 'S Nicholas' matches 'St Nicholas'
Holy Cross,Avening,Gloucestershire,2,13359,high,,Unique tower in Avening; dedication 'Holy Cross' matches 'Holy Cross'
The Vicarage,Great Longstone,Derbyshire,2,,none,,Private residence name (handbell ring)
St George,Anstey,Hertfordshire,2,11971,high,,Unique tower in Anstey; dedication 'S George' matches 'St George'
"Vernet-les-Bains, Oldham & Sabarat",Ringing Room,France & UK,2,,none,,Virtual ringing platform or dispersed locations
46 Byfords Road,Huntley,Gloucestershire,2,,none,,Private residence address (handbell ring)
St Andrew,Sandon,Essex,2,14287,high,,Unique tower in Sandon; dedication 'S Andrew' matches 'St Andrew'
All Saints,Brixworth,Northamptonshire,2,16626,high,,Unique tower in Brixworth; dedication 'All Saints' matches 'All Saints'
St Michael,Ilsington,Devon,2,11196,high,,Unique tower in Ilsington; dedication 'S Michael' matches 'St Michael'
St Mary,Prestwich,Greater Manchester,2,15467,high,22872;22874;20987;22873,Resolved dedication 'S Mary V' (Prestwich) among 5 towers in town
"St Katharine Cree, Leadenhall Street",City of London,,2,10471,high,15228;11081;13868;12429;13028;11914;16634;16578;16020;13189,Resolved dedication 'S Katharine Cree' (London) among 42 towers in town
"3 Copper Beeches, Milton Road",Harpenden,Hertfordshire,2,,none,,Private residence address (handbell ring)
All Saints,Sudbury,Derbyshire,2,11541,high,,Unique tower in Sudbury; dedication 'All Saints' matches 'All Saints'
All Saints,Combeinteignhead,Devon,2,11208,high,,Unique tower in Combeinteignhead; dedication 'All Saints' matches 'All Saints'
St Mary the Virgin,Send,Surrey,2,12357,high,,Unique tower in Send; dedication 'S Mary V' matches 'St Mary the Virgin'
St Nicholas,Tolleshunt D'Arcy,Essex,2,15322,high,,Unique tower in Tolleshunt D'Arcy; dedication 'S Nicholas' matches 'St Nicholas'
St Michael and All Angels,Kingsnorth,Kent,2,10377,high,,Unique tower in Kingsnorth; dedication 'S Michael & All Angels' matches 'St Michael and All Angels'
St Peter,East Carlton,Northamptonshire,2,16767,high,,Unique tower in East Carlton; dedication 'S Peter' matches 'St Peter'
All Saints,Harpole,Northamptonshire,2,10385,high,,Unique tower in Harpole; dedication 'All Saints' matches 'All Saints'
All Saints,Pitsford,Northamptonshire,2,11530,high,,Unique tower in Pitsford; dedication 'All Saints' matches 'All Saints'
St Mary,Radcliffe,Lancashire,2,13493,high,22911;22912,Resolved dedication 'S Mary' (Radcliffe) among 3 towers in town
St Stythians,Stithians,Cornwall,2,14397,high,,Unique tower in Stithians; dedication 'S Stedyana' matches 'St Stythians'
St Peter,Edensor,Derbyshire,2,14965,high,,Unique tower in Edensor; dedication 'S Peter' matches 'St Peter'
St Andrew,Yardley Hastings,Northamptonshire,2,13252,high,,Unique tower in Yardley Hastings; dedication 'S Andrew' matches 'St Andrew'
St Mary the Virgin,Kempsey,Worcestershire,2,10712,high,,Unique tower in Kempsey; dedication 'S Mary V' matches 'St Mary the Virgin'
Holy Cross,Morton,Derbyshire,2,12528,high,,Unique tower in Morton; dedication 'Holy Cross' matches 'Holy Cross'
,Harston,Cambs,2,11244,high,,Unique tower in Harston (Cambridgeshire); building unspecified in source
,Collingbourne Kingston,,2,11964,high,,Unique tower in Collingbourne Kingston (Wiltshire); building unspecified in source
St Mary the Virgin,Lytchett Matravers,Dorset,2,14010,high,,Unique tower in Lytchett Matravers; dedication 'S Mary V' matches 'St Mary the Virgin'
St Peter,Isham,Northamptonshire,2,10292,high,,Unique tower in Isham; dedication 'S Peter' matches 'St Peter'
St Werburgh,Blackwell,Derbyshire,2,12086,high,,Unique tower in Blackwell; dedication 'S Werburgh' matches 'St Werburgh'
St Wystan,Repton,Derbyshire,2,15421,high,,Unique tower in Repton; dedication 'S Wystan' matches 'St Wystan'
St Mary’s,Norton Cuckney,Nottinghamshire,2,11412,high,,Unique tower in Cuckney; dedication 'S Mary' matches 'St Mary’s'
St Mary,Graveley,,2,11656,high,13198,Resolved dedication 'S Mary' (Graveley) among 2 towers in town
,Cuddington,,2,14131,medium,25716,Partial dedication match for 'S Nicholas' among 2 towers in town
"Colchester, Norwich & Great Hockham",Ringing Room,,2,,none,,Virtual ringing platform or dispersed locations
St Marychurch,Torquay,Devon,2,24178,medium,24177;24179;16112;14123;15054;10488;24180;19098;26006;24181,Partial dedication match for 'S Luke' among 14 towers in town
St Nicholas,Great Hormead,Hertfordshire,2,14200,high,,Unique tower in Great Hormead; dedication 'S Nicholas' matches 'St Nicholas'
St John the Baptist,Aldbury,Hertfordshire,2,17145,high,,Unique tower in Aldbury; dedication 'S John Bapt' matches 'St John the Baptist'
All Saints',Coddington,Nottinghamshire,2,11794,high,,Unique tower in Coddington; dedication 'All Saints' matches 'All Saints''
St Mary,Brent Pelham,Hertfordshire,2,14474,high,,Unique tower in Brent Pelham; dedication 'S Mary' matches 'St Mary'
St Catherine,The Leigh,Gloucestershire,2,13390,high,,"Unique tower in Leigh, The; dedication 'S Catherine' matches 'St Catherine'"
St Swithun,Hempsted,Gloucestershire,2,11616,high,,Unique tower in Hempsted; dedication 'S Swithun' matches 'St Swithun'
St Mary the Virgin,Weston Turville,Buckinghamshire,2,12548,high,,Unique tower in Weston Turville; dedication 'S Mary V' matches 'St Mary the Virgin'
Holy Trinity,Bosham,West Sussex,2,10960,high,,Unique tower in Bosham; dedication 'Holy Trinity' matches 'Holy Trinity'
Wesleyan Chapel,Castlereagh,New South Wales,2,13900,high,,Unique tower in Castlereagh; dedication 'Wesleyan Chapel' matches 'Wesleyan Chapel'
St Mary the Virgin,Ashford,Kent,2,15743,high,17968,Resolved dedication 'S Mary V' (Ashford) among 2 towers in town
The Channel Islands Ringing Centre,Alderney,Alderney,2,13059,high,10322,Resolved dedication 'Channel Islands' Ringing Centre' (St Anne) among 2 towers in town
St Mary the Virgin,Lynton,Devon,2,15893,high,,Unique tower in Lynton; dedication 'S Mary V' matches 'St Mary the Virgin'
St Nectan,Welcombe,Devon,2,11740,high,,Unique tower in Welcombe; dedication 'S Nectan' matches 'St Nectan'
United Reformed Church,Saltaire,West Yorkshire,2,10472,high,,Unique tower in Saltaire; dedication 'United Reformed Ch' matches 'United Reformed Church'
St Aelhaiarn,Guilsfield,Powys,2,12758,high,,Unique tower in Guilsfield; dedication 'S Aelhaiarn' matches 'St Aelhaiarn'
The Cygnet Ring,Hilton,Western Australia,2,,none,,No matching tower found for 'Hilton' in Dove register
St Thomas a Becket,Chapel en le Frith,Derbyshire,2,10752,high,,Unique tower in Chapel en le Frith; dedication 'S Thomas a Becket' matches 'St Thomas a Becket'
All Hallows,Kirkburton,West Yorkshire,2,10093,high,,Unique tower in Kirkburton; dedication 'All Hallows' matches 'All Hallows'
All Saints,Selworthy,Somerset,2,12412,high,23263,Resolved dedication 'All Saints' (Selworthy) among 2 towers in town
St John the Baptist,Cranford St John,Northamptonshire,2,14655,high,,Unique tower in Cranford St John; dedication 'S John Bapt' matches 'St John the Baptist'
All Saints,Wath upon Dearne,South Yorkshire,2,13601,high,,Unique tower in Wath upon Dearne; dedication 'All Saints' matches 'All Saints'
St Lawrence,Gnosall,Staffordshire,2,11071,high,,Unique tower in Gnosall; dedication 'S Lawrence' matches 'St Lawrence'
St Werburgh,Kingsley,Staffordshire,2,16714,high,,Unique tower in Kingsley; dedication 'S Werburgh' matches 'St Werburgh'
St Mary,Belstone,Devon,2,13074,high,,Unique tower in Belstone; dedication 'S Mary' matches 'St Mary'
St James Greater,Oaks in Charnwood,Leicestershire,2,11164,high,,Unique tower in Oaks in Charnwood; dedication 'S James Greater' matches 'St James Greater'
St Margaret,Ridge,Hertfordshire,2,13489,high,,Unique tower in Ridge; dedication 'S Margaret' matches 'St Margaret'
,Easton,,2,11443,medium,13431;17257;19852;22833;19853,Partial dedication match for 'S Mary' among 6 towers in town
St Mary,Leigh,Kent,2,15704,high,,Unique tower in Leigh; dedication 'S Mary' matches 'St Mary'
SS Peter and Paul,Cosgrove,Northamptonshire,2,16740,high,,Unique tower in Cosgrove; dedication 'S Peter & S Paul' matches 'SS Peter and Paul'
,Ringing Room,"UK, USA and Switzerland",2,,none,,Virtual ringing platform or dispersed locations
All Saints,Deane,Hampshire,2,11126,high,,Unique tower in Deane; dedication 'All Saints' matches 'All Saints'
St Mary the Virgin,Potton,Bedfordshire,2,16529,high,,Unique tower in Potton; dedication 'S Mary V' matches 'St Mary the Virgin'
,Deane,Hants,2,11126,high,,Unique tower in Deane (Hampshire); building unspecified in source
St Mary the Virgin,Brighstone,Isle of Wight,2,12827,high,,Unique tower in Brighstone; dedication 'S Mary V' matches 'St Mary the Virgin'
All Saints,Daresbury,Cheshire,2,13254,high,,Unique tower in Daresbury; dedication 'All Saints' matches 'All Saints'
The Last Tower,Tulloch,Highland,2,15856,high,10120,Resolved dedication 'The Last Tower' (Tulloch) among 2 towers in town
St Edburgha,"Birmingham, Yardley",West Midlands,2,14504,high,,"Resolved via suburb/parish 'Yardley' in town name (Yardley, S Edburgha)"
St Mary the Virgin,Gateshead,Durham,2,,none,20279;20280;20281;18273,Unresolved: 'St Mary the Virgin' did not match any of the 4 towers in Gateshead
"16 King Edward Street, Roseville.",Sydney,"New South Wales, Australia",2,,none,,Private residence address (handbell ring)
Metropolitan Cathedral Church of St Chad,Birmingham,West Midlands,2,13032,high,15513;14891;12955;25526;25540;25808,Resolved dedication 'Metropolitan Cath Ch of S Chad' (Birmingham) among 7 towers in town
St Michael and All Angels,Milverton,Somerset,2,15344,high,,Unique tower in Milverton; dedication 'S Michael' matches 'St Michael and All Angels'
All Saints,Crondall,Hampshire,2,12140,high,,Unique tower in Crondall; dedication 'All Saints' matches 'All Saints'
St Cybi,Llangybi,Monmouthshire,2,12355,high,,Unique tower in Llangybi; dedication 'S Cybi' matches 'St Cybi'
St John the Baptist,Hagley,Worcestershire,2,13672,high,,Unique tower in Hagley; dedication 'S John Bapt' matches 'St John the Baptist'
St Nicholas,North Bradley,Wiltshire,2,11723,high,,Unique tower in North Bradley; dedication 'S Nicholas' matches 'St Nicholas'
St Giles,Norwich,Norfolk,2,15574,high,13262;10164;14724;13293;15668;15623;11970;10466;22493;25547,Resolved dedication 'S Giles' (Norwich) among 20 towers in town
St Michael,Boldmere,West Midlands,2,14893,high,,Unique tower in Boldmere; dedication 'S Michael' matches 'St Michael'
Little Orchard Tower,East Huntspill,Somerset,2,17459,high,19799,Resolved dedication 'Little Orchard Tower' (East Huntspill) among 2 towers in town
St Michael,Aldbourne,,2,16642,high,,Unique tower in Aldbourne; dedication 'S Michael' matches 'St Michael'
All Saints,Banstead,Surrey,2,17086,high,,Unique tower in Banstead; dedication 'All Saints' matches 'All Saints'
St Martin,Bryanston,Dorset,2,16497,high,,Unique tower in Bryanston; dedication 'S Martin' matches 'St Martin'
SS Peter & Paul,Kimpton,Hertfordshire,2,10097,high,,Unique tower in Kimpton; dedication 'S Peter & S Paul' matches 'SS Peter & Paul'
St Dunstan-in-the-West,City of London,,2,11914,high,15228;11081;13868;12429;13028;16634;16578;10471;16020;13189,Resolved dedication 'S Dunstan-in-the-West' (London) among 42 towers in town
Cathedral Church of Christ and the Blessed Virgin Mary,Rochester,Kent,2,16583,high,15454;23038,Resolved dedication 'Cath Ch of Christ & BVM' (Rochester) among 3 towers in town
All Saints,Corston,Somerset,2,14309,high,,Unique tower in Corston; dedication 'All Saints' matches 'All Saints'
St Lawrence,Alvechurch,Worcestershire,2,15221,high,,Unique tower in Alvechurch; dedication 'S Lawrence' matches 'St Lawrence'
Cathedral Church of St Woolos,Newport,Newport,2,10583,high,,Unique tower in Newport; dedication 'Cath Ch of S Woolos' matches 'Cathedral Church of St Woolos'
St John,Hackney,Middlesex,2,16961,high,,Unique tower in Hackney; dedication 'S John at Hackney' matches 'St John'
St Edward,Knighton,Powys,2,10474,high,,Unique tower in Knighton; dedication 'S Edward' matches 'St Edward'
,Ding,England,2,,none,,Virtual ringing platform or dispersed locations
St Mary's Cathedral Belfry,Sydney,New South Wales,2,15468,high,16969;13849;14777;13677;11518;10621;12983;13900;11755;16839,Resolved dedication 'Cath Ch of S Mary' (Sydney) among 20 towers in town
"26, Wilsthorpe Road",Breaston,Derbyshire,2,,none,,Private residence name (handbell ring)
St Peter,Alton,Staffordshire,2,14384,high,,Unique tower in Alton; dedication 'S Peter' matches 'St Peter'
Calvary United Methodist Church,"Frederick, Maryland",,2,11424,high,,"Fuzzy place match (Frederick, Maryland -> Frederick, Maryland)"
All Saints,Helmsley,North Yorkshire,2,13629,high,,Unique tower in Helmsley; dedication 'All Saints' matches 'All Saints'
St Ystyffan,Llansteffan,Carmarthenshire,2,11097,high,,Unique tower in Llansteffan; dedication 'S Ystyffan' matches 'St Ystyffan'
All Saints,Bristol,Bristol,2,10331,high,10300;15455;14342;11615;14422;12166;15180;12993;12039;16354,Resolved dedication 'All Saints' (Bristol) among 17 towers in town
5 Lune Way,Reddish,Cheshire,2,,none,,Private residence address (handbell ring)
Spen Lane,Leeds,West Yorkshire,2,,none,,Private residence name (handbell ring)
,Aston,,2,15118,medium,12884;11818;10927;18016;18015;18017,Partial dedication match for 'S Mary' among 7 towers in town
St Mary,Reading,Berkshire,2,16674,high,16811;10597;22958;22959;22960;17427;25652;25109;22962;22963,Resolved dedication 'Minster Ch of S Mary V' (Reading) among 13 towers in town
,Caversham,,2,15422,medium,25642;25630,Partial dedication match for 'S Peter' among 3 towers in town
The Vicarage,Surfleet,Lincolnshire,2,,none,,Private residence name (handbell ring)
St John the Baptist,Kirkheaton,West Yorkshire,2,12530,high,,Unique tower in Kirkheaton; dedication 'S John Bapt' matches 'St John the Baptist'
St Mary,Huntingdon,Cambridgeshire,2,16387,high,10153,Resolved dedication 'S Mary' (Huntingdon) among 2 towers in town
,Dartford,,2,16136,medium,19561,Partial dedication match for 'Holy Trinity' among 2 towers in town
,Kings Langley,,2,16532,high,,Unique tower in Kings Langley (Hertfordshire); building unspecified in source
"50, Rudolph Road",Bushey,Hertfordshire,2,,none,,Private residence name (handbell ring)
,Bilston,,2,11005,medium,25761;18350,Partial dedication match for 'S Leonard' among 3 towers in town
16 Godesdone Road,Cambridge,Cambridgeshire,2,,none,,Private residence address (handbell ring)
St Giles RC,Cheadle,,2,12251,high,10171;16202;19087,Resolved dedication 'S Giles' (Cheadle) among 4 towers in town
,Uttoxeter,,2,15255,high,,Unique tower in Uttoxeter (Staffordshire); building unspecified in source
St James,Christleton,Cheshire,2,14126,high,,Unique tower in Christleton; dedication 'S James' matches 'St James'
St Mary,Liscard,Wirral,2,,none,,No matching tower found for 'Liscard' in Dove register
St Giles,Norwich,,2,15574,high,13262;10164;14724;13293;15668;15623;11970;10466;22493;25547,Resolved dedication 'S Giles' (Norwich) among 20 towers in town
,Gosforth,,2,12171,medium,20366;20367,Partial dedication match for 'All Saints' among 3 towers in town
St Mary the Virgin,Radwinter,Essex,2,11679,high,,Unique tower in Radwinter; dedication 'S Mary V' matches 'St Mary the Virgin'
,Daresbury,,2,13254,high,,Unique tower in Daresbury (Cheshire); building unspecified in source
,Wem,,2,11491,high,,Unique tower in Wem (Shropshire); building unspecified in source
St James,Avebury,Wiltshire,2,14799,high,,Unique tower in Avebury; dedication 'S James' matches 'St James'
"St Michael and All Angels, Coslany",Norwich,Norfolk,2,15623,high,13262;10164;14724;13293;15574;15668;11970;10466;22493;25547,Resolved dedication 'S Michael & All Angels' (Norwich) among 20 towers in town
St Mary,Willesden,MIddlesex,2,14613,high,24812;24813,Resolved dedication 'S Mary' (Willesden) among 3 towers in town
St Mary,Staines upon Thames,Middlesex,2,,none,,No matching tower found for 'Staines upon Thames' in Dove register
St Mary the Virgin,Clifford,Herefordshire,2,16406,high,,Unique tower in Clifford; dedication 'S Mary V' matches 'St Mary the Virgin'
,Great Holland,,2,14657,high,,Unique tower in Great Holland (Essex); building unspecified in source
,Deptford,,2,12533,medium,19603;19604;16313,Partial dedication match for 'S John' among 4 towers in town
St Peter,Goldhanger,Essex,2,15283,high,,Unique tower in Goldhanger; dedication 'S Peter' matches 'St Peter'
St Saviour,Coalpit Heath,Gloucestershire,2,15724,high,,Unique tower in Coalpit Heath; dedication 'S Saviour' matches 'St Saviour'
St John the Evangelist,Alloa,Clackmannanshire,2,11838,high,,Unique tower in Alloa; dedication 'S John Ev' matches 'St John the Evangelist'
50 Needham Drive,Cranage,,2,,none,,Private residence address (handbell ring)
St John the Baptist,Enderby,Leicestershire,2,15254,high,,Unique tower in Enderby; dedication 'S John Bapt' matches 'St John the Baptist'
Cathedral Church of St Marie (RC),Sheffield,South Yorkshire,2,10439,high,13787;23300;22121,Resolved dedication 'Cath Ch of S Marie' (Sheffield) among 4 towers in town
,Harpenden,,2,15119,medium,20650;20651,Partial dedication match for 'S Nicholas' among 3 towers in town
St Peter and St Paul,Ospringe,Kent,2,16263,high,,Unique tower in Ospringe; dedication 'S Peter & S Paul' matches 'St Peter and St Paul'
St Peter,Prestbury,Cheshire,2,16364,high,,Unique tower in Prestbury; dedication 'S Peter' matches 'St Peter'
St Mary,Chiddingstone,Kent,2,11135,high,,Unique tower in Chiddingstone; dedication 'S Mary' matches 'St Mary'
Holy Cross,Felsted,Essex,2,11414,high,,Unique tower in Felsted; dedication 'Holy Cross' matches 'Holy Cross'
"Christ Church, Old North",Boston,Massachusetts,2,12291,high,11198,Resolved dedication 'Christ Church' (Boston) among 2 towers in town
St Mary,Weldon,Northamptonshire,2,15750,high,,Unique tower in Weldon; dedication 'S Mary' matches 'St Mary'
St John the Evangelist,Bournemouth,Dorset,2,15520,high,13734;10742;18530;18532;18540;18533;18535;18537;18538;18539,Resolved dedication 'S John Ev' (Bournemouth) among 20 towers in town
All Saints,Marsham,Norfolk,2,13590,high,,Unique tower in Marsham; dedication 'All Saints' matches 'All Saints'
St Giles,Whittington,Staffordshire,2,11804,high,,Unique tower in Whittington; dedication 'S Giles' matches 'St Giles'
,Babbacombe,,2,16112,high,,Unique tower in Babbacombe (Devon); building unspecified in source
St Peter and St Mary,Stowmarket,Suffolk,2,10131,high,,Unique tower in Stowmarket; dedication 'S Peter & S Mary' matches 'St Peter and St Mary'
,Moorside,,2,15726,high,,Unique tower in Oldham (Greater Manchester); building unspecified in source
Holy Trinity,Cuckfield,West Sussex,2,11100,high,,Unique tower in Cuckfield; dedication 'Holy Trinity' matches 'Holy Trinity'
,Offton,,2,13140,high,,Unique tower in Offton (Suffolk); building unspecified in source
"Vernet-les-Bains, Oldham, Norwich & Great Hockham",Ringing Room,UK & France,2,,none,,Virtual ringing platform or dispersed locations
"St Barnabas, Penny Lane, Mossley Hill",Liverpool,Merseyside,2,11800,high,13402;10744;13309;11694;25529;25564;13925;14155;14177;12572,Resolved dedication 'S Barnabas' (Mossley Hill) among 15 towers in town
,Much Hadham,,2,14194,high,,Unique tower in Much Hadham (Hertfordshire); building unspecified in source
St John at Hackney,Hackney,Greater London,2,16961,high,,Unique tower in Hackney; dedication 'S John at Hackney' matches 'St John at Hackney'
,Culcheth (Newchurch),Cheshire,2,16197,high,,Unique tower in Culcheth (Newchurch) (Cheshire); building unspecified in source
St Mary,Rolleston on Dove,Staffordshire,2,14612,high,,Unique tower in Rolleston on Dove; dedication 'S Mary' matches 'St Mary'
St Margaret,Wolstanton,Staffordshire,2,15506,high,,Unique tower in Wolstanton; dedication 'S Margaret' matches 'St Margaret'
,Thorner,,2,12249,high,,Unique tower in Thorner (West Yorkshire); building unspecified in source
St James Gt,Norton Canes,Staffordshire,2,12109,high,,Unique tower in Norton Canes; dedication 'S James' matches 'St James Gt'
St Katharine,Irchester,Northamptonshire,2,13551,high,,Unique tower in Irchester; dedication 'S Katharine' matches 'St Katharine'
Holy Trinity,Skipton in Craven,North Yorkshire,2,13655,high,,Unique tower in Skipton in Craven; dedication 'Holy Trinity' matches 'Holy Trinity'
St Mary,Todmorden,West Yorkshire,2,16893,high,17066;12829,Resolved dedication 'S Mary' (Todmorden) among 3 towers in town
St John the Baptist,Weston-super-Mare,North Somerset,2,12821,high,24672;24673;24674;24675;24676;12495,Resolved dedication 'S John Bapt' (Weston super Mare) among 7 towers in town
,Wetherby,,2,14249,high,,Unique tower in Wetherby (West Yorkshire); building unspecified in source
St Mary-the-Virgin,Burton Latimer,Northamptonshire,2,12365,high,,Unique tower in Burton Latimer; dedication 'S Mary V' matches 'St Mary-the-Virgin'
All Saints,Sedgley,West Midlands,2,13370,high,,Unique tower in Sedgley; dedication 'All Saints' matches 'All Saints'
St Andrew,Netherton,West Midlands,2,15501,high,,Unique tower in Netherton; dedication 'S Andrew' matches 'St Andrew'
St John of Beverley,Whatton in the Vale,Nottinghamshire,2,10882,high,,Unique tower in Whatton in the Vale; dedication 'S John of Beverley' matches 'St John of Beverley'
St Michael and St Mary Magdalene,Easthampstead,Berkshire,2,16428,high,,Unique tower in Easthampstead; dedication 'S Michael & S Mary Magd' matches 'St Michael and St Mary Magdalene'
St John-the-Baptist,Windsor,,2,15169,high,12504;25639;24863,Resolved dedication 'S John Bapt' (Windsor) among 4 towers in town
Advent,Boston,,2,11198,high,15592;12291;18510;18509;18511,Resolved dedication 'The Advent' (Boston) among 6 towers in town
St Mary the Virgin,Bottesford,Leicestershire,2,14195,high,,Unique tower in Bottesford; dedication 'S Mary V' matches 'St Mary the Virgin'
St Andrew,Kirton in Lindsey,Lincolnshire,2,13723,high,,Unique tower in Kirton in Lindsey; dedication 'S Andrew' matches 'St Andrew'
St Botolph,Chevening,Kent,2,15821,high,,Unique tower in Chevening; dedication 'S Botolph' matches 'St Botolph'
St Leonard,Wortley,South Yorkshire,2,10313,high,25023,Resolved dedication 'S Leonard' (Wortley) among 2 towers in town
St Mary,Penwortham,Lancashire,2,11158,high,22731,Resolved dedication 'S Mary' (Penwortham) among 2 towers in town
St Peter,Church Langton,Leicestershire,2,10201,high,,Unique tower in Church Langton; dedication 'S Peter' matches 'St Peter'
All Hallows,Almondbury,West Yorkshire,2,13733,high,17888,Resolved dedication 'All Hallows' (Almondbury) among 2 towers in town
SS Peter and Paul,Wingrave,Buckinghamshire,2,11352,high,,Unique tower in Wingrave; dedication 'S Peter & S Paul' matches 'SS Peter and Paul'
St James,Chipping Campden,Gloucestershire,2,13513,high,,Unique tower in Chipping Campden; dedication 'S James' matches 'St James'
St James the Great,Birstall,Leicestershire,2,16453,high,,Unique tower in Birstall; dedication 'S James Gt' matches 'St James the Great'
St Matthew,Harwell,Oxfordshire,2,13755,high,,Unique tower in Harwell; dedication 'S Matthew' matches 'St Matthew'
St Wilfrid,Kirkby in Ashfield,Nottinghamshire,2,13587,high,21364,Resolved dedication 'S Wilfrid' (Kirkby in Ashfield) among 2 towers in town
St Laurence,Surfleet,Lincolnshire,2,14910,high,,Unique tower in Surfleet; dedication 'S Laurence' matches 'St Laurence'
St Mary,Radcliffe on Trent,Nottinghamshire,2,13814,high,,Unique tower in Radcliffe on Trent; dedication 'S Mary' matches 'St Mary'
St James,Hemingford Grey,Cambridgeshire,2,12009,high,,Unique tower in Hemingford Grey; dedication 'S James' matches 'St James'
St John the Baptist,Yarkhill,Herefordshire,2,10512,high,,Unique tower in Yarkhill; dedication 'S John Bapt' matches 'St John the Baptist'
All Saints,Ilkley,West Yorkshire,2,16588,high,21163,Resolved dedication 'All Saints' (Ilkley) among 2 towers in town
St James,Menangle,New South Wales,2,13982,high,,Unique tower in Menangle; dedication 'S James' matches 'St James'
St John the Evangelist,Wicken,Northamptonshire,2,12991,high,,Unique tower in Wicken; dedication 'S John Ev' matches 'St John the Evangelist'
St Mary,Ely,Cambridgeshire,2,12859,high,19958;19957,Resolved dedication 'S Mary' (Ely) among 3 towers in town
St Matthew,Northowram,West Yorkshire,2,16999,high,,Unique tower in Northowram; dedication 'S Matthew' matches 'St Matthew'
St Andrew,Holt,Norfolk,2,11756,high,,Unique tower in Holt; dedication 'S Andrew' matches 'St Andrew'
Kalamazoo College,Kalamazoo,,2,11102,high,,Unique tower in Kalamazoo; dedication 'Stetson Chapel' matches 'Kalamazoo College'
Guy's Hospital,Southwark,Surrey,2,,none,,No matching tower found for 'Southwark' in Dove register
,Marylebone,Middx,2,22014,medium,22013;22012;22007;22011;22015;22010;22008;22016;22009;25543,Partial dedication match for 'All Saints' among 11 towers in town
,Enderby,,2,15254,high,,Unique tower in Enderby (Leicestershire); building unspecified in source
Old Post Office,Washington,,2,15305,high,14848;14820;24462,Resolved dedication 'Old Post Office Tower' (Washington) among 4 towers in town
,Elveden,,2,11570,high,,Unique tower in Elveden (Suffolk); building unspecified in source
Lincoln College,Oxford,Oxfordshire,2,12299,high,14542;10172;11850;11203;16203;13271;13903;10326;10578;14239,Resolved dedication 'Lincoln College' (Oxford) among 26 towers in town
St James Apostle,Bushey,Hertfordshire,2,13627,high,18871,Resolved dedication 'S James' (Bushey) among 2 towers in town
,Scofton-with-Osberton,,2,14610,high,,"Fuzzy place match (Scofton-with-Osberton -> Scofton, Nottinghamshire)"
Christ Church,Southport,Merseyside,2,10014,high,12232;23568;23569;23570,Resolved dedication 'Christ Church' (Southport) among 5 towers in town
,Bodicote,,2,14961,high,,Unique tower in Bodicote (Oxfordshire); building unspecified in source
21 Fladbury Crescent,Selly Oak,West Midlands,2,,none,,Private residence address (handbell ring)
St Mary,Rawmarsh,South Yorkshire,2,12811,high,,Unique tower in Rawmarsh; dedication 'S Mary' matches 'St Mary'
St Andrew,Keighley,West Yorkshire,2,12061,high,,Unique tower in Keighley; dedication 'S Andrew' matches 'St Andrew'
Former Church of St Peter,Peterstone Wentloog,Newport,2,13377,high,,Unique tower in Peterstone Wentloog; dedication 'former ch of S Peter' matches 'Former Church of St Peter'
St Mary Magdalene,Bolney,West Sussex,2,15393,high,,Unique tower in Bolney; dedication 'S Mary Magd' matches 'St Mary Magdalene'
All Saints,Hessle,East Yorkshire,2,,none,,No matching tower found for 'Hessle' in Dove register
55d Cologne Road,Clapham,Surrey,2,,none,,Private residence address (handbell ring)
St Mary,Lifton,Devon,2,12537,high,,Unique tower in Lifton; dedication 'S Mary' matches 'St Mary'
"Compton Gifford, Emmanuel",Plymouth,Devon,2,,none,15940;22798;22799;22800;22801,"Unresolved: 'Compton Gifford, Emmanuel' did not match any of the 5 towers in Plymouth"
St Edburg,Bicester,Oxfordshire,2,11528,high,,Unique tower in Bicester; dedication 'S Edburg' matches 'St Edburg'
,Lambourn,,2,14437,high,,Unique tower in Lambourn (Berkshire); building unspecified in source
St John the Baptist,Tideswell,Derbyshire,2,16875,high,,Unique tower in Tideswell; dedication 'S John Bapt' matches 'St John the Baptist'
St Mary,Felmersham,Bedfordshire,2,16293,high,,Unique tower in Felmersham; dedication 'S Mary' matches 'St Mary'
St Mary,Kingswinford,,2,16378,high,,Unique tower in Kingswinford; dedication 'S Mary' matches 'St Mary'
"52, Burrows Road",Kensal Green,Middlesex,2,,none,,Private residence name (handbell ring)
St Peter,Huddersfield,,2,10804,high,21088;21089;21090,Resolved dedication 'S Peter' (Huddersfield) among 4 towers in town
St Anne's Cathedral (R C),Leeds,West Yorkshire,2,11425,high,15978;13165;21524;21525;21526;21527;21531;25533;10218;14977,Resolved dedication 'Cath Ch of S Anne' (Leeds) among 27 towers in town
,Stoney Stanton,,2,14037,high,,Unique tower in Stoney Stanton (Leicestershire); building unspecified in source
St Olave,City of London,Hart Street,2,,none,,No matching tower found for 'City of London' in Dove register
,Wimbledon,,2,11453,medium,24838;24839,Partial dedication match for 'S Mary' among 3 towers in town
,Lymington,,2,12765,medium,25683,Partial dedication match for 'S Thomas Ap' among 2 towers in town
St Andrew,Uxbridge,Greater London,2,12550,high,14402,Resolved dedication 'S Andrew' (Uxbridge) among 2 towers in town
All Saints,Otley,West Yorkshire,2,13758,high,,Unique tower in Otley; dedication 'All Saints' matches 'All Saints'
,Oadby,,2,10602,medium,22517,Partial dedication match for 'S Peter' among 2 towers in town
St James,Marietta,"Georgia, United States of America",2,14694,high,,Unique tower in Marietta; dedication 'S James' matches 'St James'
,Sowerby,,2,14448,high,,Unique tower in Sowerby (West Yorkshire); building unspecified in source
,Withycombe Raleigh,,2,16183,medium,24899;21079,Partial dedication match for 'S John Ev' among 3 towers in town
St Laurence,Chorley,Lancashire,2,12122,high,14921;19173;19174;19175,Resolved dedication 'S Laurence' (Chorley) among 5 towers in town
,Oxenhope,,2,11937,high,,Unique tower in Oxenhope (West Yorkshire); building unspecified in source
,New Alresford,,2,25153,medium,15518,Partial dedication match for 'nan' among 2 towers in town
St James,Thrapston,Northamptonshire,2,12688,high,,Unique tower in Thrapston; dedication 'S James' matches 'St James'
,Cubitt Town,,2,,none,,No matching tower found for 'Cubitt Town' in Dove register
St Beuno,Berriew,Powys,2,12215,high,,Unique tower in Berriew; dedication 'S Beuno' matches 'St Beuno'
Holy Trinity,Much Wenlock,Shropshire,2,14040,high,,Unique tower in Much Wenlock; dedication 'Holy Trinity' matches 'Holy Trinity'
"19 The Green, Romanby",Northallerton,North Yorkshire,2,,none,,Private residence address (handbell ring)
,Kimpton,,2,10097,medium,21307,Partial dedication match for 'S Peter & S Paul' among 2 towers in town
St Mary,Market Drayton,Shropshire,2,12374,high,,Unique tower in Market Drayton; dedication 'S Mary' matches 'St Mary'
,Congresbury,,2,10693,high,,Unique tower in Congresbury (Somerset); building unspecified in source
,Overseale,,2,,none,,No matching tower found for 'Overseale' in Dove register
Blessed Virgin Mary,Yatton,Somerset,2,13073,high,,Unique tower in Yatton; dedication 'S Mary V' matches 'Blessed Virgin Mary'
St Mary,Portsmouth,,2,16279,high,13220;25238;17042;25536,Resolved dedication 'S Mary' (Portsmouth) among 5 towers in town
St Mary,Putney,Greater London,2,12162,high,22893;22894,Resolved dedication 'S Mary' (Putney) among 3 towers in town
St Mary the Virgin,Reading,Berkshire,2,16674,high,16811;10597;22958;22959;22960;17427;25652;25109;22962;22963,Resolved dedication 'Minster Ch of S Mary V' (Reading) among 13 towers in town
St Margaret,Littleham,Devon,2,15338,high,15227,Resolved dedication 'S Margaret' (Littleham) among 2 towers in town
,Cattistock,,2,12314,high,,Unique tower in Cattistock (Dorset); building unspecified in source
,Burford,,2,14981,medium,17485,Partial dedication match for 'S John Bapt' among 2 towers in town
St Peter,Tawstock,Devon,2,11949,high,,Unique tower in Tawstock; dedication 'S Peter' matches 'St Peter'
All Saints,Northampton,Northamptonshire,2,12689,high,13195;13785;15709;22461;22462;22463;17615;22465;12544;15899,Resolved dedication 'All Saints' (Northampton) among 15 towers in town
,Kibworth,,2,14116,high,,"Fuzzy place match (Kibworth -> Kibworth Beauchamp, Leicestershire)"
St Mary,Balderstone,Greater Manchester,2,13120,high,18078,Resolved dedication 'S Mary' (Balderstone) among 2 towers in town
,Newbold-on-Avon,,2,13231,high,,Unique tower in Newbold on Avon (Warwickshire); building unspecified in source
St John Bapt,Newcastle Upon Tyne,Tyne & Wear,2,,none,,No matching tower found for 'Newcastle Upon Tyne' in Dove register
St Augustine,West Monkton,Somerset,2,10596,high,,Unique tower in West Monkton; dedication 'S Augustine' matches 'St Augustine'
Civic Centre,Rockingham,Western Australia,2,12984,high,,Unique tower in Rockingham; dedication 'Civic Centre' matches 'Civic Centre'
,Ickleton,,2,15773,high,,Unique tower in Ickleton (Cambridgeshire); building unspecified in source
The Residence of Mr H J Mee,Sproughton,Suffolk,2,12907,medium,,"Sole ringing tower in Sproughton, but dedication 'All Saints' differs from source 'The Residence of Mr H J Mee'"
Minet House,Whitechapel,Middx,2,,none,,Private residence name (handbell ring)
St Mary,Eastwood,Nottinghamshire,2,13211,high,,Unique tower in Eastwood; dedication 'S Mary' matches 'St Mary'
,Thrapston,,2,12688,high,,Unique tower in Thrapston (Northamptonshire); building unspecified in source
St John Bapt.,Newcastle-upon-Tyne,,2,12945,high,10887;10353;25928;17782;22337;22343,Resolved dedication 'S John Bapt' (Newcastle upon Tyne) among 7 towers in town
,Jesmond,,2,14507,medium,21222;21223;22340,Partial dedication match for 'S George' among 4 towers in town
,Ringwood,,2,16719,high,,Unique tower in Ringwood (Hampshire); building unspecified in source
,Sedgley,,2,13370,high,,Unique tower in Sedgley (West Midlands); building unspecified in source
St Andrew,Kirk Ella,East Riding of Yorkshire,2,15090,high,,Unique tower in Kirk Ella; dedication 'S Andrew' matches 'St Andrew'
All Saints,Market Weighton,East Riding of Yorkshire,2,11690,high,,Unique tower in Market Weighton; dedication 'All Saints' matches 'All Saints'
All Saints,Chigwell Row,Essex,2,12552,high,,Unique tower in Chigwell Row; dedication 'All Saints' matches 'All Saints'
,Goring-on-Thames,,2,10908,high,,Unique tower in Goring on Thames (Oxfordshire); building unspecified in source
,Ashdon,,2,16053,high,,Unique tower in Ashdon (Essex); building unspecified in source
,Selston,,2,15448,high,,Unique tower in Selston (Nottinghamshire); building unspecified in source
St Laurence,Measham,Leicestershire,2,15760,high,25228,Resolved dedication 'S Laurence' (Measham) among 2 towers in town
St Paul,Chippenham,Wiltshire,2,12210,high,10837;19159,Resolved dedication 'S Paul' (Chippenham) among 3 towers in town
Bellfoundry tower,Loughborough,Leicestershire,2,10191,high,16752;21820;21821;21822;17781,Resolved dedication 'Bell Foundry Tower' (Loughborough) among 6 towers in town
,Bisley,,2,10527,medium,18406,Partial dedication match for 'All Saints' among 2 towers in town
,Yardley,Warks,2,14504,high,,Unique tower in Yardley (West Midlands); building unspecified in source
,Kirby-le-Soken,,2,16560,high,,Unique tower in Kirby le Soken (Essex); building unspecified in source
St Mary Magdalene,Harlow Common,Essex,2,13686,high,,Unique tower in Harlow Common; dedication 'S Mary Magd' matches 'St Mary Magdalene'
,Great Tew,,2,10028,high,,Unique tower in Great Tew (Oxfordshire); building unspecified in source
10 West Drive Gardens,Harrow Weald,Middlesex,2,,none,,Private residence address (handbell ring)
All Saints,Maldon,Essex,2,16229,high,14728,Resolved dedication 'All Saints' (Maldon) among 2 towers in town
All Saints,Longstanton,Cambridgeshire,2,11562,high,,Unique tower in Longstanton; dedication 'All Saints' matches 'All Saints'
,Helions Bumpstead,,2,11049,high,,Unique tower in Helions Bumpstead (Essex); building unspecified in source
,Upham,,2,12563,high,,Unique tower in Upham (Hampshire); building unspecified in source
St Mary,Childrey,Oxfordshire,2,14183,high,,Unique tower in Childrey; dedication 'S Mary V' matches 'St Mary'
All Saints,Ashdon,Essex,2,16053,high,,Unique tower in Ashdon; dedication 'All Saints' matches 'All Saints'
,Faringdon,,2,15801,high,,Unique tower in Faringdon (Oxfordshire); building unspecified in source
,Hagley,,2,13672,high,,Unique tower in Hagley (Worcestershire); building unspecified in source
,Rowley Regis,,2,13081,high,,Unique tower in Rowley Regis (West Midlands); building unspecified in source
St Egwin,Norton,Worcestershire,2,14265,high,22481,Resolved dedication 'S Egwin' (Norton) among 2 towers in town
,Long Sutton,,2,15492,medium,13069;21786,Partial dedication match for 'S Mary' among 3 towers in town
St Aidan,Bamburgh,Northumberland,2,12148,high,,Unique tower in Bamburgh; dedication 'S Aidan' matches 'St Aidan'
St Andrew,Kirton-in-Lindsey,Lincolnshire,2,13723,high,,Unique tower in Kirton in Lindsey; dedication 'S Andrew' matches 'St Andrew'
St Andrew,Biggleswade,Bedfordshire,2,16357,high,,Unique tower in Biggleswade; dedication 'S Andrew' matches 'St Andrew'
,Stanton Lacy,,2,12343,high,,Unique tower in Stanton Lacy (Shropshire); building unspecified in source
St Michael,Yorktown,Surrey,2,16052,high,,Unique tower in Camberley; dedication 'S Michael' matches 'St Michael'
St John the Baptist,Westbourne,West Sussex,2,11270,high,,Unique tower in Westbourne; dedication 'S John Bapt' matches 'St John the Baptist'
,Watermoor,,2,14235,high,,Unique tower in Cirencester (Gloucestershire); building unspecified in source
,Speldhurst,,2,11923,high,,Unique tower in Speldhurst (Kent); building unspecified in source
All Saints,Wraxall,Somerset,2,10711,high,,Unique tower in Wraxall; dedication 'All Saints' matches 'All Saints'
St Michael,Stoke Prior,Worcestershire,2,11782,high,,Unique tower in Stoke Prior; dedication 'S Michael' matches 'St Michael'
Christ Church,Fairwarp,Sussex,2,16191,high,,Unique tower in Fairwarp; dedication 'Christ Church' matches 'Christ Church'
,Heene,,2,10702,high,,Unique tower in Worthing (West Sussex); building unspecified in source
Holy Trinity,Guildford,Surrey,2,14592,high,14593;11502;12695;25706;20505;25586,Resolved dedication 'Holy Trinity' (Guildford) among 7 towers in town
St James,Bermondsey,London,2,11128,high,18284;18285;25878;23021,Resolved dedication 'S James' (Bermondsey) among 5 towers in town
St Mary and St Nicolas,Spalding,Lincolnshire,2,15336,high,23586;10977,Resolved dedication 'S Mary & S Nicolas' (Spalding) among 3 towers in town
,Colwall,,2,12769,high,,Unique tower in Colwall (Herefordshire); building unspecified in source
,Shepshed,,2,12743,high,,Unique tower in Shepshed (Leicestershire); building unspecified in source
,Benenden,,2,10534,high,,Unique tower in Benenden (Kent); building unspecified in source
,Wantage,,2,14030,medium,25691,Partial dedication match for 'S Peter & S Paul' among 2 towers in town
St Mary,Barnsley,South Yorkshire,2,10481,high,18135;18136;18138;18137,Resolved dedication 'S Mary' (Barnsley) among 5 towers in town
Abbey,Erdington,,2,12089,high,15824;19976,Resolved dedication 'Abbey Ch of S Thomas & S Edmund of Canterbury' (Erdington) among 3 towers in town
,Newchurch Kenyon,,2,,none,,No matching tower found for 'Newchurch Kenyon' in Dove register
St Peter,Oakford,Devon,2,16156,high,,Unique tower in Oakford; dedication 'S Peter' matches 'St Peter'
St Ann,Stamford Hill,Middlesex,2,13932,high,,Unique tower in Stamford Hill; dedication 'S Ann' matches 'St Ann'
St Mary the Virgin,Welford,Northamptonshire,2,14851,high,,Unique tower in Welford; dedication 'S Mary V' matches 'St Mary the Virgin'
Blessed Virgin Mary,Huish Episcopi,Somerset,2,12467,high,,Unique tower in Huish Episcopi; dedication 'Blessed Virgin Mary' matches 'Blessed Virgin Mary'
Cathedral,Southwell,,2,12847,high,23578;23577,Resolved dedication 'Cath Ch of BVM' (Southwell) among 3 towers in town
,Old Swinford,,2,15874,high,,Unique tower in Old Swinford (West Midlands); building unspecified in source
St John the Evangelist,Highbridge,Somerset,2,11783,high,,Unique tower in Highbridge; dedication 'S John Ev' matches 'St John the Evangelist'
,Brackley,,2,16592,high,,Unique tower in Brackley (Northamptonshire); building unspecified in source
St Peter and St Paul,Cattistock,Dorset,2,12314,high,,Unique tower in Cattistock; dedication 'S Peter & S Paul' matches 'St Peter and St Paul'
St Peter,Winchcombe,Gloucestershire,2,10105,high,,Unique tower in Winchcombe; dedication 'S Peter' matches 'St Peter'
,Market Weighton,,2,11690,high,,Unique tower in Market Weighton (East Riding of Yorkshire); building unspecified in source
,Billingshurst,,2,15040,high,,Unique tower in Billingshurst (West Sussex); building unspecified in source
,Queensbury,,2,13272,medium,22905,Partial dedication match for 'Holy Trinity' among 2 towers in town
St James,Barton under Needwood,Staffordshire,2,13369,high,,Unique tower in Barton under Needwood; dedication 'S James' matches 'St James'
Holy Trinity,Lower Beeding,West Sussex,2,13127,high,,Unique tower in Lower Beeding; dedication 'Holy Trinity' matches 'Holy Trinity'
,Epworth,,2,15171,high,,Unique tower in Epworth (Lincolnshire); building unspecified in source
St Paul's,Burwood,"New South Wales, Australia",2,10621,high,,Unique tower in Burwood; dedication 'S Paul' matches 'St Paul's'
,Sutton-on-Trent,,2,11372,high,,Unique tower in Sutton on Trent (Nottinghamshire); building unspecified in source
Cathedral Church of St Paul,Melbourne,Victoria,2,15996,high,15155;13573;16327;16814;10825,Resolved dedication 'Cath Ch of S Paul' (Melbourne) among 6 towers in town
All Saints,Sutton on Trent,Nottinghamshire,2,11372,high,,Unique tower in Sutton on Trent; dedication 'All Saints' matches 'All Saints'
St Mary the Virgin,Stotfold,Bedfordshire,2,14081,high,,Unique tower in Stotfold; dedication 'S Mary V' matches 'St Mary the Virgin'
,Kintbury,,2,13090,high,,Unique tower in Kintbury (Berkshire); building unspecified in source
St Peter,Ashton under Lyne,Greater Manchester,2,15994,high,10838;17995;17996;17997;17998,Resolved dedication 'S Peter' (Ashton under Lyne) among 6 towers in town
St Mary,Purton,Wiltshire,2,13174,high,,Unique tower in Purton; dedication 'S Mary' matches 'St Mary'
,Wanborough,,2,11390,medium,25491,Partial dedication match for 'S Andrew' among 2 towers in town
St Mary,Longcot,Oxfordshire,2,15804,high,,Unique tower in Longcot; dedication 'S Mary V' matches 'St Mary'
,Tetbury,,2,15266,medium,24020,Partial dedication match for 'S Mary V & S Mary Magdalen' among 2 towers in town
Cathedral Church of St Nicholas,Newcastle upon Tyne,Tyne & Wear,2,,none,,No matching tower found for 'Newcastle upon Tyne' in Dove register
,Hugglescote,,2,10045,high,,Unique tower in Hugglescote (Leicestershire); building unspecified in source
SS Peter and Paul,Uppingham,Rutland,2,13320,high,,Unique tower in Uppingham; dedication 'S Peter & S Paul' matches 'SS Peter and Paul'
Christ Church,Esher,Surrey,2,10290,high,25955;19985,Resolved dedication 'Christ Church' (Esher) among 3 towers in town
St John the Baptist,Knaresborough,North Yorkshire,2,12456,high,21389,Resolved dedication 'S John Bapt' (Knaresborough) among 2 towers in town
St Mary Magdalene,Woolwich,Greater London,2,14252,high,,Unique tower in Woolwich; dedication 'S Mary Magd' matches 'St Mary Magdalene'
,West Wycombe,,2,12842,medium,25801,Partial dedication match for 'S Lawrence' among 2 towers in town
St Andrew,East Hagbourne,Oxfordshire,2,11398,high,,Unique tower in East Hagbourne; dedication 'S Andrew' matches 'St Andrew'
Holy Trinity,Cookham,Berkshire,2,11061,high,,Unique tower in Cookham; dedication 'Holy Trinity' matches 'Holy Trinity'
,Ambrosden,,2,10327,high,,Unique tower in Ambrosden (Oxfordshire); building unspecified in source
,Selling,,2,14311,high,,Unique tower in Selling (Kent); building unspecified in source
,Irthlingborough,,2,13376,high,,Unique tower in Irthlingborough (Northamptonshire); building unspecified in source
,Edmonton,,2,10584,medium,19899;19900;19901,Partial dedication match for 'All Saints' among 4 towers in town
St Peter,Farnborough,Hampshire,2,14575,high,25459,Resolved dedication 'S Peter' (Farnborough) among 2 towers in town
St Philip's Church Hill,Sydney,"New South Wales, Australia",2,11518,high,16969;15468;13849;14777;13677;10621;12983;13900;11755;16839,Resolved dedication 'S Philip' (Sydney) among 20 towers in town
"St Philip, Church Hill",Sydney,New South Wales,2,11518,high,16969;15468;13849;14777;13677;10621;12983;13900;11755;16839,Resolved dedication 'S Philip' (Sydney) among 20 towers in town
St Lawrence,Barnwood,Gloucestershire,2,10976,high,,Unique tower in Barnwood; dedication 'S Lawrence' matches 'St Lawrence'
,Chewton Mendip,,2,15316,high,,Unique tower in Chewton Mendip (Somerset); building unspecified in source
,Hindley,,2,13391,high,,Unique tower in Hindley (Greater Manchester); building unspecified in source
,Sutton Courtenay,,2,15735,high,,Unique tower in Sutton Courtenay (Oxfordshire); building unspecified in source
St Mary,Lambeth,Greater London,2,10973,medium,,"Sole ringing tower in Waterloo, but dedication 'S John Ev' differs from source 'St Mary'"
St John the Baptist,Newton Nottage,Bridgend,2,12990,high,,Unique tower in Newton Nottage; dedication 'S John Bapt' matches 'St John the Baptist'
St Lawrence Jewry,City of London,,2,16020,high,15228;11081;13868;12429;13028;11914;16634;16578;10471;13189,Resolved dedication 'S Lawrence Jewry' (London) among 42 towers in town
St Mary,Chiddingfold,Surrey,2,10544,high,,Unique tower in Chiddingfold; dedication 'S Mary' matches 'St Mary'
St Mary the Virgin,Shalford,Surrey,2,16320,high,,Unique tower in Shalford; dedication 'S Mary V' matches 'St Mary the Virgin'
,Drogheda,,2,15123,medium,25549,Partial dedication match for 'S Peter' among 2 towers in town
,Broughton Astley,,2,13152,high,,Unique tower in Broughton Astley (Leicestershire); building unspecified in source
,Harwell,,2,13755,high,,Unique tower in Harwell (Oxfordshire); building unspecified in source
,Eastwood,Yorks,2,15197,high,,Unique tower in Rotherham (South Yorkshire); building unspecified in source
St Mary,Woburn,Bedfordshire,2,13400,high,,Unique tower in Woburn; dedication 'S Mary' matches 'St Mary'
,Caythorpe,,2,13483,high,,Unique tower in Caythorpe (Lincolnshire); building unspecified in source
,Billingborough,,2,16911,high,,Unique tower in Billingborough (Lincolnshire); building unspecified in source
St Mary,Slaugham,West Sussex,2,15378,high,,Unique tower in Slaugham; dedication 'S Mary' matches 'St Mary'
St James,Hendersonville,North Carolina,2,12823,high,,Unique tower in Hendersonville; dedication 'S James' matches 'St James'
St Peter,Petersfield,Hampshire,2,10078,high,,Unique tower in Petersfield; dedication 'S Peter' matches 'St Peter'
St Thomas,Houston,,2,12900,high,13288;11879,Resolved dedication 'S Thomas' (Houston) among 3 towers in town
19 The Green,Romanby,North Yorkshire,2,,none,,Private residence address (handbell ring)
,Great Glen,,2,13762,high,,Unique tower in Great Glen (Leicestershire); building unspecified in source
St Mark's Cathedral,Shreveport,Louisiana,2,10716,high,,Unique tower in Shreveport; dedication 'Cath Ch of S Mark' matches 'St Mark's Cathedral'
,Henfield,,2,11797,high,,Unique tower in Henfield (West Sussex); building unspecified in source
St Peter,Colchester,,2,11757,high,12589;14599;19283;19284;19285;22245;19286,Resolved dedication 'S Peter' (Colchester) among 8 towers in town
St Peter,Colchester,Essex,2,11757,high,12589;14599;19283;19284;19285;22245;19286,Resolved dedication 'S Peter' (Colchester) among 8 towers in town
St Laurence,Ludlow,Shropshire,2,10168,high,21868,Resolved dedication 'S Laurence' (Ludlow) among 2 towers in town
St Helen,Wheathampstead,Hertfordshire,2,12673,high,,Unique tower in Wheathampstead; dedication 'S Helen' matches 'St Helen'
,Hurst,Berks,2,11786,high,,Unique tower in Hurst (Berkshire); building unspecified in source
,Frittenden,,2,16185,high,,Unique tower in Frittenden (Kent); building unspecified in source
"Tilehurst, 15 Lytham End",Reading,,2,,none,16811;10597;16674;22958;22959;22960;17427;25652;25109;22962,"Unresolved: 'Tilehurst, 15 Lytham End' did not match any of the 13 towers in Reading"
St Martin in the Fields,Philadelphia,Pennsylvania,2,13478,high,10173;16003;12483,Resolved dedication 'S Martin in the Fields' (Philadelphia) among 4 towers in town
,Edgbaston,,2,10824,medium,19879;19880;19881;19882,Partial dedication match for 'S Bartholomew' among 5 towers in town
St Mary the Virgin,Ewell,Surrey,2,12749,high,25701,Resolved dedication 'S Mary V' (Ewell) among 2 towers in town
St Cuthbert,Holme Lacy,Herefordshire,2,13592,high,,Unique tower in Holme Lacy; dedication 'S Cuthbert' matches 'St Cuthbert'
St Matthias,Malvern Link,Worcestershire,2,16823,high,21932,Resolved dedication 'S Matthias' (Malvern Link) among 2 towers in town
,Bucklebury,,2,11027,high,,Unique tower in Bucklebury (Berkshire); building unspecified in source
St Mary,Bletchingley,Surrey,2,14118,high,,Unique tower in Bletchingley; dedication 'S Mary' matches 'St Mary'
St Paul,Adlington,Lancashire,2,14168,high,,Unique tower in Adlington; dedication 'S Paul' matches 'St Paul'
,Evesham,,2,13495,medium,20002;20003,Partial dedication match for 'Bell Tower' among 3 towers in town
,Brierley Hill,,2,10071,medium,18722,Partial dedication match for 'S Michael' among 2 towers in town
St Mary,Ealing,Middlesex,2,14868,high,13776;19749;19750;19751;19752;10279,Resolved dedication 'S Mary' (Ealing) among 7 towers in town
Holy Trinity,Horwich,Lancashire,2,10582,high,21046,Resolved dedication 'Holy Trinity' (Horwich) among 2 towers in town
,Burnham,Bucks,2,15543,high,,Unique tower in Burnham (Buckinghamshire); building unspecified in source
St Edmund,Downham Market,Norfolk,2,15293,high,,Unique tower in Downham Market; dedication 'S Edmund' matches 'St Edmund'
St Mary,Reading,,2,16674,high,16811;10597;22958;22959;22960;17427;25652;25109;22962;22963,Resolved dedication 'Minster Ch of S Mary V' (Reading) among 13 towers in town
,Hitchin,,2,11700,medium,20918;20919;20920,Partial dedication match for 'S Mary' among 4 towers in town
,Drighlington,,2,10734,high,,Unique tower in Drighlington (West Yorkshire); building unspecified in source
St Helen,Sefton,Merseyside,2,11163,high,,Unique tower in Sefton; dedication 'S Helen' matches 'St Helen'
St John the Baptist,Claines,Worcestershire,2,16916,high,,Unique tower in Claines; dedication 'S John Bapt' matches 'St John the Baptist'
52 Burrows Road,London,Greater London,2,,none,,Private residence address (handbell ring)
,Wrotham,,2,16345,high,,Unique tower in Wrotham (Kent); building unspecified in source
St Peter,Swinton,Greater Manchester,2,12298,high,23954,Resolved dedication 'S Peter' (Swinton) among 2 towers in town
,Ormskirk,,2,11268,high,,Unique tower in Ormskirk (Lancashire); building unspecified in source
St Edmund King and Martyr,Southwold,Suffolk,2,10026,high,,Unique tower in Southwold; dedication 'S Edmund K&M' matches 'St Edmund King and Martyr'
St James,Bermondsey,Greater London,2,11128,high,18284;18285;25878;23021,Resolved dedication 'S James' (Bermondsey) among 5 towers in town
St Michael,Charleston,South Carolina,2,14807,high,15062;16377;14830,Resolved dedication 'S Michael' (Charleston) among 4 towers in town
Christ Church,Wanstead,Greater London,2,12782,high,24422,Resolved dedication 'Christ Church' (Wanstead) among 2 towers in town
St Peter,Market Bosworth,Leicestershire,2,13763,high,,Unique tower in Market Bosworth; dedication 'S Peter' matches 'St Peter'
St Leonard the Less,Samlesbury,Lancashire,2,10494,high,,Unique tower in Samlesbury; dedication 'S Leonard Less' matches 'St Leonard the Less'
St James the Great,Hanslope,Buckinghamshire,2,11622,high,,Unique tower in Hanslope; dedication 'S James Gt' matches 'St James the Great'
,Oswaldtwistle,,2,15566,medium,22599,Partial dedication match for 'Immanuel' among 2 towers in town
114 Park Street Lane,St Albans,Hertfordshire,2,,none,,Private residence address (handbell ring)
170 Headstone Lane,Harrow,Middlesex,2,,none,,Private residence address (handbell ring)
,Houghton-le-Spring,,2,15992,high,,Unique tower in Houghton le Spring (Tyne and Wear); building unspecified in source
,Aston Clinton,,2,17117,high,,Unique tower in Aston Clinton (Buckinghamshire); building unspecified in source
"Cathedral and Parish Church of St Mary, St Denys, and St George",Manchester,Greater Manchester,2,12311,medium,16363;21935,"Partial dedication match for 'Cath and Collegiate Ch of S Mary, S Denys, & S George' among 3 towers in town"
St Michael,Hughenden,Buckinghamshire,2,15656,high,,Unique tower in Hughenden; dedication 'S Michael & All Angels' matches 'St Michael'
St Paul,Burton-upon-Trent,,2,15964,high,17025;17100;11225;12886;11605;25377,Resolved dedication 'S Paul' (Burton upon Trent) among 7 towers in town
St Mary the Virgin,Wotton-under-Edge,Gloucestershire,2,11667,high,25263,Resolved dedication 'S Mary V' (Wotton under Edge) among 2 towers in town
The Assumption of The Blessed Virgin Mary,Bradford Peverell,Dorset,2,15752,high,,Unique tower in Bradford Peverell; dedication 'The Assumption' matches 'The Assumption of The Blessed Virgin Mary'
SS Peter and Paul,Weedon Bec,Northamptonshire,2,10134,high,,Unique tower in Weedon Bec; dedication 'S Peter & S Paul' matches 'SS Peter and Paul'
St Michael and All Angels,"Leeds, Headingley",West Yorkshire,2,16033,high,,"Resolved via suburb/parish 'Headingley' in town name (Headingley, S Michael & All Angels)"
St Michael,Elmley Lovett,Worcestershire,2,16031,high,,Unique tower in Elmley Lovett; dedication 'S Michael' matches 'St Michael'
St Thomas,Houston,Texas,2,12900,high,13288;11879,Resolved dedication 'S Thomas' (Houston) among 3 towers in town
Ruined Church of Holy Trinity,Buckfastleigh,Devon,2,11599,high,18770,Resolved dedication 'Ruined ch of Holy Trinity' (Buckfastleigh) among 2 towers in town
St Leonard,Seaford,East Sussex,2,11538,high,,Unique tower in Seaford; dedication 'S Leonard' matches 'St Leonard'
St Mary,Nantwich,Cheshire,2,15949,high,,Unique tower in Nantwich; dedication 'S Mary' matches 'St Mary'
St Mary Magdalene,Ditcheat,Somerset,2,14440,high,,Unique tower in Ditcheat; dedication 'S Mary Magd' matches 'St Mary Magdalene'
"St Michael, Garston",Liverpool,Merseyside,2,14155,high,,"Resolved via parish in building 'Garston' (Garston, S Michael)"
All Saints,Heathfield,East Sussex,2,10785,high,20760,Resolved dedication 'All Saints' (Heathfield) among 2 towers in town
St Leonard,Bretforton,Worcestershire,2,17154,high,,Unique tower in Bretforton; dedication 'S Leonard' matches 'St Leonard'
St Barnabas,Linslade,Bedfordshire,2,11980,high,21615,Resolved dedication 'S Barnabas' (Linslade) among 2 towers in town
Cathedral Church of Holy and Undivided Trinity,Bristol,Bristol,2,10300,high,10331;15455;14342;11615;14422;12166;15180;12993;12039;16354,Resolved dedication 'Cath Ch of Holy & Undivided Trinity' (Bristol) among 17 towers in town
"Virginia Theological Seminary, Immanuel Chapel",Alexandria,Virginia,2,13507,high,,"Unique tower in Alexandria; dedication 'Immanuel Chapel, Virginia Theological Seminary' matches 'Virginia Theological Seminary, Immanuel Chapel'"
St Mary,Portsea,Hampshire,2,16279,high,22838;25505;25442;25443;25444;25445;25506;25446;25447;22839,Resolved dedication 'S Mary' (Portsmouth) among 11 towers in town
St Mary,Haddington,East Lothian,2,11648,high,,Unique tower in Haddington; dedication 'S Mary' matches 'St Mary'
St Mary the Virgin,Selling,Kent,2,14311,high,,Unique tower in Selling; dedication 'S Mary V' matches 'St Mary the Virgin'
St Mary,Horton Kirby,Kent,2,15371,high,,Unique tower in Horton Kirby; dedication 'S Mary' matches 'St Mary'
Holy Trinity,Bradpole,Dorset,2,11115,high,,Unique tower in Bradpole; dedication 'Holy Trinity' matches 'Holy Trinity'
3 King Charles Court,Worcester,Worcestershire,2,,none,,Private residence address (handbell ring)
"Great Hockham, Oldham, Norwich & Wetton",Ringing Room,UK,2,,none,,Virtual ringing platform or dispersed locations
Hayes Close,Wimborne Minster,Dorset,2,,none,,Private residence name (handbell ring)
St Andrew and St George West,Edinburgh,,2,,none,13737;12430;12029;15076,Unresolved: 'St Andrew and St George West' did not match any of the 4 towers in Edinburgh
The Potters Yard Ring,Holcombe,Somerset,2,17774,high,20941;17748,Resolved dedication 'Potters Yard Ring' (Holcombe) among 3 towers in town
St Andrew,Hertford,Hertfordshire,2,16209,high,14953,Resolved dedication 'S Andrew' (Hertford) among 2 towers in town
St Mary,Brownsea Island,Dorset,2,10975,high,,Unique tower in Brownsea Island; dedication 'S Mary' matches 'St Mary'
St Peter and St Paul,Shepton Mallet,Somerset,2,14574,high,,Unique tower in Shepton Mallet; dedication 'S Peter & S Paul' matches 'St Peter and St Paul'
"St James, Queen's Square",Sydney,New South Wales,2,13677,high,16969;15468;13849;14777;11518;10621;12983;13900;11755;16839,Resolved dedication 'S James' (Sydney) among 20 towers in town
Holy Trinity,Orange,New South Wales,2,15917,high,,Unique tower in Orange; dedication 'Holy Trinity' matches 'Holy Trinity'
St Saviour,Pimlico,Middlesex,2,14962,high,15224;13642;22765,Resolved dedication 'S Saviour' (Pimlico) among 4 towers in town
St Lawrence,Mickleton,Gloucestershire,2,16821,high,,Unique tower in Mickleton; dedication 'S Lawrence' matches 'St Lawrence'
St Margaret,Uxbridge,Middlesex,2,14402,high,12550,Resolved dedication 'S Margaret' (Uxbridge) among 2 towers in town
Piglet Ring,Uffculme,Devon,2,25331,high,10883,Resolved dedication 'Piglet Ring' (Uffculme) among 2 towers in town
St John the Baptist,Wellington,Somerset,2,15613,high,10049,Resolved dedication 'S John Bapt' (Wellington) among 2 towers in town
St Paul,Maryborough,Queensland,2,14939,high,,Unique tower in Maryborough; dedication 'S Paul' matches 'St Paul'
"Great Hockham, Reach, Norwich & Wetton",Ringing Room,UK,2,,none,,Virtual ringing platform or dispersed locations
St Giles,Lincoln,Lincolnshire,2,12159,high,12153;25226;13659;10782;21599;11493;17791;21600;21601;21602,Resolved dedication 'S Giles' (Lincoln) among 14 towers in town
St John Bapt,Shenstone,Staffordshire,2,15251,high,,Unique tower in Shenstone; dedication 'S John Bapt' matches 'St John Bapt'
All Saints,Bloxwich,West Midlands,2,15802,high,,Unique tower in Bloxwich; dedication 'All Saints' matches 'All Saints'
Christ Church,Coseley,West Midlands,2,12306,high,,Unique tower in Coseley; dedication 'Christ Church' matches 'Christ Church'
St Margaret,Draycott in the Moors,Staffordshire,2,12033,high,,Unique tower in Draycott in the Moors; dedication 'S Margaret' matches 'St Margaret'
St Peter,Clayworth,Nottinghamshire,2,13168,high,,Unique tower in Clayworth; dedication 'S Peter' matches 'St Peter'
,Harthill,,2,13448,medium,20665,Partial dedication match for 'All Hallows' among 2 towers in town
St Oswald,Ashbourne,Derbyshire,2,15741,high,17961,Resolved dedication 'S Oswald' (Ashbourne) among 2 towers in town
,Attenborough,,2,14213,high,,Unique tower in Attenborough (Nottinghamshire); building unspecified in source
"St Thomas, Moorside",Oldham,Lancashire,2,15726,high,12889;22563;22564;22566;22565,Resolved dedication 'S Thomas' (Oldham) among 6 towers in town
Cathedral Church of the Holy Trinity,Chichester,West Sussex,2,10237,high,19131;19132;19133;25521,Resolved dedication 'Cath Ch of Holy Trinity' (Chichester) among 5 towers in town
St Denys,Sleaford,Lincolnshire,2,10240,high,,Unique tower in Sleaford; dedication 'S Denys' matches 'St Denys'
,Quorndon,,2,10703,high,,Unique tower in Quorn (Leicestershire); building unspecified in source
,Darling Point,,2,11755,high,,Unique tower in Darling Point (New South Wales); building unspecified in source
Christ Church,Boston,,2,12291,high,15592;11198;18510;18509;18511,Resolved dedication 'Christ Church' (Boston) among 6 towers in town
,Highworth,,2,10272,high,,Unique tower in Highworth (Wiltshire); building unspecified in source
St Mary,Wigton,Cumbria,2,11142,high,,Unique tower in Wigton; dedication 'S Mary' matches 'St Mary'
St Margaret,Barking,Greater London,2,15510,high,25142;18110,Resolved dedication 'S Margaret' (Barking) among 3 towers in town
St George,Wrotham,Kent,2,16345,high,,Unique tower in Wrotham; dedication 'S George' matches 'St George'
,Little Rock,,2,11263,high,,Unique tower in Little Rock (Arkansas); building unspecified in source
Church of the Advent,Boston,Massachusetts,2,11198,high,12291,Resolved dedication 'The Advent' (Boston) among 2 towers in town
St Oswald,Durham,,2,12379,high,16115;10063;19742;19743;19744;25876;25517,Resolved dedication 'S Oswald' (Durham) among 8 towers in town
St Paul,Walkden,Greater Manchester,2,12869,high,,Unique tower in Walkden; dedication 'S Paul' matches 'St Paul'
,Holywood,,2,13444,high,,Unique tower in Holywood (Down); building unspecified in source
St Mary,Caldicot,Monmouthshire,2,10062,high,,Unique tower in Caldicot; dedication 'S Mary' matches 'St Mary'
35 Provis Wharf,Aylesbury,Buckinghamshire,2,,none,,Private residence address (handbell ring)
The Bell Meadow Peal,Warnham,Sussex,2,,none,25269;15727;25663,Unresolved: 'The Bell Meadow Peal' did not match any of the 3 towers in Warnham
St Mary,Swaffham Bulbeck,Cambridgeshire,2,13661,high,,Unique tower in Swaffham Bulbeck; dedication 'S Mary' matches 'St Mary'
St Kyneburgha,Castor,Northamptonshire,2,,none,,No matching tower found for 'Castor' in Dove register
St Mary,Selborne,Hampshire,2,16706,high,,Unique tower in Selborne; dedication 'S Mary' matches 'St Mary'
St Leonard's Tower,Newton Abbot,Devon,2,16043,high,12315;22366,Resolved dedication 'S Leonard's Tower' (Newton Abbot) among 3 towers in town
St Bartholomew,Sutton cum Lound,Nottinghamshire,2,13122,high,,Unique tower in Sutton cum Lound; dedication 'S Bartholomew' matches 'St Bartholomew'
Cathedral Church of St James and St Edmund (the Norman Tower),Bury St Edmunds,Suffolk,2,12587,high,18865;17434;18866,Resolved dedication 'Cath Ch of S James & S Edmund' (Bury St Edmunds) among 4 towers in town
17 Bramley Gardens,Whimple,Devon,2,,none,,Private residence address (handbell ring)
"All Saints, Chilvers Coton",Nuneaton,Warwickshire,2,13950,high,11805;22505,Resolved dedication 'All Saints' (Nuneaton) among 3 towers in town
St Mary,Kingskerswell,Devon,2,11038,high,,Unique tower in Kingskerswell; dedication 'S Mary' matches 'St Mary'
Southminster Presbyterian,"Pittsburgh, Pennsylvania",,2,11188,high,,"Fuzzy place match (Pittsburgh, Pennsylvania -> Pittsburgh, Pennsylvania)"
"House of Mr William Booth, Bailey Lane",Sheffield,South Yorkshire,2,,none,,Private residence name (handbell ring)
,Salt Lake City,,2,23155,high,,"Fuzzy place match (Salt Lake City -> Salt, Staffordshire)"
84 Coventry Road,Exhall,Warwickshire,2,,none,,Private residence address (handbell ring)
"Stoke, St Michael",Coventry,,2,13274,high,15631;19411;19400;19410;18923;19408;19402;19403;19404;19406,Resolved dedication 'S Michael' (Coventry) among 18 towers in town
SS Peter and Paul,Headcorn,Kent,2,13670,high,,Unique tower in Headcorn; dedication 'S Peter & S Paul' matches 'SS Peter and Paul'
St John the Evangelist,Washingborough,Lincolnshire,2,16208,high,,Unique tower in Washingborough; dedication 'S John' matches 'St John the Evangelist'
St Thomas and St Luke,Dudley,West Midlands,2,10607,high,19711;20954,Resolved dedication 'S Thomas & S Luke' (Dudley) among 3 towers in town
St Margaret of Antioch,Westminster,Middlesex,2,13657,high,13512;15153;14872;12465;25551;25523;25538;24658;24660;24654,Resolved dedication 'S Margaret' (Westminster) among 16 towers in town
St Michael the Archangel,Lyme Regis,Dorset,2,14094,high,,Unique tower in Lyme Regis; dedication 'S Michael Archangel' matches 'St Michael the Archangel'
,Chesterfield,,2,13811,medium,19120;19121,Partial dedication match for 'S Mary & All Saints' among 3 towers in town
,Evercreech,,2,14423,high,,Unique tower in Evercreech (Somerset); building unspecified in source
All Saints,West Ham,Greater London,2,13183,high,,Unique tower in West Ham; dedication 'All Saints' matches 'All Saints'
,Leeds,Kent,2,16351,high,,Unique tower in Leeds (Kent); building unspecified in source
St Mary,St Neots,Cambridgeshire,2,12275,high,25247,Resolved dedication 'S Mary' (St Neots) among 2 towers in town
Trinity Wall Street,New York,New York,2,,none,,Private residence name (handbell ring)
Trinity Church,New York,New York,2,10490,high,,Unique tower in New York; dedication 'Trinity Ch' matches 'Trinity Church'
All Saints,Wrington,Somerset,2,16110,high,,Unique tower in Wrington; dedication 'All Saints' matches 'All Saints'
St Bartholomew,Wednesbury,West Midlands,2,13013,high,24498;10517,Resolved dedication 'S Bartholomew' (Wednesbury) among 3 towers in town
St Bartholomew,Wednesbury,,2,13013,high,24498;10517,Resolved dedication 'S Bartholomew' (Wednesbury) among 3 towers in town
"29, Thoresby Road",Beeston,Nottinghamshire,2,,none,,Private residence name (handbell ring)
"St Andrew, Roker",Sunderland,Tyne & Wear,2,11440,high,,"Resolved via parish in building 'Roker' (Roker, S Andrew)"
,Wymondham,Norfolk,2,16892,high,,Unique tower in Wymondham (Norfolk); building unspecified in source
St Laurence,St Laurence in Thanet,Kent,2,16943,high,,Unique tower in St Laurence in Thanet; dedication 'S Laurence' matches 'St Laurence'
Cathedral Church of St Peter,Exeter,Devon,2,13963,high,14687;16135;15779;16959;14227;20007;20008;25133;20009;20016,Resolved dedication 'Cath Ch of S Peter' (Exeter) among 16 towers in town
,Lydney,,2,12490,high,,Unique tower in Lydney (Gloucestershire); building unspecified in source
St Giles,Pontefract,,2,12231,high,13179,Resolved dedication 'S Giles' (Pontefract) among 2 towers in town
St Peter,Evercreech,Somerset,2,14423,high,,Unique tower in Evercreech; dedication 'S Peter' matches 'St Peter'
St Michael the Archangel,Braintree,Essex,2,16457,high,,Unique tower in Braintree; dedication 'S Michael' matches 'St Michael the Archangel'
St Stephen,Bristol,Bristol,2,12993,high,10300;10331;15455;14342;11615;14422;12166;15180;12039;16354,Resolved dedication 'S Stephen M' (Bristol) among 17 towers in town
St Andrew,Leyland,Lancashire,2,16375,high,21588;14916,Resolved dedication 'S Andrew' (Leyland) among 3 towers in town
All Saints,Wigan,Lancashire,2,15730,high,24789,Resolved dedication 'All Saints' (Wigan) among 2 towers in town
37 Northbrook,Micheldever,,2,,none,,Private residence address (handbell ring)
All Saints,Wakefield,Yorkshire,2,14172,high,24365;24366;24367;25548,Resolved dedication 'Cath Ch of All Saints' (Wakefield) among 5 towers in town
,Stroud,,2,14747,medium,23878;25437,Partial dedication match for 'S Laurence' among 3 towers in town
St Mary the Virgin,Lydney,Gloucestershire,2,12490,high,,Unique tower in Lydney; dedication 'S Mary V' matches 'St Mary the Virgin'
St Cuthberga,Wimborne Minster,Dorset,2,11816,high,24842,Resolved dedication 'S Cuthberga' (Wimborne Minster) among 2 towers in town
,Soham,,2,11376,high,,Unique tower in Soham (Cambridgeshire); building unspecified in source
"Tilehurst, 15 Lytham End",Reading,Berkshire,2,,none,16811;10597;16674;22958;22959;22960;17427;25652;25109;22962,"Unresolved: 'Tilehurst, 15 Lytham End' did not match any of the 13 towers in Reading"
Magdalen College,Oxford,Oxfordshire,2,11203,high,14542;10172;11850;12299;16203;13271;13903;10326;10578;14239,Resolved dedication 'Magdalen College' (Oxford) among 26 towers in town
St Martin,Dorking,Surrey,2,16625,high,19668,Resolved dedication 'S Martin' (Dorking) among 2 towers in town
,East Retford,,2,16540,medium,22989,Partial dedication match for 'S Swithun' among 2 towers in town
,Kettering,,2,15324,medium,21274;21275;21276,Partial dedication match for 'S Peter & S Paul' among 4 towers in town
SS Peter and Paul,Kettering,Northamptonshire,2,15324,medium,21274;21275;21276,Partial dedication match for 'S Peter & S Paul' among 4 towers in town
St Michael,Bishop's Stortford,Hertfordshire,2,13338,high,18393,Resolved dedication 'S Michael' (Bishop's Stortford) among 2 towers in town
"40 Ridge Crescent, Hawk Green",Marple,Cheshire,2,,none,,Private residence address (handbell ring)
St Peter and St Paul,Wisbech,Cambridgeshire,2,11719,high,24886,Resolved dedication 'S Peter & S Paul' (Wisbech) among 2 towers in town
St Thomas the Martyr,Oxford,,2,11759,high,14542;10172;11850;12299;11203;16203;13271;13903;10326;10578,Resolved dedication 'S Thomas M' (Oxford) among 26 towers in town
,Ewerby,,2,10801,high,,Unique tower in Ewerby (Lincolnshire); building unspecified in source
St Andrew,Cullompton,Devon,2,15280,high,,Unique tower in Cullompton; dedication 'S Andrew' matches 'St Andrew'
St Mary,Luton,Bedfordshire,2,17088,high,21881;21884;21891;21892;21890;21886;21887;21888;21889;25563,Resolved dedication 'S Mary' (Luton) among 12 towers in town
Cathedral of St Mary the Virgin,Blackburn,Lancashire,2,10297,high,13874;11152;18413;18414;18415;18416,Resolved dedication 'Cath Ch of S Mary V' (Blackburn) among 7 towers in town
St Peter ad Vincula,Stoke on Trent,Staffordshire,2,15103,high,16060;11305;15820;12994,Resolved dedication 'Minster Ch of S Peter ad Vincula' (Stoke on Trent) among 5 towers in town
St John the Baptist,Midsomer Norton,Somerset,2,15593,high,,Unique tower in Midsomer Norton; dedication 'S John Bapt' matches 'St John the Baptist'
,Caversham,Berks,2,15422,medium,25642;25630,Partial dedication match for 'S Peter' among 3 towers in town
St Andrew,Leyland,,2,16375,high,21588;14916,Resolved dedication 'S Andrew' (Leyland) among 3 towers in town
,King's Norton,Warks,2,12070,high,,Unique tower in King's Norton (West Midlands); building unspecified in source
St Laurence,Appleton,Oxfordshire,2,12653,high,14832,Resolved dedication 'S Laurence' (Appleton) among 2 towers in town
SS Peter and Paul,Wisbech,Cambridgeshire,2,11719,medium,24886,Partial dedication match for 'S Peter & S Paul' among 2 towers in town
St Thomas Martyr,Oxford,Oxfordshire,2,11759,high,14542;10172;11850;12299;11203;16203;13271;13903;10326;10578,Resolved dedication 'S Thomas M' (Oxford) among 26 towers in town
Cathedral Church of St Peter and St Wilfrid,Ripon,North Yorkshire,2,16628,high,23020;23822,Resolved dedication 'Cath Ch of S Peter & S Wilfrid' (Ripon) among 3 towers in town
Cathedral Church of St Peter and St Paul,Llandaff,Cardiff,2,11207,high,,Unique tower in Llandaff; dedication 'Cath Ch of S Peter & S Paul' matches 'Cathedral Church of St Peter and St Paul'
"Cheltenham, Naperville (IL), Glasgow, Vancouver (WA), Vernet-les-Bains",Ringing Room,"UK, USA, & France",2,,none,,Virtual ringing platform or dispersed locations
"Minster Church of St Peter ad Vincula, Stoke-upon-Trent",Stoke on Trent,Staffordshire,2,15103,high,,"Resolved via parish in building 'Stoke-upon-Trent' (Stoke on Trent, Minster Ch of S Peter ad Vincula)"
18 Dalby Avenue,Bushby,,2,,none,,Private residence address (handbell ring)
,Reading 3 Cranmer Close Tilehurst,Berkshire,2,,none,,No matching tower found for 'Reading 3 Cranmer Close Tilehurst' in Dove register
St Mary-de-Castro,Leicester,,2,13828,high,12250;10495;21538;21539;21540;21541;21542;21544;21545;21546,Resolved dedication 'S Mary de Castro' (Leicester) among 15 towers in town
St Mary & All Saints,Chesterfield,Derbyshire,2,13811,high,19120;19121,Resolved dedication 'S Mary & All Saints' (Chesterfield) among 3 towers in town
,Selby,,2,14413,medium,17362,Partial dedication match for 'Abbey Ch of S Mary & S Germain' among 2 towers in town
St Peter,South Croydon,Greater London,2,15156,high,19501;23496,Resolved dedication 'S Peter' (South Croydon) among 3 towers in town
Cathedral Church of Holy Spirit,Guildford,Surrey,2,14593,high,14592;11502;12695;25706;20505;25586,Resolved dedication 'Cath Ch of Holy Spirit' (Guildford) among 7 towers in town
"St Mary le Bow, Cheapside",London,City of London,2,10588,high,15228;11081;13868;12429;13028;11914;16634;16578;10471;16020,Resolved dedication 'S Mary le Bow' (London) among 41 towers in town
St Patrick,Ballymena,Antrim,2,16273,high,25662,Resolved dedication 'S Patrick' (Ballymena) among 2 towers in town
Christ Church,Oxford,,2,14542,high,10172;11850;12299;11203;16203;13271;13903;10326;10578;14239,Resolved dedication 'Cath Ch of Christ' (Oxford) among 26 towers in town
Cathedral,Newcastle-upon-Tyne,,2,10887,high,12945;10353;25928;17782;22337;22343,Resolved dedication 'Cath Ch of S Nicholas' (Newcastle upon Tyne) among 7 towers in town
Trinity Church,New York City,New York,2,10490,high,,"Fuzzy place match (New York City -> New York, New York)"
Cathedral,Canterbury,,2,12513,high,12146;10102;13702;18951;17524;18952;18953;10001;17476,Resolved dedication 'Cath & Metropolitical Ch of Christ' (Canterbury) among 10 towers in town
St Martins,Leicester Cathedral,Leicestershire,2,,none,,No matching tower found for 'Leicester Cathedral' in Dove register
St Michael and All Angels,Macclesfield,Cheshire,2,15811,high,12003;14669;17333,Resolved dedication 'S Michael & All Angels' (Macclesfield) among 4 towers in town
Cathedral,Southwark,,2,16296,high,12588;23574,Resolved dedication 'Cath Ch of S Saviour' (Southwark) among 3 towers in town
,Christchurch,Hants,2,,none,,No matching tower found for 'Christchurch' in Dove register
Cathedral,Winchester,,2,14349,high,11660;11985;11942;24845;24846;24847;24854;24853;24848;24849,"Resolved dedication 'Cath Ch of Holy Trinity, S Peter, S Paul, & S Swithun' (Winchester) among 15 towers in town"
Cathedral,Lincoln,,2,12153,high,25226;12159;13659;10782;21599;11493;17791;21600;21601;21602,Resolved dedication 'Cath Ch of BVM' (Lincoln) among 14 towers in town
"St Michael, Cornhill",City of London,City of London,2,16131,high,15228;11081;13868;12429;13028;11914;16634;16578;10471;16020,Resolved dedication 'S Michael' (London) among 41 towers in town
"St Mary the Virgin, Redcliffe",Bristol,Bristol,2,12166,high,10300;10331;15455;14342;11615;14422;15180;12993;12039;16354,Resolved dedication 'S Mary V' (Bristol) among 17 towers in town
12 Hertford St,Cambridge,Cambridgeshire,2,,none,,Private residence address (handbell ring)
"Cathedral Church of Holy Trinity, SS Peter, Paul and Swithun",Winchester,Hampshire,2,24847,high,14349;11660;11985;11942;24845;24846;24854;24853;24848;24849,Resolved dedication 'Holy Trinity' (Winchester) among 15 towers in town
Swan Bells,Perth,Western Australia,2,16028,high,12085;11687;12726,Resolved dedication 'Bell Tower' (Perth) among 4 towers in town
43 Arkley Court,Holyport,Berkshire,2,,none,,Private residence address (handbell ring)
All Saints,Covington,Cambridgeshire,1,12152,high,,Unique tower in Covington; dedication 'All Saints' matches 'All Saints'
St Mary's,Watford,Hertfordshire,1,10317,high,24481;24482;24483;24484;24486;24487,Resolved dedication 'S Mary' (Watford) among 7 towers in town
"Trumpington, SS Mary and Michael",Trumpington,Cambridgeshire,1,10245,high,,"Unique tower in Trumpington; dedication 'S Mary & S Michael' matches 'Trumpington, SS Mary and Michael'"
"Thistle Downe, Scotter Road",Messingham,North Lincolnshire,1,,none,,Private residence name (handbell ring)
All Saints,Botley,Hampshire,1,12336,high,18519,Resolved dedication 'All Saints' (Botley) among 2 towers in town
"Minster (clock chamber, SW tower)",York,,1,,none,11340;13714;16004;11426;16125;15985;13479;12165;10509;11836,"Unresolved: 'Minster (clock chamber, SW tower)' did not match any of the 24 towers in York"
,Vergers Lodge,Warwickshire,1,,none,,No matching tower found for 'Vergers Lodge' in Dove register
St Mary,Haselor churchyard,Warwickshire,1,20685,high,,"Fuzzy place match (Haselor churchyard -> Haselor, Warwickshire)"
St John the Baptist,Cayton,North Yorkshire,1,13166,high,,Unique tower in Cayton; dedication 'S John Bapt' matches 'St John the Baptist'
St Andrews,Lismore,New South Wales,1,13969,high,,Unique tower in Lismore; dedication 'S Andrew' matches 'St Andrews'
,Worcester Beacon Malvern hills,Worcestershire,1,,none,,No matching tower found for 'Worcester Beacon Malvern hills' in Dove register
St Nicholas,Alcester St Nicholas,Warwickshire,1,12246,high,,"Fuzzy place match (Alcester St Nicholas -> Alcester, Warwickshire)"
St Giles,Marston Montgomery,Derbyshire,1,14912,high,,Unique tower in Marston Montgomery; dedication 'S Giles' matches 'St Giles'
St Mary,South Stoneham,Hampshire,1,12022,high,,Unique tower in South Stoneham; dedication 'S Mary' matches 'St Mary'
,Weethley churchyard,Warwickshire,1,24503,high,,"Fuzzy place match (Weethley churchyard -> Weethley, Warwickshire)"
St Nicholas,Vergers Lodge Alcester living room,Warwickshire,1,,none,,No matching tower found for 'Vergers Lodge Alcester living room' in Dove register
Holy Trinity,"Arrow church yard, Holy Trinity",Warwickshire,1,17954,high,,"Fuzzy place match (Arrow church yard, Holy Trinity -> Arrow, Warwickshire)"
St Helen,Gumley,Leicestershire,1,12591,high,,Unique tower in Gumley; dedication 'S Helen' matches 'St Helen'
St Peter,Horninghold,Leicestershire,1,15947,high,,Unique tower in Horninghold; dedication 'S Peter' matches 'St Peter'
St Peter,Ashby Parva,Leicestershire,1,14035,high,,Unique tower in Ashby Parva; dedication 'S Peter' matches 'St Peter'
St Mary,Newton Regis,Warwickshire,1,12378,high,,Unique tower in Newton Regis; dedication 'S Mary' matches 'St Mary'
,"Catshill, In the sunny garden",Worcestershire,1,17183,high,,"Fuzzy place match (Catshill, In the sunny garden -> Catshill, Worcestershire)"
,Catshill in front of Tetrapanax Rex,Worcestershire,1,17183,high,,"Fuzzy place match (Catshill in front of Tetrapanax Rex -> Catshill, Worcestershire)"
,"Carding mill, lightspout waterfall",Shropshire,1,,none,,"No matching tower found for 'Carding mill, lightspout waterfall' in Dove register"
,"Nanny's cave, Kinver Edge",Worcestershire,1,,none,,"No matching tower found for 'Nanny's cave, Kinver Edge' in Dove register"
All Saints,Dunton Bassett,Leicestershire,1,10436,high,,Unique tower in Dunton Bassett; dedication 'All Saints' matches 'All Saints'
St Nicholas,Frolesworth,Leicestershire,1,15480,high,,Unique tower in Frolesworth; dedication 'S Nicholas' matches 'St Nicholas'
All Saints,Downhead,Somerset,1,13456,high,,Unique tower in Downhead; dedication 'All Saints' matches 'All Saints'
St Mary,Sparham,Norfolk,1,12894,high,,Unique tower in Sparham; dedication 'S Mary' matches 'St Mary'
Holy Trinity,Sutton Montis,Somerset,1,14735,high,,Unique tower in Sutton Montis; dedication 'Holy Trinity' matches 'Holy Trinity'
St Margaret,Long Riston,East Riding of Yorkshire,1,13408,high,,Unique tower in Long Riston; dedication 'S Margaret' matches 'St Margaret'
Wimberry Apartments,Sheffield,South Yorkshire,1,,none,10439;13787;23300;22121,Unresolved: 'Wimberry Apartments' did not match any of the 4 towers in Sheffield
St Mary,Sevington,Kent,1,10044,high,,Unique tower in Sevington; dedication 'S Mary' matches 'St Mary'
St Thomas a Becket,Fairfield,Kent,1,16768,high,,Unique tower in Fairfield; dedication 'S Thomas a Becket' matches 'St Thomas a Becket'
,"Lickey church , holy trinity",Worcestershire,1,,none,,"No matching tower found for 'Lickey church , holy trinity' in Dove register"
St Michael's Churchyard,Rushock,Worcestershire,1,23121,high,,Unique tower in Rushock; dedication 'S Michael' matches 'St Michael's Churchyard'
St Nicholas,Vergers Lodge Alcester front room,Warwickshire,1,,none,,No matching tower found for 'Vergers Lodge Alcester front room' in Dove register
St Martin,Welton le Wold,Lincolnshire,1,10470,high,,Unique tower in Welton le Wold; dedication 'S Martin' matches 'St Martin'
,Kinwarton Dovecote,Warwickshire,1,21346,high,,"Fuzzy place match (Kinwarton Dovecote -> Kinwarton, Warwickshire)"
All Saints,Broughton,North Yorkshire,1,11473,high,,Unique tower in Broughton; dedication 'All Saints' matches 'All Saints'
All Saints,Lowesby,Leicestershire,1,13636,high,,Unique tower in Lowesby; dedication 'All Saints' matches 'All Saints'
,"The Old Bakehouse, Ashton under Hill",Worcestershire,1,10526,high,,"Resolved via suburb/parish 'Ashton under Hill' in town name (Ashton under Hill, S Barbara)"
All Saints,Didcot,Oxfordshire,1,17010,high,19630,Resolved dedication 'All Saints' (Didcot) among 2 towers in town
,Cofton Hackett St Michael's churchyard,Worcestershire,1,19278,high,,"Fuzzy place match (Cofton Hackett St Michael's churchyard -> Cofton Hackett, Worcestershire)"
St Michael,Great Oakley,Northamptonshire,1,12475,high,,Unique tower in Great Oakley; dedication 'S Michael' matches 'St Michael'
St Oswald,Grasmere,Cumbria,1,16299,high,,Unique tower in Grasmere; dedication 'S Oswald' matches 'St Oswald'
St Mary the Virgin,Aldworth,Berkshire,1,11600,high,,Unique tower in Aldworth; dedication 'S Mary V' matches 'St Mary the Virgin'
,Hopton castle,,1,21012,high,,Unique tower in Hopton Castle (Shropshire); building unspecified in source
St Peter,Farmington,Gloucestershire,1,13213,high,,Unique tower in Farmington; dedication 'S Peter' matches 'St Peter'
St Nicholas,Vergers Lodge Alcester,Warwickshire,1,,none,,No matching tower found for 'Vergers Lodge Alcester' in Dove register
,Gumley,,1,12591,high,,Unique tower in Gumley (Leicestershire); building unspecified in source
,"Tracey's Art Studio, Catshill",Worcestershire,1,17183,high,,"Resolved via suburb/parish 'Catshill' in town name (Catshill, Christ Church)"
St Michael and St Martin,Eastleach Martin,Gloucestershire,1,10832,high,,Unique tower in Eastleach Martin; dedication 'S Michael & S Martin' matches 'St Michael and St Martin'
St Nicholas,Vergers Lodge,Warwickshire,1,,none,,No matching tower found for 'Vergers Lodge' in Dove register
St John the Baptist,Tunstall,Lancashire,1,14672,high,,Unique tower in Tunstall; dedication 'S John Bapt' matches 'St John the Baptist'
,Vegetable patch Catshill garden,Worcestershire,1,,none,,No matching tower found for 'Vegetable patch Catshill garden' in Dove register
,"Wychbury obelisk, Hagley",Worcestershire,1,13672,high,,"Resolved via suburb/parish 'Hagley' in town name (Hagley, S John Bapt)"
,Catshill country garden,Worcestershire,1,17183,high,,"Fuzzy place match (Catshill country garden -> Catshill, Worcestershire)"
St Nicholas,Swayfield,Lincolnshire,1,13435,high,,Unique tower in Swayfield; dedication 'S Nicholas' matches 'St Nicholas'
,"The Rookery Alcester, living room",Warwickshire,1,,none,,"No matching tower found for 'The Rookery Alcester, living room' in Dove register"
,The deck of ' The minds eye ',"Catshill ,Worcestershire",1,,none,,No matching tower found for 'The deck of ' The minds eye '' in Dove register
St Nicholas,Compton,Surrey,1,10309,high,25458;25487,Resolved dedication 'S Nicholas' (Compton) among 3 towers in town
St Peter,Monkton Farleigh,Wiltshire,1,13881,high,,Unique tower in Monkton Farleigh; dedication 'S Peter' matches 'St Peter'
,Hanbury woods,Worcestershire,1,15060,high,,"Fuzzy place match (Hanbury woods -> Hanbury, Worcestershire)"
,"Catshill ,Bromsgrove",Worcestershire,1,10080,high,,"Resolved via suburb/parish 'Bromsgrove' in town name (Bromsgrove, S John Bapt)"
Holy Trinity,Elsworth,Cambridgeshire,1,13909,high,,Unique tower in Elsworth; dedication 'Holy Trinity' matches 'Holy Trinity'
St Bartholomew,Chalvington,East Sussex,1,15885,high,,Unique tower in Chalvington; dedication 'S Bartholomew' matches 'St Bartholomew'
St James,Waresley,Cambridgeshire,1,11423,high,,Unique tower in Waresley; dedication 'S James' matches 'St James'
St John the Baptist,Aston Cantlow memorial garden,Warwickshire,1,,none,,No matching tower found for 'Aston Cantlow memorial garden' in Dove register
St Nicholas,"Vergers Lodge Alcester, front room",Warwickshire,1,,none,,"No matching tower found for 'Vergers Lodge Alcester, front room' in Dove register"
,"Vergers lodge, Alcester",Warwickshire,1,12246,high,,"Resolved via suburb/parish 'Alcester' in town name (Alcester, S Nicholas)"
All Saints,Ledsham,West Yorkshire,1,10220,high,,Unique tower in Ledsham; dedication 'All Saints' matches 'All Saints'
St Michael and All Angels,Ravenstone,Leicestershire,1,13799,high,,Unique tower in Ravenstone; dedication 'S Michael & All Angels' matches 'St Michael and All Angels'
St Remigius,Water Newton,Cambridgeshire,1,15487,high,,Unique tower in Water Newton; dedication 'S Remigius' matches 'St Remigius'
St Mary the Virgin,Nether Broughton,Leicestershire,1,13786,high,,Unique tower in Nether Broughton; dedication 'S Mary V' matches 'St Mary the Virgin'
St Margaret,Fernhurst,West Sussex,1,11575,high,,Unique tower in Fernhurst; dedication 'S Margaret' matches 'St Margaret'
St Peter,West Tytherley,Hampshire,1,10070,high,,Unique tower in West Tytherley; dedication 'S Peter' matches 'St Peter'
All Saints,Goodmanham,East Riding of Yorkshire,1,15213,high,,Unique tower in Goodmanham; dedication 'All Saints' matches 'All Saints'
Holy Cross,Bury,Cambridgeshire,1,16571,high,,Unique tower in Bury; dedication 'Holy Cross' matches 'Holy Cross'
St Katherine,Netherhampton,Wiltshire,1,10921,high,,Unique tower in Netherhampton; dedication 'S Katherine' matches 'St Katherine'
St Thomas a Becket,Lovington,Somerset,1,10570,high,,Unique tower in Lovington; dedication 'S Thomas a Becket' matches 'St Thomas a Becket'
Blessed Virgin Mary,Yarlington,Somerset,1,11190,high,,Unique tower in Yarlington; dedication 'Blessed Virgin Mary' matches 'Blessed Virgin Mary'
St Peter,South Barrow,Somerset,1,15573,high,,Unique tower in South Barrow; dedication 'S Peter' matches 'St Peter'
,Mynedd Mechell,Anglesey,1,,none,,No matching tower found for 'Mynedd Mechell' in Dove register
,Parys Mountain Copper mine,Anglesey,1,,none,,No matching tower found for 'Parys Mountain Copper mine' in Dove register
St Mary,North Somercotes,Lincolnshire,1,16402,high,,Unique tower in North Somercotes; dedication 'S Mary' matches 'St Mary'
,"The Rookery, Alcester",Warwickshire,1,12246,high,,"Resolved via suburb/parish 'Alcester' in town name (Alcester, S Nicholas)"
,Pontysyllte Aquaduct,,1,,none,,No matching tower found for 'Pontysyllte Aquaduct' in Dove register
Estate Church of St Oswald's,Blankney,Lincolnshire,1,12203,high,,Unique tower in Blankney; dedication 'S Oswald' matches 'Estate Church of St Oswald's'
St Martin,Hayton,East Riding of Yorkshire,1,14369,high,,Unique tower in Hayton; dedication 'S Martin' matches 'St Martin'
St Clement,Grainthorpe,Lincolnshire,1,13588,high,,Unique tower in Grainthorpe; dedication 'S Clement' matches 'St Clement'
,Beaumaris sea front,Anglesey,1,,none,,No matching tower found for 'Beaumaris sea front' in Dove register
All Saints,Langton Long Blandford,Dorset,1,15188,high,,Unique tower in Langton Long Blandford; dedication 'All Saints' matches 'All Saints'
St Mary,Wilsford,Lincolnshire,1,17057,high,,Unique tower in Wilsford; dedication 'S Mary' matches 'St Mary'
,"Penllidiart, Mynydd mechell",Anglesey,1,,none,,"No matching tower found for 'Penllidiart, Mynydd mechell' in Dove register"
St Peter,Shepton Montague,Somerset,1,12214,high,,Unique tower in Shepton Montague; dedication 'S Peter' matches 'St Peter'
Cornhill Close,Duffield,Derbyshire,1,,none,,Private residence name (handbell ring)
,"Catshill, the patio garden",Worcestershire,1,17183,high,,"Fuzzy place match (Catshill, the patio garden -> Catshill, Worcestershire)"
St Philippe de Torteval,Torteval,Guernsey,1,11796,high,17233,Resolved dedication 'S Philippe de Torteval' (Torteval) among 2 towers in town
St John the Baptist,Middleton,Warwickshire,1,15719,high,,Unique tower in Middleton; dedication 'S John Bapt' matches 'St John the Baptist'
,Ringing Room,,1,,none,,Virtual ringing platform or dispersed locations
,Catshill Bromsgrove,,1,17183,high,,"Fuzzy place match (Catshill Bromsgrove -> Catshill, Worcestershire)"
,Catshill lighthouse!,Warwickshire,1,,none,,No matching tower found for 'Catshill lighthouse!' in Dove register
Brambles Villa East,Lundy Island,Devon,1,11248,medium,,"Sole ringing tower in Lundy Island, but dedication 'S Helen' differs from source 'Brambles Villa East'"
St Giles,Lockton,North Yorkshire,1,21737,high,,Unique tower in Lockton; dedication 'S Giles' matches 'St Giles'
Kinver,Ringing Room,,1,,none,,Virtual ringing platform or dispersed locations
All Saints,Preston,Gloucestershire,1,12775,high,22860,Resolved dedication 'All Saints' (Preston) among 2 towers in town
St Swithun,Woodborough,Nottinghamshire,1,12096,high,,Unique tower in Woodborough; dedication 'S Swithun' matches 'St Swithun'
St Mary,Coity,Mid Glamorgan,1,13249,high,,Unique tower in Coity; dedication 'S Mary' matches 'St Mary'
St Nicholas,Withycombe,Somerset,1,15088,high,,Unique tower in Withycombe; dedication 'S Nicholas' matches 'St Nicholas'
,Alkham,,1,16602,high,,Unique tower in Alkham (Kent); building unspecified in source
,"Hayes, The Study, Everard Avenue",Kent,1,,none,,"No matching tower found for 'Hayes, The Study, Everard Avenue' in Dove register"
,Stoke Orchard (Bellflowermews),Gloucestershire,1,,none,,No matching tower found for 'Stoke Orchard (Bellflowermews)' in Dove register
,Carlton,Beds,1,15609,high,,Unique tower in Carlton (Bedfordshire); building unspecified in source
,Ampton,Suffolk,1,16426,high,,Unique tower in Ampton (Suffolk); building unspecified in source
814 Filton Avenue,Filton,Gloucestershire,1,,none,,Private residence address (handbell ring)
15 Preston Park,Faversham,Kent,1,,none,,Private residence address (handbell ring)
St David,Llanarthne,Carmarthenshire,1,10235,high,,Unique tower in Llanarthne; dedication 'S David' matches 'St David'
Town Church,Guernsey,Channel Islands,1,,none,,No matching tower found for 'Guernsey' in Dove register
St Mary,Chediston,Suffolk,1,12872,high,,Unique tower in Chediston; dedication 'S Mary' matches 'St Mary'
All Saints,Ringsfield,Suffolk,1,14026,high,,Unique tower in Ringsfield; dedication 'All Saints' matches 'All Saints'
"St Judes, Ringing Chamber",Randwick,"New South Wales, Australia",1,15415,high,,"Unique tower in Randwick; dedication 'S Jude' matches 'St Judes, Ringing Chamber'"
All Saints,Parramatta,"New South Wales, Australia",1,15020,high,17590,Resolved dedication 'All Saints' (Parramatta) among 2 towers in town
St Mary the Virgin,North Aston,Oxfordshire,1,11673,high,,Unique tower in North Aston; dedication 'S Mary V' matches 'St Mary the Virgin'
,Addington,Kent,1,16347,high,,Unique tower in Addington (Kent); building unspecified in source
,Ringing Room,Corston,1,,none,,Virtual ringing platform or dispersed locations
,Yapton,,1,11297,high,,Unique tower in Yapton (West Sussex); building unspecified in source
St Laurence,Lighthorne,Warwickshire,1,12108,high,,Unique tower in Lighthorne; dedication 'S Laurence' matches 'St Laurence'
St Margaret,Margaret Marsh,Dorset,1,17127,high,,Unique tower in Margaret Marsh; dedication 'S Margaret' matches 'St Margaret'
St Richard,Aldwick,West Sussex,1,15116,high,,Unique tower in Aldwick; dedication 'S Richard' matches 'St Richard'
8 Derry Park,Minety,Wiltshire,1,,none,,Private residence address (handbell ring)
,Spofforth,,1,11284,high,,Unique tower in Spofforth (North Yorkshire); building unspecified in source
,Barbon,,1,12443,high,,Unique tower in Barbon (Cumbria); building unspecified in source
Rose Cottage,West Raddon,Devon,1,,none,,Private residence name (handbell ring)
"38 Cusworth House, Doncaster",Doncaster,South Yorkshire,1,,none,,Private residence address (handbell ring)
,Trotton,,1,15306,high,,Unique tower in Trotton (West Sussex); building unspecified in source
,Graffham,,1,15265,high,,Unique tower in Graffham (West Sussex); building unspecified in source
St Peter and St Paul,Ospringe Ringing Chamber,Kent,1,16263,high,,"Fuzzy place match (Ospringe Ringing Chamber -> Ospringe, Kent)"
,Sparsholt,,1,14627,medium,13381,Partial dedication match for 'S Stephen' among 2 towers in town
St Peter,Sibthorpe,Nottinghamshire,1,14717,high,,Unique tower in Sibthorpe; dedication 'S Peter' matches 'St Peter'
94 Cotham Brow Garden,Bristol,Bristol,1,,none,,Private residence address (handbell ring)
St George,Stowlangtoft,Suffolk,1,15053,high,,Unique tower in Stowlangtoft; dedication 'S George' matches 'St George'
St John-the-Baptist,Newtown,Hampshire,1,14600,medium,25433;25432,Partial dedication match for 'S Mary V & S John Bapt' among 3 towers in town
'Halcyon',Evercreech,Somerset,1,14423,medium,,"Sole ringing tower in Evercreech, but dedication 'S Peter' differs from source ''Halcyon''"
"School Chapel Arts Centre, Cann",Shaftesbury,Dorset,1,15589,high,10609;12154,Resolved dedication 'School Chapel Arts Centre' (Shaftesbury) among 3 towers in town
St Michael and All Angels,Halton,Buckinghamshire,1,10277,high,,Unique tower in Halton; dedication 'S Michael & All Angels' matches 'St Michael and All Angels'
St Mary,Cheldon,Devon,1,10599,high,,Unique tower in Cheldon; dedication 'S Mary' matches 'St Mary'
Elizabeth college,Guernsey,Channel islands,1,,none,,No matching tower found for 'Guernsey' in Dove register
St George,George Nympton,Devon,1,11187,high,,Unique tower in George Nympton; dedication 'S George' matches 'St George'
Quay visitors car park,Poole,Dorset,1,,none,14824;11490,Unresolved: 'Quay visitors car park' did not match any of the 2 towers in Poole
St George,Orcheston,Wiltshire,1,12440,high,12182,Resolved dedication 'S George' (Orcheston) among 2 towers in town
Holy Trinity,Takeley,Essex,1,16989,high,,Unique tower in Takeley; dedication 'Holy Trinity' matches 'Holy Trinity'
St Mary,Winterborne Zelston,Dorset,1,16289,high,,Unique tower in Winterborne Zelston; dedication 'S Mary' matches 'St Mary'
St Mary the Virgin,Buscot,Oxfordshire,1,12654,high,,Unique tower in Buscot; dedication 'S Mary' matches 'St Mary the Virgin'
St Mary,Buscot,Oxfordshire,1,12654,high,,Unique tower in Buscot; dedication 'S Mary' matches 'St Mary'
St Mary,Slindon,West Sussex,1,11543,high,,Unique tower in Slindon; dedication 'S Mary' matches 'St Mary'
St Catherine,Draughton,Northamptonshire,1,12586,high,,Unique tower in Draughton; dedication 'S Catherine' matches 'St Catherine'
St James the Apostle,Bondleigh,Devon,1,13502,high,,Unique tower in Bondleigh; dedication 'S James Ap' matches 'St James the Apostle'
4 St Denys Close,Stanford in the Vale,Oxfordshire,1,,none,,Private residence address (handbell ring)
,Kilsby,,1,16154,high,,Unique tower in Kilsby (Northamptonshire); building unspecified in source
St Nicholas,Lutton,Lincolnshire,1,13833,high,,Unique tower in Lutton; dedication 'S Nicholas' matches 'St Nicholas'
,Cold Ashby,,1,11572,high,,Unique tower in Cold Ashby (Northamptonshire); building unspecified in source
Balgonie Rd,Chingford,Greater London,1,,none,17332;19155;19156;25176;19157,Unresolved: 'Balgonie Rd' did not match any of the 5 towers in Chingford
Brittany Ferries Islander (outside deck),English Channel,,1,,none,,No matching tower found for 'English Channel' in Dove register
Vale Church,Guernsey,Channel Islands,1,,none,,No matching tower found for 'Guernsey' in Dove register
,Thorpe Achurch,,1,11215,high,,Unique tower in Achurch (Northamptonshire); building unspecified in source
"NB Thistle, Bancroft Basin",Stratford Upon Avon,Warwickshire,1,,none,,Vessel / narrowboat (mobile mini-ring or handbell)
"NB Thistle, Docks Barge Arm",Gloucester,Gloucestershire,1,,none,,Vessel / narrowboat (mobile mini-ring or handbell)
74100 Platanes,Rethymno,Greece,1,,none,,Private residence address (handbell ring)
"City Wall, by North Eastern Railways War Memorial",York,North Yorkshire,1,,none,11340;13714;16004;11426;16125;15985;13479;12165;10509;11836,"Unresolved: 'City Wall, by North Eastern Railways War Memorial' did not match any of the 23 towers in York"
St Anthony,Alkham,Kent,1,16602,high,,Unique tower in Alkham; dedication 'S Anthony' matches 'St Anthony'
,Winterbourne Zelston,,1,,none,,No matching tower found for 'Winterbourne Zelston' in Dove register
All Saints,Winwick,Cambridgeshire,1,15407,high,,Unique tower in Winwick; dedication 'All Saints' matches 'All Saints'
,Landgon Hills,,1,,none,,No matching tower found for 'Landgon Hills' in Dove register
Ambridge,Guernsey,CI,1,,none,,No matching tower found for 'Guernsey' in Dove register
The Tree of Achilleos,Chingford (Pole Hill),Greater London,1,,none,,No matching tower found for 'Chingford (Pole Hill)' in Dove register
St John the Baptist,Wistow,Cambridgeshire,1,10391,high,,Unique tower in Wistow; dedication 'S John Bapt' matches 'St John the Baptist'
Brittany Ferries Islander,Portsmouth,Hampshire,1,,none,13220;25238;17042;16279;25536,Unresolved: 'Brittany Ferries Islander' did not match any of the 5 towers in Portsmouth
Beagle Channel,On board the MS Roald Amundsen,Argentina,1,,none,,No matching tower found for 'On board the MS Roald Amundsen' in Dove register
7 Bradley Drive,Tunstall,Kent,1,,none,,Private residence address (handbell ring)
1st Solihull Scout Hut,Solihull,West Midlands,1,,none,,Private residence address (handbell ring)
St John the Baptist,Achurch,Northamptonshire,1,11215,high,,Unique tower in Achurch; dedication 'S John Bapt' matches 'St John the Baptist'
All Saints,Hargrave,Northamptonshire,1,15554,high,,Unique tower in Hargrave; dedication 'All Saints' matches 'All Saints'
St Michael,Church Brough,Cumbria,1,12920,high,,Unique tower in Brough; dedication 'S Michael' matches 'St Michael'
St Peter,Allexton,Leicestershire,1,11242,high,,Unique tower in Allexton; dedication 'S Peter' matches 'St Peter'
Parish and Civic Church of St Mary-Le-Wigford,Lincoln,Lincolnshire,1,13659,high,12153;25226;12159;10782;21599;11493;17791;21600;21601;21602,Resolved dedication 'S Mary le Wigford' (Lincoln) among 14 towers in town
St John the Baptist,Old Dalby,Leicestershire,1,11760,high,,Unique tower in Old Dalby; dedication 'S John Bapt' matches 'St John the Baptist'
St Thomas a Becket,Tugby,Leicestershire,1,10604,high,,Unique tower in Tugby; dedication 'S Thomas a Becket' matches 'St Thomas a Becket'
St Swithin,Bicker,Lincolnshire,1,15363,high,,Unique tower in Bicker; dedication 'S Swithin' matches 'St Swithin'
St James the Great,Melsonby,North Yorkshire,1,11174,high,,Unique tower in Melsonby; dedication 'S James Gt' matches 'St James the Great'
St Mary and Holy Rood,Donington,Lincolnshire,1,14561,high,,Unique tower in Donington; dedication 'S Mary & Holy Rood' matches 'St Mary and Holy Rood'
Millcombe House,Lundy Island,Devon,1,,none,,Private residence name (handbell ring)
St Faith,Kilsby,Northamptonshire,1,16154,high,,Unique tower in Kilsby; dedication 'S Faith' matches 'St Faith'
St David and St Cyfelach,Llangyfelach,Swansea,1,16766,high,,Unique tower in Llangyfelach; dedication 'S David & S Cyfelach' matches 'St David and St Cyfelach'
St Mary,Conington,Cambridgeshire,1,12209,high,11709,Resolved dedication 'S Mary' (Conington) among 2 towers in town
,Holmbury St Mary Youth Hostel,Surrey,1,20958,high,,"Fuzzy place match (Holmbury St Mary Youth Hostel -> Holmbury St Mary, Surrey)"
76 Rectory Road,Ipswich,Suffolk,1,,none,,Private residence address (handbell ring)
Chestnut Avenue,Chandler's Ford,Hampshire,1,,none,,Private residence name (handbell ring)
St Mark,Brighton,Sussex,1,16546,high,10859;10532;14297;14589;18660;18670;18662;18663;18664;18665,Resolved dedication 'former ch of S Mark' (Brighton) among 16 towers in town
The Spire,Ufton Nervet,Berkshire,1,14700,high,,Unique tower in Ufton Nervet; dedication 'The Spire' matches 'The Spire'
St Alphege churchyard,Solihull,W Midlands,1,,none,,No matching tower found for 'Solihull' in Dove register
Hereward Rise,Halesowen,West Midlands,1,16876,medium,,"Sole ringing tower in Halesowen, but dedication 'S John Bapt' differs from source 'Hereward Rise'"
NB Thistle,Lapworth,Warwickshire,1,,none,,Vessel / narrowboat (mobile mini-ring or handbell)
"In a tree, by the gate of Wootton Wawen Primary School",Wootton Wawen,Warwickshire,1,10550,medium,,"Sole ringing tower in Wootton Wawen, but dedication 'S Peter' differs from source 'In a tree, by the gate of Wootton Wawen Primary School'"
Station Buildings,Ludlow,Shropshire,1,,none,10168;21868,Unresolved: 'Station Buildings' did not match any of the 2 towers in Ludlow
,Purleigh,,1,16474,high,,Unique tower in Purleigh (Essex); building unspecified in source
St Paul,Broadwell,Gloucestershire,1,10795,high,18715,Resolved dedication 'S Paul' (Broadwell) among 2 towers in town
St Benedict,Candlesby,Lincolnshire,1,16669,high,,Unique tower in Candlesby; dedication 'S Benedict' matches 'St Benedict'
St James,Arlington,Devon,1,12237,high,,Unique tower in Arlington; dedication 'S James' matches 'St James'
St Nicholas and St John the Baptist,Shepperton,Middlesex,1,,none,,No matching tower found for 'Shepperton' in Dove register
Christ Church (Nave),Fairwarp,East Sussex,1,16191,high,,Unique tower in Fairwarp; dedication 'Christ Church' matches 'Christ Church (Nave)'
17 Bateman Street,Cambridge,Cambridgeshire,1,,none,,Private residence address (handbell ring)
,"Christ Church Cathedral, Dublin, Ireland",,1,,none,,"No matching tower found for 'Christ Church Cathedral, Dublin, Ireland' in Dove register"
Christ Church Cathedral,Dublin,Dublin,1,15915,high,12646;13668;15022;25558;25610;25924;26031,Resolved dedication 'Christ Church Cathedral' (Dublin) among 8 towers in town
St Andrew,Blo' Norton,Norfolk,1,10685,high,,Unique tower in Blo' Norton; dedication 'S Andrew' matches 'St Andrew'
,Solihull,Warwickshire,1,11354,high,,Unique tower in Solihull (West Midlands); building unspecified in source
"Malvern Villas, New Road",Solihull,Warwickshire,1,,none,,Private residence name (handbell ring)
,Bicester,Oxon,1,11528,high,,Unique tower in Bicester (Oxfordshire); building unspecified in source
St Dunstan,Canterbury,Kent,1,10102,high,12513;12146;13702;18951;17524;18952;18953;10001;17476,Resolved dedication 'S Dunstan' (Canterbury) among 10 towers in town
All Saints,Riseley,Bedfordshire,1,16215,high,,Unique tower in Riseley; dedication 'All Saints' matches 'All Saints'
,Sulgrave,,1,15537,high,,Unique tower in Sulgrave (Northamptonshire); building unspecified in source
Village Green,Fairwarp,East Sussex,1,16191,medium,,"Sole ringing tower in Fairwarp, but dedication 'Christ Church' differs from source 'Village Green'"
All Saints,Heath,Derbyshire,1,13611,high,,Unique tower in Heath; dedication 'All Saints' matches 'All Saints'
Holy Trinity,Stourpaine,Dorset,1,16820,high,,Unique tower in Stourpaine; dedication 'Holy Trinity' matches 'Holy Trinity'
All Hallows,Tillington,West Sussex,1,12892,high,,Unique tower in Tillington; dedication 'All Hallows' matches 'All Hallows'
St John the Baptist,Ripe,East Sussex,1,13971,high,,Unique tower in Ripe; dedication 'S John Bapt' matches 'St John the Baptist'
,,Oxon,1,,none,,Empty location record
Holy Rood,Ampney Crucis,Gloucestershire,1,11001,high,,Unique tower in Ampney Crucis; dedication 'Holy Rood' matches 'Holy Rood'
"Flat 2, 22 Carpenter Road",Edgbaston,West Midlands,1,,none,,Private residence name (handbell ring)
St Nicholas,Bishops Sutton,Hampshire,1,,none,,No matching tower found for 'Bishops Sutton' in Dove register
27 Shackleton Close,Market Deeping,Lincolnshire,1,,none,,Private residence address (handbell ring)
St Bartholomew,Ducklington,Oxfordshire,1,13577,high,,Unique tower in Ducklington; dedication 'S Bartholomew' matches 'St Bartholomew'
St Mary,Bronllys,Powys,1,11553,high,,Unique tower in Bronllys; dedication 'S Mary' matches 'St Mary'
St Mary,Edgeworth,Gloucestershire,1,12295,high,,Unique tower in Edgeworth; dedication 'S Mary' matches 'St Mary'
St Cuthbert,Doveridge,Derbyshire,1,16095,high,,Unique tower in Doveridge; dedication 'S Cuthbert' matches 'St Cuthbert'
St Michael,Hunston,Suffolk,1,12206,high,,Unique tower in Hunston; dedication 'S Michael' matches 'St Michael'
St Andrew,Old Chesterton,Cambridgeshire,1,,none,,No matching tower found for 'Old Chesterton' in Dove register
221 Portreath Drive,Allestree,Derbyshire,1,,none,,Private residence address (handbell ring)
St Mary,Huntingfield,Suffolk,1,10796,high,,Unique tower in Huntingfield; dedication 'S Mary' matches 'St Mary'
St John the Baptist,Willey,Shropshire,1,13436,high,,Unique tower in Willey; dedication 'S John Bapt' matches 'St John the Baptist'
St Peter and St Paul,Hambledon,Hampshire,1,15195,high,,Unique tower in Hambledon; dedication 'S Peter & S Paul' matches 'St Peter and St Paul'
,Acton,Suffolk,1,11817,high,,Unique tower in Acton (Suffolk); building unspecified in source
Elizabeth College,Guernsey,CI,1,,none,,No matching tower found for 'Guernsey' in Dove register
St Mary Magdalene,South Marston,Wiltshire,1,12116,high,,Unique tower in South Marston; dedication 'S Mary Magd' matches 'St Mary Magdalene'
,Brampford Speke,,1,16477,high,,Unique tower in Brampford Speke (Devon); building unspecified in source
Baptist Church,Tottlebank,Lancs,1,,none,,No matching tower found for 'Tottlebank' in Dove register
,Little Houghton,,1,12180,high,,Unique tower in Little Houghton (Northamptonshire); building unspecified in source
St Mary,Silchester,Hampshire,1,11482,high,,Unique tower in Silchester; dedication 'S Mary' matches 'St Mary'
,Accrington,Lancashire,1,10851,medium,17811;17574;22961;17813,Partial dedication match for 'S James' among 5 towers in town
38 Heath Park Road,Buxton,Derbyshire,1,,none,,Private residence address (handbell ring)
,Hatherop,,1,13680,high,,Unique tower in Hatherop (Gloucestershire); building unspecified in source
St Denys,Eaton,Leicestershire,1,14224,high,,Unique tower in Eaton; dedication 'S Denys' matches 'St Denys'
"Whingarth, Ridge Road",Marple,Cheshire,1,,none,,Private residence name (handbell ring)
,Warmley,,1,12727,high,,Unique tower in Warmley (Gloucestershire); building unspecified in source
St Andrew,Loxton,Somerset,1,15864,high,,Unique tower in Loxton; dedication 'S Andrew' matches 'St Andrew'
The Residence of Mr F Lambert,Halesworth,Suffolk,1,10096,medium,,"Sole ringing tower in Halesworth, but dedication 'S Mary' differs from source 'The Residence of Mr F Lambert'"
7 Waterside,Marple,Cheshire,1,,none,,Private residence address (handbell ring)
All Saints,Great Barford,Bedfordshire,1,16610,high,,Unique tower in Great Barford; dedication 'All Saints' matches 'All Saints'
St Bartholomew,Church Minshull,Cheshire,1,13761,high,,Unique tower in Church Minshull; dedication 'S Bartholomew' matches 'St Bartholomew'
"St Peter, Twineham",Ringing Room,,1,,none,,Virtual ringing platform or dispersed locations
Thursday Doubles Club,Ringing Room,,1,,none,,Virtual ringing platform or dispersed locations
St Peter,Copdock,Suffolk,1,16654,high,,Unique tower in Copdock; dedication 'S Peter' matches 'St Peter'
St Andrew,Bramfield,Suffolk,1,15164,high,,Unique tower in Bramfield; dedication 'S Andrew' matches 'St Andrew'
Wyggeston Grammar School for Boys,Leicester,Leics,1,,none,12250;10495;13828;21538;21539;21540;21541;21542;21544;21545,Unresolved: 'Wyggeston Grammar School for Boys' did not match any of the 15 towers in Leicester
Polmear Lodge,Guernsey,CI,1,,none,,Private residence name (handbell ring)
All Saints,Farnborough,Berkshire,1,10629,high,,Unique tower in Farnborough; dedication 'All Saints' matches 'All Saints'
All Saints,Winterton,Lincolnshire,1,10848,high,,Unique tower in Winterton; dedication 'All Saints' matches 'All Saints'
St Catherine,Ludham,Norfolk,1,15469,high,,Unique tower in Ludham; dedication 'S Catherine' matches 'St Catherine'
St Laurence and All Saints,Eastwood,Essex,1,16429,high,19859,Resolved dedication 'S Laurence & All Saints' (Eastwood) among 2 towers in town
All Saints,Coddington,Herefordshire,1,10925,high,,Unique tower in Coddington; dedication 'All Saints' matches 'All Saints'
St Bartholomew,Thurstaston,Merseyside,1,11603,high,,Unique tower in Thurstaston; dedication 'S Bartholomew' matches 'St Bartholomew'
,Skillington,,1,13675,high,,Unique tower in Skillington (Lincolnshire); building unspecified in source
St Piran,Perranarworthal,Cornwall,1,14036,high,,Unique tower in Perranarworthal; dedication 'S Piran' matches 'St Piran'
All Saints,Merriott,Somerset,1,13036,high,,Unique tower in Merriott; dedication 'All Saints' matches 'All Saints'
All Saints,Wetheringsett,Suffolk,1,15546,high,,Unique tower in Wetheringsett; dedication 'All Saints' matches 'All Saints'
SS Peter and Mary (Ringing Chamber),Stowmarket,Suffolk,1,10131,medium,,"Sole ringing tower in Stowmarket, but dedication 'S Peter & S Mary' differs from source 'SS Peter and Mary (Ringing Chamber)'"
,Cotterstock,,1,12936,high,,Unique tower in Cotterstock (Northamptonshire); building unspecified in source
227 Greenhill Road,Adelaide,South Australia,1,,none,,Private residence address (handbell ring)
"St Andrew's, Ringing Chamber.","Walkerville, Adelaide",South Australia,1,17138,high,,"Resolved via suburb/parish 'Adelaide' in town name (Adelaide, S Andrew)"
St Peter,Stockbridge,Hampshire,1,16227,high,,Unique tower in Stockbridge; dedication 'S Peter' matches 'St Peter'
St Margaret,Lewknor,Oxfordshire,1,11230,high,,Unique tower in Lewknor; dedication 'S Margaret' matches 'St Margaret'
St Mary,Abbotts Ann,Hampshire,1,15904,high,,Unique tower in Abbotts Ann; dedication 'S Mary' matches 'St Mary'
,Little Glemham,,1,14569,high,,Unique tower in Little Glemham (Suffolk); building unspecified in source
,Leck,,1,16898,high,,Unique tower in Leck (Lancashire); building unspecified in source
St Bartholomew,Oake,Somerset,1,12698,high,,Unique tower in Oake; dedication 'S Bartholomew' matches 'St Bartholomew'
Arborfield,Little Aston,Warks,1,,none,,No matching tower found for 'Little Aston' in Dove register
School House,Burbage,Derbyshire,1,,none,,Private residence name (handbell ring)
All Saints,Hordle,Hampshire,1,14809,high,,Unique tower in Hordle; dedication 'All Saints' matches 'All Saints'
St Bega,Bassenthwaite,Cumberland,1,18168,high,18169,Resolved dedication 'S Bega' (Bassenthwaite) among 2 towers in town
,Earl Stonham,,1,13850,high,,Unique tower in Earl Stonham (Suffolk); building unspecified in source
St Mary,Great Bedwyn,Wiltshire,1,13806,high,,Unique tower in Great Bedwyn; dedication 'S Mary' matches 'St Mary'
St Michael,Heckfield,Hampshire,1,14134,high,,Unique tower in Heckfield; dedication 'S Michael' matches 'St Michael'
All Saints,Chilton,Oxfordshire,1,10648,high,,Unique tower in Chilton; dedication 'All Saints' matches 'All Saints'
The Plantagenet Ring,Church Lawford,Warwicks,1,12558,high,14823,Resolved dedication 'Plantagenet Ring' (Church Lawford) among 2 towers in town
St Mary,Turville,Buckinghamshire,1,15373,high,,Unique tower in Turville; dedication 'S Mary' matches 'St Mary'
All saints,Wilbarston,Northamptonshire,1,13270,high,,Unique tower in Wilbarston; dedication 'All Saints' matches 'All saints'
St Nicholas,Stanford on Avon,Northamptonshire,1,14768,high,,Unique tower in Stanford on Avon; dedication 'S Nicholas' matches 'St Nicholas'
St John Baptist,South Collingham,Nottinghamshire,1,11916,high,,Unique tower in South Collingham; dedication 'S John Bapt' matches 'St John Baptist'
St Nicholas,Bulwick,Northamptonshire,1,11146,high,,Unique tower in Bulwick; dedication 'S Nicholas' matches 'St Nicholas'
St Mary V,Stevington,Bedfordshire,1,14643,high,23775,Resolved dedication 'S Mary V' (Stevington) among 2 towers in town
SS Peter and Paul,Courteenhall,Northamptonshire,1,14320,high,,Unique tower in Courteenhall; dedication 'S Peter & S Paul' matches 'SS Peter and Paul'
St John Baptist,Boughton,Northamptonshire,1,11973,high,,Unique tower in Boughton; dedication 'S John Bapt' matches 'St John Baptist'
All Saints,Naseby,Northamptonshire,1,10666,high,,Unique tower in Naseby; dedication 'All Saints' matches 'All Saints'
St Michael and All Angels,Marden,Kent,1,16564,high,,Unique tower in Marden; dedication 'S Michael & All Angels' matches 'St Michael and All Angels'
Dedication Unknown,Corley,Warwickshire,1,16606,high,,Unique tower in Corley; dedication 'dedication unknown' matches 'Dedication Unknown'
SS Peter and Paul,Easton Maudit,Northamptonshire,1,11975,high,,Unique tower in Easton Maudit; dedication 'S Peter & S Paul' matches 'SS Peter and Paul'
,Arnold,Nottinghamshire,1,17152,high,,Unique tower in Arnold (Nottinghamshire); building unspecified in source
Cathedral Church of St Peter the Apostle,Hamilton,New Zealand,1,13098,high,,Unique tower in Hamilton; dedication 'Cath Ch of S Peter' matches 'Cathedral Church of St Peter the Apostle'
The Kowhai Mini Ring,Oamaru,New Zealand,1,,none,,No matching tower found for 'Oamaru' in Dove register
St Peter,Ketteringham,Norfolk,1,13687,high,,Unique tower in Ketteringham; dedication 'S Peter' matches 'St Peter'
St Martin,Welton,Northamptonshire,1,11036,high,,Unique tower in Welton; dedication 'S Martin' matches 'St Martin'
Parish Church,Lytchett Minster,Dorset,1,15544,medium,,"Sole ringing tower in Lytchett Minster, but dedication 'dedication unknown' differs from source 'Parish Church'"
Christ Church,Colliers Wood,Greater London,1,13606,high,,Unique tower in Colliers Wood; dedication 'Christ Church' matches 'Christ Church'
,Carhampton,Somerset,1,14980,high,,Unique tower in Carhampton (Somerset); building unspecified in source
St John the Evangelist,Brigg,Lincolnshire,1,13867,high,,Unique tower in Brigg; dedication 'S John Ev' matches 'St John the Evangelist'
St Mary,Chilham,Kent,1,12618,high,,Unique tower in Chilham; dedication 'S Mary' matches 'St Mary'
St Faith,Berrow,Worcestershire,1,14786,high,,Unique tower in Berrow; dedication 'S Faith' matches 'St Faith'
St Mary Magdalene,Eardisley,Sir Gaerfyrddin,1,,none,,No matching tower found for 'Eardisley' in Dove register
All Saints,Husbands Bosworth,Leicestershire,1,10190,high,,Unique tower in Husbands Bosworth; dedication 'All Saints' matches 'All Saints'
All Saints,Theddingworth,Leicestershire,1,13683,high,,Unique tower in Theddingworth; dedication 'All Saints' matches 'All Saints'
All Saints,Lubenham,Leicestershire,1,16085,high,,Unique tower in Lubenham; dedication 'All Saints' matches 'All Saints'
St John Baptist,Great Carlton,Lincolnshire,1,14583,high,,Unique tower in Great Carlton; dedication 'S John Bapt' matches 'St John Baptist'
St Mary,Great Shefford,Berkshire,1,14533,high,,Unique tower in Great Shefford; dedication 'S Mary' matches 'St Mary'
St Peter and St Paul,Caistor,Lincolnshire,1,13804,high,,Unique tower in Caistor; dedication 'S Peter & S Paul' matches 'St Peter and St Paul'
St Mary the Virgin,Crimplesham,Norfolk,1,14792,high,,Unique tower in Crimplesham; dedication 'S Mary' matches 'St Mary the Virgin'
SS Mary and Milburgh,Offenham,Worcestershire,1,16128,high,,Unique tower in Offenham; dedication 'S Mary & S Milburgh' matches 'SS Mary and Milburgh'
All Saints,North Cave,East Yorkshire,1,,none,,No matching tower found for 'North Cave' in Dove register
Spurriergate Centre,York,,1,10509,high,11340;13714;16004;11426;16125;15985;13479;12165;11836;10444,Resolved dedication 'Spurriergate Centre' (York) among 24 towers in town
St Botolph without Aldgate,City of London,,1,12429,high,15228;11081;13868;13028;11914;16634;16578;10471;16020;13189,Resolved dedication 'S Botolph without Aldgate' (London) among 42 towers in town
St Lawrence,Alton,Hants,1,11925,high,11730,Resolved dedication 'S Lawrence' (Alton) among 2 towers in town
,"Trowbridge (various, Ding)",Wiltshire,1,,none,,"No matching tower found for 'Trowbridge (various, Ding)' in Dove register"
,Ringing Room,South Manchester,1,,none,,Virtual ringing platform or dispersed locations
St Luke,Stoke Prior,Herefordshire,1,11161,high,,Unique tower in Stoke Prior; dedication 'S Luke' matches 'St Luke'
St Luke,Hickling,Nottinghamshire,1,13620,high,,Unique tower in Hickling; dedication 'S Luke' matches 'St Luke'
Holy Trinity,Shenington,Oxfordshire,1,14877,high,,Unique tower in Shenington; dedication 'Holy Trinity' matches 'Holy Trinity'
St Peter-ad-Vincula,South Newington,Oxfordshire,1,12604,high,,Unique tower in South Newington; dedication 'S Peter ad Vincula' matches 'St Peter-ad-Vincula'
,Merton,Surrey,1,,none,,No matching tower found for 'Merton' in Dove register
All Saints,Barnby in the Willows,Nottinghamshire,1,14951,high,,Unique tower in Barnby in the Willows; dedication 'All Saints' matches 'All Saints'
St John the Baptist Churchyard,Ripe,East Sussex,1,13971,high,,Unique tower in Ripe; dedication 'S John Bapt' matches 'St John the Baptist Churchyard'
18 Westwood Road,Southampton,Hampshire,1,,none,,Private residence address (handbell ring)
All Saints,Winterslow,Wiltshire,1,10387,high,24884,Resolved dedication 'All Saints' (Winterslow) among 2 towers in town
St Peter and St Paul,Cosgrove,Northamptonshire,1,16740,high,,Unique tower in Cosgrove; dedication 'S Peter & S Paul' matches 'St Peter and St Paul'
All Saints,Bubwith,East Riding of Yorkshire,1,12235,high,,Unique tower in Bubwith; dedication 'All Saints' matches 'All Saints'
St Andrew's Vicarage,Derby,Derbyshire,1,,none,16607;16699;10354;19605;19606;19609;19610;19611;19613,Unresolved: 'St Andrew's Vicarage' did not match any of the 9 towers in Derby
Holy Trinity,Horfield,Bristol,1,14927,high,21021,Resolved dedication 'Holy Trinity' (Horfield) among 2 towers in town
Nativity of the Blessed Virgin Mary,Madley,Herefordshire,1,11004,high,,Unique tower in Madley; dedication 'Nativity of BVM' matches 'Nativity of the Blessed Virgin Mary'
,Needwood,,1,,none,,No matching tower found for 'Needwood' in Dove register
St Andrew,Raveningham,Norfolk,1,15499,high,,Unique tower in Raveningham; dedication 'S Andrew' matches 'St Andrew'
St Martin of Tours,St Martins,Shropshire,1,12760,high,,Unique tower in St Martins; dedication 'S Martin of Tours' matches 'St Martin of Tours'
,Paul,Cornwall,1,13468,high,,Unique tower in Paul (Cornwall); building unspecified in source
All Saints,Kington Magna,Dorset,1,12051,high,,Unique tower in Kington Magna; dedication 'All Saints' matches 'All Saints'
,Coln St Dennis,,1,14549,high,,Unique tower in Coln St Dennis (Gloucestershire); building unspecified in source
,Ascott,Somerset,1,,none,,No matching tower found for 'Ascott' in Dove register
St Tysul,Llandysul,Ceredigion,1,11469,high,,Unique tower in Llandysul; dedication 'S Tysul' matches 'St Tysul'
SS Peter and Paul,Ospringe,Kent,1,16263,high,,Unique tower in Ospringe; dedication 'S Peter & S Paul' matches 'SS Peter and Paul'
St Mary the Virgin,Strensall,Yorkshire,1,15384,high,,Unique tower in Strensall; dedication 'S Mary V' matches 'St Mary the Virgin'
St Mary,Dallington,Northamptonshire,1,15899,high,,Unique tower in Dallington; dedication 'S Mary' matches 'St Mary'
94 Eastern Avenue,Reading,Berkshire,1,,none,,Private residence address (handbell ring)
,Magor,Monmouthshire,1,14698,high,,Unique tower in Magor (Monmouthshire); building unspecified in source
St Mary,Magor,Monmouthshire,1,14698,high,,Unique tower in Magor; dedication 'S Mary V' matches 'St Mary'
,Great Gidding,,1,16711,high,,Unique tower in Great Gidding (Cambridgeshire); building unspecified in source
St Michael,Compton Martin,Somerset,1,13412,high,,Unique tower in Compton Martin; dedication 'S Michael' matches 'St Michael'
St Nicholas,Standish,Gloucestershire,1,12798,high,25252,Resolved dedication 'S Nicholas' (Standish) among 2 towers in town
Holy Trinity,Bowerchalke,Wiltshire,1,11689,high,,Unique tower in Bowerchalke; dedication 'Holy Trinity' matches 'Holy Trinity'
SS. Mary & Nicholas,Compton Parva,Berkshire,1,11395,high,,Unique tower in Compton Parva; dedication 'S Mary & S Nicholas' matches 'SS. Mary & Nicholas'
St Helen,Trowell,Nottinghamshire,1,15498,high,,Unique tower in Trowell; dedication 'S Helen' matches 'St Helen'
Tow path opposite Aston's Eyot (The Very Lonely Rooster),Oxford,Oxfordshire,1,,none,14542;10172;11850;12299;11203;16203;13271;13903;10326;10578,Unresolved: 'Tow path opposite Aston's Eyot (The Very Lonely Rooster)' did not match any of the 26 towers in Oxford
26 Sancton Rd,Market Weighton,East Yorkshire,1,,none,,Private residence address (handbell ring)
,Belper,Derbyshire,1,16536,medium,18259;18260;18261,Partial dedication match for 'S Peter' among 4 towers in town
,Gayton,Northamptonshire,1,13295,high,,Unique tower in Gayton (Northamptonshire); building unspecified in source
St Peter,Astley,Worcestershire,1,15965,high,,Unique tower in Astley; dedication 'S Peter' matches 'St Peter'
St Andrew,Nether Wallop,Hampshire,1,10117,high,,Unique tower in Nether Wallop; dedication 'S Andrew' matches 'St Andrew'
10 Knipe Close,Huntingdon,,1,,none,,Private residence address (handbell ring)
33 Westbourne Avenue,Kingston upon Hull,,1,,none,,Private residence address (handbell ring)
St James the Apostle,Swimbridge,Devon,1,16570,high,,Unique tower in Swimbridge; dedication 'S James Ap' matches 'St James the Apostle'
All Saints,Hillesden,Buckinghamshire,1,12887,high,,Unique tower in Hillesden; dedication 'All Saints' matches 'All Saints'
,Charlton,Wiltshire,1,19071,high,,Unique tower in Charlton (Wiltshire); building unspecified in source
ss Peter & Paul,Pettistree,Suffolk,1,13016,high,,Unique tower in Pettistree; dedication 'S Peter & S Paul' matches 'ss Peter & Paul'
Humphrey Perkins School,Barrow-on-Soar,Leics,1,14755,medium,,"Sole ringing tower in Barrow upon Soar, but dedication 'Holy Trinity' differs from source 'Humphrey Perkins School'"
,Pettistree,,1,13016,high,,Unique tower in Pettistree (Suffolk); building unspecified in source
St Mary,Cratfield,Suffolk,1,14556,high,,Unique tower in Cratfield; dedication 'S Mary' matches 'St Mary'
,Silk Willoughby,,1,11578,high,,Unique tower in Silk Willoughby (Lincolnshire); building unspecified in source
St John Ev,Clevedon,Somerset,1,15021,high,16163;10974;12457;19225;19226,Resolved dedication 'S John Ev' (Clevedon) among 6 towers in town
St Peter,Hartshorne,Derbyshire,1,15102,high,,Unique tower in Hartshorne; dedication 'S Peter' matches 'St Peter'
,Hendon,Middlesex,1,13894,high,,Unique tower in Hendon (Greater London); building unspecified in source
,Warehorne,,1,17059,high,,Unique tower in Warehorne (Kent); building unspecified in source
St Peter,Monks Eleigh,Suffolk,1,10872,high,,Unique tower in Monks Eleigh; dedication 'S Peter' matches 'St Peter'
All Saints,Houghton Conquest,Bedfordshire,1,13569,high,,Unique tower in Houghton Conquest; dedication 'All Saints' matches 'All Saints'
St Nicholas,Sutton St Nicholas,Herefordshire,1,13524,high,,Unique tower in Sutton St Nicholas; dedication 'S Nicholas' matches 'St Nicholas'
St Mary the Virgin,Fryerning,Essex,1,12553,high,,Unique tower in Fryerning; dedication 'S Mary V' matches 'St Mary the Virgin'
St Mary,Micheldever,Hampshire,1,13846,high,,Unique tower in Micheldever; dedication 'S Mary' matches 'St Mary'
Blessed V Mary,Ston Easton,Somerset,1,10029,medium,,"Sole ringing tower in Ston Easton, but dedication 'Blessed Virgin Mary' differs from source 'Blessed V Mary'"
"St Andrew's,",Potterhanworth,"Lincolnshire,",1,14584,high,,"Unique tower in Potterhanworth; dedication 'S Andrew' matches 'St Andrew's,'"
St Andrew,Potterhanworth,Lincolnshire,1,14584,high,,Unique tower in Potterhanworth; dedication 'S Andrew' matches 'St Andrew'
St Swithun,Shobrooke,Devon,1,13768,high,,Unique tower in Shobrooke; dedication 'S Swithin' matches 'St Swithun'
St Mary the Virgin,Rewe,Devon,1,13175,high,,Unique tower in Rewe; dedication 'S Mary V' matches 'St Mary the Virgin'
St John the Baptist,Charlton,Wiltshire,1,19071,medium,,"Sole ringing tower in Charlton, but dedication 'S Peter' differs from source 'St John the Baptist'"
St James,Waterfoot,Lancashire,1,,none,,No matching tower found for 'Waterfoot' in Dove register
"St Peter, West Liss",Liss,Hampshire,1,10378,high,25916;13966,Resolved dedication 'S Peter' (Liss) among 3 towers in town
St Andrew,Owslebury,Hampshire,1,16439,high,,Unique tower in Owslebury; dedication 'S Andrew' matches 'St Andrew'
St Peter,Stanton Lacy,Shropshire,1,12343,high,,Unique tower in Stanton Lacy; dedication 'S Peter' matches 'St Peter'
St Edmund King and Martyr,Tendring,Essex,1,14995,high,,Unique tower in Tendring; dedication 'S Edmund K&M' matches 'St Edmund King and Martyr'
College,Winchester,,1,11660,high,14349;11985;11942;24845;24846;24847;24854;24853;24848;24849,Resolved dedication 'Chapel of S Mary' (Winchester) among 15 towers in town
Abbey Ch of St Andrew,Sempringham,Lincolnshire,1,15245,high,,Unique tower in Sempringham; dedication 'Abbey Ch of S Andrew' matches 'Abbey Ch of St Andrew'
St Gregory,Weare,Somerset,1,11112,high,,Unique tower in Weare; dedication 'S Gregory' matches 'St Gregory'
All Saints,Curry Mallet,Somerset,1,12423,high,,Unique tower in Curry Mallet; dedication 'All Saints' matches 'All Saints'
St George the Martyr,Dean Prior,Devon,1,11393,high,,Unique tower in Dean Prior; dedication 'S George M' matches 'St George the Martyr'
St Leonard,Wollaton,Nottinghamshire,1,12674,high,,Unique tower in Wollaton; dedication 'S Leonard' matches 'St Leonard'
Piglet in the Wilde,Marston Bigot,Somerset,1,17035,medium,,"Sole ringing tower in Marston Bigot, but dedication 'S Leonard' differs from source 'Piglet in the Wilde'"
St Benet Fink,City of London,,1,21749,medium,15228;11081;13868;12429;13028;11914;16634;16578;10471;16020,Partial dedication match for 'S Benet Pauls Wharf' among 42 towers in town
St John the Baptist,Garboldisham,Norfolk,1,10815,high,,Unique tower in Garboldisham; dedication 'S John Bapt' matches 'St John the Baptist'
,Worcester Cathedral Ringing Room,Worcestershire,1,,none,,No matching tower found for 'Worcester Cathedral Ringing Room' in Dove register
All Saints,Hitcham,Suffolk,1,13509,high,,Unique tower in Hitcham; dedication 'All Saints' matches 'All Saints'
,Fallowfield,Lancs,1,16503,high,,Unique tower in Fallowfield (Greater Manchester); building unspecified in source
"Watford, Wickford",Ringing Room,,1,,none,,Virtual ringing platform or dispersed locations
"Watford, Hemel Hempstead",Ringing Room,,1,,none,,Virtual ringing platform or dispersed locations
St Mary the Virgin,Hemingbrough,North Yorkshire,1,10529,high,,Unique tower in Hemingbrough; dedication 'S Mary V' matches 'St Mary the Virgin'
All Saints,Rockwell Green,Somerset,1,10049,high,,Unique tower in Wellington; dedication 'All Saints' matches 'All Saints'
St James,Preston Plucknett,Somerset,1,14971,high,,Unique tower in Preston Plucknett; dedication 'S James' matches 'St James'
,Fulbeck,,1,15670,high,,Unique tower in Fulbeck (Lincolnshire); building unspecified in source
Mor-Awelon,Swansea,Glam,1,16084,medium,,"Sole ringing tower in Swansea, but dedication 'Minster Ch of S Mary' differs from source 'Mor-Awelon'"
,Limpsfield Chart,,1,16336,high,,Unique tower in Limpsfield Chart (Surrey); building unspecified in source
,Gaywood,,1,14029,high,,Unique tower in Gaywood (Norfolk); building unspecified in source
,Rattlesden,,1,11214,high,,Unique tower in Rattlesden (Suffolk); building unspecified in source
St Mary,Widford,Essex,1,11451,high,,Unique tower in Widford; dedication 'S Mary' matches 'St Mary'
,Wollaston,Worcs,1,12980,high,,Unique tower in Wollaston (West Midlands); building unspecified in source
St Mary and All Saints,Willoughby-on-the-Wolds,Nottinghamshire,1,12133,high,,Unique tower in Willoughby on the Wolds; dedication 'S Mary & All Saints' matches 'St Mary and All Saints'
St Peter,Great Totham,Essex,1,12187,high,,Unique tower in Great Totham; dedication 'S Peter' matches 'St Peter'
,Newdigate,,1,15916,high,,Unique tower in Newdigate (Surrey); building unspecified in source
St Germain,Bobbingworth,Essex,1,10142,high,,Unique tower in Bobbingworth; dedication 'S Germain' matches 'St Germain'
,Ingoldmells,,1,15549,high,,Unique tower in Ingoldmells (Lincolnshire); building unspecified in source
St Mary,Mablethorpe,Lincolnshire,1,12692,high,,Unique tower in Mablethorpe; dedication 'S Mary' matches 'St Mary'
St Paul,Tiverton,Devon,1,11748,high,11283;24149,Resolved dedication 'S Paul' (Tiverton) among 3 towers in town
St Mary,St Mary Cray,Kent,1,,none,,No matching tower found for 'St Mary Cray' in Dove register
St Petrock,Lydford,Devon,1,16380,high,,Unique tower in Lydford; dedication 'S Petrock' matches 'St Petrock'
SS Peter and Paul,Wigtoft,Lincolnshire,1,16557,high,,Unique tower in Wigtoft; dedication 'S Peter & S Paul' matches 'SS Peter and Paul'
The Ascension,Southampton (Bitterne Park),Hampshire,1,,none,,No matching tower found for 'Southampton (Bitterne Park)' in Dove register
Former Church of St Mary Magdalene,Monkton,Devon,1,17027,high,,Unique tower in Monkton; dedication 'former ch of S Mary Magd' matches 'Former Church of St Mary Magdalene'
St John the Evangelist,Penge,Kent,1,,none,,No matching tower found for 'Penge' in Dove register
St John the Baptist,Symondsbury,Dorset,1,13031,high,,Unique tower in Symondsbury; dedication 'S John Bapt' matches 'St John the Baptist'
All Saints,Danehill,East Sussex,1,17032,high,,Unique tower in Danehill; dedication 'All Saints' matches 'All Saints'
St Giles,Chetton,Shropshire,1,14526,high,,Unique tower in Chetton; dedication 'S Giles' matches 'St Giles'
St Helen,Alveston,Gloucestershire,1,11351,high,,Unique tower in Alveston; dedication 'S Helen' matches 'St Helen'
St Mary the Virgin,Stebbing,Essex,1,12071,high,,Unique tower in Stebbing; dedication 'S Mary V' matches 'St Mary the Virgin'
Blessed Virgin Mary,Nempnett Thrubwell,Somerset,1,14020,high,,Unique tower in Nempnett Thrubwell; dedication 'Blessed Virgin Mary' matches 'Blessed Virgin Mary'
St Peter,Upwell,Norfolk,1,12664,high,,Unique tower in Upwell; dedication 'S Peter' matches 'St Peter'
,Winterton,Lincs,1,10848,high,,Unique tower in Winterton (Lincolnshire); building unspecified in source
,Cheriton,Kent,1,15395,high,,Unique tower in Cheriton (Kent); building unspecified in source
St Michael,Breaston,Derbyshire,1,10301,high,,Unique tower in Breaston; dedication 'S Michael' matches 'St Michael'
St James,Fitzhead,Somerset,1,16888,high,,Unique tower in Fitzhead; dedication 'S James' matches 'St James'
St Michael and All Angels,Stanton by Dale,Derbyshire,1,14722,high,,Unique tower in Stanton by Dale; dedication 'S Michael & All Angels' matches 'St Michael and All Angels'
,Longparish,,1,12538,high,,Unique tower in Longparish (Hampshire); building unspecified in source
St Mary,Crosthwaite,Cumbria,1,13673,high,16395,Resolved dedication 'S Mary' (Crosthwaite) among 2 towers in town
St Leonard,Beoley,Worcestershire,1,16649,high,,Unique tower in Beoley; dedication 'S Leonard' matches 'St Leonard'
St George,Wembdon,Somerset,1,12460,high,,Unique tower in Wembdon; dedication 'S George' matches 'St George'
St Bartholomew,Ubley,Somerset,1,15331,high,,Unique tower in Ubley; dedication 'S Bartholomew' matches 'St Bartholomew'
Blessed Virgin Mary,Cossington,Somerset,1,14121,high,,Unique tower in Cossington; dedication 'Blessed Virgin Mary' matches 'Blessed Virgin Mary'
St Michael and All Angels,Butcombe,Somerset,1,14316,high,,Unique tower in Butcombe; dedication 'S Michael & All Angels' matches 'St Michael and All Angels'
St Peter and St Paul,Odcombe,Somerset,1,16815,high,,Unique tower in Odcombe; dedication 'S Peter & S Paul' matches 'St Peter and St Paul'
SS Peter and Paul,Bleadon,Somerset,1,14230,high,,Unique tower in Bleadon; dedication 'S Peter & S Paul' matches 'SS Peter and Paul'
,Stoke d'Abernon,,1,11165,high,,Unique tower in Stoke D'Abernon (Surrey); building unspecified in source
,Manaton,Devon,1,10880,high,,Unique tower in Manaton (Devon); building unspecified in source
St Mary the Virgin,Calverleigh,Devon,1,13367,high,,Unique tower in Calverleigh; dedication 'S Mary V' matches 'St Mary the Virgin'
St Mary V,Purley,Berkshire,1,10056,high,,Unique tower in Purley; dedication 'S Mary V' matches 'St Mary V'
St Stephen,St Albans,,1,10871,high,15782;14427;11034;23608;23609;23610;21987,Resolved dedication 'S Stephen' (St Albans) among 8 towers in town
,Stone,Worcestershire,1,13942,high,,Unique tower in Stone (Worcestershire); building unspecified in source
the Holy Rude,Stirling,Stirlingshire,1,17099,high,,Unique tower in Stirling; dedication 'Holy Rude' matches 'the Holy Rude'
St Peter and St Paul,Broadhempston,Devon,1,12156,high,,Unique tower in Broadhempston; dedication 'S Peter & S Paul' matches 'St Peter and St Paul'
SS Mary the Virgin and Martin,Ideford,Devon,1,13103,high,,Unique tower in Ideford; dedication 'S Mary V' matches 'SS Mary the Virgin and Martin'
St Peter,Rock Ferry,Merseyside,1,14109,high,,Unique tower in Rock Ferry; dedication 'S Peter' matches 'St Peter'
St Oswald,Bidston,Cheshire,1,16744,high,,Unique tower in Bidston; dedication 'S Oswald' matches 'St Oswald'
Holy Cross,Binsted,Hampshire,1,16467,high,,Unique tower in Binsted; dedication 'Holy Cross' matches 'Holy Cross'
4 Windmill Close,Buerton,,1,,none,,Private residence address (handbell ring)
,Andover,,1,15738,medium,25409,Partial dedication match for 'S Mary V' among 2 towers in town
St Mary,Great Brington,Northamptonshire,1,14442,high,,Unique tower in Great Brington; dedication 'S Mary' matches 'St Mary'
Blessed Virgin Mary,Abbotskerswell,Devon,1,11765,high,,Unique tower in Abbotskerswell; dedication 'Blessed Virgin Mary' matches 'Blessed Virgin Mary'
St Mary,Brixton,Devon,1,16921,high,,Unique tower in Brixton; dedication 'S Mary' matches 'St Mary'
St Mary the Virgin,Exbourne,Devon,1,14185,high,,Unique tower in Exbourne; dedication 'S Mary V' matches 'St Mary the Virgin'
St Nicholas,Brushford,Somerset,1,10888,high,,Unique tower in Brushford; dedication 'S Nicholas' matches 'St Nicholas'
St Leonard,Minety,Wiltshire,1,16187,high,,Unique tower in Minety; dedication 'S Leonard' matches 'St Leonard'
St Christopher,Lympsham,Somerset,1,11150,high,,Unique tower in Lympsham; dedication 'S Christopher' matches 'St Christopher'
St John the Evangelist,Clevedon,Somerset,1,15021,high,16163;10974;12457;19225;19226,Resolved dedication 'S John Ev' (Clevedon) among 6 towers in town
St Michael & All Angels,Shap,Cumbria,1,13505,high,,Unique tower in Shap; dedication 'S Michael & All Angels' matches 'St Michael & All Angels'
"Gonville & Caius College, St Mary's Court, Staircase J",Cambridge,Cambridgeshire,1,,none,12645;15139;16664;14964;17550;13803;13748;18933;18934;25479,"Unresolved: 'Gonville & Caius College, St Mary's Court, Staircase J' did not match any of the 27 towers in Cambridge"
St Augustine,Locking,Somerset,1,14679,high,,Unique tower in Locking; dedication 'S Augustine' matches 'St Augustine'
Holy Trinity,Bottisham,Cambridgeshire,1,14271,high,,Unique tower in Bottisham; dedication 'Holy Trinity' matches 'Holy Trinity'
All Saints,Norton Fitzwarren,Somerset,1,11982,high,,Unique tower in Norton Fitzwarren; dedication 'All Saints' matches 'All Saints'
,Thornham Magna,Suffolk,1,10753,high,,Unique tower in Thornham Magna (Suffolk); building unspecified in source
St George,Bicknoller,Somerset,1,15172,high,,Unique tower in Bicknoller; dedication 'S George' matches 'St George'
St Mary the Virgin,Stanton Drew,Somerset,1,14552,high,,Unique tower in Stanton Drew; dedication 'S Mary V' matches 'St Mary the Virgin'
St Peter,Exton,Somerset,1,13368,high,,Unique tower in Exton; dedication 'S Peter' matches 'St Peter'
St Giles,Hawkridge,Somerset,1,11138,high,,Unique tower in Hawkridge; dedication 'S Giles' matches 'St Giles'
St John the Evangelist,Cutcombe,Somerset,1,10250,high,,Unique tower in Cutcombe; dedication 'S John Ev' matches 'St John the Evangelist'
,Wick St Lawrence,Somerset,1,15058,high,,Unique tower in Wick St Lawrence (Somerset); building unspecified in source
,Rowberrow,Somerset,1,14075,high,,Unique tower in Rowberrow (Somerset); building unspecified in source
,Shipham,Somerset,1,13574,high,,Unique tower in Shipham (Somerset); building unspecified in source
St Michael and All Angels,Stawley,Somerset,1,14232,high,,Unique tower in Stawley; dedication 'S Michael & All Angels' matches 'St Michael and All Angels'
St Michael,Angersleigh,Somerset,1,11406,high,,Unique tower in Angersleigh; dedication 'S Michael' matches 'St Michael'
Blessed Virgin Mary,West Buckland,Somerset,1,14103,high,,Unique tower in West Buckland; dedication 'Blessed Virgin Mary' matches 'Blessed Virgin Mary'
St John the Evangelist,Staplegrove,Somerset,1,11681,high,,Unique tower in Staplegrove; dedication 'S John Ev' matches 'St John the Evangelist'
,Compton Bishop,Somerset,1,10569,high,,Unique tower in Compton Bishop (Somerset); building unspecified in source
SS Peter and Paul,Churchstanton,Somerset,1,15948,high,,Unique tower in Churchstanton; dedication 'S Peter & S Paul' matches 'SS Peter and Paul'
All Saints,North Cave,East Riding of Yorkshire,1,13972,high,,Unique tower in North Cave; dedication 'All Saints' matches 'All Saints'
,Hutton,Somerset,1,16569,high,,Unique tower in Hutton (Somerset); building unspecified in source
Blessed Virgin Mary,Brompton Ralph,Somerset,1,11606,high,,Unique tower in Brompton Ralph; dedication 'Blessed Virgin Mary' matches 'Blessed Virgin Mary'
St Faith,Dorstone,Herefordshire,1,17091,high,,Unique tower in Dorstone; dedication 'S Faith' matches 'St Faith'
St Michael,Michaelchurch Escley,Herefordshire,1,12784,high,,Unique tower in Michaelchurch Escley; dedication 'S Michael' matches 'St Michael'
St James,Harvington,Worcestershire,1,14915,high,,Unique tower in Harvington; dedication 'S James' matches 'St James'
The Bicycle Ring On Tour V2,"4 Ashley Close, Charlton Kings",Gloucestershire,1,,none,,"No matching tower found for '4 Ashley Close, Charlton Kings' in Dove register"
25a Alma Rd - The Bicycle Ring On Tour V2,Cheltenham,Gloucestershire,1,,none,,Private residence address (handbell ring)
St Etheldreda,Horley,Oxfordshire,1,13977,high,,Unique tower in Horley; dedication 'S Etheldreda' matches 'St Etheldreda'
St Helen's,Brant Broughton,Lincolnshire,1,16817,high,,Unique tower in Brant Broughton; dedication 'S Helen' matches 'St Helen's'
,Brathay,,1,14837,high,,Unique tower in Brathay (Cumbria); building unspecified in source
,Arlecdon,Cumbria,1,12524,high,,Unique tower in Arlecdon (Cumbria); building unspecified in source
,Crosthwaite,,1,13673,medium,16395,Partial dedication match for 'S Mary' among 2 towers in town
St Andrew,Saxthorpe,Norfolk,1,14979,high,,Unique tower in Saxthorpe; dedication 'S Andrew' matches 'St Andrew'
St James,Ludgershall,Wiltshire,1,14944,high,,Unique tower in Ludgershall; dedication 'S James' matches 'St James'
St John Div,Merton,Greater London,1,16805,high,12509;22065,Resolved dedication 'S John Div' (Merton) among 3 towers in town
Blessed Virgin Mary,Hutton,Somerset,1,16569,high,,Unique tower in Hutton; dedication 'Blessed Virgin Mary' matches 'Blessed Virgin Mary'
,Ringing Room UK,Broadfield Park,1,,none,,No matching tower found for 'Ringing Room UK' in Dove register
,South Wingfield,Derbyshire,1,12326,high,,Unique tower in South Wingfield (Derbyshire); building unspecified in source
St Swithin,Wellow,Nottinghamshire,1,14210,high,,Unique tower in Wellow; dedication 'S Swithin' matches 'St Swithin'
St Julian,Wellow,Somerset,1,17052,high,,Unique tower in Wellow; dedication 'S Julian' matches 'St Julian'
All Saints,Upper Clatford,Hampshire,1,11232,high,,Unique tower in Upper Clatford; dedication 'All Saints' matches 'All Saints'
St Mary the Virgin,Glemsford,Suffolk,1,16466,high,,Unique tower in Glemsford; dedication 'S Mary V' matches 'St Mary the Virgin'
St Mary,Hitcham,Buckinghamshire,1,15217,high,,Unique tower in Hitcham; dedication 'S Mary' matches 'St Mary'
,Denby,Derbyshire,1,15585,high,,Unique tower in Denby (Derbyshire); building unspecified in source
2/2 Ben Boyd Rd,Neutral Bay,New South Wales,1,,none,,No matching tower found for 'Neutral Bay' in Dove register
,Marchington,Staffordshire,1,11082,high,,Unique tower in Marchington (Staffordshire); building unspecified in source
St Nicholas,Oakley,Suffolk,1,10422,high,,Unique tower in Oakley; dedication 'S Nicholas' matches 'St Nicholas'
All Saints,Brightwalton,Berkshire,1,13721,high,,Unique tower in Brightwalton; dedication 'All Saints' matches 'All Saints'
St Mary,Shroton (Iwerne Courtney),Dorset,1,,none,,No matching tower found for 'Shroton (Iwerne Courtney)' in Dove register
Houghton Bury,Houghton,Cambridgeshire,1,12946,medium,,"Sole ringing tower in Houghton, but dedication 'S Mary' differs from source 'Houghton Bury'"
Nutbells,Little Gransden,Cambridgeshire,1,10948,medium,,"Sole ringing tower in Little Gransden, but dedication 'S Peter & S Paul' differs from source 'Nutbells'"
St Mary,Chartham,Kent,1,11093,high,,Unique tower in Chartham; dedication 'S Mary' matches 'St Mary'
St Michael and All Angels,Cheriton,Hampshire,1,10125,high,,Unique tower in Cheriton; dedication 'S Michael & All Angels' matches 'St Michael and All Angels'
St Mary,Temple Guiting,Gloucestershire,1,13428,high,,Unique tower in Temple Guiting; dedication 'S Mary' matches 'St Mary'
St Mary the Virgin,Bromfield,Shropshire,1,10952,high,,Unique tower in Bromfield; dedication 'S Mary V' matches 'St Mary the Virgin'
St Christopher,"Cheltenham, Warden Hill",Gloucestershire,1,,none,,"No matching tower found for 'Cheltenham, Warden Hill' in Dove register"
St Peter and St Paul,Bassingbourn,Cambridgeshire,1,14388,high,,Unique tower in Bassingbourn; dedication 'S Peter & S Paul' matches 'St Peter and St Paul'
St Mary,Dennington,Suffolk,1,11257,high,,Unique tower in Dennington; dedication 'S Mary' matches 'St Mary'
Art's Centre,York,North Yorkshire,1,,none,11340;13714;16004;11426;16125;15985;13479;12165;10509;11836,Unresolved: 'Art's Centre' did not match any of the 23 towers in York
St Peter and St Paul,Exton,Rutland,1,16717,high,,Unique tower in Exton; dedication 'S Peter & S Paul' matches 'St Peter and St Paul'
St Mary the Virgin,Yaxley,Suffolk,1,12407,high,,Unique tower in Yaxley; dedication 'S Mary V' matches 'St Mary the Virgin'
St Thomas,Ringing Room,UK,1,,none,,Virtual ringing platform or dispersed locations
St Nicholas,Winterborne Kingston,Dorset,1,11463,high,,Unique tower in Winterborne Kingston; dedication 'S Nicholas' matches 'St Nicholas'
St Cyr,Stonehouse,Gloucestershire,1,10572,high,,Unique tower in Stonehouse; dedication 'S Cyr' matches 'St Cyr'
St Mary,Bozeat,Northamptonshire,1,13973,high,,Unique tower in Bozeat; dedication 'S Mary' matches 'St Mary'
St Mary,Oxted,Surrey,1,12657,high,,Unique tower in Oxted; dedication 'S Mary' matches 'St Mary'
7 Bare Lane,Ockbrook,Derbyshire,1,,none,,Private residence address (handbell ring)
SS Peter and Paul,Bassingbourn,Cambridgeshire,1,14388,high,,Unique tower in Bassingbourn; dedication 'S Peter & S Paul' matches 'SS Peter and Paul'
St Mary V,Denby,Derbyshire,1,15585,high,,Unique tower in Denby; dedication 'S Mary V' matches 'St Mary V'
St Andrew,Folkingham,Lincolnshire,1,14884,high,,Unique tower in Folkingham; dedication 'S Andrew' matches 'St Andrew'
All Saints,Renhold,Bedfordshire,1,12373,high,,Unique tower in Renhold; dedication 'All Saints' matches 'All Saints'
Christ Church,New Mill,West Yorkshire,1,14064,high,,Unique tower in New Mill; dedication 'Christ Church' matches 'Christ Church'
St Peter and St Paul,Gosberton,Lincolnshire,1,16418,high,,Unique tower in Gosberton; dedication 'S Peter & S Paul' matches 'St Peter and St Paul'
St Luke and All Saints,Darrington,West Yorkshire,1,13082,high,,Unique tower in Darrington; dedication 'S Luke & All Saints' matches 'St Luke and All Saints'
Hampole Manor,Hampole,Yorkshire,1,,none,,No matching tower found for 'Hampole' in Dove register
St Mary the Virgin,Kelly,Devon,1,10336,high,,Unique tower in Kelly; dedication 'S Mary V' matches 'St Mary the Virgin'
RC Cathedral Church of St Mary,Sydney,New South Wales,1,15468,high,16969;13849;14777;13677;11518;10621;12983;13900;11755;16839,Resolved dedication 'Cath Ch of S Mary' (Sydney) among 20 towers in town
,Castor,,1,14322,high,,Unique tower in Castor (Cambridgeshire); building unspecified in source
St Mary the Virgin,Ponteland,Northumberland,1,13739,high,,Unique tower in Ponteland; dedication 'S Mary V' matches 'St Mary the Virgin'
St James,Freiston,Lincolnshire,1,11505,high,,Unique tower in Freiston; dedication 'S James' matches 'St James'
Ss Peter and Paul,Algarkirk,Lincolnshire,1,15381,high,,Unique tower in Algarkirk; dedication 'S Peter & S Paul' matches 'Ss Peter and Paul'
,Bradbourne,Derbyshire,1,10554,high,,Unique tower in Bradbourne (Derbyshire); building unspecified in source
St John the Baptist,Stokesay,Shropshire,1,13653,high,,Unique tower in Stokesay; dedication 'S John Bapt' matches 'St John the Baptist'
,Mathon,Herefordshire,1,16140,high,,Unique tower in Mathon (Herefordshire); building unspecified in source
"Foxborough (MA), Livermore (CA), Coon Rapids (MN)",Ringing Room,USA,1,,none,,Virtual ringing platform or dispersed locations
St Peter,Blaxhall,Suffolk,1,11250,high,,Unique tower in Blaxhall; dedication 'S Peter' matches 'St Peter'
St Peter,Lowick,Northamptonshire,1,11831,high,,Unique tower in Lowick; dedication 'S Peter' matches 'St Peter'
S James,Cowley,Oxfordshire,1,10537,high,25717;25741;19420,Resolved dedication 'S James' (Cowley) among 4 towers in town
St Chad,Dunholme,Lincolnshire,1,13243,high,,Unique tower in Dunholme; dedication 'S Chad' matches 'St Chad'
"St Edward, King and Martyr",Cambridge,Cambridgeshire,1,13803,medium,12645;15139;16664;14964;17550;13748;18933;18934;25479;18935,Partial dedication match for 'S Edward K&M' among 27 towers in town
St James the Apostle,Wigmore,Herefordshire,1,12718,high,,Unique tower in Wigmore; dedication 'S James Ap' matches 'St James the Apostle'
St Michael AA,Wadenhoe,Northamptonshire,1,10817,high,,Unique tower in Wadenhoe; dedication 'S Michael & All Angels' matches 'St Michael AA'
St Peter,Empingham,Rutland,1,10580,high,,Unique tower in Empingham; dedication 'S Peter' matches 'St Peter'
St James the Less,Sulgrave,Northamptonshire,1,15537,high,,Unique tower in Sulgrave; dedication 'S James Less' matches 'St James the Less'
All Saints,King's Cliffe,Northamptonshire,1,15146,high,,Unique tower in King's Cliffe; dedication 'All Saints' matches 'All Saints'
St Mary Magdalene,Eardisley,Herefordshire,1,16548,high,,Unique tower in Eardisley; dedication 'S Mary Magd' matches 'St Mary Magdalene'
St Andrew,Lyddington,Rutland,1,11564,high,,Unique tower in Lyddington; dedication 'S Andrew' matches 'St Andrew'
SS Peter and Paul,Great Casterton,Rutland,1,15405,high,,Unique tower in Great Casterton; dedication 'S Peter & S Paul' matches 'SS Peter and Paul'
St Mary V,Weekley,Northamptonshire,1,16073,high,,Unique tower in Weekley; dedication 'S Mary V' matches 'St Mary V'
St Mary,Wollaston,Northamptonshire,1,13383,high,,Unique tower in Wollaston; dedication 'S Mary' matches 'St Mary'
St John Baptist,Piddington,Northamptonshire,1,12040,high,,Unique tower in Piddington; dedication 'S John Bapt' matches 'St John Baptist'
,Burnham-on-Crouch,,1,10769,high,,Unique tower in Burnham on Crouch (Essex); building unspecified in source
,Ringing Room,Eastern Counties,1,,none,,Virtual ringing platform or dispersed locations
"Great Hockham, Oldham & South Walsham",Ringing Room,UK,1,,none,,Virtual ringing platform or dispersed locations
St Andrew's,Kirton-in-Lindsey,North Lincolnshire,1,13723,high,,Unique tower in Kirton in Lindsey; dedication 'S Andrew' matches 'St Andrew's'
,Botus Fleming,,1,14042,high,,Unique tower in Botus Fleming (Cornwall); building unspecified in source
,Sedlescombe,,1,10319,high,,Unique tower in Sedlescombe (East Sussex); building unspecified in source
St Mary,"Walkley, Sheffield",South Yorkshire,1,23300,high,,"Resolved via suburb/parish 'Sheffield' in town name (Sheffield, S Matthew)"
,Hathern,,1,12477,high,,Unique tower in Hathern (Leicestershire); building unspecified in source
St Peter,Marchington,Staffordshire,1,11082,high,,Unique tower in Marchington; dedication 'S Peter' matches 'St Peter'
St Mary,Edith Weston,Rutland,1,12699,high,,Unique tower in Edith Weston; dedication 'S Mary' matches 'St Mary'
St Mary de Wych,Wychbold,Worcestershire,1,12179,high,,Unique tower in Wychbold; dedication 'S Mary de Wyche' matches 'St Mary de Wych'
St Peter,Tilton on the Hill,Leicestershire,1,10083,high,,Unique tower in Tilton on the Hill; dedication 'S Peter' matches 'St Peter'
St Peter,Cassington,Oxfordshire,1,15028,high,,Unique tower in Cassington; dedication 'S Peter' matches 'St Peter'
St Saviour,Greyabbey,Down,1,15043,high,,Unique tower in Greyabbey; dedication 'S Saviour' matches 'St Saviour'
,Rampton,Notts,1,14756,high,,Unique tower in Rampton (Nottinghamshire); building unspecified in source
St Mary,Rickinghall Superior,Suffolk,1,10728,high,,Unique tower in Rickinghall Superior; dedication 'S Mary' matches 'St Mary'
St Nicholas,Wrentham,Suffolk,1,14930,high,,Unique tower in Wrentham; dedication 'S Nicholas' matches 'St Nicholas'
,Montreal,,1,,none,,No matching tower found for 'Montreal' in Dove register
39a High Street,Burwell,Cambridgeshire,1,,none,,Private residence address (handbell ring)
St James,Bishampton,Worcestershire,1,12173,high,,Unique tower in Bishampton; dedication 'S James' matches 'St James'
St Mary the Virgin,Padbury,Buckinghamshire,1,17123,high,,Unique tower in Padbury; dedication 'S Mary V' matches 'St Mary the Virgin'
St James,Sutton on Hull,East Riding of Yorkshire,1,15457,high,,Unique tower in Kingston upon Hull; dedication 'S James' matches 'St James'
Anchorsholme,Whiteparish,Wilts,1,14821,medium,,"Sole ringing tower in Whiteparish, but dedication 'All Saints' differs from source 'Anchorsholme'"
St Peter,Barford,Warwickshire,1,10777,high,,Unique tower in Barford; dedication 'S Peter' matches 'St Peter'
,Borehamwood,Herts,1,,none,,No matching tower found for 'Borehamwood' in Dove register
All Saints,Lullington,Derbyshire,1,14351,high,,Unique tower in Lullington; dedication 'All Saints' matches 'All Saints'
St Michael and All Angels,Wadenhoe,Northamptonshire,1,10817,high,,Unique tower in Wadenhoe; dedication 'S Michael & All Angels' matches 'St Michael and All Angels'
St Peter,Camerton,Somerset,1,15099,high,,Unique tower in Camerton; dedication 'S Peter' matches 'St Peter'
St John the Baptist,Llanblethian,Vale of Glamorgan,1,15853,high,,Unique tower in Llanblethian; dedication 'S John Bapt' matches 'St John the Baptist'
St Peter,Peterston-super-Ely,Vale of Glamorgan,1,17016,high,,Unique tower in Peterston-super-Ely; dedication 'S Peter' matches 'St Peter'
Saints Mary and Michael,Mistley,Essex,1,16748,high,,Unique tower in Mistley; dedication 'S Mary & S Michael' matches 'Saints Mary and Michael'
St Mary the Virgin,Grittleton,Wiltshire,1,10389,high,,Unique tower in Grittleton; dedication 'S Mary V' matches 'St Mary the Virgin'
St Mary,Penmark,Vale of Glamorgan,1,10829,high,,Unique tower in Penmark; dedication 'S Mary' matches 'St Mary'
,Shute,,1,15185,high,,Unique tower in Shute (Devon); building unspecified in source
,Upper Chute,,1,11763,high,,Unique tower in Upper Chute (Wiltshire); building unspecified in source
,Yattendon,,1,10198,high,,Unique tower in Yattendon (Berkshire); building unspecified in source
St Gregory,Castlemorton,Worcestershire,1,12805,high,,Unique tower in Castlemorton; dedication 'S Gregory' matches 'St Gregory'
Holy Cross,Sherston,Wiltshire,1,16542,high,,Unique tower in Sherston; dedication 'Holy Cross' matches 'Holy Cross'
St Illtyd,Llantwit Major,Vale of Glamorgan,1,16963,high,,Unique tower in Llantwit Major; dedication 'S Illtyd' matches 'St Illtyd'
St Michael and All Angels,St Michael Caerhays,Cornwall,1,16051,high,,Unique tower in St Michael Caerhays; dedication 'S Michael & All Angels' matches 'St Michael and All Angels'
Saint Mary,Westbury,Shropshire,1,14551,high,,Unique tower in Westbury; dedication 'S Mary' matches 'Saint Mary'
"All Saints, Milton Keynes Village",Milton Keynes,Buckinghamshire,1,11661,high,,"Resolved via parish in building 'Milton Keynes Village' (Milton Keynes Village, All Saints)"
St Andrew,West Tarring,West Sussex,1,10647,high,,Unique tower in West Tarring; dedication 'S Andrew' matches 'St Andrew'
St Leonard,Tortworth,Gloucestershire,1,16623,high,,Unique tower in Tortworth; dedication 'S Leonard' matches 'St Leonard'
St John the Baptist,Randwick,Gloucestershire,1,15383,high,,Unique tower in Randwick; dedication 'S John Bapt' matches 'St John the Baptist'
Blessed Virgin Mary,Templecombe,Somerset,1,14261,high,,Unique tower in Templecombe; dedication 'Blessed Virgin Mary' matches 'Blessed Virgin Mary'
St Mary Magdalene,North Ockendon,Greater London,1,14828,high,,Unique tower in North Ockendon; dedication 'S Mary Magd' matches 'St Mary Magdalene'
St John the Baptist,Eldersfield,Worcestershire,1,12047,high,,Unique tower in Eldersfield; dedication 'S John Bapt' matches 'St John the Baptist'
St John Baptist,Eldersfield,Worcestershire,1,12047,high,,Unique tower in Eldersfield; dedication 'S John Bapt' matches 'St John Baptist'
St John the Baptist,Tisbury,Wiltshire,1,13953,high,,Unique tower in Tisbury; dedication 'S John Bapt' matches 'St John the Baptist'
All Saints,Melbourn,Cambridgeshire,1,15521,high,,Unique tower in Melbourn; dedication 'All Saints' matches 'All Saints'
St Leonard,Bledington,Gloucestershire,1,15032,high,,Unique tower in Bledington; dedication 'S Leonard' matches 'St Leonard'
St Mary and St Peter,Harlaxton,Lincolnshire,1,10106,high,,Unique tower in Harlaxton; dedication 'S Mary & S Peter' matches 'St Mary and St Peter'
St John the Evangelist,Stoke next Guildford,Surrey,1,10675,high,,Unique tower in Stoke next Guildford; dedication 'S John Ev' matches 'St John the Evangelist'
St Swithun,Worcester,Worcestershire,1,12921,high,11299;11249;13277;10704;12050;12643;24996;24997;24998;24999,Resolved dedication 'S Swithun' (Worcester) among 14 towers in town
St Withburga,Holkham,Norfolk,1,12000,high,,Unique tower in Holkham; dedication 'S Withburga' matches 'St Withburga'
St Peter and All Saints,Harrold,Bedfordshire,1,14417,high,,Unique tower in Harrold; dedication 'S Peter & All Saints' matches 'St Peter and All Saints'
St John the Baptist,Bishops Tawton,Devon,1,14683,high,,Unique tower in Bishops Tawton; dedication 'S John Bapt' matches 'St John the Baptist'
St Mary the Virgin,Hayes,Kent,1,,none,,No matching tower found for 'Hayes' in Dove register
East Sussex and Gloucestershire,Ringing Room,,1,,none,,Virtual ringing platform or dispersed locations
St Faith,Overbury,Worcestershire,1,14304,high,,Unique tower in Overbury; dedication 'S Faith' matches 'St Faith'
St Bartholomew,Redmarley D'Abitot,Gloucestershire,1,10567,high,,Unique tower in Redmarley D'Abitot; dedication 'S Bartholomew' matches 'St Bartholomew'
All Saints,Middle Woodford,Wiltshire,1,11373,high,,Unique tower in Middle Woodford; dedication 'All Saints' matches 'All Saints'
St Philip and St James,Tarrington,Herefordshire,1,15995,high,,Unique tower in Tarrington; dedication 'S Philip & S James' matches 'St Philip and St James'
Our Lady,Upton Pyne,Devon,1,17153,high,,Unique tower in Upton Pyne; dedication 'Our Lady' matches 'Our Lady'
Ruined Cathedral Church of St Columba,Dunkeld,Perth and Kinross,1,11821,high,,Unique tower in Dunkeld; dedication 'Ruined Cath Ch of S Columba' matches 'Ruined Cathedral Church of St Columba'
All Saints,Carleton Rode,Norfolk,1,16340,high,,Unique tower in Carleton Rode; dedication 'All Saints' matches 'All Saints'
St Nicholas,Kenilworth,Warwickshire,1,15528,high,21249,Resolved dedication 'S Nicholas' (Kenilworth) among 2 towers in town
St Peter,Yaxley,Cambridgeshire,1,14850,high,,Unique tower in Yaxley; dedication 'S Peter' matches 'St Peter'
St Martin of Tours,Woolstone,Gloucestershire,1,14056,high,,Unique tower in Woolstone; dedication 'S Martin of Tours' matches 'St Martin of Tours'
St Mary,Higham,Suffolk,1,11016,high,,Unique tower in Higham; dedication 'S Mary' matches 'St Mary'
St Sennen,Sennen,Cornwall,1,14003,high,,Unique tower in Sennen; dedication 'S Sennen' matches 'St Sennen'
St Lalluwy,Menheniot,Cornwall,1,13403,high,,Unique tower in Menheniot; dedication 'S Lalluwy & S Antoninus' matches 'St Lalluwy'
All Saints,Staunton,Glos,1,13800,high,11535,Resolved dedication 'All Saints' (Staunton) among 2 towers in town
St Michael and All Angels,Shap,Cumbria,1,13505,high,,Unique tower in Shap; dedication 'S Michael & All Angels' matches 'St Michael and All Angels'
,Church Oakley,,1,11886,high,,Unique tower in Church Oakley (Hampshire); building unspecified in source
St Mary,Much Cowarne,Herefordshire,1,15875,high,,Unique tower in Much Cowarne; dedication 'S Mary' matches 'St Mary'
St J B,Strensham,Worcestershire,1,15577,medium,,"Sole ringing tower in Strensham, but dedication 'S John Bapt' differs from source 'St J B'"
All Saints,Cawthorne,South Yorkshire,1,14857,high,,Unique tower in Cawthorne; dedication 'All Saints' matches 'All Saints'
All Saints,Kilham,The East Riding of Yorkshire,1,11444,high,,Unique tower in Kilham; dedication 'All Saints' matches 'All Saints'
St Michael,Smarden,Kent,1,15047,high,,Unique tower in Smarden; dedication 'S Michael' matches 'St Michael'
St Andrew,North Weald,Essex,1,10828,high,,Unique tower in North Weald; dedication 'S Andrew' matches 'St Andrew'
,Wadhurst,,1,10710,high,,Unique tower in Wadhurst (East Sussex); building unspecified in source
"35, Brighton Avenue",Gosport,Hampshire,1,,none,,Private residence name (handbell ring)
St Andrew,Bradfield,Berkshire,1,15701,high,,Unique tower in Bradfield; dedication 'former ch of S Andrew' matches 'St Andrew'
St John Baptist,North Luffenham,Rutland,1,16476,high,,Unique tower in North Luffenham; dedication 'S John Bapt' matches 'St John Baptist'
,Wickham Market,Suffolk,1,10293,high,,Unique tower in Wickham Market (Suffolk); building unspecified in source
St Laurence,Stretton Grandison,Herefordshire,1,12404,high,,Unique tower in Stretton Grandison; dedication 'S Laurence' matches 'St Laurence'
St Peter de Merton,Bedford,Bedfordshire,1,16478,high,10574;14240;18221;18222;18223;18224;10669,Resolved dedication 'S Peter de Merton' (Bedford) among 8 towers in town
,Ringing Room,Cheshire,1,,none,,Virtual ringing platform or dispersed locations
"4 Spencer Street, Eastwood.",Sydney,"New South Wales, Australia",1,,none,,Private residence address (handbell ring)
St Nicholas,Durham City,,1,,none,,No matching tower found for 'Durham City' in Dove register
"Vernet-les-Bains, Oldham & Great Hockham",Ringing Room,Uk,1,,none,,Virtual ringing platform or dispersed locations
,Holywell,,1,15952,medium,25278;20989,Partial dedication match for 'S John Bapt' among 3 towers in town
St John the Baptist,Little Missenden,Buckinghamshire,1,14557,high,,Unique tower in Little Missenden; dedication 'S John Bapt' matches 'St John the Baptist'
St Mary,Heworth,Tyne and Wear,1,12244,high,20848,Resolved dedication 'S Mary' (Heworth) among 2 towers in town
"St Oswald, King and Martyr",Oswestry,Shropshire,1,13772,medium,22600,Partial dedication match for 'S Oswald K&M' among 2 towers in town
St Bartholomew,Churchdown,Gloucestershire,1,14269,high,19183,Resolved dedication 'S Bartholomew' (Churchdown) among 2 towers in town
St James,Parkham,Devon,1,10287,high,,Unique tower in Parkham; dedication 'S James' matches 'St James'
,Glemsford,,1,16466,high,,Unique tower in Glemsford (Suffolk); building unspecified in source
,Addington,Surrey,1,,none,,No matching tower found for 'Addington' in Dove register
,Leigh,Kent,1,15704,high,,Unique tower in Leigh (Kent); building unspecified in source
St Symphorian,Veryan,Cornwall,1,16645,high,,Unique tower in Veryan; dedication 'S Symphorian' matches 'St Symphorian'
All Saints,Whitstable,Kent,1,11334,high,16712;24754;24755,Resolved dedication 'All Saints' (Whitstable) among 4 towers in town
,Yoxall,,1,12034,high,,Unique tower in Yoxall (Staffordshire); building unspecified in source
St Peter and St Paul,Shorne,Kent,1,11888,high,,Unique tower in Shorne; dedication 'S Peter & S Paul' matches 'St Peter and St Paul'
Holy Trinity,Nailsea,Somerset,1,11337,high,,Unique tower in Nailsea; dedication 'Holy Trinity' matches 'Holy Trinity'
St Mary the Virgin and St Peter,Weedon Lois,Northamptonshire,1,16572,high,,Unique tower in Weedon Lois; dedication 'S Mary V & S Peter' matches 'St Mary the Virgin and St Peter'
All Saints,Easton on the Hill,Northamptonshire,1,11641,high,,Unique tower in Easton on the Hill; dedication 'All Saints' matches 'All Saints'
St Wilfrid,Arley,Warwicks,1,14860,high,,Unique tower in Arley; dedication 'S Wilfrid' matches 'St Wilfrid'
All Saints,Sproughton,Suffolk,1,12907,high,,Unique tower in Sproughton; dedication 'All Saints' matches 'All Saints'
St Margaret of Antioch,Hemingford Abbots,Cambridgeshire,1,12633,high,,Unique tower in Hemingford Abbots; dedication 'S Margaret of Antioch' matches 'St Margaret of Antioch'
,Flitwick,,1,12126,high,,Unique tower in Flitwick (Bedfordshire); building unspecified in source
St Mary,Stoke D'Abernon,Surrey,1,11165,high,,Unique tower in Stoke D'Abernon; dedication 'S Mary' matches 'St Mary'
St Michael's,Waddington,Lincolnshire,1,16243,high,,Unique tower in Waddington; dedication 'S Michael' matches 'St Michael's'
St Peter and St Paul,Butlers Marston,Warwickshire,1,14607,high,,Unique tower in Butlers Marston; dedication 'S Peter & S Paul' matches 'St Peter and St Paul'
St Margaret,Spaxton,Somerset,1,12263,high,,Unique tower in Spaxton; dedication 'S Margaret' matches 'St Margaret'
All Saints,Walsoken,,1,13692,high,,Unique tower in Walsoken; dedication 'All Saints' matches 'All Saints'
St Peter,Newdigate,Surrey,1,15916,high,,Unique tower in Newdigate; dedication 'S Peter' matches 'St Peter'
St James,Thorley,Hertfordshire,1,13703,high,,Unique tower in Thorley; dedication 'S James Gt' matches 'St James'
St.Mary the Virgin,Bathwick,Somerset,1,13019,high,18180,Resolved dedication 'Blessed Virgin Mary' (Bath) among 2 towers in town
,Shabbington,,1,14578,high,,Unique tower in Shabbington (Buckinghamshire); building unspecified in source
St John the Baptist,Sedlescombe,East Sussex,1,10319,high,,Unique tower in Sedlescombe; dedication 'S John Bapt' matches 'St John the Baptist'
The Shed,Tewkesbury,Gloucestershire,1,25268,high,15657;24023,Resolved dedication 'The Shed' (Tewkesbury) among 3 towers in town
St Michael,Chirbury,Shropshire,1,14514,high,,Unique tower in Chirbury; dedication 'S Michael' matches 'St Michael'
,Codford St Peter,,1,16024,high,,Unique tower in Codford St Peter (Wiltshire); building unspecified in source
SS Andrew and George,Edinburgh,Lothian,1,,none,,No matching tower found for 'Edinburgh' in Dove register
St Andrew,Okeford Fitzpaine,Dorset,1,14368,high,,Unique tower in Okeford Fitzpaine; dedication 'S Andrew' matches 'St Andrew'
St Elli,Llanelli,Carmarthenshire,1,13143,high,,Unique tower in Llanelli; dedication 'S Elli' matches 'St Elli'
St James,Sutton On Hull,East Riding of Yorkshire,1,15457,high,,Unique tower in Kingston upon Hull; dedication 'S James' matches 'St James'
All Saints,Braunston,Rutland,1,14135,high,,Unique tower in Braunston; dedication 'All Saints' matches 'All Saints'
,Froxfield,,1,10573,medium,20244;20243,Partial dedication match for 'S Peter' among 3 towers in town
St Luke and St Mary the Virgin,Shareshill,Staffordshire,1,11920,high,,Unique tower in Shareshill; dedication 'S Luke & S Mary V' matches 'St Luke and St Mary the Virgin'
St Margaret of Antioch,Chilmark,Wiltshire,1,15029,high,,Unique tower in Chilmark; dedication 'S Margaret of Antioch' matches 'St Margaret of Antioch'
St Mary the Virgin,Manuden,Essex,1,15268,high,,Unique tower in Manuden; dedication 'S Mary V' matches 'St Mary the Virgin'
St Donard,Belfast,Down,1,16974,high,11316;16753;17354;25571;25599,Resolved dedication 'S Donard' (Belfast) among 6 towers in town
St Giles,Standlake,Oxfordshire,1,14563,high,,Unique tower in Standlake; dedication 'S Giles' matches 'St Giles'
St Mary the Virgin,Great Barrington,Gloucestershire,1,15570,high,,Unique tower in Great Barrington; dedication 'S Mary' matches 'St Mary the Virgin'
St Andrew,Great Staughton,Cambridgeshire,1,15192,high,,Unique tower in Great Staughton; dedication 'S Andrew' matches 'St Andrew'
St Mark,Winshill,Derbyshire,1,,none,,No matching tower found for 'Winshill' in Dove register
St Chad,Tushingham,Cheshire,1,11157,high,24262,Resolved dedication 'S Chad' (Tushingham) among 2 towers in town
,Navenby,,1,16500,high,,Unique tower in Navenby (Lincolnshire); building unspecified in source
St Mary the Virgin,Aston,Hertfordshire,1,15118,high,,Unique tower in Aston; dedication 'S Mary' matches 'St Mary the Virgin'
St James,Longburton,Dorset,1,11948,high,,Unique tower in Longburton; dedication 'S James' matches 'St James'
St Andrew,South Newton,Wiltshire,1,14668,high,,Unique tower in South Newton; dedication 'S Andrew' matches 'St Andrew'
SS Peter and Paul,East Sutton,Kent,1,11048,high,,Unique tower in East Sutton; dedication 'S Peter & S Paul' matches 'SS Peter and Paul'
St Mary,Hemyock,Devon,1,10941,high,,Unique tower in Hemyock; dedication 'S Mary' matches 'St Mary'
St Mary,New Radnor,Powys,1,10658,high,,Unique tower in New Radnor; dedication 'S Mary' matches 'St Mary'
St Nicholas,Eydon,Northamptonshire,1,17137,high,,Unique tower in Eydon; dedication 'S Nicholas' matches 'St Nicholas'
St Cross,Caston,Norfolk,1,13633,high,,Unique tower in Caston; dedication 'S Cross' matches 'St Cross'
St Peter,Bushley,Worcestershire,1,12279,high,,Unique tower in Bushley; dedication 'S Peter' matches 'St Peter'
St Cuthbert,Halsall,Lancashire,1,10342,high,,Unique tower in Halsall; dedication 'S Cuthbert' matches 'St Cuthbert'
St Nicholas,Tackley,Oxfordshire,1,10706,high,,Unique tower in Tackley; dedication 'S Nicholas' matches 'St Nicholas'
,Claremont,,1,11687,high,,Unique tower in Claremont (Western Australia); building unspecified in source
,Preston Candover,,1,12740,medium,25376,Partial dedication match for 'S Mary V' among 2 towers in town
St Mary,Coity,Bridgend,1,13249,high,,Unique tower in Coity; dedication 'S Mary' matches 'St Mary'
,Widford,Herts,1,10271,high,,Unique tower in Widford (Hertfordshire); building unspecified in source
St Mary's Church,Cambridge,,1,18939,medium,12645;15139;16664;14964;17550;13803;13748;10395;18933;18934,Partial dedication match for 'S Mary Less' among 28 towers in town
St Peter,Berrynarbor,Devon,1,15203,high,,Unique tower in Berrynarbor; dedication 'S Peter' matches 'St Peter'
St John,Chilcompton,,1,12701,high,,Unique tower in Chilcompton; dedication 'S John Bapt' matches 'St John'
,Rodmersham,,1,15471,high,,Unique tower in Rodmersham (Kent); building unspecified in source
,South Harting,West Sussex,1,10957,high,,Unique tower in South Harting (West Sussex); building unspecified in source
,Ossington,,1,16167,high,,Unique tower in Ossington (Nottinghamshire); building unspecified in source
St John the Baptist,Baston,Lincolnshire,1,10252,high,,Unique tower in Baston; dedication 'S John Bapt' matches 'St John the Baptist'
St.Andrew,Great Easton,Leicestershire,1,12918,high,,Unique tower in Great Easton; dedication 'S Andrew' matches 'St.Andrew'
,North Wheatley,,1,16957,high,,Unique tower in North Wheatley (Nottinghamshire); building unspecified in source
St Andrew,Rippingale,Lincolnshire,1,13872,high,,Unique tower in Rippingale; dedication 'S Andrew' matches 'St Andrew'
St Melanus,St Mellion,Cornwall,1,14718,high,,Unique tower in St Mellion; dedication 'S Melanus' matches 'St Melanus'
St Mellor,Linkinhorne,Cornwall,1,10284,high,,Unique tower in Linkinhorne; dedication 'S Mellor' matches 'St Mellor'
St Luke,Holmes Chapel,Cheshire,1,11523,high,,Unique tower in Holmes Chapel; dedication 'S Luke' matches 'St Luke'
,"Widcombe, Bath",Somerset,1,12547,high,,"Resolved via suburb/parish 'Bath' in town name (Bath, All Saints)"
St Julitta,Lanteglos by Camelford,Cornwall,1,11745,high,,Unique tower in Lanteglos by Camelford; dedication 'S Julitta' matches 'St Julitta'
St Mary,Botus Fleming,Cornwall,1,14042,high,,Unique tower in Botus Fleming; dedication 'S Mary' matches 'St Mary'
All Saints,Petham,Kent,1,12981,high,,Unique tower in Petham; dedication 'All Saints' matches 'All Saints'
,Barrowby,,1,12968,high,,Unique tower in Barrowby (Lincolnshire); building unspecified in source
St Uvelus,St Eval,Cornwall,1,11368,high,,Unique tower in St Eval; dedication 'S Uvelus' matches 'St Uvelus'
SS Martin and Meriadoc,Camborne,Cornwall,1,17031,high,,Unique tower in Camborne; dedication 'S Martin & S Meriadoc' matches 'SS Martin and Meriadoc'
St Oswald,Lower Peover,Cheshire,1,11307,high,,Unique tower in Lower Peover; dedication 'S Oswald' matches 'St Oswald'
St Helen,Ranworth,Norfolk,1,16061,high,,Unique tower in Ranworth; dedication 'S Helen' matches 'St Helen'
St John the Evangelist,Caldecott,Rutland,1,17147,high,,Unique tower in Caldecott; dedication 'S John Ev' matches 'St John the Evangelist'
St Mary the Virgin,Tattingstone,Suffolk,1,16833,high,,Unique tower in Tattingstone; dedication 'S Mary V' matches 'St Mary the Virgin'
St Mary,Mistley,ESSEX,1,16748,high,,Unique tower in Mistley; dedication 'S Mary & S Michael' matches 'St Mary'
Saint Mary and Saint Michael,Mistley,Essex,1,16748,high,,Unique tower in Mistley; dedication 'S Mary & S Michael' matches 'Saint Mary and Saint Michael'
"St Donard, Bloomfield",Belfast,Down,1,16974,high,11316;16753;17354;25571;25599,Resolved dedication 'S Donard' (Belfast) among 6 towers in town
,Minchinhampton,,1,16728,high,,Unique tower in Minchinhampton (Gloucestershire); building unspecified in source
,Barkston,,1,16456,high,,Unique tower in Barkston (Lincolnshire); building unspecified in source
,Chiddingly,Sussex,1,14881,high,,Unique tower in Chiddingly (East Sussex); building unspecified in source
St John Div,Horninglow,Staffordshire,1,12886,high,,Unique tower in Horninglow; dedication 'S John Div' matches 'St John Div'
Holy Trinity,Paulton,Somerset,1,16562,high,,Unique tower in Paulton; dedication 'Holy Trinity' matches 'Holy Trinity'
,Clapton-in-Gordano,Somerset,1,13466,high,,Unique tower in Clapton in Gordano (Somerset); building unspecified in source
St James,Jacobstow,Cornwall,1,16287,high,,Unique tower in Jacobstow; dedication 'S James' matches 'St James'
St Mary,Birkenhead,Cheshire,1,17375,high,18379;16438,Resolved dedication 'Ruined ch of S Mary' (Birkenhead) among 3 towers in town
St Mary the Blessed Virgin,Eastham,Cheshire,1,15871,high,,Unique tower in Eastham; dedication 'S Mary BV' matches 'St Mary the Blessed Virgin'
,Benfieldside,Durham,1,11657,high,,Unique tower in Benfieldside (Durham); building unspecified in source
Holy Trinity,Old Wolverton,Buckinghamshire,1,12144,high,,Unique tower in Old Wolverton; dedication 'Holy Trinity' matches 'Holy Trinity'
Swaledale,Holme Lacy,Herefords,1,,none,,Private domestic mini-ring or residence (handbell ring)
St Swithun,Leonard Stanley,Gloucestershire,1,11889,high,,Unique tower in Leonard Stanley; dedication 'S Swithun' matches 'St Swithun'
St Peter,South Weald,Essex,1,15512,high,,Unique tower in South Weald; dedication 'S Peter' matches 'St Peter'
St Lawrence,Bradwell,Buckinghamshire,1,13155,high,,Unique tower in Bradwell; dedication 'S Lawrence' matches 'St Lawrence'
St Mary the Virgin,Woodford Halse,Northamptonshire,1,16076,high,,Unique tower in Woodford Halse; dedication 'S Mary V' matches 'St Mary the Virgin'
St Mary,Shinfield,Berkshire,1,11864,high,,Unique tower in Shinfield; dedication 'S Mary' matches 'St Mary'
St Catherine,Wolverton,Hampshire,1,12334,high,,Unique tower in Wolverton; dedication 'S Catherine' matches 'St Catherine'
St John the Baptist,Bishopsteignton,Devon,1,11343,high,25195,Resolved dedication 'S John Bapt' (Bishopsteignton) among 2 towers in town
St Stephen,Acomb,North Yorkshire,1,13068,high,17818,Resolved dedication 'S Stephen' (Acomb) among 2 towers in town
,Newchurch,Kent,1,13449,high,,Unique tower in Newchurch (Kent); building unspecified in source
St Peter,East Drayton,Nottinghamshire,1,16555,high,,Unique tower in East Drayton; dedication 'S Peter' matches 'St Peter'
,Walpole St Andrew,,1,10766,high,,Unique tower in Walpole St Andrew (Norfolk); building unspecified in source
St Edeyrn,Llanedeyrn,Cardiff,1,10827,high,,Unique tower in Llanedeyrn; dedication 'S Edeyrn' matches 'St Edeyrn'
St John the Baptist,Holywell,Huntingdonshire,1,,none,,No matching tower found for 'Holywell' in Dove register
Holy Rood,Edwalton,Nottinghamshire,1,10656,high,,Unique tower in Edwalton; dedication 'Holy Rood' matches 'Holy Rood'
St Mary,Blessington,Wicklow,1,10464,high,,Unique tower in Blessington; dedication 'S Mary' matches 'St Mary'
St Mary,King's Walden,Hertfordshire,1,14861,high,,Unique tower in King's Walden; dedication 'S Mary' matches 'St Mary'
St Cyr,Stinchcombe,Gloucestershire,1,10346,high,,Unique tower in Stinchcombe; dedication 'S Cyr' matches 'St Cyr'
"St Peter, High Cross",Froxfield,Hampshire,1,10573,high,20244,Resolved dedication 'S Peter' (Froxfield) among 2 towers in town
Our Lady of Warnford,Warnford,Hampshire,1,15777,high,,Unique tower in Warnford; dedication 'Our Lady' matches 'Our Lady of Warnford'
,Pentrich,Derbyshire,1,13273,high,,Unique tower in Pentrich (Derbyshire); building unspecified in source
St Peter,Theberton,Suffolk,1,14364,high,,Unique tower in Theberton; dedication 'S Peter' matches 'St Peter'
All Saints,Houghton Regis,Bedfordshire,1,10873,high,,Unique tower in Houghton Regis; dedication 'All Saints' matches 'All Saints'
St Peter,Ropley,Hampshire,1,13242,high,,Unique tower in Ropley; dedication 'S Peter' matches 'St Peter'
S Mary,Clevedon,Somerset,1,12457,high,16163;10974;15021;19225;19226,Resolved dedication 'S Mary' (Clevedon) among 6 towers in town
St John the Baptist,Stanground,Cambridgeshire,1,10714,high,,Unique tower in Stanground; dedication 'S John Bapt' matches 'St John the Baptist'
Holy Rood,Wool,Dorset,1,16981,high,,Unique tower in Wool; dedication 'Holy Rood' matches 'Holy Rood'
All Hallows,South Cerney,Gloucestershire,1,12464,high,,Unique tower in South Cerney; dedication 'All Hallows' matches 'All Hallows'
St Mary,Welton,Lincolnshire,1,15517,high,,Unique tower in Welton; dedication 'S Mary' matches 'St Mary'
Blessed Virgin Mary,Aston,Hertfordshire,1,15118,high,,Unique tower in Aston; dedication 'S Mary' matches 'Blessed Virgin Mary'
St Mary the Virgin,Edlesborough,Buckinghamshire,1,10364,high,,Unique tower in Edlesborough; dedication 'S Mary V' matches 'St Mary the Virgin'
All Saints,Kirkbymoorside,North Yorkshire,1,15661,high,,Unique tower in Kirkbymoorside; dedication 'All Saints' matches 'All Saints'
St Mary,Elloughton,East Riding of Yorkshire,1,17156,high,,Unique tower in Elloughton; dedication 'S Mary' matches 'St Mary'
,Kemble,,1,13919,high,,Unique tower in Kemble (Gloucestershire); building unspecified in source
St Laurence,Scalby,North Yorkshire,1,13459,high,,Unique tower in Scalby; dedication 'S Laurence' matches 'St Laurence'
"Sackfords, Molehill Green",Felsted,Essex,1,11414,medium,,"Sole ringing tower in Felsted, but dedication 'Holy Cross' differs from source 'Sackfords, Molehill Green'"
UK,Ringing Room,,1,,none,,Virtual ringing platform or dispersed locations
,Wormingford,,1,10738,high,,Unique tower in Wormingford (Essex); building unspecified in source
,Wormshill,,1,16298,high,,Unique tower in Wormshill (Kent); building unspecified in source
All Saints,Handley,Cheshire,1,12612,high,,Unique tower in Handley; dedication 'All Saints' matches 'All Saints'
St Genevieve,Euston,Suffolk,1,15858,high,,Unique tower in Euston; dedication 'S Genevieve' matches 'St Genevieve'
St Bartholomew,Coffinswell,Devon,1,11672,high,,Unique tower in Coffinswell; dedication 'S Bartholomew' matches 'St Bartholomew'
St Mary the Virgin,Sweffling,Suffolk,1,13912,high,,Unique tower in Sweffling; dedication 'S Mary V' matches 'St Mary the Virgin'
"420 River Road, Apt D5",Chatham,New Jersey,1,,none,,Private residence address (handbell ring)
,Killamarsh,,1,13726,high,,Unique tower in Killamarsh (Derbyshire); building unspecified in source
St Mary,Stalbridge,Dorset,1,10983,high,,Unique tower in Stalbridge; dedication 'S Mary' matches 'St Mary'
St Nicholas,Alfold,Surrey,1,12570,high,,Unique tower in Alfold; dedication 'S Nicholas' matches 'St Nicholas'
St Michael and All Angels,Brinkworth,Wiltshire,1,12098,high,,Unique tower in Brinkworth; dedication 'S Michael & All Angels' matches 'St Michael and All Angels'
All Saints Centre,Norwich,Norfolk,1,13262,high,10164;14724;13293;15574;15668;15623;11970;10466;22493;25547,Resolved dedication 'All Saints' (Norwich) among 20 towers in town
St Mary,Garsington,Oxfordshire,1,13875,high,,Unique tower in Garsington; dedication 'S Mary' matches 'St Mary'
St Andrew,Caxton,Cambridgeshire,1,16000,high,,Unique tower in Caxton; dedication 'S Andrew' matches 'St Andrew'
,Biggin Hill,,1,10475,high,,Unique tower in Biggin Hill (Greater London); building unspecified in source
St Mary the Virgin,Cleobury Mortimer,Shropshire,1,14810,high,,Unique tower in Cleobury Mortimer; dedication 'S Mary V' matches 'St Mary the Virgin'
St Andrew's,Ewerby,Lincolnshire,1,10801,high,,Unique tower in Ewerby; dedication 'S Andrew' matches 'St Andrew's'
S Michael & AA,Otterton,Devon,1,16142,high,,Unique tower in Otterton; dedication 'S Michael' matches 'S Michael & AA'
,Clyst Hydon,Devon,1,14209,high,,Unique tower in Clyst Hydon (Devon); building unspecified in source
,Feniton,Devon,1,11647,high,,Unique tower in Feniton (Devon); building unspecified in source
,Dawlish,Devon,1,10507,high,,Unique tower in Dawlish (Devon); building unspecified in source
,Ilsington,Devon,1,11196,high,,Unique tower in Ilsington (Devon); building unspecified in source
,Bickington,Devon,1,11259,high,,Unique tower in Bickington (Devon); building unspecified in source
,Holne,Devon,1,13913,high,,Unique tower in Holne (Devon); building unspecified in source
,Tedburn St Mary,Devon,1,10100,high,,Unique tower in Tedburn St Mary (Devon); building unspecified in source
St Ellyw,Llanelly,Gwent,1,14441,high,,Unique tower in Llanelly; dedication 'S Elli' matches 'St Ellyw'
St Mary,Nettleton,Wiltshire,1,12532,high,,Unique tower in Nettleton; dedication 'S Mary' matches 'St Mary'
St Cyriac,Lacock,Wiltshire,1,13907,high,,Unique tower in Lacock; dedication 'S Cyriac' matches 'St Cyriac'
St Michael and All Angels,Sopley,Hampshire,1,12911,high,,Unique tower in Sopley; dedication 'S Michael & All Angels' matches 'St Michael and All Angels'
St Peter,Ash,Surrey,1,15998,high,,Unique tower in Ash; dedication 'S Peter' matches 'St Peter'
,Padworth,,1,12560,high,,Unique tower in Padworth (Berkshire); building unspecified in source
,Pangbourne,,1,16866,high,,Unique tower in Pangbourne (Berkshire); building unspecified in source
,Chieveley,,1,15971,high,,Unique tower in Chieveley (Berkshire); building unspecified in source
St George Colegate,Norwich,Norfolk,1,13293,high,13262;10164;14724;15574;15668;15623;11970;10466;22493;25547,Resolved dedication 'S George' (Norwich) among 20 towers in town
St Cuthbert,Benfieldside,Co Durham,1,11657,high,,Unique tower in Benfieldside; dedication 'S Cuthbert' matches 'St Cuthbert'
All Saints,Marcham,Oxfordshire,1,15648,high,,Unique tower in Marcham; dedication 'All Saints' matches 'All Saints'
St James,Great Ellingham,Norfolk,1,13836,high,,Unique tower in Great Ellingham; dedication 'S James' matches 'St James'
St Peter,Stourton,Wiltshire,1,16419,high,,Unique tower in Stourton; dedication 'S Peter' matches 'St Peter'
St James the Great,Stonesfield,Oxfordshire,1,12502,high,,Unique tower in Stonesfield; dedication 'S James Gt' matches 'St James the Great'
St Andrew,Stogursey,Somerset,1,13898,high,,Unique tower in Stogursey; dedication 'S Andrew' matches 'St Andrew'
St George,Brede,East Sussex,1,13030,high,,Unique tower in Brede; dedication 'S George' matches 'St George'
St Denys,Northmoor,Oxfordshire,1,11625,high,,Unique tower in Northmoor; dedication 'S Denys' matches 'St Denys'
St Matthew,Midgham,Berkshire,1,12976,high,,Unique tower in Midgham; dedication 'S Matthew' matches 'St Matthew'
St John the Baptist,Layer-de-la-Haye,Essex,1,13936,high,,Unique tower in Layer de la Haye; dedication 'S John Bapt' matches 'St John the Baptist'
,Kilmington,Devon,1,10866,high,,Unique tower in Kilmington (Devon); building unspecified in source
,Stoke Canon,Devon,1,16200,high,,Unique tower in Stoke Canon (Devon); building unspecified in source
,Throwleigh,Devon,1,11344,high,,Unique tower in Throwleigh (Devon); building unspecified in source
Old North Church,Boston,Massachusetts,1,12291,high,11198,Resolved dedication 'Christ Church' (Boston) among 2 towers in town
,Farway,Devon,1,13261,high,,Unique tower in Farway (Devon); building unspecified in source
St Bartholomew,Rogate,West Sussex,1,11098,high,,Unique tower in Rogate; dedication 'S Bartholomew' matches 'St Bartholomew'
St Mary Magdalene Upton,Torquay,Devon,1,10488,high,24177;24178;24179;16112;14123;15054;24180;19098;26006;24181,Resolved dedication 'S Mary Magd' (Upton) among 14 towers in town
St James,Stedham,West Sussex,1,10727,high,,Unique tower in Stedham; dedication 'S James' matches 'St James'
,Ashreigney,Devon,1,12205,high,,Unique tower in Ashreigney (Devon); building unspecified in source
St Mary the Virgin,Harkstead,Suffolk,1,14259,high,,Unique tower in Harkstead; dedication 'S Mary' matches 'St Mary the Virgin'
St John the Evangelist,Penge,Greater London,1,11094,high,,Unique tower in Penge; dedication 'S John Ev' matches 'St John the Evangelist'
St Thomas of Canterbury,Pylle,Somerset,1,10923,high,,Unique tower in Pylle; dedication 'S Thomas a Becket' matches 'St Thomas of Canterbury'
St Lawrence,Rode,Somerset,1,16145,high,,Unique tower in Rode; dedication 'S Lawrence' matches 'St Lawrence'
St Aldhelm,Doulting,Somerset,1,14595,high,,Unique tower in Doulting; dedication 'S Aldhelm' matches 'St Aldhelm'
All Saints,Burstwick,East Riding of Yorkshire,1,12764,high,,Unique tower in Burstwick; dedication 'All Saints' matches 'All Saints'
St Andrew,Ansford,Somerset,1,15317,high,,Unique tower in Ansford; dedication 'S Andrew' matches 'St Andrew'
St Mary,Beverley,E Yorks,1,,none,,No matching tower found for 'Beverley' in Dove register
St Mary the Virgin,Litton,Somerset,1,16505,high,,Unique tower in Litton; dedication 'S Mary V' matches 'St Mary the Virgin'
Holy Trinity,Binegar,Somerset,1,12038,high,,Unique tower in Binegar; dedication 'Holy Trinity' matches 'Holy Trinity'
St Nicholas,Radstock,Somerset,1,14204,high,,Unique tower in Radstock; dedication 'S Nicholas' matches 'St Nicholas'
Holy Trinity,High Littleton,Somerset,1,14734,high,,Unique tower in High Littleton; dedication 'Holy Trinity' matches 'Holy Trinity'
The Mancroft Ringing Discovery Centre,Norwich,Norfolk,1,,none,13262;10164;14724;13293;15574;15668;15623;11970;10466;22493,Unresolved: 'The Mancroft Ringing Discovery Centre' did not match any of the 20 towers in Norwich
St Dunstan,Baltonsborough,Somerset,1,13047,high,,Unique tower in Baltonsborough; dedication 'S Dunstan' matches 'St Dunstan'
All Saints,Nunney,Somerset,1,10192,high,,Unique tower in Nunney; dedication 'All Saints' matches 'All Saints'
SS Peter and Paul,Maperton,Somerset,1,14229,high,,Unique tower in Maperton; dedication 'S Peter & S Paul' matches 'SS Peter and Paul'
St Michael,Penselwood,Somerset,1,16880,high,,Unique tower in Penselwood; dedication 'S Michael' matches 'St Michael'
SS Peter and Paul,Weobley,Herefordshire,1,11289,medium,25815,Partial dedication match for 'S Peter & S Paul' among 2 towers in town
St Mary the Virgin,Staunton on Wye,Herefordshire,1,15412,high,,Unique tower in Staunton on Wye; dedication 'S Mary V' matches 'St Mary the Virgin'
St Nicholas,Norton Canon,Herefordshire,1,13725,high,,Unique tower in Norton Canon; dedication 'S Nicholas' matches 'St Nicholas'
St Michael and All Angels,Bodenham,Herefordshire,1,14485,high,,Unique tower in Bodenham; dedication 'S Michael & All Angels' matches 'St Michael and All Angels'
St Paul,Camden,New South Wales,1,12983,high,,Unique tower in Camden; dedication 'S Paul' matches 'St Paul'
St Edmund,Emneth,Norfolk,1,10221,high,,Unique tower in Emneth; dedication 'S Edmund' matches 'St Edmund'
St Wolvela,Gulval,Cornwall,1,14280,high,,Unique tower in Gulval; dedication 'S Gulval' matches 'St Wolvela'
St Mary the Virgin,Eaton Bray,Bedfordshire,1,14400,high,,Unique tower in Eaton Bray; dedication 'S Mary V' matches 'St Mary the Virgin'
51 Castle Shannon Blvd,Pittsburgh,Pennsylvania,1,,none,,Private residence address (handbell ring)
Elizabeth College,St Peter Port,Guernsey,1,25248,high,12882;12910;23667;23668,Resolved dedication 'Elizabeth College' (St Peter Port) among 5 towers in town
St Margaret of Antioch,Wellington,Herefordshire,1,15981,high,,Unique tower in Wellington; dedication 'S Margaret of Antioch' matches 'St Margaret of Antioch'
Cathedral,Newcastle,,1,,none,16827;22341;11300,Unresolved: 'Cathedral' did not match any of the 3 towers in Newcastle
St John the Baptist,Great Gaddesden,Hertfordshire,1,16870,high,,Unique tower in Great Gaddesden; dedication 'S John Bapt' matches 'St John the Baptist'
All Saints,Freshwater,Isle of Wight,1,16685,high,,Unique tower in Freshwater; dedication 'All Saints' matches 'All Saints'
St Peter,Withington,Herefordshire,1,11936,high,,Unique tower in Withington; dedication 'S Peter' matches 'St Peter'
St John the Baptist,Eversholt,Bedfordshire,1,16126,high,,Unique tower in Eversholt; dedication 'S John Bapt' matches 'St John the Baptist'
Saye Beach,Alderney,Channel Islands,1,,none,13059;10322,Unresolved: 'Saye Beach' did not match any of the 2 towers in St Anne
Corblets Beach,Alderney,Channel Islands,1,,none,13059;10322,Unresolved: 'Corblets Beach' did not match any of the 2 towers in St Anne
,Ringing Room,"UK, USA, & Switzerland",1,,none,,Virtual ringing platform or dispersed locations
St Nicholas,Broadwoodwidger,Devon,1,15519,high,,Unique tower in Broadwoodwidger; dedication 'S Nicholas' matches 'St Nicholas'
St Adwena,Advent,Cornwall,1,10510,high,,Unique tower in Advent; dedication 'S Adwena' matches 'St Adwena'
St Paternus,South Petherwin,Cornwall,1,16643,high,,Unique tower in South Petherwin; dedication 'S Paternus' matches 'St Paternus'
St Michael and All Angels,Lesnewth,Cornwall,1,16047,high,,Unique tower in Lesnewth; dedication 'S Michael & All Angels' matches 'St Michael and All Angels'
St Thomas the Apostle,Launceston,Cornwall,1,12476,medium,16420,Partial dedication match for 'S Thomas Ap' among 2 towers in town
St Marwenne,Marhamchurch,Cornwall,1,12113,high,,Unique tower in Marhamchurch; dedication 'S Marwenne' matches 'St Marwenne'
St Dunstan,Cranford,Greater London,1,12431,high,,Unique tower in Cranford; dedication 'S Dunstan' matches 'St Dunstan'
All Saints,Drinkstone,Suffolk,1,14520,high,,Unique tower in Drinkstone; dedication 'All Saints' matches 'All Saints'
Kowhai Mini-Ring,Oamaru,New Zealand,1,,none,,No matching tower found for 'Oamaru' in Dove register
St Nicholas,Beaudesert,Warwickshire,1,13622,high,,Unique tower in Beaudesert; dedication 'S Nicholas' matches 'St Nicholas'
St Martin,North Perrott,Somerset,1,13684,high,,Unique tower in North Perrott; dedication 'S Martin' matches 'St Martin'
S.M.V. and All Saints,Langdon Hills,Essex,1,10356,high,,Unique tower in Langdon Hills; dedication 'S Mary V & All Saints' matches 'S.M.V. and All Saints'
St M V and All Saints,Langdon Hills,Essex,1,10356,high,,Unique tower in Langdon Hills; dedication 'S Mary V & All Saints' matches 'St M V and All Saints'
St Paul,Ludgvan,Cornwall,1,14814,high,,Unique tower in Ludgvan; dedication 'S Ludgvan' matches 'St Paul'
St Andrew,Great Ryburgh,Norfolk,1,11436,high,,Unique tower in Great Ryburgh; dedication 'S Andrew' matches 'St Andrew'
The Perth Mobile Belfry,Hilton,Western Australia,1,,none,,No matching tower found for 'Hilton' in Dove register
St Mary,Langdon Hills,Essex,1,10356,high,,Unique tower in Langdon Hills; dedication 'S Mary V & All Saints' matches 'St Mary'
St Wendrona,Wendron,Cornwall,1,12717,high,,Unique tower in Wendron; dedication 'S Wendron' matches 'St Wendrona'
St Winwaloe,Poundstock,Cornwall,1,12157,high,,Unique tower in Poundstock; dedication 'S Winwaloe' matches 'St Winwaloe'
St Martin,Lewannick,Cornwall,1,13053,high,,Unique tower in Lewannick; dedication 'S Martin' matches 'St Martin'
SS Maunan & Stephen,Mawnan,Cornwall,1,17047,high,,Unique tower in Mawnan; dedication 'S Mawnan' matches 'SS Maunan & Stephen'
St Denis,Otterham,Cornwall,1,13562,high,,Unique tower in Otterham; dedication 'S Denis' matches 'St Denis'
All Saints,Worlingham,Suffolk,1,16853,high,,Unique tower in Worlingham; dedication 'All Saints' matches 'All Saints'
SS Petrock and Keri,Egloskerry,Cornwall,1,15006,high,,Unique tower in Egloskerry; dedication 'S Petrock & S Keri' matches 'SS Petrock and Keri'
St Peter,Deene,Northamptonshire,1,12631,high,,Unique tower in Deene; dedication 'S Peter' matches 'St Peter'
St Margaret,Dunham Massey,Greater Manchester,1,10216,high,19724,Resolved dedication 'S Margaret' (Dunham Massey) among 2 towers in town
,Wollaston,Northants,1,13383,high,,Unique tower in Wollaston (Northamptonshire); building unspecified in source
St Peter,Kirkthorpe,West Yorkshire,1,12252,high,,Unique tower in Kirkthorpe; dedication 'S Peter' matches 'St Peter'
All Saints,Southill,Bedfordshire,1,16331,high,,Unique tower in Southill; dedication 'All Saints' matches 'All Saints'
St Leonard,Old Warden,Bedfordshire,1,14132,high,,Unique tower in Old Warden; dedication 'S Leonard' matches 'St Leonard'
St Anne,Baslow,Derbyshire,1,12838,high,,Unique tower in Baslow; dedication 'S Anne' matches 'St Anne'
St Mary Magedelene,Great Offley,Hertfordshire,1,12296,high,,Unique tower in Offley; dedication 'S Mary Magd' matches 'St Mary Magedelene'
St James,Nunburnholme,East Yorkshire,1,,none,,No matching tower found for 'Nunburnholme' in Dove register
St Thomas a Beckett,Northaw,Hertfordshire,1,14406,high,,Unique tower in Northaw; dedication 'S Thomas of Canterbury' matches 'St Thomas a Beckett'
St Thomas a Becket,Northaw,Hertfordshire,1,14406,high,,Unique tower in Northaw; dedication 'S Thomas of Canterbury' matches 'St Thomas a Becket'
,Lemsford,,1,12929,high,,Unique tower in Lemsford (Hertfordshire); building unspecified in source
,Charlwood,,1,14048,high,,Unique tower in Charlwood (Surrey); building unspecified in source
,Standon,Herts,1,14869,high,,Unique tower in Standon (Hertfordshire); building unspecified in source
,Swepstone,,1,14704,high,,Unique tower in Swepstone (Leicestershire); building unspecified in source
"Colchester, Norwich & Sabarat",Ringing Room,UK & France,1,,none,,Virtual ringing platform or dispersed locations
St Lawrence,Lechlade,Glos,1,14119,high,,Unique tower in Lechlade; dedication 'S Lawrence' matches 'St Lawrence'
All Saints,Wragby,Lincolnshire,1,12824,high,,Unique tower in Wragby; dedication 'All Saints' matches 'All Saints'
St John the Baptist,Corby,Northamptonshire,1,13906,high,19363,Resolved dedication 'S John Bapt' (Corby) among 2 towers in town
All Saints,Publow,Somerset,1,13699,high,,Unique tower in Publow; dedication 'All Saints' matches 'All Saints'
St James the Less,Halse,Somerset,1,11862,high,,Unique tower in Halse; dedication 'S James Less' matches 'St James the Less'
St Pancras,West Bagborough,Somerset,1,16344,high,,Unique tower in West Bagborough; dedication 'S Pancras' matches 'St Pancras'
All Saints,Thurlaston,Leicestershire,1,15906,high,,Unique tower in Thurlaston; dedication 'All Saints' matches 'All Saints'
St Andrew,"Princess Anne, Maryland",,1,12416,high,,"Fuzzy place match (Princess Anne, Maryland -> Princess Anne, Maryland)"
St Guthlac,Branston,Leicestershire,1,14994,high,,Unique tower in Branston; dedication 'S Guthlac' matches 'St Guthlac'
St Peter,Heversham,Cumbria,1,11338,high,,Unique tower in Heversham; dedication 'S Peter' matches 'St Peter'
St Peter,Little Comberton,Worcestershire,1,16328,high,,Unique tower in Little Comberton; dedication 'S Peter' matches 'St Peter'
St Andrew,Swanwick,Derbyshire,1,11907,high,,Unique tower in Swanwick; dedication 'S Andrew' matches 'St Andrew'
St Nicholas,Middle Littleton,Worcestershire,1,14738,high,,Unique tower in Middle Littleton; dedication 'S Nicholas' matches 'St Nicholas'
St Nicholas,Pevensey,East Sussex,1,13286,high,,Unique tower in Pevensey; dedication 'S Nicholas' matches 'St Nicholas'
,Buckland Brewer,,1,11236,high,,Unique tower in Buckland Brewer (Devon); building unspecified in source
St Michael,Withington,Gloucestershire,1,13289,high,,Unique tower in Withington; dedication 'S Michael' matches 'St Michael'
,Hoar Cross,,1,15683,high,,Unique tower in Hoar Cross (Staffordshire); building unspecified in source
,Finchampstead,,1,10776,high,,Unique tower in Finchampstead (Berkshire); building unspecified in source
,Little Shelford,,1,11637,high,,Unique tower in Little Shelford (Cambridgeshire); building unspecified in source
,Elstree,,1,10946,high,,Unique tower in Elstree (Hertfordshire); building unspecified in source
,Sandhurst,Kent,1,16019,high,,Unique tower in Sandhurst (Kent); building unspecified in source
"St Paul, Southville",Bristol,,1,12016,high,,"Resolved via parish in building 'Southville' (Southville, S Paul)"
St Peter,Tempsford,Bedfordshire,1,11296,high,,Unique tower in Tempsford; dedication 'S Peter' matches 'St Peter'
St Mary,Houghton,Cambridgeshire,1,12946,high,,Unique tower in Houghton; dedication 'S Mary' matches 'St Mary'
St Giles,Shipbourne,Kent,1,14124,high,,Unique tower in Shipbourne; dedication 'S Giles' matches 'St Giles'
St Mary,Troston,Suffolk,1,10807,high,,Unique tower in Troston; dedication 'S Mary' matches 'St Mary'
St Nicholas,Standish,Gloucs,1,,none,,No matching tower found for 'Standish' in Dove register
St Mary,Dodleston,Cheshire,1,10985,high,,Unique tower in Dodleston; dedication 'S Mary' matches 'St Mary'
St Peter and St Paul,Weobley,Herefordshire,1,11289,high,25815,Resolved dedication 'S Peter & S Paul' (Weobley) among 2 towers in town
Corpus Christi,Clifton,Nottinghamshire,1,16048,high,12048;15190,Resolved dedication 'Corpus Christi' (Clifton) among 3 towers in town
St Lawrence,Abbots Langley,Hertfordshire,1,13781,high,,Unique tower in Abbots Langley; dedication 'S Lawrence' matches 'St Lawrence'
St Mary and St Sexburga,Minster (Sheppey),Kent,1,,none,,No matching tower found for 'Minster (Sheppey)' in Dove register
SS Peter & Paul,Chacombe,Northamptonshire,1,10403,high,,Unique tower in Chacombe; dedication 'S Peter & S Paul' matches 'SS Peter & Paul'
St Lawrence,Lydeard St Lawrence,Somerset,1,13970,high,,Unique tower in Lydeard St Lawrence; dedication 'S Lawrence' matches 'St Lawrence'
Hampole Manor,Hampole,Yorks,1,,none,,No matching tower found for 'Hampole' in Dove register
,Stoke Prior,Worcs,1,11782,high,,Unique tower in Stoke Prior (Worcestershire); building unspecified in source
,Beenham,,1,12053,high,,Unique tower in Beenham (Berkshire); building unspecified in source
,Widford,Hertfordshire,1,10271,high,,Unique tower in Widford (Hertfordshire); building unspecified in source
St John the Baptist,Pawlett,Somerset,1,14560,high,,Unique tower in Pawlett; dedication 'S John Bapt' matches 'St John the Baptist'
St Mary the Virgin,Bosley,Cheshire,1,11191,high,,Unique tower in Bosley; dedication 'S Mary V' matches 'St Mary the Virgin'
,Ardeley,,1,12211,high,,Unique tower in Ardeley (Hertfordshire); building unspecified in source
,Cawthorne,,1,14857,high,,Unique tower in Cawthorne (South Yorkshire); building unspecified in source
St Paul,Winlaton,Tyne and Wear,1,15300,high,23084,Resolved dedication 'S Paul' (Winlaton) among 2 towers in town
,Hartfield,,1,12747,high,,Unique tower in Hartfield (East Sussex); building unspecified in source
Cathedral of SS Peter and Paul,"Washington, District of Columbia",,1,,none,,"No matching tower found for 'Washington, District of Columbia' in Dove register"
St Winifred,Kingston on Soar,Nottinghamshire,1,16731,high,,Unique tower in Kingston on Soar; dedication 'S Winifred' matches 'St Winifred'
St Mary the Virgin,Meppershall,Bedfordshire,1,12799,high,,Unique tower in Meppershall; dedication 'S Mary V' matches 'St Mary the Virgin'
St Peter,Duxford,Cambridgeshire,1,12125,high,,Unique tower in Duxford; dedication 'S Peter' matches 'St Peter'
"St Michael, Spurriergate",York,North Yorkshire,1,25092,medium,11340;13714;16004;11426;16125;15985;13479;12165;10509;11836,Partial dedication match for 'S Michael le Belfrey' among 23 towers in town
St James Apostle,Paulerspury,Northamptonshire,1,11586,high,,Unique tower in Paulerspury; dedication 'S James Ap' matches 'St James Apostle'
St Peter,Thurleigh,Bedfordshire,1,16828,high,,Unique tower in Thurleigh; dedication 'S Peter' matches 'St Peter'
St Andrew,Ombersley,Worcestershire,1,11438,high,,Unique tower in Ombersley; dedication 'S Andrew' matches 'St Andrew'
St John the Baptist,Frenchay,Gloucestershire,1,12063,high,,Unique tower in Frenchay; dedication 'S John Bapt' matches 'St John the Baptist'
St Mary the Virgin,Thakeham,West Sussex,1,12255,high,,Unique tower in Thakeham; dedication 'S Mary' matches 'St Mary the Virgin'
St Mary,Lower Heyford,Oxfordshire,1,13630,high,,Unique tower in Lower Heyford; dedication 'S Mary' matches 'St Mary'
,Baughurst,,1,15372,high,,Unique tower in Baughurst (Hampshire); building unspecified in source
St John the Baptist,Piddington,Northamptonshire,1,12040,high,,Unique tower in Piddington; dedication 'S John Bapt' matches 'St John the Baptist'
All Saints,Yelvertoft,Northamptonshire,1,14472,high,,Unique tower in Yelvertoft; dedication 'All Saints' matches 'All Saints'
St Stithians,Stithians,Cornwall,1,14397,high,,Unique tower in Stithians; dedication 'S Stedyana' matches 'St Stithians'
St Mawgan,Mawgan-in-Meneage,Cornwall,1,12056,high,,Unique tower in Mawgan in Meneage; dedication 'S Mawgan' matches 'St Mawgan'
St Laudus,Mabe,Cornwall,1,15977,high,,Unique tower in Mabe; dedication 'S Laudus' matches 'St Laudus'
St Benedict,Hunsbury,Northamptonshire,1,,none,,No matching tower found for 'Hunsbury' in Dove register
Nativity of the Blessed Virgin Mary,Ringstead,Northamptonshire,1,11989,high,,Unique tower in Ringstead; dedication 'Nativity of BVM' matches 'Nativity of the Blessed Virgin Mary'
St John the Baptist,Upper Boddington,Northamptonshire,1,13498,high,,Unique tower in Upper Boddington; dedication 'S John Bapt' matches 'St John the Baptist'
St Laurence,Ridgewell,Essex,1,16172,high,,Unique tower in Ridgewell; dedication 'S Laurence' matches 'St Laurence'
St Saviour,Greyabbey,County Down,1,15043,high,,Unique tower in Greyabbey; dedication 'S Saviour' matches 'St Saviour'
St Mary,Nettleton,Wilitshire,1,,none,,No matching tower found for 'Nettleton' in Dove register
St John the Baptist,Wittersham,Kent,1,10865,high,,Unique tower in Wittersham; dedication 'S John Bapt' matches 'St John the Baptist'
St James the Apostle,Paulerspury,Northamptonshire,1,11586,high,,Unique tower in Paulerspury; dedication 'S James Ap' matches 'St James the Apostle'
St Ercus,St Erth,Cornwall,1,15525,high,,Unique tower in St Erth; dedication 'S Ercus' matches 'St Ercus'
St Mary,Orlingbury,Northamptonshire,1,11014,high,,Unique tower in Orlingbury; dedication 'S Mary' matches 'St Mary'
St Mark Lord Mayor's Chapel,Bristol,Bristol,1,14422,high,10300;10331;15455;14342;11615;12166;15180;12993;12039;16354,Resolved dedication 'S Mark Lord Mayor's Chapel' (Bristol) among 17 towers in town
,Cogenhoe,,1,11039,high,,Unique tower in Cogenhoe (Northamptonshire); building unspecified in source
,Cold Higham,,1,10919,high,,Unique tower in Cold Higham (Northamptonshire); building unspecified in source
St Mary,Hanley Castle,Worcestershire,1,12873,high,,Unique tower in Hanley Castle; dedication 'S Mary' matches 'St Mary'
St Gabriel,Hanley Swan,Worcestershire,1,14286,high,,Unique tower in Hanley Swan; dedication 'S Gabriel' matches 'St Gabriel'
,Pebmarsh,,1,16926,high,,Unique tower in Pebmarsh (Essex); building unspecified in source
St Mary Magdalene,Downe,Greater London,1,16825,high,,Unique tower in Downe; dedication 'S Mary Magd' matches 'St Mary Magdalene'
Holy Trinity,Dinting Vale,Derbyshire,1,12371,high,,Unique tower in Dinting Vale; dedication 'Holy Trinity' matches 'Holy Trinity'
"Vernet-les-Bains, Oldham & Sabarat",Ringing Room,UK & France,1,,none,,Virtual ringing platform or dispersed locations
87 Edinburgh Road,Newmarket,Suffolk,1,,none,,Private residence address (handbell ring)
,Hinxworth,,1,15902,high,,Unique tower in Hinxworth (Hertfordshire); building unspecified in source
St Mary the Virgin,Oxenhope,West Yorkshire,1,11937,high,,Unique tower in Oxenhope; dedication 'S Mary V' matches 'St Mary the Virgin'
St Mary the Virgin,Week St Mary,Cornwall,1,15662,high,,Unique tower in Week St Mary; dedication 'S Mary V' matches 'St Mary the Virgin'
,Frampton Cotterell,,1,15027,high,,Unique tower in Frampton Cotterell (Gloucestershire); building unspecified in source
SS Mary and Clement,Clavering,Essex,1,14313,high,,Unique tower in Clavering; dedication 'S Mary & S Clement' matches 'SS Mary and Clement'
St John the Baptist,Huntley,Gloucestershire,1,11281,high,,Unique tower in Huntley; dedication 'S John Bapt' matches 'St John the Baptist'
St Botolph,Hadstock,Essex,1,12790,high,,Unique tower in Hadstock; dedication 'S Botolph' matches 'St Botolph'
St James the Great,Thorley,Hertfordshire,1,13703,high,,Unique tower in Thorley; dedication 'S James Gt' matches 'St James the Great'
,Goodnestone,Kent,1,17060,medium,20354,Partial dedication match for 'Holy Cross' among 2 towers in town
St Mary,Redbourn,Hertfordshire,1,16894,high,,Unique tower in Redbourn; dedication 'S Mary' matches 'St Mary'
St Peter and St Paul,Church Hanborough,Oxfordshire,1,15045,high,,Unique tower in Church Hanborough; dedication 'S Peter & S Paul' matches 'St Peter and St Paul'
St Michael,Kington St Michael,Wiltshire,1,13049,high,,Unique tower in Kington St Michael; dedication 'S Michael' matches 'St Michael'
St George,Easton in Gordano,Somerset,1,15583,high,,Unique tower in Easton in Gordano; dedication 'S George' matches 'St George'
All Saints,Staunton,Gloucestershire,1,13800,high,11535,Resolved dedication 'All Saints' (Staunton) among 2 towers in town
St Benedict,Glinton,Cambridgeshire,1,11185,high,,Unique tower in Glinton; dedication 'S Benedict' matches 'St Benedict'
St John Baptist,Corby,Northamptonshire,1,13906,high,19363,Resolved dedication 'S John Bapt' (Corby) among 2 towers in town
St Mary,Eversley,Hampshire,1,14192,high,,Unique tower in Eversley; dedication 'S Mary' matches 'St Mary'
St Peter and St Paul,Ellesborough,Buckinghamshire,1,10275,high,,Unique tower in Ellesborough; dedication 'S Peter & S Paul' matches 'St Peter and St Paul'
St Mary the Virgin,Willesborough,Kent,1,14764,high,25988;24811,Resolved dedication 'S Mary V' (Willesborough) among 3 towers in town
St Mary,Wymeswold,Leicestershire,1,10306,high,,Unique tower in Wymeswold; dedication 'S Mary' matches 'St Mary'
St Mary,West Worlington,Devon,1,13831,high,,Unique tower in West Worlington; dedication 'S Mary' matches 'St Mary'
St Giles,South Mimms,Hertfordshire,1,14256,high,,Unique tower in South Mimms; dedication 'S Giles' matches 'St Giles'
St Chad,Longford,Derbyshire,1,14757,high,,Unique tower in Longford; dedication 'S Chad' matches 'St Chad'
Blessed Virgin Mary,Stone,Worcestershire,1,13942,high,,Unique tower in Stone; dedication 'Blessed Virgin Mary' matches 'Blessed Virgin Mary'
All Saints,North Ferriby,Yorkshire,1,17151,high,,Unique tower in North Ferriby; dedication 'All Saints' matches 'All Saints'
St Nicholas,Wickham,Hampshire,1,16603,high,,Unique tower in Wickham; dedication 'S Nicholas' matches 'St Nicholas'
Former St John,York,North Yorkshire,1,25393,medium,11340;13714;16004;11426;16125;15985;13479;12165;10509;11836,Partial dedication match for 'former ch of S Saviour' among 23 towers in town
The Ascension,Whixley,North Yorkshire,1,11060,high,,Unique tower in Whixley; dedication 'The Ascension' matches 'The Ascension'
"St Stephen, Lansdown",Bath,Somerset,1,12686,high,12547;13019;14089;15243;15431;11365;14458;18173;18177;18174,Resolved dedication 'S Stephen' (Bath) among 19 towers in town
The Red Light Ring,Southampton,Hampshire,1,,none,13796;10453;13354;11712;20881;25539;23552;25687;23549;23550,Unresolved: 'The Red Light Ring' did not match any of the 12 towers in Southampton
St Augustine,Brookland,Kent,1,10668,high,,Unique tower in Brookland; dedication 'S Augustine' matches 'St Augustine'
St Matthew,Warehorne,Kent,1,17059,high,,Unique tower in Warehorne; dedication 'S Matthew' matches 'St Matthew'
St Mary,Moreton,Essex,1,12345,high,,Unique tower in Moreton; dedication 'S Mary' matches 'St Mary'
,Tibshelf,Derbyshire,1,14897,high,,Unique tower in Tibshelf (Derbyshire); building unspecified in source
St Thomas of Canterbury,Tangley,Hampshire,1,11058,high,,Unique tower in Tangley; dedication 'S Thomas' matches 'St Thomas of Canterbury'
St Thomas,Tangley,Hampshire,1,11058,high,,Unique tower in Tangley; dedication 'S Thomas' matches 'St Thomas'
,Chelsfield,,1,16695,high,,Unique tower in Chelsfield (Greater London); building unspecified in source
St Mary,Great Parndon,Essex,1,16121,high,,Unique tower in Great Parndon; dedication 'S Mary' matches 'St Mary'
St Mary,Broughton,Hampshire,1,14167,high,,Unique tower in Broughton; dedication 'S Mary' matches 'St Mary'
,Ludgershall,Wilts,1,14944,high,,Unique tower in Ludgershall (Wiltshire); building unspecified in source
St Benedict,Sydney,New South Wales,1,14777,high,16969;15468;13849;13677;11518;10621;12983;13900;11755;16839,Resolved dedication 'S Benedict' (Sydney) among 20 towers in town
,Laughton,,1,15991,medium,12999;21482,Partial dedication match for 'All Saints' among 3 towers in town
,Fulmer,,1,17093,high,,Unique tower in Fulmer (Buckinghamshire); building unspecified in source
,Hitcham,Bucks,1,15217,high,,Unique tower in Hitcham (Buckinghamshire); building unspecified in source
,Wiggenhall St Mary Magdalen,,1,14207,high,,Unique tower in Wiggenhall St Mary Magdalen (Norfolk); building unspecified in source
,Easthampstead,,1,16428,high,,Unique tower in Easthampstead (Berkshire); building unspecified in source
"Warfield,  Oldham & Vernet-les-Bains",Ringing Room,UK & France,1,,none,,Virtual ringing platform or dispersed locations
,Coddington,Notts,1,11794,high,,Unique tower in Coddington (Nottinghamshire); building unspecified in source
All Saints,Stamford,Lincolnshire,1,13596,high,12350;16604;12004;23704,Resolved dedication 'All Saints' (Stamford) among 5 towers in town
St Mary,Watton,Norfolk,1,14908,high,,Unique tower in Watton; dedication 'S Mary' matches 'St Mary'
,Ringing Room,Suffolk and Essex,1,,none,,Virtual ringing platform or dispersed locations
,West Retford,,1,10718,high,,Unique tower in West Retford (Nottinghamshire); building unspecified in source
Holy Trinity,Brathay,Cumbria,1,14837,high,,Unique tower in Brathay; dedication 'Holy Trinity' matches 'Holy Trinity'
,Kirkthorpe,,1,12252,high,,Unique tower in Kirkthorpe (West Yorkshire); building unspecified in source
St Mary,Wallington,Hertfordshire,1,15557,high,,Unique tower in Wallington; dedication 'S Mary' matches 'St Mary'
,Ringing Room,Suffolk and Dorset,1,,none,,Virtual ringing platform or dispersed locations
,Kempsford,,1,10185,high,,Unique tower in Kempsford (Gloucestershire); building unspecified in source
"Colchester, Norwich & Sabarat",Ringing Room,UK,1,,none,,Virtual ringing platform or dispersed locations
,Wallington,,1,15557,medium,24382;24383;24384,Partial dedication match for 'S Mary' among 4 towers in town
12 Victoria St (GF),Cambridge,Cambridgeshire,1,,none,,Private residence address (handbell ring)
,Little Chart,,1,14247,high,,Unique tower in Little Chart (Kent); building unspecified in source
St Edmund,Maids Moreton,Buckinghamshire,1,12835,high,,Unique tower in Maids Moreton; dedication 'S Edmund' matches 'St Edmund'
St Mary Edinburgh,Ringing Room,,1,,none,,Virtual ringing platform or dispersed locations
All Saints,Soulbury,Buckinghamshire,1,10962,high,,Unique tower in Soulbury; dedication 'All Saints' matches 'All Saints'
St Andrew,Alfriston,East Sussex,1,15365,high,,Unique tower in Alfriston; dedication 'S Andrew' matches 'St Andrew'
St Giles,Exhall,Warwickshire,1,10520,high,,Unique tower in Exhall; dedication 'S Giles' matches 'St Giles'
Great St Mary,Sawbridgeworth,Hertfordshire,1,12270,high,,Unique tower in Sawbridgeworth; dedication 'Great S Mary' matches 'Great St Mary'
All Saints,Braunston,Northamptonshire,1,11019,high,,Unique tower in Braunston; dedication 'All Saints' matches 'All Saints'
St Mary the Blessed Virgin,Brabourne,Kent,1,17146,high,,Unique tower in Brabourne; dedication 'S Mary BV' matches 'St Mary the Blessed Virgin'
St Mary,Kennington,Kent,1,17149,high,,Unique tower in Kennington; dedication 'S Mary' matches 'St Mary'
St Mary the Virgin,Stowting,Kent,1,11000,high,,Unique tower in Stowting; dedication 'S Mary V' matches 'St Mary the Virgin'
Wybunbury Tower,Wybunbury,Cheshire,1,15791,high,25041,Resolved dedication 'Wybunbury Tower' (Wybunbury) among 2 towers in town
Blessed Virgin Mary,East Brent,Somerset,1,16210,high,,Unique tower in East Brent; dedication 'Blessed Virgin Mary' matches 'Blessed Virgin Mary'
St John the Baptist,Flitton,Bedfordshire,1,17119,high,,Unique tower in Flitton; dedication 'S John Bapt' matches 'St John the Baptist'
St John the Baptist,Capel,Surrey,1,13087,high,,Unique tower in Capel; dedication 'S John Bapt' matches 'St John the Baptist'
St George,Saham Toney,Norfolk,1,16947,high,,Unique tower in Saham Toney; dedication 'S George' matches 'St George'
St Matthew,Cheriton Fitzpaine,Devon,1,12411,high,,Unique tower in Cheriton Fitzpaine; dedication 'S Matthew' matches 'St Matthew'
,Preshute,,1,13550,high,,Unique tower in Marlborough (Wiltshire); building unspecified in source
,Stebbing,,1,12071,high,,Unique tower in Stebbing (Essex); building unspecified in source
St John the Evangelist,Ford End,Essex,1,10598,high,,Unique tower in Ford End; dedication 'S John Ev' matches 'St John the Evangelist'
St John the Baptist,Layer de la Haye,Essex,1,13936,high,,Unique tower in Layer de la Haye; dedication 'S John Bapt' matches 'St John the Baptist'
St Mary the Virgin,Black Bourton,Oxfordshire,1,10617,high,,Unique tower in Black Bourton; dedication 'S Mary V' matches 'St Mary the Virgin'
St Helena,Lundy Island,,1,11248,high,,Unique tower in Lundy Island; dedication 'S Helen' matches 'St Helena'
,Chislet,Kent,1,10038,high,,Unique tower in Chislet (Kent); building unspecified in source
St Andrew,Kimbolton,Cambridgeshire,1,10188,high,,Unique tower in Kimbolton; dedication 'S Andrew' matches 'St Andrew'
,Tolleshunt d'Arcy,,1,15322,high,,Unique tower in Tolleshunt D'Arcy (Essex); building unspecified in source
"46, Orchard Drive",St Albans,Hertfordshire,1,,none,,Private residence name (handbell ring)
St Cosmas and St Damian,Keymer,West Sussex,1,10528,high,,Unique tower in Keymer; dedication 'S Cosmas & S Damian' matches 'St Cosmas and St Damian'
,Edgmond,,1,14164,high,,Unique tower in Edgmond (Shropshire); building unspecified in source
"Thorrington, Wickford & Sabarat",Ringing Room,Uk & France,1,,none,,Virtual ringing platform or dispersed locations
St Helena,Lundy Island,Devon,1,11248,high,,Unique tower in Lundy Island; dedication 'S Helen' matches 'St Helena'
St John the Baptist,Knutsford,Cheshire,1,11499,high,21412,Resolved dedication 'S John Bapt' (Knutsford) among 2 towers in town
,Moreton Corbet,,1,11380,high,,Unique tower in Moreton Corbet (Shropshire); building unspecified in source
,Chiseldon,,1,10449,high,,Unique tower in Chiseldon (Wiltshire); building unspecified in source
,Higham,Kent,1,12015,medium,20867,Partial dedication match for 'S John Ev' among 2 towers in town
All Saints,Godshill,Isle of Wight,1,12510,high,25403,Resolved dedication 'All Saints' (Godshill) among 2 towers in town
All Saints,Catherington,Hampshire,1,17148,high,,Unique tower in Catherington; dedication 'All Saints' matches 'All Saints'
SS Peter and Paul,Butlers Marston,Warwickshire,1,14607,high,,Unique tower in Butlers Marston; dedication 'S Peter & S Paul' matches 'SS Peter and Paul'
St Mary the Virgin,Funtington,Sussex,1,13503,high,,Unique tower in Funtington; dedication 'S Mary' matches 'St Mary the Virgin'
St Denys,Ibstock,Leicestershire,1,15895,high,,Unique tower in Ibstock; dedication 'S Denys' matches 'St Denys'
,Ramsbury,,1,10903,high,,Unique tower in Ramsbury (Wiltshire); building unspecified in source
S Michael,Smarden,Kent,1,15047,high,,Unique tower in Smarden; dedication 'S Michael' matches 'S Michael'
St Luke,Goostrey,Cheshire,1,13669,high,,Unique tower in Goostrey; dedication 'S Luke' matches 'St Luke'
,King's Bromley,,1,16545,high,,Unique tower in King's Bromley (Staffordshire); building unspecified in source
St Catharine,Baglan,Neath Port Talbot,1,11317,high,,Unique tower in Baglan; dedication 'S Catharine' matches 'St Catharine'
St Andrew,Stapleford,Cambridgeshire,1,16175,high,,Unique tower in Stapleford; dedication 'S Andrew' matches 'St Andrew'
,Dunsford,Devon,1,14545,high,,Unique tower in Dunsford (Devon); building unspecified in source
,Shobrooke,Devon,1,13768,high,,Unique tower in Shobrooke (Devon); building unspecified in source
,Kingskerswell,Devon,1,11038,high,,Unique tower in Kingskerswell (Devon); building unspecified in source
,Holcombe Burnell,Devon,1,15746,high,,Unique tower in Holcombe Burnell (Devon); building unspecified in source
,Harpford,Devon,1,15223,high,,Unique tower in Harpford (Devon); building unspecified in source
,Doddiscombsleigh,Devon,1,11075,high,,Unique tower in Doddiscombsleigh (Devon); building unspecified in source
St Swithin,Sandford,Devon,1,16933,high,,Unique tower in Sandford; dedication 'S Swithin' matches 'St Swithin'
,Ide,Devon,1,14492,high,,Unique tower in Ide (Devon); building unspecified in source
,Thorverton,Devon,1,16860,high,,Unique tower in Thorverton (Devon); building unspecified in source
,Sheepstor,Devon,1,11632,high,,Unique tower in Sheepstor (Devon); building unspecified in source
,Trusham,Devon,1,14889,high,,Unique tower in Trusham (Devon); building unspecified in source
,Broadhempston,Devon,1,12156,high,,Unique tower in Broadhempston (Devon); building unspecified in source
,Collaton St Mary,Devon,1,17051,high,,Unique tower in Collaton (Devon); building unspecified in source
,Powderham,Devon,1,12083,high,,Unique tower in Powderham (Devon); building unspecified in source
St Mary the Virgin,Collaton St Mary,Devon,1,17051,high,,Unique tower in Collaton; dedication 'S Mary V' matches 'St Mary the Virgin'
St Mary,Bletsoe,Bedfordshire,1,10868,high,,Unique tower in Bletsoe; dedication 'S Mary' matches 'St Mary'
All Saints',Maidstone,Kent,1,11883,high,12644;21917;21918;21919;21920;21921;21922,Resolved dedication 'All Saints' (Maidstone) among 8 towers in town
"St Lawrence, Church End",Ansley,Warwickshire,1,13078,high,,"Unique tower in Ansley; dedication 'S Lawrence' matches 'St Lawrence, Church End'"
St Michael,Church Broughton,Derbyshire,1,14806,high,,Unique tower in Church Broughton; dedication 'S Michael' matches 'St Michael'
"Vernet-les-Bains, Oldham & Great Hockham",Sonneur,UK & France,1,,none,,No matching tower found for 'Sonneur' in Dove register
Blessed Virgin Mary,Cannington,Somerset,1,13006,high,,Unique tower in Cannington; dedication 'Blessed Virgin Mary' matches 'Blessed Virgin Mary'
St Nicholas,Willoughby,Warwickshire,1,12496,high,,Unique tower in Willoughby; dedication 'S Nicholas' matches 'St Nicholas'
St Hippolytus,St Ippolytts,Hertfordshire,1,,none,,No matching tower found for 'St Ippolytts' in Dove register
St Mary-le-Ghyll,Barnoldswick,Lancashire,1,12339,high,25191;18133,Resolved dedication 'S Mary le Ghyll' (Barnoldswick) among 3 towers in town
St Thomas-a-Becket,Pagham,West Sussex,1,10680,high,,Unique tower in Pagham; dedication 'S Thomas a Becket' matches 'St Thomas-a-Becket'
St Thomas a Becket,Pagham,West Sussex,1,10680,high,,Unique tower in Pagham; dedication 'S Thomas a Becket' matches 'St Thomas a Becket'
St Michael,Northchapel,West Sussex,1,12330,high,,Unique tower in Northchapel; dedication 'S Michael & All Angels' matches 'St Michael'
St John the Baptist,Kirdford,West Sussex,1,13335,high,,Unique tower in Kirdford; dedication 'S John Bapt' matches 'St John the Baptist'
St Andrew,Sherborne St John,Hampshire,1,12944,high,,Unique tower in Sherborne St John; dedication 'S Andrew' matches 'St Andrew'
Holy Trinity,Littlebury,Essex,1,12598,high,,Unique tower in Littlebury; dedication 'Holy Trinity' matches 'Holy Trinity'
St Andrew,Great Finborough,Suffolk,1,11626,high,,Unique tower in Great Finborough; dedication 'S Andrew' matches 'St Andrew'
Blessed Virgin Mary,Croscombe,Somerset,1,16333,high,,Unique tower in Croscombe; dedication 'Blessed Virgin Mary' matches 'Blessed Virgin Mary'
St Mary with All Souls,Kilburn,"Abbey Road, Gtr London",1,,none,,No matching tower found for 'Kilburn' in Dove register
St Peter,Addingham,West Yorkshire,1,17108,high,,Unique tower in Addingham; dedication 'S Peter' matches 'St Peter'
St Andrew,Stanton upon Hine Heath,Shropshire,1,12899,high,,Unique tower in Stanton upon Hine Heath; dedication 'S Andrew' matches 'St Andrew'
Holy Trinity,Calverhall,Shropshire,1,10559,high,,Unique tower in Calverhall; dedication 'Holy Trinity' matches 'Holy Trinity'
St Luke,Sheen,Staffordshire,1,12603,high,,Unique tower in Sheen; dedication 'S Luke' matches 'St Luke'
St Mary the Virgin,Sturminster Marshall,Dorset,1,13003,high,,Unique tower in Sturminster Marshall; dedication 'S Mary' matches 'St Mary the Virgin'
St Edith of Polesworth,Orton on the Hill,Leicestershire,1,10600,high,,Unique tower in Orton on the Hill; dedication 'S Edith of Polesworth' matches 'St Edith of Polesworth'
The Adelaide Ringing Centre,Adelaide,South Australia,1,,none,15785;16198;17138;15246;16422,Unresolved: 'The Adelaide Ringing Centre' did not match any of the 5 towers in Adelaide
St Peter and St Paul,Mappowder,Dorset,1,11134,high,,Unique tower in Mappowder; dedication 'S Peter & S Paul' matches 'St Peter and St Paul'
St Michael and All Angels,High Ercall,Shropshire,1,11168,high,,Unique tower in High Ercall; dedication 'S Michael & All Angels' matches 'St Michael and All Angels'
St Olaf King and Martyr,Poughill,Cornwall,1,13070,high,,Unique tower in Poughill; dedication 'S Olaf K&M' matches 'St Olaf King and Martyr'
St Lawrence,Seale,Surrey,1,12491,high,,Unique tower in Seale; dedication 'S Lawrence' matches 'St Lawrence'
St Andrew,South Brisbane,Queensland,1,15860,high,,Unique tower in Brisbane; dedication 'S Andrew' matches 'St Andrew'
St Peter and St Paul,Langton by Partney,Lincolnshire,1,12931,high,,Unique tower in Langton by Partney; dedication 'S Peter & S Paul' matches 'St Peter and St Paul'
St Peter,Peters Marland,Devon,1,16660,high,,Unique tower in Peters Marland; dedication 'S Peter' matches 'St Peter'
All Saints,High Bray,Devon,1,10823,high,,Unique tower in High Bray; dedication 'All Saints' matches 'All Saints'
St Milburga,Beckbury,Shropshire,1,10244,high,,Unique tower in Beckbury; dedication 'S Milburga' matches 'St Milburga'
Cathedral and Parish Church of St Fachtna,Rosscarbery,Cork,1,11724,high,,Unique tower in Rosscarbery; dedication 'Cath & Parish Ch of S Fachtna' matches 'Cathedral and Parish Church of St Fachtna'
St John,Keele,Staffordshire,1,15675,high,15793,Resolved dedication 'S John' (Keele) among 2 towers in town
All Saints,Worthen,Shropshire,1,15446,high,,Unique tower in Worthen; dedication 'All Saints' matches 'All Saints'
St Eata,Atcham,Shropshire,1,13475,high,,Unique tower in Atcham; dedication 'S Eata' matches 'St Eata'
St Catherine,Tugford,Shropshire,1,14031,high,,Unique tower in Tugford; dedication 'S Catherine' matches 'St Catherine'
St Bartholomew,Moreton Corbet,Shropshire,1,11380,high,,Unique tower in Moreton Corbet; dedication 'S Bartholomew' matches 'St Bartholomew'
St Editha,Church Eaton,Staffordshire,1,12957,high,,Unique tower in Church Eaton; dedication 'S Editha' matches 'St Editha'
Stonebroom Campanile,Stonebroom,Derbyshire,1,25330,high,23830,Resolved dedication 'Stonebroom Campanile' (Stonebroom) among 2 towers in town
St Mary,Buriton,Hampshire,1,16683,high,,Unique tower in Buriton; dedication 'S Mary V' matches 'St Mary'
"St Andrew, South Brisbane",Brisbane,Queensland,1,15860,high,11567,Resolved dedication 'S Andrew' (Brisbane) among 2 towers in town
All Saints Centre,"Norwich, Westlegate",Norwich,1,,none,,"No matching tower found for 'Norwich, Westlegate' in Dove register"
The Alphabet Ring,West Wyalong,New South Wales,1,,none,,No matching tower found for 'West Wyalong' in Dove register
St Mary Overie,Southwark,Surrey,1,,none,,No matching tower found for 'Southwark' in Dove register
,Garboldisham,,1,10815,high,,Unique tower in Garboldisham (Norfolk); building unspecified in source
All Saints,Babworth,Nottinghamshire,1,10636,high,,Unique tower in Babworth; dedication 'All Saints' matches 'All Saints'
All Saints,Binfield,Berkshire,1,12111,high,25614,Resolved dedication 'All Saints' (Binfield) among 2 towers in town
,Ringing Room,Massachusetts and New York,1,,none,,Virtual ringing platform or dispersed locations
,Nutfield,,1,11711,high,,Unique tower in Nutfield (Surrey); building unspecified in source
,South Normanton,,1,10616,high,,Unique tower in South Normanton (Derbyshire); building unspecified in source
St John the Baptist,Marldon,Devon,1,15351,high,,Unique tower in Marldon; dedication 'S John Bapt' matches 'St John the Baptist'
"St Constantine, King of Cornwall",Constantine,Cornwall,1,15807,high,,"Unique tower in Constantine; dedication 'S Constantine' matches 'St Constantine, King of Cornwall'"
All Saints,Newtown Linford,Leicestershire,1,14952,high,,Unique tower in Newtown Linford; dedication 'All Saints' matches 'All Saints'
,Capel,,1,13087,medium,18959,Partial dedication match for 'S John Bapt' among 2 towers in town
,Wollaton,,1,12674,high,,Unique tower in Wollaton (Nottinghamshire); building unspecified in source
St Mary the Virgin,Beighton,Derbyshire,1,,none,,No matching tower found for 'Beighton' in Dove register
St Lawrence,Biddulph,Staffordshire,1,11278,high,,Unique tower in Biddulph; dedication 'S Lawrence' matches 'St Lawrence'
All Saints,Mollington,Oxfordshire,1,13559,high,,Unique tower in Mollington; dedication 'All Saints' matches 'All Saints'
St John the Baptist,Mayfield,Staffordshire,1,16315,high,,Unique tower in Mayfield; dedication 'S John Bapt' matches 'St John the Baptist'
St Peter,Ipsley,Worcestershire,1,13007,high,,Unique tower in Ipsley; dedication 'S Peter' matches 'St Peter'
St Michael and All Angels,Pelsall,West Midlands,1,14289,high,,Unique tower in Pelsall; dedication 'S Michael & All Angels' matches 'St Michael and All Angels'
35 Barton Lane,Headington,Oxfordshire,1,,none,,Private residence address (handbell ring)
St Michael and All Angels,Hackthorn,Lincolnshire,1,10108,high,,Unique tower in Hackthorn; dedication 'S Michael & All Angels' matches 'St Michael and All Angels'
,Burnsall,,1,12308,high,,Unique tower in Burnsall (North Yorkshire); building unspecified in source
,Lois Weedon,,1,16572,high,,Unique tower in Weedon Lois (Northamptonshire); building unspecified in source
St Martin,Osmaston,Derbyshire,1,11392,high,,Unique tower in Osmaston; dedication 'S Martin' matches 'St Martin'
,Bucknall,,1,16060,medium,18776,Partial dedication match for 'S Mary' among 2 towers in town
St John the Baptist,Wolvey,Warwickshire,1,11837,high,,Unique tower in Wolvey; dedication 'S John Bapt' matches 'St John the Baptist'
St Paul de Leon,Staverton,Devon,1,17033,high,,Unique tower in Staverton; dedication 'S Paul de Leon' matches 'St Paul de Leon'
St Peter,Thornton,Leicestershire,1,13347,high,,Unique tower in Thornton; dedication 'S Peter' matches 'St Peter'
All Saints,Winthorpe,Nottinghamshire,1,12097,high,,Unique tower in Winthorpe; dedication 'All Saints' matches 'All Saints'
,Yelvertoft,,1,14472,high,,Unique tower in Yelvertoft (Northamptonshire); building unspecified in source
The Peacock Inn,Croxton Kerrial,Leicestershire,1,14454,medium,,"Sole ringing tower in Croxton Kerrial, but dedication 'S Botolph & S John Bapt' differs from source 'The Peacock Inn'"
,Hanley Castle,,1,12873,high,,Unique tower in Hanley Castle (Worcestershire); building unspecified in source
Spurriergate Centre,York,North Yorkshire,1,10509,high,11340;13714;16004;11426;16125;15985;13479;12165;11836;17575,Resolved dedication 'Spurriergate Centre' (York) among 23 towers in town
SS Mary and Martin,Blyth,Nottinghamshire,1,15963,high,,Unique tower in Blyth; dedication 'S Mary & S Martin' matches 'SS Mary and Martin'
S Goranus,Gorran,Cornwall,1,14529,high,,Unique tower in Gorran; dedication 'S Goranus' matches 'S Goranus'
St Mary,Bushbury,West Midlands,1,15133,high,,Unique tower in Bushbury; dedication 'S Mary' matches 'St Mary'
All Saints,Nettleham,Lincolnshire,1,14051,high,,Unique tower in Nettleham; dedication 'All Saints' matches 'All Saints'
St Peter,Higham on the Hill,Leicestershire,1,10024,high,,Unique tower in Higham on the Hill; dedication 'S Peter' matches 'St Peter'
Unknown,Huddersfield,West Yorkshire,1,,none,10804;21088;21089;21090,Unresolved: 'Unknown' did not match any of the 4 towers in Huddersfield
,Hale Magna,,1,,none,,No matching tower found for 'Hale Magna' in Dove register
,Earlsheaton,Yorkshire,1,,none,,No matching tower found for 'Earlsheaton' in Dove register
,West Grinstead,,1,15491,high,,Unique tower in West Grinstead (West Sussex); building unspecified in source
,Portsmouth,Hants,1,13220,medium,25238;17042;16279;25536,Partial dedication match for 'Cath Ch of S Thomas of Canterbury' among 5 towers in town
,Steeple Claydon,,1,11199,high,,Unique tower in Steeple Claydon (Buckinghamshire); building unspecified in source
,Leighton,,1,10539,medium,12088,Partial dedication match for 'Holy Trinity' among 2 towers in town
,Bandon,,1,11430,high,,Unique tower in Bandon (Cork); building unspecified in source
37 Dutton Lane,Eastleigh,Hampshire,1,,none,,Private residence address (handbell ring)
St Peter,Martley,Worcestershire,1,12360,high,,Unique tower in Martley; dedication 'S Peter' matches 'St Peter'
St Peter,Inkberrow,Worcestershire,1,12851,high,,Unique tower in Inkberrow; dedication 'S Peter' matches 'St Peter'
St Mary,Maidwell,Northamptonshire,1,14975,high,,Unique tower in Maidwell; dedication 'S Mary' matches 'St Mary'
St Nicholas,Islip,Northamptonshire,1,14903,high,,Unique tower in Islip; dedication 'S Nicholas' matches 'St Nicholas'
,Stourpaine,Dorset,1,16820,high,,Unique tower in Stourpaine (Dorset); building unspecified in source
St John the Evangelist,Whitfield,Northamptonshire,1,16780,high,,Unique tower in Whitfield; dedication 'S John Ev' matches 'St John the Evangelist'
St John the Baptist,East Farndon,Northamptonshire,1,15845,high,,Unique tower in East Farndon; dedication 'S John Bapt' matches 'St John the Baptist'
St Michael and All Angels,Newnham,Northamptonshire,1,14345,high,,Unique tower in Newnham; dedication 'S Michael & All Angels' matches 'St Michael and All Angels'
St John the Baptist,Harringworth,Northamptonshire,1,10581,high,,Unique tower in Harringworth; dedication 'S John Bapt' matches 'St John the Baptist'
SS Peter and Paul,Chacombe,Northamptonshire,1,10403,high,,Unique tower in Chacombe; dedication 'S Peter & S Paul' matches 'SS Peter and Paul'
St Andrew,South Tawton,Devon,1,15461,high,,Unique tower in South Tawton; dedication 'S Andrew' matches 'St Andrew'
St James,Spaldwick,Cambridgeshire,1,13741,high,,Unique tower in Spaldwick; dedication 'S James' matches 'St James'
SS Peter and Paul,Great Bowden,Leicestershire,1,12917,high,,Unique tower in Great Bowden; dedication 'S Peter & S Paul' matches 'SS Peter and Paul'
,Potterspury,,1,16614,high,,Unique tower in Potterspury (Northamptonshire); building unspecified in source
,Pattishall,,1,11238,high,,Unique tower in Pattishall (Northamptonshire); building unspecified in source
St Bartholomew,Old Whittington,Derbyshire,1,13780,high,,Unique tower in Old Whittington; dedication 'S Bartholomew' matches 'St Bartholomew'
St Michael and All Angels,Blaisdon,Gloucestershire,1,14538,high,,Unique tower in Blaisdon; dedication 'S Michael & All Angels' matches 'St Michael and All Angels'
St Mary le Ghyll,Barnoldswick,Lancashire,1,12339,high,25191;18133,Resolved dedication 'S Mary le Ghyll' (Barnoldswick) among 3 towers in town
St Edward Conf,Cheddleton,Staffordshire,1,17030,high,,Unique tower in Cheddleton; dedication 'S Edward Conf' matches 'St Edward Conf'
All Saints,Madeley,Staffordshire,1,15201,high,,Unique tower in Madeley; dedication 'All Saints' matches 'All Saints'
,Chartham,,1,11093,high,,Unique tower in Chartham (Kent); building unspecified in source
St Lawrence,Wootton St Lawrence,Hampshire,1,16576,high,,Unique tower in Wootton St Lawrence; dedication 'S Lawrence' matches 'St Lawrence'
St Mary Magdalen,Great Offley,Hertfordshire,1,12296,high,,Unique tower in Offley; dedication 'S Mary Magd' matches 'St Mary Magdalen'
St John The Evangelist,Slimbridge,Gloucestershire,1,13526,high,,Unique tower in Slimbridge; dedication 'S John Ev' matches 'St John The Evangelist'
,Bourton,Dorset,1,14433,high,,Unique tower in Bourton (Dorset); building unspecified in source
St Michael and All Angels,Poughill,Devon,1,11799,high,,Unique tower in Poughill; dedication 'S Michael & All Angels' matches 'St Michael and All Angels'
Blessed Virgin Mary,Moorlinch,Somerset,1,10091,high,,Unique tower in Moorlinch; dedication 'Blessed Virgin Mary' matches 'Blessed Virgin Mary'
,Kenn,Devon,1,10551,high,,Unique tower in Kenn (Devon); building unspecified in source
St Mary the Virgin,Dallington,Northamptonshire,1,15899,high,,Unique tower in Dallington; dedication 'S Mary' matches 'St Mary the Virgin'
St John the Baptist,Tibshelf,Derbyshire,1,14897,high,,Unique tower in Tibshelf; dedication 'S John Bapt' matches 'St John the Baptist'
St John the Baptist,Belton,Leicestershire,1,13460,high,,Unique tower in Belton; dedication 'S John Bapt' matches 'St John the Baptist'
All Saints Church,Nocton,Lincolnshire,1,11509,high,,Unique tower in Nocton; dedication 'All Saints' matches 'All Saints Church'
St Nicholas,Durham,Durham,1,10063,high,16115;12379;19742;19743;19744;25876;25517,Resolved dedication 'S Nicholas' (Durham) among 8 towers in town
2 Cathedral Close [Top SW Bedroom],Hereford,Herefordshire,1,,none,,Private residence address (handbell ring)
St Edmund King and Martyr,Dolton,Devon,1,16914,high,,Unique tower in Dolton; dedication 'S Edmund K&M' matches 'St Edmund King and Martyr'
St Andrew,Sutcombe,Devon,1,13351,high,,Unique tower in Sutcombe; dedication 'S Andrew' matches 'St Andrew'
All Saints,Beaford,Devon,1,14219,high,,Unique tower in Beaford; dedication 'All Saints' matches 'All Saints'
St Swithun,Pyworthy,Devon,1,13869,high,,Unique tower in Pyworthy; dedication 'S Swithun' matches 'St Swithun'
St Mary,Apsley End,Hertfordshire,1,14572,high,,Unique tower in Apsley End; dedication 'S Mary' matches 'St Mary'
St Peter,Chalfont St Peter,Buckinghamshire,1,16927,high,19044,Resolved dedication 'S Peter' (Chalfont St Peter) among 2 towers in town
St Mary,English Bicknor,Gloucestershire,1,13956,high,,Unique tower in English Bicknor; dedication 'S Mary' matches 'St Mary'
St Lawrence,Weston under Penyard,Herefordshire,1,14099,high,,Unique tower in Weston under Penyard; dedication 'S Lawrence' matches 'St Lawrence'
Holy Rude,Stirling,Central,1,,none,,No matching tower found for 'Stirling' in Dove register
S Mary,Wootton,Oxfordshire,1,14681,high,25659,Resolved dedication 'S Mary' (Wootton) among 2 towers in town
Bellflowering,Tewkesbury,Gloucestershire,1,,none,15657;25268;24023,Unresolved: 'Bellflowering' did not match any of the 3 towers in Tewkesbury
The Bellflowering,Tewkesbury,Gloucestershire,1,,none,15657;25268;24023,Unresolved: 'The Bellflowering' did not match any of the 3 towers in Tewkesbury
St  Nicholas,Great Wilbraham,Cambridgeshire,1,15674,high,,Unique tower in Great Wilbraham; dedication 'S Nicholas' matches 'St  Nicholas'
St Lawrence,Napton on the Hill,Warwicks,1,16709,high,,Unique tower in Napton on the Hill; dedication 'S Lawrence' matches 'St Lawrence'
St Swithun,Sandy,Bedfordshire,1,15865,high,,Unique tower in Sandy; dedication 'S Swithun' matches 'St Swithun'
St Corentyn,Cury,Cornwall,1,15362,high,,Unique tower in Cury; dedication 'S Corentyn' matches 'St Corentyn'
St Edward King and Martyr,Cambridge,Cambridgeshire,1,13803,medium,12645;15139;16664;14964;17550;13748;18933;18934;25479;18935,Partial dedication match for 'S Edward K&M' among 27 towers in town
St Peter,Maxey,Cambridgeshire,1,14490,high,,Unique tower in Maxey; dedication 'S Peter' matches 'St Peter'
St Mary the Virgin,Cavendish,Suffolk,1,15887,high,,Unique tower in Cavendish; dedication 'S Mary V' matches 'St Mary the Virgin'
St Andrew,West Deeping,Lincolnshire,1,15639,high,,Unique tower in West Deeping; dedication 'S Andrew' matches 'St Andrew'
SS Peter and Paul,Preston,Rutland,1,16281,high,,Unique tower in Preston; dedication 'S Peter & S Paul' matches 'SS Peter and Paul'
St Laurence the Martyr,Godmersham,Kent,1,11366,high,,Unique tower in Godmersham; dedication 'S Laurence M' matches 'St Laurence the Martyr'
St Mary V,Brampton Ash,Northamptonshire,1,16734,high,,Unique tower in Brampton Ash; dedication 'S Mary' matches 'St Mary V'
St Mary Magdalene,Ecton,Northamptonshire,1,10260,high,,Unique tower in Ecton; dedication 'S Mary Magd' matches 'St Mary Magdalene'
St Bartholomew,Waltham,Kent,1,12297,high,,Unique tower in Waltham; dedication 'S Bartholomew' matches 'St Bartholomew'
SS Peter and Paul,Shelford,Nottinghamshire,1,13962,high,,Unique tower in Shelford; dedication 'S Peter & S Paul' matches 'SS Peter and Paul'
St Mary the Virgin,Weekley,Northamptonshire,1,16073,high,,Unique tower in Weekley; dedication 'S Mary V' matches 'St Mary the Virgin'
St Edmund,Kessingland,Suffolk,1,10405,high,,Unique tower in Kessingland; dedication 'S Edmund' matches 'St Edmund'
St Andrew,Foxton,Leicestershire,1,11918,high,,Unique tower in Foxton; dedication 'S Andrew' matches 'St Andrew'
"St James, Benwell",Newcastle upon Tyne,Tyne & Wear,1,12449,high,,"Resolved via parish in building 'Benwell' (Benwell, S James)"
All Saints,Branston,Lincolnshire,1,15716,high,25264,Resolved dedication 'All Saints' (Branston) among 2 towers in town
St Botolph-by-Bargate Prebendal Church in Wigford,Lincoln,Lincolnshire,1,,none,12153;25226;12159;13659;10782;21599;11493;17791;21600;21601,Unresolved: 'St Botolph-by-Bargate Prebendal Church in Wigford' did not match any of the 14 towers in Lincoln
All Saints,Brill,Buckinghamshire,1,16159,high,,Unique tower in Brill; dedication 'All Saints' matches 'All Saints'
St Michael,Guiting Power,Gloucestershire,1,11421,high,,Unique tower in Guiting Power; dedication 'S Michael' matches 'St Michael'
St Andrew,Naunton,Gloucestershire,1,11029,high,,Unique tower in Naunton; dedication 'S Andrew' matches 'St Andrew'
St John the Baptist,Kingsthorpe,Northamptonshire,1,10905,high,21327,Resolved dedication 'S John Bapt' (Kingsthorpe) among 2 towers in town
SS Peter and Paul,Hellingly,East Sussex,1,11223,high,,Unique tower in Hellingly; dedication 'S Peter & S Paul' matches 'SS Peter and Paul'
St Mary the Virgin,Chastleton,Oxfordshire,1,11829,high,,Unique tower in Chastleton; dedication 'S Mary V' matches 'St Mary the Virgin'
St Peter,Shorwell,Isle of Wight,1,11403,high,,Unique tower in Shorwell; dedication 'S Peter' matches 'St Peter'
Patmore Towers,Ringing Room,Essex & Oxon,1,,none,,Virtual ringing platform or dispersed locations
St Andrew,West Wratting,Cambridgeshire,1,12163,high,,Unique tower in West Wratting; dedication 'S Andrew' matches 'St Andrew'
St Michael and All Angels,Creaton,Northamptonshire,1,10299,high,,Unique tower in Great Creaton; dedication 'S Michael & All Angels' matches 'St Michael and All Angels'
St Andrew,Glaston,Rutland,1,10778,high,,Unique tower in Glaston; dedication 'S Andrew' matches 'St Andrew'
St George,Arreton,IW,1,,none,,No matching tower found for 'Arreton' in Dove register
St Anne,Alderney,Alderney,1,10322,high,13059,Resolved dedication 'S Anne' (St Anne) among 2 towers in town
St Mark the Evangelist,St Helier,Jersey,1,10841,medium,23629;23625;23631;23630;23632;23628;25559,Partial dedication match for 'S Mark Ev' among 8 towers in town
St Marguerite de la Foret,Forest,Guernsey,1,12898,high,,Unique tower in Forest; dedication 'S Marguerite de la Foret' matches 'St Marguerite de la Foret'
St Marys,Eversley,Hants.,1,14192,high,,Unique tower in Eversley; dedication 'S Mary' matches 'St Marys'
Fettes College Chapel,Edinburgh,Lothian,1,,none,,No matching tower found for 'Edinburgh' in Dove register
Beehive Campanile,Swanage,,1,11295,medium,,"Sole ringing tower in Swanage, but dedication 'S Mary V' differs from source 'Beehive Campanile'"
St Mary,Ticehurst,East Sussex,1,15162,high,,Unique tower in Ticehurst; dedication 'S Mary' matches 'St Mary'
St Mary,Northiam,East Sussex,1,11186,high,,Unique tower in Northiam; dedication 'S Mary' matches 'St Mary'
,East Hoathly,East Sussex,1,13415,high,,Unique tower in East Hoathly (East Sussex); building unspecified in source
St Mary the Virgin,Willingdon,East Sussex,1,13873,high,,Unique tower in Willingdon; dedication 'S Mary V' matches 'St Mary the Virgin'
St Giles,Dallington,East Sussex,1,10930,high,,Unique tower in Dallington; dedication 'S Giles' matches 'St Giles'
SS Peter and Paul,Newchurch,Kent,1,13449,high,,Unique tower in Newchurch; dedication 'S Peter & S Paul' matches 'SS Peter and Paul'
St Nicholas,Tadmarton,Oxfordshire,1,15366,high,,Unique tower in Tadmarton; dedication 'S Nicholas' matches 'St Nicholas'
St Nicholas,Guisborough,North Yorkshire,1,14945,high,,Unique tower in Guisborough; dedication 'S Nicholas' matches 'St Nicholas'
St Giles,Bodiam,East Sussex,1,14214,high,,Unique tower in Bodiam; dedication 'S Giles' matches 'St Giles'
St Nicholas,Cramlington,Northumberland,1,11617,high,,Unique tower in Cramlington; dedication 'S Nicholas' matches 'St Nicholas'
All Saints,Emberton,Buckinghamshire,1,12488,high,,Unique tower in Emberton; dedication 'All Saints' matches 'All Saints'
St James,Taxal,Cheshire,1,,none,,No matching tower found for 'Taxal' in Dove register
St Alban,Frant,East Sussex,1,11063,high,,Unique tower in Frant; dedication 'S Alban' matches 'St Alban'
St Peter and St Paul,Hellingly,East Sussex,1,11223,high,,Unique tower in Hellingly; dedication 'S Peter & S Paul' matches 'St Peter and St Paul'
SS Peter and Paul,Langton by Partney,Lincolnshire,1,12931,high,,Unique tower in Langton by Partney; dedication 'S Peter & S Paul' matches 'SS Peter and Paul'
St Giles,Bredon,Worcestershire,1,15922,high,,Unique tower in Bredon; dedication 'S Giles' matches 'St Giles'
,"Memorial Court, Clare College",Cambridgeshire,1,,none,,"No matching tower found for 'Memorial Court, Clare College' in Dove register"
St Peter,Walkern,Hertfordshire,1,12078,high,,Unique tower in Walkern; dedication 'S Mary' matches 'St Peter'
"St Budeaux, St Budeaux",Plymouth,Devon,1,13976,high,,"Resolved via parish in building 'St Budeaux' (St Budeaux, S Budeaux)"
St Clement,Cambridge,Cambridgeshire,1,17550,high,12645;15139;16664;14964;13803;13748;18933;18934;25479;18935,Resolved dedication 'S Clement' (Cambridge) among 27 towers in town
,"Bay Cottage, Oldham Street",Morecambe,1,,none,,"No matching tower found for 'Bay Cottage, Oldham Street' in Dove register"
,Micheldever,,1,13846,high,,Unique tower in Micheldever (Hampshire); building unspecified in source
St Benet's,Cambridge,Cambridgeshire,1,14964,medium,12645;15139;16664;17550;13803;13748;18933;18934;25479;18935,Partial dedication match for 'S Botolph' among 27 towers in town
,Eccles,,1,16108,medium,19868;19869,Partial dedication match for 'S Mary V' among 3 towers in town
Unknown,Wellingborough,Northamptonshire,1,,none,16966;24512;24513;24514;25163,Unresolved: 'Unknown' did not match any of the 5 towers in Wellingborough
Unknown,Birmingham,West Midlands,1,,none,13032;15513;14891;12955;25526;25540;25808,Unresolved: 'Unknown' did not match any of the 7 towers in Birmingham
The Residence of Mr J G Miles,Attleborough,Norfolk,1,15851,medium,,"Sole ringing tower in Attleborough, but dedication 'Assumption of BVM' differs from source 'The Residence of Mr J G Miles'"
78 New Road,Solihull,Warwickshire,1,,none,,Private residence address (handbell ring)
All Saints,Upper Sheringham,Norfolk,1,10934,high,,Unique tower in Upper Sheringham; dedication 'All Saints' matches 'All Saints'
"Arts Centre, Warwick Uni Campus",Coventry,West Midlands,1,,none,15631;13274;19411;19400;19410;18923;19408;19402;19403;19404,"Unresolved: 'Arts Centre, Warwick Uni Campus' did not match any of the 18 towers in Coventry"
17 Westergreen Meadow,Braintree,,1,,none,,Private residence address (handbell ring)
All Saints,Harby,Nottinghamshire,1,10786,high,,Unique tower in Harby; dedication 'All Saints' matches 'All Saints'
All Saints,"Liverpool, Childwall",Merseyside,1,13925,high,,"Resolved via suburb/parish 'Childwall' in town name (Childwall, All Saints)"
,Wootton Wawen,Warwickshire,1,10550,high,,Unique tower in Wootton Wawen (Warwickshire); building unspecified in source
St Nicholas,Ash next Sandwich,Kent,1,14608,high,,Unique tower in Ash next Sandwich; dedication 'S Nicholas' matches 'St Nicholas'
St Andrew,Fontmell Magna,Dorset,1,15275,high,,Unique tower in Fontmell Magna; dedication 'S Andrew' matches 'St Andrew'
Blessed Virgin Mary,Berrow,Somerset,1,12959,high,,Unique tower in Berrow; dedication 'Blessed Virgin Mary' matches 'Blessed Virgin Mary'
,Selly Oak,Worcs,1,10553,high,,Unique tower in Selly Oak (West Midlands); building unspecified in source
St Tegai,Llandegai,Carnarvonshire,1,,none,,No matching tower found for 'Llandegai' in Dove register
St Judes,Randwick,"New South Wales, Australia",1,15415,high,,Unique tower in Randwick; dedication 'S Jude' matches 'St Judes'
All Saints,Langport,Somerset,1,13584,high,,Unique tower in Langport; dedication 'All Saints' matches 'All Saints'
St Odulph,Pillaton,Cornwall,1,12757,high,,Unique tower in Pillaton; dedication 'S Odulph' matches 'St Odulph'
St Dominica,St Dominic,Cornwall,1,,none,,No matching tower found for 'St Dominic' in Dove register
Karearea Bells,Eyrewell Forest,New Zealand,1,25213,high,,Unique tower in Eyrewell Forest; dedication 'Karearea Bells' matches 'Karearea Bells'
St Mary the Virgin,Bickington,Devon,1,11259,high,,Unique tower in Bickington; dedication 'S Mary V' matches 'St Mary the Virgin'
St Martin-in-the-Fields,Westminster,,1,15153,high,13512;13657;14872;12465;25551;25523;25538;24658;24660;24654,Resolved dedication 'S Martin in the Fields' (Westminster) among 16 towers in town
"3 Dunsmore Drive, Oakwood",Derby,Derbyshire,1,,none,,Private residence address (handbell ring)
Unknown,Aston,West Midlands,1,,none,10927;18017,Unresolved: 'Unknown' did not match any of the 2 towers in Aston
St Michael,Stone,Staffordshire,1,12438,high,23828,Resolved dedication 'S Michael & S Wulfad' (Stone) among 2 towers in town
,Weston (Bath),Avon,1,,none,,No matching tower found for 'Weston (Bath)' in Dove register
St Mary,Hampton,Middlesex,1,10110,high,,Unique tower in Hampton; dedication 'S Mary V' matches 'St Mary'
Room E204 Elgar Block,Birmingham University,West Midlands,1,,none,,No matching tower found for 'Birmingham University' in Dove register
St Chad,Birmingham,,1,13032,high,16786;15513;14891;12955;25526;25540;25808,Resolved dedication 'Metropolitan Cath Ch of S Chad' (Birmingham) among 8 towers in town
RC Cathedral of St Chad (The Ullathorne Room),Birmingham,West Midlands,1,13032,high,15513;14891;12955;25526;25540;25808,Resolved dedication 'Metropolitan Cath Ch of S Chad' (Birmingham) among 7 towers in town
RC Cathedral of St Chad,Birmingham,West Midlands,1,13032,high,15513;14891;12955;25526;25540;25808,Resolved dedication 'Metropolitan Cath Ch of S Chad' (Birmingham) among 7 towers in town
,Measham,Lincs,1,,none,,No matching tower found for 'Measham' in Dove register
St Mary the Virgin,Haverfordwest,Pembrokeshire,1,10624,high,,Unique tower in Haverfordwest; dedication 'S Mary V' matches 'St Mary the Virgin'
St Mary,Axminster,Devon,1,16675,high,,Unique tower in Axminster; dedication 'S Mary' matches 'St Mary'
,Winscombe,,1,13531,high,,Unique tower in Winscombe (Somerset); building unspecified in source
St Peter,Tiverton,Devon,1,11283,high,11748;24149,Resolved dedication 'S Peter' (Tiverton) among 3 towers in town
All Saints,Broadchalke,Wiltshire,1,13253,high,,Unique tower in Broad Chalke; dedication 'All Saints' matches 'All Saints'
St Cuthbert,Wells,Somerset,1,17150,high,13876;24518,Resolved dedication 'S Cuthbert' (Wells) among 3 towers in town
Christ Church,Eastbourne,Sussex,1,10836,high,11160;11691;10018;19831;19832;19833;19835;19837,Resolved dedication 'Christ Church' (Eastbourne) among 9 towers in town
Christ Church,Alsager,Cheshire,1,15684,high,17893,Resolved dedication 'Christ Church' (Alsager) among 2 towers in town
St Peter the Apostle,Leamington Spa,Warwickshire,1,10708,medium,15929;21505;21502;21503;21504,Partial dedication match for 'S Peter Ap' among 6 towers in town
,Colerne,Wiltshire,1,13586,high,,Unique tower in Colerne (Wiltshire); building unspecified in source
,Lowestoft,Suffolk,1,11434,medium,21852,Partial dedication match for 'S Margaret' among 2 towers in town
,Cumnor,,1,13341,high,,Unique tower in Cumnor (Oxfordshire); building unspecified in source
,Three Bridges,Sussex,1,25189,high,,Unique tower in Three Bridges (West Sussex); building unspecified in source
St Mary,North Elmham,Norfolk,1,14339,high,,Unique tower in North Elmham; dedication 'S Mary' matches 'St Mary'
St Peter,Hindley,Greater Manchester,1,13391,high,,Unique tower in Hindley; dedication 'S Peter' matches 'St Peter'
St Augustines,Penarth,Vale of Glamorgan,1,15761,high,,Unique tower in Penarth; dedication 'S Augustine' matches 'St Augustines'
St John the Baptist,Pilton,Somerset,1,15872,high,,Unique tower in Pilton; dedication 'S John Bapt' matches 'St John the Baptist'
"Sacred Trinity - The ""Flat Iron"" Church",Salford,Lancashire,1,13054,high,23149,Resolved dedication 'Sacred Trinity' (Salford) among 2 towers in town
St Agatha,Brightwell,Oxfordshire,1,11542,high,,Unique tower in Brightwell; dedication 'S Agatha' matches 'St Agatha'
St Peter,Earlsheaton,Yorkshire,1,,none,,No matching tower found for 'Earlsheaton' in Dove register
Sacred Trinity,Salford,Gtr. Manchester,1,,none,,No matching tower found for 'Salford' in Dove register
St Peter and St Paul,Salle,Norfolk,1,11524,high,,Unique tower in Salle; dedication 'S Peter & S Paul' matches 'St Peter and St Paul'
St Mary,Twickenham,,1,13698,high,12600;25941;24266;24267,Resolved dedication 'S Mary V' (Twickenham) among 5 towers in town
,Ringing Room (Scarborough Branch),,1,,none,,No matching tower found for 'Ringing Room (Scarborough Branch)' in Dove register
St Mary,Hayes,Greater London,1,11254,high,16366;20727;20728,Resolved dedication 'S Mary' (Hayes) among 4 towers in town
St Mary,Acton,Greater London,1,11032,high,17822,Resolved dedication 'S Mary' (Acton) among 2 towers in town
St Mary,Acton,Middlesex,1,11032,high,17822,Resolved dedication 'S Mary' (Acton) among 2 towers in town
St Michael,Rendham,Suffolk,1,12934,high,,Unique tower in Rendham; dedication 'S Michael' matches 'St Michael'
St Thomas the Martyr,Bristol,Bristol,1,12039,high,10300;10331;15455;14342;11615;14422;12166;15180;12993;16354,Resolved dedication 'S Thomas M' (Bristol) among 17 towers in town
"The Bull's Head, York Street",Westminster,Greater London,1,,none,13512;13657;15153;14872;12465;25551;25523;25538;24658;24660,"Unresolved: 'The Bull's Head, York Street' did not match any of the 16 towers in Westminster"
St Michael,East Ardsley,West Yorkshire,1,11891,high,19772,Resolved dedication 'S Michael' (East Ardsley) among 2 towers in town
St Machar's Cathedral,Aberdeen,,1,13827,high,12389;17777,Resolved dedication 'Cath Ch of S Machar' (Aberdeen) among 3 towers in town
"St Bartholomew, Edgbaston",Birmingham,West Midlands,1,10824,high,,"Resolved via parish in building 'Edgbaston' (Edgbaston, S Bartholomew)"
St Mary,Barnes,London,1,11169,high,18126;18127,Resolved dedication 'S Mary' (Barnes) among 3 towers in town
St Mary the Virgin,Ottery St Mary,Devon,1,12949,high,,Unique tower in Ottery St Mary; dedication 'S Mary V' matches 'St Mary the Virgin'
St Olave,Southwark,,1,23574,medium,16296;12588,Partial dedication match for 'S Jude' among 3 towers in town
,Harrietsham,,1,16079,high,,Unique tower in Harrietsham (Kent); building unspecified in source
St Paul,"Wednesbury, Wood Green",West Midlands,1,10450,high,,"Resolved via suburb/parish 'Wood Green' in town name (Wood Green, S Michael)"
Saints Peter and Paul,Aldeburgh,Suffolk,1,17039,high,,Unique tower in Aldeburgh; dedication 'S Peter & S Paul' matches 'Saints Peter and Paul'
St John the Evangelist,West Meon,Hampshire,1,17068,high,,Unique tower in West Meon; dedication 'S John Ev' matches 'St John the Evangelist'
St Peter,Lugwardine,Herefordshire,1,11666,high,,Unique tower in Lugwardine; dedication 'S Peter' matches 'St Peter'
SS Peter and Paul,Stokesley,North Yorkshire,1,14391,high,,Unique tower in Stokesley; dedication 'S Peter & S Paul' matches 'SS Peter and Paul'
SS Peter and Paul,Aylesford,Kent,1,16726,high,,Unique tower in Aylesford; dedication 'S Peter & S Paul' matches 'SS Peter and Paul'
St John the Evangelist,Milborne Port,Somerset,1,13535,high,,Unique tower in Milborne Port; dedication 'S John Ev' matches 'St John the Evangelist'
"St Paul, Manuka",Canberra,Australian Capital Territory,1,16008,high,,"Unique tower in Canberra; dedication 'S Paul' matches 'St Paul, Manuka'"
St Mary the Virgin,West Malling,Kent,1,15003,high,,Unique tower in West Malling; dedication 'S Mary V' matches 'St Mary the Virgin'
Wyatt's Yard,North Weston,Somerset,1,25234,high,,Unique tower in North Weston; dedication 'Wyatt's Yard' matches 'Wyatt's Yard'
The Wilderness Campanile,Bradford on Avon,Wiltshire,1,13522,high,10502;14630,Resolved dedication 'Wilderness Campanile' (Bradford on Avon) among 3 towers in town
The Hermitage,Ledbury,Herefordshire,1,25223,high,14435;21515,Resolved dedication 'The Hermitage' (Ledbury) among 3 towers in town
St Andrew,Hurstbourne Priors,Hampshire,1,13519,high,,Unique tower in Hurstbourne Priors; dedication 'S Andrew' matches 'St Andrew'
St Matthew,Salford Priors,Warwickshire,1,16979,high,,Unique tower in Salford Priors; dedication 'S Matthew' matches 'St Matthew'
Staffordshire and Derbyshire,Ringing Room,UK,1,,none,,Virtual ringing platform or dispersed locations
St Michael and All Angels,Mitcheldean,Gloucestershire,1,11359,high,,Unique tower in Mitcheldean; dedication 'S Michael & All Angels' matches 'St Michael and All Angels'
St Peter,Norton juxta Malton,North Yorkshire,1,15839,high,,Unique tower in Norton on Derwent; dedication 'S Peter' matches 'St Peter'
Holy Trinity,Eckington,Worcestershire,1,14068,high,,Unique tower in Eckington; dedication 'Holy Trinity' matches 'Holy Trinity'
St Laurence,Bidford on Avon,Warwickshire,1,13339,high,,Unique tower in Bidford on Avon; dedication 'S Laurence' matches 'St Laurence'
All Saints,Hereford,Herefordshire,1,12843,high,16543;11693;15881;20819;20820;20821;20822,Resolved dedication 'All Saints' (Hereford) among 8 towers in town
The Fairlight Ring,Baunton,Gloucestershire,1,25194,high,18194,Resolved dedication 'Fairlight Ring' (Baunton) among 2 towers in town
St John the Evangelist,Withycombe Raleigh,Devon,1,16183,high,24899;21079,Resolved dedication 'S John Ev' (Withycombe Raleigh) among 3 towers in town
St Mary,Litton Cheney,Dorset,1,14671,high,,Unique tower in Litton Cheney; dedication 'S Mary' matches 'St Mary'
Portsmouth Cathedral,Portsmouth,,1,,none,13220;25238;17042;16279;25536,Unresolved: 'Portsmouth Cathedral' did not match any of the 5 towers in Portsmouth
St Elvan,Aberdare,Mid Glamorgan,1,11708,high,,Unique tower in Aberdare; dedication 'S Elvan' matches 'St Elvan'
St Mark's,"Darling Point, Sydney","New South Wales, Australia",1,14777,high,,"Resolved via suburb/parish 'Sydney' in town name (Sydney, S Benedict)"
,Streatham,,1,14547,medium,23860;23859,Partial dedication match for 'S Leonard' among 3 towers in town
,Wakefield,,1,14172,medium,24365;24366;24367;25548,Partial dedication match for 'Cath Ch of All Saints' among 5 towers in town
"9 Mill Street, Carlton.",Sydney,"New South Wales, Australia",1,,none,,Private residence address (handbell ring)
St Mary on the Hill,Chester,Cheshire,1,14876,medium,15972;13678;15763;19117;25905;19118,Partial dedication match for 'Old St Mary's' among 7 towers in town
"The Black Swan, Broad Street",Bath,Somerset,1,,none,,Private residence name (handbell ring)
St Mary's Basilica - Ringing Chamber,Sydney,"New South Wales, Australia",1,15468,high,16969;13849;14777;13677;11518;10621;12983;13900;11755;16839,Resolved dedication 'Cath Ch of S Mary' (Sydney) among 20 towers in town
,Darlaston,,1,14660,medium,19555,Partial dedication match for 'S Lawrence' among 2 towers in town
"Grange Street, Derby",Derby,Derbyshire,1,,none,,Private residence name (handbell ring)
Christ the Saviour,Ealing,Middlesex,1,13776,high,14868;19749;19750;19751;19752;10279,Resolved dedication 'Christ the Saviour' (Ealing) among 7 towers in town
"St Illtyd, Newcastle",Bridgend,Bridgend,1,16827,high,,"Resolved via parish in building 'Newcastle' (Newcastle, S John)"
,Nottingham,Notts,1,16412,medium,10637;16058;25524;22500;22501;22502;22503,Partial dedication match for 'All Saints' among 8 towers in town
Swan Campanile,Perth,Western Australia,1,,none,12085;16028;11687;12726,Unresolved: 'Swan Campanile' did not match any of the 4 towers in Perth
St Margaret,Dunham Massey,Cheshire,1,10216,high,19724,Resolved dedication 'S Margaret' (Dunham Massey) among 2 towers in town
,Wirksworth,Derbyshire,1,11839,high,,Unique tower in Wirksworth (Derbyshire); building unspecified in source
St Edmund,Castleton,Derbyshire,1,13911,high,,Unique tower in Castleton; dedication 'S Edmund' matches 'St Edmund'
,Horsham,Sussex,1,15107,medium,21036;21037,Partial dedication match for 'S Mary V' among 3 towers in town
,Hanbury,Worcestershire,1,15060,high,,Unique tower in Hanbury (Worcestershire); building unspecified in source
Abbey Church of St Peter and St Paul,Bath,Somerset,1,11365,high,12547;13019;14089;15243;15431;14458;12686;18173;18177;18174,Resolved dedication 'Abbey Ch of S Peter & S Paul' (Bath) among 19 towers in town
,Leicester,Leics,1,12250,medium,10495;13828;21538;21539;21540;21541;21542;21544;21545;21546,Partial dedication match for 'Cath Ch of S Martin' among 15 towers in town
,"Fairfield, Buxton",Derbyshire,1,16494,high,,"Resolved via suburb/parish 'Buxton' in town name (Buxton, S Andrew)"
,Hartington,Derbyshire,1,16698,high,,Unique tower in Hartington (Derbyshire); building unspecified in source
,Fairfield,Derbyshire,1,11560,high,,Unique tower in Fairfield (Derbyshire); building unspecified in source
St Werburgh,Hanbury,Staffordshire,1,10545,high,,Unique tower in Hanbury; dedication 'S Werburgh' matches 'St Werburgh'
St John the Baptist,Glastonbury,Somerset,1,12766,high,13952,Resolved dedication 'S John Bapt' (Glastonbury) among 2 towers in town
,Deritend,,1,,none,,No matching tower found for 'Deritend' in Dove register
St Ebbe,Oxford,,1,10326,high,14542;10172;11850;12299;11203;16203;13271;13903;10578;14239,Resolved dedication 'S Ebbe' (Oxford) among 26 towers in town
"St John, Deansgate",Manchester,Lancashire,1,,none,12311;16363;21935,"Unresolved: 'St John, Deansgate' did not match any of the 3 towers in Manchester"
Puddleducks,Pulham,Dorset,1,22885,medium,,"Sole ringing tower in Pulham, but dedication 'S Thomas à Becket' differs from source 'Puddleducks'"
16 Godesdone Rd,Cambridge,,1,,none,,Private residence address (handbell ring)
,Surfleet,Lincs,1,14910,high,,Unique tower in Surfleet (Lincolnshire); building unspecified in source
St Mary's Basilica,Sydney,New South Wales Australia,1,15468,high,16969;13849;14777;13677;11518;10621;12983;13900;11755;16839,Resolved dedication 'Cath Ch of S Mary' (Sydney) among 20 towers in town
St Mary,Walmer,Kent,1,13344,high,24387;24388,Resolved dedication 'S Mary' (Walmer) among 3 towers in town
,Swanage,Dorset,1,11295,high,,Unique tower in Swanage (Dorset); building unspecified in source
Ss Mary & Michael,Trumpington,Cambridgeshire,1,10245,high,,Unique tower in Trumpington; dedication 'S Mary & S Michael' matches 'Ss Mary & Michael'
St Mary the Virgin,Brading,Isle of Wight,1,13247,high,,Unique tower in Brading; dedication 'S Mary V' matches 'St Mary the Virgin'
26 Wellington Road,Bournemouth,Dorset,1,,none,,Private residence address (handbell ring)
"28, Leslie Avenue",Beeston,Nottinghamshire,1,,none,,Private residence name (handbell ring)
Christ Church,Erith,,1,15370,high,16332;19978,Resolved dedication 'Christ Church' (Erith) among 3 towers in town
,Chudleigh,Devon,1,17019,high,,Unique tower in Chudleigh (Devon); building unspecified in source
St Mary the Virgin,Bury,Greater Manchester,1,14175,high,18863;18864,Resolved dedication 'S Mary V' (Bury) among 3 towers in town
,Northfleet,,1,10116,high,,Unique tower in Northfleet (Kent); building unspecified in source
10 Wallington Drive,Chandler's Ford,Hampshire,1,,none,,Private residence address (handbell ring)
St Mary,Kenninghall,Norfolk,1,14120,high,,Unique tower in Kenninghall; dedication 'S Mary' matches 'St Mary'
,Goodworth Clatford,,1,14231,high,,Unique tower in Goodworth Clatford (Hampshire); building unspecified in source
All Saints & St Michael,Longstanton,Cambridgeshire,1,11562,high,,Unique tower in Longstanton; dedication 'All Saints' matches 'All Saints & St Michael'
"56, Sudbrooke Lane",Nettleham,Lincolnshire,1,,none,,Private residence name (handbell ring)
,Gillingham,Kent,1,16891,high,,Unique tower in Gillingham (Kent); building unspecified in source
,Nettleham,Lincs,1,14051,high,,Unique tower in Nettleham (Lincolnshire); building unspecified in source
,Tickhill,,1,16472,high,,Unique tower in Tickhill (South Yorkshire); building unspecified in source
,Ellesmere,,1,17106,high,,Unique tower in Ellesmere (Shropshire); building unspecified in source
St Lawrence,Darlaston,West Midlands,1,14660,high,19555,Resolved dedication 'S Lawrence' (Darlaston) among 2 towers in town
St Mary the Virgin,Swanage,Dorset,1,11295,high,,Unique tower in Swanage; dedication 'S Mary V' matches 'St Mary the Virgin'
,Harpenden,Herts,1,15119,medium,20650;20651,Partial dedication match for 'S Nicholas' among 3 towers in town
"St James Garlickhythe, Garlick Hill",London,City of London,1,16578,high,15228;11081;13868;12429;13028;11914;16634;10471;16020;13189,Resolved dedication 'S James Garlickhythe' (London) among 41 towers in town
St Peter,Berkhamsted,Hertfordshire,1,12786,high,,"Fuzzy place match (Berkhamsted -> Berkhamsted, Great, Hertfordshire)"
269 Allston Street,Cambridge,Massachusetts,1,,none,,Private residence address (handbell ring)
,East Budleigh,Devon,1,12007,high,,Unique tower in East Budleigh (Devon); building unspecified in source
30 Halifax Road,Cambridge,Cambridgeshire,1,,none,,Private residence address (handbell ring)
St Mary the Virgin,Attenborough,Nottinghamshire,1,14213,high,,Unique tower in Attenborough; dedication 'S Mary V' matches 'St Mary the Virgin'
St Mary,Bexley,Greater London,1,13595,high,18314,Resolved dedication 'S Mary' (Bexley) among 2 towers in town
St Mary,Twyford,Berkshire,1,17111,high,,Unique tower in Twyford; dedication 'S Mary' matches 'St Mary'
,Pulford,,1,11189,high,,Unique tower in Pulford (Cheshire); building unspecified in source
,Kidsgrove,,1,11162,high,,Unique tower in Kidsgrove (Staffordshire); building unspecified in source
,Fenton,N. Staffs,1,,none,,No matching tower found for 'Fenton' in Dove register
,Rolleston on Dove,,1,14612,high,,Unique tower in Rolleston on Dove (Staffordshire); building unspecified in source
St Peter ad Vincula,Stoke-on-Trent,,1,15103,high,16060;11305;15820;12994,Resolved dedication 'Minster Ch of S Peter ad Vincula' (Stoke on Trent) among 5 towers in town
,Broughton,,1,13987,medium,14853;14167;12615;11749;11473;16899;11521;17177;18753,Partial dedication match for 'S Lawrence' among 10 towers in town
,Draycott in the Moors,,1,12033,high,,Unique tower in Draycott in the Moors (Staffordshire); building unspecified in source
,Wolstanton,,1,15506,high,,Unique tower in Wolstanton (Staffordshire); building unspecified in source
S Peter Ad Vincula,Stoke-on-Trent,,1,15103,high,16060;11305;15820;12994,Resolved dedication 'Minster Ch of S Peter ad Vincula' (Stoke on Trent) among 5 towers in town
St Peter,Macclesfield,,1,14669,high,12003;15811;17333,Resolved dedication 'S Peter' (Macclesfield) among 4 towers in town
St Paul,Honiton,Devon,1,15291,high,14650;20995,Resolved dedication 'S Paul' (Honiton) among 3 towers in town
"9b Pitarua Street, Thorndon",Wellington,New Zealand,1,,none,,Private residence address (handbell ring)
,Alburgh,,1,11571,high,,Unique tower in Alburgh (Norfolk); building unspecified in source
,Warnham,,1,25269,medium,15727;25663,Partial dedication match for 'Newdenne Bells' among 3 towers in town
,Reddish,,1,12178,high,,Unique tower in Reddish (Greater Manchester); building unspecified in source
35 Woodstock Road,Sittingbourne,Kent,1,,none,,Private residence address (handbell ring)
St Michael Coslany,Norwich,,1,15623,high,13262;10164;14724;13293;15574;15668;11970;10466;22493;25547,Resolved dedication 'S Michael & All Angels' (Norwich) among 20 towers in town
Trinity College,Cambridge,Cambs,1,25480,medium,12645;15139;16664;14964;17550;13803;13748;18933;18934;25479,Partial dedication match for 'Holy Trinity' among 27 towers in town
Abbey,Pershore,,1,14267,high,11394,Resolved dedication 'Abbey Ch of Holy Cross' (Pershore) among 2 towers in town
St Mary the Virgin,Dolgellau,Gwynedd,1,13133,high,,Unique tower in Dolgellau; dedication 'S Mary V' matches 'St Mary the Virgin'
,High Ercall,,1,11168,high,,Unique tower in High Ercall (Shropshire); building unspecified in source
St John's College,Oxford,Oxfordshire,1,25746,medium,14542;10172;11850;12299;11203;16203;13271;13903;10326;10578,Partial dedication match for 'S John Evan' among 26 towers in town
Old School House,Leverstock Green,Herts,1,,none,,Private residence name (handbell ring)
19 Holywell Street,Oxford,Oxfordshire,1,,none,,Private residence address (handbell ring)
St Mary the Virgin,Pulham St Mary,Norfolk,1,13128,high,,Unique tower in Pulham St Mary; dedication 'S Mary V' matches 'St Mary the Virgin'
,Hodnet,,1,16526,high,,Unique tower in Hodnet (Shropshire); building unspecified in source
St John de Sepulchre,Norwich,Norfolk,1,24133,medium,13262;10164;14724;13293;15574;15668;15623;11970;10466;22493,Partial dedication match for 'S John Bapt' among 20 towers in town
St Matthew,Stretford,Lancashire,1,11318,high,23869,Resolved dedication 'S Matthew' (Stretford) among 2 towers in town
St Andrew,Bebington,Wirral,1,,none,,No matching tower found for 'Bebington' in Dove register
St Chad,Farndon,Cheshire,1,11291,high,,Unique tower in Farndon; dedication 'S Chad' matches 'St Chad'
St Peter,Sible Hedingham,Essex,1,10157,high,,Unique tower in Sible Hedingham; dedication 'S Peter' matches 'St Peter'
,Cheswardine,,1,16808,high,,Unique tower in Cheswardine (Shropshire); building unspecified in source
St Helen,Witton (Northwich),Cheshire,1,,none,,No matching tower found for 'Witton (Northwich)' in Dove register
St Mary the Virgin,Twickenham,Middlesex,1,13698,high,12600;25941;24266;24267,Resolved dedication 'S Mary V' (Twickenham) among 5 towers in town
"Vernet-les-Bains, Great Hockham, Norwich & Cambridge",Ringing Room,UK & France,1,,none,,Virtual ringing platform or dispersed locations
,Northchurch,,1,12696,high,,Unique tower in Northchurch (Hertfordshire); building unspecified in source
,Edgmond,Shropshire,1,14164,high,,Unique tower in Edgmond (Shropshire); building unspecified in source
St John the Evangelist,Hanley,Staffordshire,1,,none,20611;20612,Unresolved: 'St John the Evangelist' did not match any of the 2 towers in Hanley
St John the Baptist,Barnet,Greater London,1,14421,high,,Unique tower in Barnet; dedication 'S John Bapt' matches 'St John the Baptist'
,Privett,Hants,1,15390,high,,Unique tower in Privett (Hampshire); building unspecified in source
,Wingrave,Buckinghamshire,1,11352,high,,Unique tower in Wingrave (Buckinghamshire); building unspecified in source
St Nicholas,Norton,Hertfordshire,1,13040,high,22480,Resolved dedication 'S Nicholas' (Norton) among 2 towers in town
"All Saints, Boyne Hill",Maidenhead,Berkshire,1,15877,high,21914;21915;25648,Resolved dedication 'All Saints' (Maidenhead) among 4 towers in town
The Wolery,Old Stoke,Suffolk,1,17735,high,,Unique tower in Ipswich; dedication 'The Wolery' matches 'The Wolery'
St Mary the Virgin,Leigh,Greater Manchester,1,15361,high,21557,Resolved dedication 'S Mary V' (Leigh) among 2 towers in town
Random Hall,Cambridge,,1,,none,12645;15139;16664;14964;17550;13803;13748;10395;18933;18934,Unresolved: 'Random Hall' did not match any of the 28 towers in Cambridge
St Michael,Chagford,Devon,1,16736,high,,Unique tower in Chagford; dedication 'S Michael' matches 'St Michael'
Royal Masonic School,Bushey,Herts,1,,none,13627;18871,Unresolved: 'Royal Masonic School' did not match any of the 2 towers in Bushey
"Roper House, St Dunstan's Street",Canterbury,Kent,1,10102,high,12513;12146;13702;18951;17524;18952;18953;10001;17476,Resolved dedication 'S Dunstan' (Canterbury) among 10 towers in town
,Pulham St Mary Magd.,,1,,none,,No matching tower found for 'Pulham St Mary Magd.' in Dove register
St Andrew,Kingham,Oxfordshire,1,13974,high,,Unique tower in Kingham; dedication 'S Andrew' matches 'St Andrew'
St Leonard,Watlington,Oxfordshire,1,10209,high,,Unique tower in Watlington; dedication 'S Leonard' matches 'St Leonard'
Unknown,Cambridge,Cambridgeshire,1,,none,12645;15139;16664;14964;17550;13803;13748;18933;18934;25479,Unresolved: 'Unknown' did not match any of the 27 towers in Cambridge
11 Queen Anne's Terrace,Cambridge,Cambridgeshire,1,,none,,Private residence address (handbell ring)
Superlative Villa,Frodsham,Cheshire,1,15988,medium,,"Sole ringing tower in Frodsham, but dedication 'S Lawrence' differs from source 'Superlative Villa'"
St Michael,Teignmouth,Devon,1,16311,high,11588,Resolved dedication 'S Michael' (Teignmouth) among 2 towers in town
St Andrew,Derby,Derbyshire,1,16699,medium,16607;10354;19605;19606;19609;19610;19611;19613,Partial dedication match for 'S Luke' among 9 towers in town
"St Mary's, Belfry",Hendon,Middlesex,1,13894,high,,"Unique tower in Hendon; dedication 'S Mary' matches 'St Mary's, Belfry'"
St Leonard,Streatham,Gtr London,1,,none,,No matching tower found for 'Streatham' in Dove register
University College,Oxford,Oxfordshire,1,12299,medium,14542;10172;11850;11203;16203;13271;13903;10326;10578;14239,Partial dedication match for 'Lincoln College' among 26 towers in town
St Paul's Cathedral,Melbourne,,1,15996,high,10249;15155;13573;16327;16814;10825;25365,Resolved dedication 'Cath Ch of S Paul' (Melbourne) among 8 towers in town
,Warminster,,1,14106,medium,24445,Partial dedication match for 'S Denys' among 2 towers in town
,Great Bentley,,1,12906,high,,Unique tower in Great Bentley (Essex); building unspecified in source
County Hall,Lambeth,Surrey,1,,none,,No matching tower found for 'Lambeth' in Dove register
St John the Evangelist,Redhill,Surrey,1,14408,high,22970,Resolved dedication 'S John Ev' (Redhill) among 2 towers in town
St Mary Magdalene,Barkway,Hertfordshire,1,16879,high,,Unique tower in Barkway; dedication 'S Mary Magd' matches 'St Mary Magdalene'
St Michael,Hernhill,Kent,1,14072,high,,Unique tower in Hernhill; dedication 'S Michael' matches 'St Michael'
St Matthew,Buckley,Flintshire,1,17124,high,,Unique tower in Buckley; dedication 'S Matthew' matches 'St Matthew'
,Bilsborrow,,1,10924,high,,Unique tower in Bilsborrow (Lancashire); building unspecified in source
St Paul,Todmorden,,1,16893,medium,17066;12829,Partial dedication match for 'S Mary' among 3 towers in town
"Vernet-les-Bains, Norwich, Oldham & Cambridge",Ringing Room,UK & France,1,,none,,Virtual ringing platform or dispersed locations
St Margaret,Lowestoft,Suffolk,1,11434,high,21852,Resolved dedication 'S Margaret' (Lowestoft) among 2 towers in town
St Swithun,Cheswardine,Shropshire,1,16808,high,,Unique tower in Cheswardine; dedication 'S Swithun' matches 'St Swithun'
2b Glenwood Place,Wellington,New Zealand,1,,none,,Private residence address (handbell ring)
St John the Baptist,Newcastle upon Tyne,Tyne and Wear,1,12945,high,10887;10353;25928;17782;22337;22343,Resolved dedication 'S John Bapt' (Newcastle upon Tyne) among 7 towers in town
1 Hayes Close,Wimborne Minster,Dorset,1,,none,,Private residence address (handbell ring)
St Peter and St Paul,Broadwell,Oxfordshire,1,17073,high,,Unique tower in Broadwell; dedication 'S Peter & S Paul' matches 'St Peter and St Paul'
St John the Baptist,Felixstowe,Suffolk,1,16785,high,20079;20080;20081,Resolved dedication 'S John Bapt' (Felixstowe) among 4 towers in town
St Mary,Ixworth,Suffolk,1,14711,high,,Unique tower in Ixworth; dedication 'S Mary' matches 'St Mary'
"10, Selkirk Drive",Holmes Chapel,Cheshire,1,,none,,Private residence name (handbell ring)
Priory Church of St Mary,Lancaster,Lancashire,1,14459,high,14567;21435;21436;21437;21438;25545,Resolved dedication 'Priory Ch of S Mary' (Lancaster) among 7 towers in town
,Arlecdon,,1,12524,high,,Unique tower in Arlecdon (Cumbria); building unspecified in source
St Mary,Islington,Middlesex,1,12030,high,12855,Resolved dedication 'S Mary V' (Islington) among 2 towers in town
Lower House Farm,Leigh Sinton,,1,,none,,Private residence name (handbell ring)
,Cockermouth,,1,10549,medium,19266,Partial dedication match for 'All Saints' among 2 towers in town
St Peter,Howden,East Riding of Yorkshire,1,12555,high,,Unique tower in Howden; dedication 'S Peter' matches 'St Peter'
,Shifnal,,1,12608,high,,Unique tower in Shifnal (Shropshire); building unspecified in source
,Clayworth,,1,13168,high,,Unique tower in Clayworth (Nottinghamshire); building unspecified in source
St John the Baptist,Ault Hucknall,Derbyshire,1,11391,high,,Unique tower in Ault Hucknall; dedication 'S John Bapt' matches 'St John the Baptist'
St Mary the Virgin,Battle,East Sussex,1,13501,high,,Unique tower in Battle; dedication 'S Mary' matches 'St Mary the Virgin'
,Audley,,1,15909,high,,Unique tower in Audley (Staffordshire); building unspecified in source
Christ Church,Isle of Dogs,Greater London,1,12551,high,,Unique tower in Isle of Dogs; dedication 'Christ Church' matches 'Christ Church'
St John the Baptist,Harrietsham,Kent,1,16079,high,,Unique tower in Harrietsham; dedication 'S John Bapt' matches 'St John the Baptist'
SS Thomas of Canterbury & Thomas the Apostle,Newport,I.W.,1,,none,,No matching tower found for 'Newport' in Dove register
,Coleman's Hatch,,1,15808,high,,Unique tower in Coleman's Hatch (East Sussex); building unspecified in source
,Henley,,1,10128,high,,Unique tower in Henley (Suffolk); building unspecified in source
St Mary the Virgin,Deane,Greater Manchester,1,11462,high,,Unique tower in Deane; dedication 'S Mary V' matches 'St Mary the Virgin'
St Nicolas,Cranleigh,Surrey,1,13316,high,,Unique tower in Cranleigh; dedication 'S Nicolas' matches 'St Nicolas'
,Kensal Green,Middx,1,21255,high,,Unique tower in Kensal Green (Greater London); building unspecified in source
"St Andrew, Holborn",City of London,,1,20936,high,,"Resolved via parish in building 'Holborn' (Holborn, S George)"
,High Bickington,,1,13809,high,,Unique tower in High Bickington (Devon); building unspecified in source
4 Liberia Road,Islington,Greater London,1,,none,,Private residence address (handbell ring)
,Dorchester,,1,14268,medium,10217;12397,Partial dedication match for 'S Peter' among 3 towers in town
40 Western Road,Oxford,Oxfordshire,1,,none,,Private residence address (handbell ring)
S Guthlac,Market Deeping,Lincolnshire,1,16858,high,,Unique tower in Market Deeping; dedication 'S Guthlac' matches 'S Guthlac'
Assumption of the Blessed Virgin Mary,Ufford,Suffolk,1,10160,high,,Unique tower in Ufford; dedication 'Assumption of BVM' matches 'Assumption of the Blessed Virgin Mary'
,Redditch,,1,10059,medium,22969;19426;24496,Partial dedication match for 'S Stephen' among 4 towers in town
,Hoghton,,1,11022,high,,Unique tower in Hoghton (Lancashire); building unspecified in source
,Hallow,,1,14709,high,,Unique tower in Hallow (Worcestershire); building unspecified in source
,Stretford,,1,11318,medium,23869,Partial dedication match for 'S Matthew' among 2 towers in town
"St Peter, Harborne",Birmingham,West Midlands,1,11706,high,,"Resolved via parish in building 'Harborne' (Harborne, S Peter)"
,Croston,,1,17064,high,,Unique tower in Croston (Lancashire); building unspecified in source
St Peter and St Paul,Ormskirk,Lancashire,1,11268,high,,Unique tower in Ormskirk; dedication 'S Peter & S Paul' matches 'St Peter and St Paul'
,Bromyard,,1,10558,high,,Unique tower in Bromyard (Herefordshire); building unspecified in source
St Giles,Packwood,Warkwickshire,1,,none,,No matching tower found for 'Packwood' in Dove register
St Mark,Darling Point,New South Wales,1,11755,high,,Unique tower in Darling Point; dedication 'S Mark' matches 'St Mark'
All SS,Allesley,West Midlands,1,13782,high,,Unique tower in Allesley; dedication 'All Saints' matches 'All SS'
St Nicholas,Godstone,Surrey,1,12888,high,,Unique tower in Godstone; dedication 'S Nicholas' matches 'St Nicholas'
All Saints,Harbury,Warwickshire,1,15565,high,,Unique tower in Harbury; dedication 'All Saints' matches 'All Saints'
St James,Biddenham,Bedfordshire,1,10424,high,,Unique tower in Biddenham; dedication 'S James' matches 'St James'
S Peter,Claybrooke,Leicestershire,1,11714,high,,Unique tower in Claybrooke; dedication 'S Peter' matches 'S Peter'
"St Mary, Handsworth","Handsworth, W Mids",West Midlands,1,10845,high,,"Resolved via parish in building 'Handsworth' (Handsworth, S Mary)"
St Mary,Battle,East Sussex,1,13501,high,,Unique tower in Battle; dedication 'S Mary' matches 'St Mary'
St Edburgha,Yardley,West Midlands,1,14504,high,,Unique tower in Yardley; dedication 'S Edburgha' matches 'St Edburgha'
St Leonard,Padiham,Lancashire,1,11743,high,,Unique tower in Padiham; dedication 'S Leonard' matches 'St Leonard'
St Mary,Tanworth in Arden,Warwickshire,1,11260,high,,Unique tower in Tanworth in Arden; dedication 'S Mary Magd' matches 'St Mary'
,Nuthall,,1,13598,high,,Unique tower in Nuthall (Nottinghamshire); building unspecified in source
St Augustine,Hedon,East Yorkshire,1,,none,,No matching tower found for 'Hedon' in Dove register
St John,Farnworth And Kearsley,Lancashire,1,16563,high,,"Fuzzy place match (Farnworth And Kearsley -> Farnworth, Greater Manchester)"
,Westbury,Wilts,1,10176,high,,Unique tower in Westbury (Wiltshire); building unspecified in source
,Sevenoaks,,1,12940,medium,23271;23272,Partial dedication match for 'S Nicholas' among 3 towers in town
,Upper Armley,,1,11983,high,,Unique tower in Upper Armley (West Yorkshire); building unspecified in source
St Mary,Ambleside,Cumbria,1,12386,high,,Unique tower in Ambleside; dedication 'S Mary' matches 'St Mary'
St Mary,Eaton Socon,,1,16021,high,,Unique tower in Eaton Socon; dedication 'S Mary' matches 'St Mary'
St Mary V,Tutbury,Staffordshire,1,14535,high,,Unique tower in Tutbury; dedication 'S Mary V' matches 'St Mary V'
Holy Trinity,Drumbo,Down,1,11938,high,,Unique tower in Ballylesson; dedication 'Holy Trinity' matches 'Holy Trinity'
St Andrew,Burton upon Stather,Lincolnshire,1,12498,high,,Unique tower in Burton upon Stather; dedication 'S Andrew' matches 'St Andrew'
St Mary,Cheadle,Greater Manchester,1,10171,high,19087,Resolved dedication 'S Mary' (Cheadle) among 2 towers in town
St Peter,Birstall,West Yorks,1,13433,high,,Unique tower in Birstall; dedication 'S Peter' matches 'St Peter'
SS Peter  & Paul,Claybrooke,Leicestershire,1,11714,medium,,"Sole ringing tower in Claybrooke, but dedication 'S Peter' differs from source 'SS Peter  & Paul'"
,Clitheroe,,1,11713,medium,19248,Partial dedication match for 'S Mary Magd' among 2 towers in town
St Mary,Berry Pomeroy,Devon,1,10508,high,,Unique tower in Berry Pomeroy; dedication 'S Mary' matches 'St Mary'
St James,Shere,Surrey,1,15786,high,,Unique tower in Shere; dedication 'S James' matches 'St James'
St John,Cleator Moor,Cumbria,1,19214,high,,"Fuzzy place match (Cleator Moor -> Cleator, Cumbria)"
St Mary,Plumtree,Nottinghamshire,1,10754,high,,Unique tower in Plumtree; dedication 'S Mary' matches 'St Mary'
"St Peter, St Paul and St Thomas of Canterbury",Bovey Tracey,Devon,1,14690,high,25196;18545,"Resolved dedication 'S Peter, S Paul, & S Thomas of Canterbury' (Bovey Tracey) among 3 towers in town"
New Town Church,Edinburgh,Edinburgh,1,12029,high,13737;12430;15076,Resolved dedication 'New Town Church' (Edinburgh) among 4 towers in town
Pig-le-tower,Marston Bigot,Somerset,1,,none,,Private domestic mini-ring or residence (handbell ring)
St Peter,Wellesbourne,Warwicks,1,11177,high,,Unique tower in Wellesbourne; dedication 'S Peter' matches 'St Peter'
The Advent,Boston,"Massachusetts, United States of America",1,11198,high,12291,Resolved dedication 'The Advent' (Boston) among 2 towers in town
"S George, Jesmond","Newcastle Upon Tyne,",Tyne & Wear,1,14507,high,,"Resolved via parish in building 'Jesmond' (Jesmond, S George)"
Town Hall,Berwick upon Tweed,Northumberland,1,16444,high,18290,Resolved dedication 'Town Hall' (Berwick upon Tweed) among 2 towers in town
"SS James & Basil, Fenham",Newcastle upon Tyne,Tyne & Wear,1,11810,high,,"Resolved via parish in building 'Fenham' (Fenham, S James & S Basil)"
St Mary,Aldermaston,Berkshire,1,10431,high,,Unique tower in Aldermaston; dedication 'S Mary V' matches 'St Mary'
"Queen's Tower, Imperial College",Knightsbridge,Greater London,1,,none,10305;21260,"Unresolved: 'Queen's Tower, Imperial College' did not match any of the 2 towers in Knightsbridge"
All Saints,"Telford, Wellington",Shropshire,1,10429,high,,"Resolved via suburb/parish 'Wellington' in town name (Wellington, All Saints)"
St John the Divine,Colston Bassett,Nottinghamshire,1,11976,high,,Unique tower in Colston Bassett; dedication 'S John Div' matches 'St John the Divine'
St Andrew,Kirton Lindsey,Lincolnshire,1,,none,,No matching tower found for 'Kirton Lindsey' in Dove register
,"Ringing Room, Uk",,1,,none,,"No matching tower found for 'Ringing Room, Uk' in Dove register"
Merton College,Oxford,Oxfordshire,1,16203,high,14542;10172;11850;12299;11203;13271;13903;10326;10578;14239,Resolved dedication 'Merton College' (Oxford) among 26 towers in town
St Michael,Heydour,Lincolnshire,1,11252,high,,Unique tower in Heydour; dedication 'S Michael & All Angels' matches 'St Michael'
St Clement,Terrington St Clement,Norfolk,1,11551,high,,Unique tower in Terrington St Clement; dedication 'S Clement' matches 'St Clement'
St Mary V,Coleorton,Leicestershire,1,14699,high,,Unique tower in Coleorton; dedication 'S Mary V' matches 'St Mary V'
St Gregory the Great,Dawlish,Devon,1,10507,high,,Unique tower in Dawlish; dedication 'S Gregory' matches 'St Gregory the Great'
All Saints,Faringdon,Oxfordshire,1,15801,high,,Unique tower in Faringdon; dedication 'All Saints' matches 'All Saints'
St Nicholas,Cuddington,Buckinghamshire,1,14131,high,,Unique tower in Cuddington; dedication 'S Nicholas' matches 'St Nicholas'
St Cadoc,Trevethin,Torfaen,1,15079,high,,Unique tower in Trevethin; dedication 'S Cadoc' matches 'St Cadoc'
St Peter,Henley,Suffolk,1,10128,high,,Unique tower in Henley; dedication 'S Peter' matches 'St Peter'
St Mary the Virgin,Tunstead,Norfolk,1,15267,high,,Unique tower in Tunstead; dedication 'S Mary V' matches 'St Mary the Virgin'
St Mary V,Welford,Northamptonshire,1,14851,high,,Unique tower in Welford; dedication 'S Mary V' matches 'St Mary V'
St Margaret of Antioch,Crick,Northamptonshire,1,11484,high,,Unique tower in Crick; dedication 'S Margaret' matches 'St Margaret of Antioch'
,Heathfield,Sussex,1,10785,medium,20760,Partial dedication match for 'All Saints' among 2 towers in town
,Fletching,,1,15114,high,,Unique tower in Fletching (East Sussex); building unspecified in source
SS Philip & Jacob,Bristol,,1,15180,medium,10300;10331;15455;14342;11615;14422;12166;12993;12039;16354,Partial dedication match for 'S Philip & S Jacob' among 17 towers in town
"5, Blenheim Road",Cardiff,,1,,none,,Private residence name (handbell ring)
SS Mary and Bartholomew,Cranborne,Dorset,1,10479,high,,Unique tower in Cranborne; dedication 'S Mary & S Bartholomew' matches 'SS Mary and Bartholomew'
St Matthew,Stretford,Greater Manchester,1,11318,high,23869,Resolved dedication 'S Matthew' (Stretford) among 2 towers in town
,East Hagbourne,,1,11398,high,,Unique tower in East Hagbourne (Oxfordshire); building unspecified in source
St Peter,Macclesfield,Cheshire,1,14669,high,12003;15811;17333,Resolved dedication 'S Peter' (Macclesfield) among 4 towers in town
All Saints,Broad Chalke,Wiltshire,1,13253,high,,Unique tower in Broad Chalke; dedication 'All Saints' matches 'All Saints'
Cathedral of St Anne (R C),Leeds,Yorkshire,1,11425,high,15978;13165;21524;21525;21526;21527;21531;25533;10218;14977,Resolved dedication 'Cath Ch of S Anne' (Leeds) among 27 towers in town
"10, Wharton Road",Bromley,Kent,1,,none,,Private residence name (handbell ring)
Ss Peter & Paul,Bromley,Kent,1,,none,,No matching tower found for 'Bromley' in Dove register
St Mary,Staines upon Thames,Surrey,1,12277,high,11525;23685,Resolved dedication 'S Mary' (Staines upon Thames) among 3 towers in town
"Vernet-les-Bains, Wetton, Norwich & Oldham",Ringing Room,UK & France,1,,none,,Virtual ringing platform or dispersed locations
St Mary the Virgin,Rolvenden,Kent,1,17067,high,,Unique tower in Rolvenden; dedication 'S Mary V' matches 'St Mary the Virgin'
,Drayton,Oxon,1,13691,medium,14475,Partial dedication match for 'S Peter' among 2 towers in town
All Saints,Edmonton,Middlesex,1,10584,high,19899;19900;19901,Resolved dedication 'All Saints' (Edmonton) among 4 towers in town
,Huntington,,1,10144,high,,Unique tower in Huntington (North Yorkshire); building unspecified in source
St Michael,Gloucester,,1,20332,high,14601;25217;11105;11346;10214;20327;20328;20329;20330;20331,Resolved dedication 'S Michael' (Gloucester) among 14 towers in town
,Whitworth,,1,15835,medium,24764,Partial dedication match for 'S Bartholomew' among 2 towers in town
,Barnsley,Yorks,1,10481,medium,18135;18136;18138;18137,Partial dedication match for 'S Mary' among 5 towers in town
,Worlingworth,,1,13866,high,,Unique tower in Worlingworth (Suffolk); building unspecified in source
,Kirkburton,,1,10093,high,,Unique tower in Kirkburton (West Yorkshire); building unspecified in source
St Mary the Virgin,Twickenham,Greater London,1,13698,high,12600;25941;24266;24267,Resolved dedication 'S Mary V' (Twickenham) among 5 towers in town
,Milnrow,,1,14047,high,,Unique tower in Milnrow (Greater Manchester); building unspecified in source
,Salehurst,,1,10938,high,,Unique tower in Salehurst (East Sussex); building unspecified in source
Campanile Dyngalyng,Lyng,Norfolk,1,13379,medium,,"Sole ringing tower in Lyng, but dedication 'S Margaret' differs from source 'Campanile Dyngalyng'"
,Pinchbeck,,1,13689,high,,Unique tower in Pinchbeck (Lincolnshire); building unspecified in source
,Twerton-on-Avon,,1,25825,medium,12082,Partial dedication match for 'nan' among 2 towers in town
"Vernet-les-Bains, Hitchin, Reach & Great Hockham",Ringing Room,UK & France,1,,none,,Virtual ringing platform or dispersed locations
Christchurch,Liversedge,West Yorkshire,1,15896,high,,Unique tower in Liversedge; dedication 'Christ Church' matches 'Christchurch'
Holy Cross,Woodchurch,Merseyside,1,16512,high,,Unique tower in Woodchurch; dedication 'Holy Cross' matches 'Holy Cross'
St Magnus the Martyr  Ringing Room,City of London,,1,13189,high,15228;11081;13868;12429;13028;11914;16634;16578;10471;16020,Resolved dedication 'S Magnus the Martyr' (London) among 42 towers in town
St Mary,Godmanchester,Huntingdonshire,1,,none,,No matching tower found for 'Godmanchester' in Dove register
Christ Church,Port Sunlight,Wirral,1,,none,,No matching tower found for 'Port Sunlight' in Dove register
,Fillongley,,1,11875,high,,Unique tower in Fillongley (Warwickshire); building unspecified in source
St John the Baptist,Tuebrook,Mersyside,1,,none,,No matching tower found for 'Tuebrook' in Dove register
St Stephen,Clanfield,Oxfordshire,1,10023,high,,Unique tower in Clanfield; dedication 'S Stephen' matches 'St Stephen'
St Mary,Kingsclere,Hampshire,1,10522,high,,Unique tower in Kingsclere; dedication 'S Mary' matches 'St Mary'
,Tunstall,,1,12317,medium,14672;12994;17040;24248;24250;24249;25556,Partial dedication match for 'S John Bapt' among 8 towers in town
Imperial College (Huxley),Knightsbridge,Middlesex,1,,none,10305;21260,Unresolved: 'Imperial College (Huxley)' did not match any of the 2 towers in Knightsbridge
St John,Bournemouth,,1,15520,high,13734;10742;18530;18532;18540;18533;18535;18537;18538;18539,Resolved dedication 'S John Ev' (Bournemouth) among 20 towers in town
St Nicholas,Chislehurst,,1,14258,high,10438;19163,Resolved dedication 'S Nicholas' (Chislehurst) among 3 towers in town
132 Rue de la Tomber Issoire,Paris,14e,1,,none,,Private residence address (handbell ring)
,Churchill,Oxon,1,11768,medium,26033,Partial dedication match for 'All Saints' among 2 towers in town
"Room 345, Huxley Building",Knightsbridge,Middlesex,1,,none,10305;21260,"Unresolved: 'Room 345, Huxley Building' did not match any of the 2 towers in Knightsbridge"
SS Peter and Paul,Ringwood,Hampshire,1,16719,high,,Unique tower in Ringwood; dedication 'S Peter & S Paul' matches 'SS Peter and Paul'
St.Andrew,Pershore Parish Centre,Worcestershire,1,,none,,No matching tower found for 'Pershore Parish Centre' in Dove register
,Limehouse,London,1,14318,high,,Unique tower in Limehouse (Greater London); building unspecified in source
"SS John the Baptist, Lawrence and Anne",Knowle,West Midlands,1,14833,high,,"Unique tower in Knowle; dedication 'S John Bapt, S Lawrence, & S Anne' matches 'SS John the Baptist, Lawrence and Anne'"
"Imperial College, Huxley Building",Knightsbridge,Middlesex,1,,none,10305;21260,"Unresolved: 'Imperial College, Huxley Building' did not match any of the 2 towers in Knightsbridge"
St Peter,Pentre,Rhondda Cynon Taf,1,13957,high,,Unique tower in Pentre; dedication 'S Peter' matches 'St Peter'
,Southgate,,1,12730,medium,23565;19439,Partial dedication match for 'Christ Church' among 3 towers in town
"at the residence of W H Pasmore, Southwark Street, SE",London,,1,,none,,Private residence name (handbell ring)
Assumption of the Blessed Virgin Mary,Redenhall,Norfolk,1,11384,high,,Unique tower in Redenhall; dedication 'Assumption of BVM' matches 'Assumption of the Blessed Virgin Mary'
,Shalford,Surrey,1,16320,high,,Unique tower in Shalford (Surrey); building unspecified in source
"The Coach and Horses, High Street",Barnes,Surrey,1,,none,,Private residence name (handbell ring)
,Brading,,1,13247,high,,Unique tower in Brading (Isle of Wight); building unspecified in source
St Mary's Cathedral,"Sydney, NSW",Australia,1,,none,,"No matching tower found for 'Sydney, NSW' in Dove register"
,Market Drayton,,1,12374,high,,Unique tower in Market Drayton (Shropshire); building unspecified in source
Cathedral Church of the Holy Trinity,Wangaratta,Victoria,1,11264,high,,Unique tower in Wangaratta; dedication 'Cath Ch of Holy Trinity' matches 'Cathedral Church of the Holy Trinity'
,Fairford,,1,10862,high,,Unique tower in Fairford (Gloucestershire); building unspecified in source
Cathedral Church of St Paul,Bendigo,Victoria,1,15059,high,,Unique tower in Bendigo; dedication 'Cath Ch of S Paul' matches 'Cathedral Church of St Paul'
St Mary the Virgin,Great Baddow,Essex,1,14450,high,,Unique tower in Great Baddow; dedication 'S Mary V' matches 'St Mary the Virgin'
St Peter,Buckland in the Moor,Devon,1,15861,high,,Unique tower in Buckland in the Moor; dedication 'S Peter' matches 'St Peter'
S Mary,Pinchbeck,Lincolnshire,1,13689,high,,Unique tower in Pinchbeck; dedication 'S Mary' matches 'S Mary'
St John-in-Bedwardine,Worcester,,1,13277,high,11299;11249;10704;12050;12921;12643;24996;24997;24998;24999,Resolved dedication 'S John in Bedwardine' (Worcester) among 14 towers in town
St Michael,Flixton,Greater Manchester,1,13267,high,20147,Resolved dedication 'S Michael' (Flixton) among 2 towers in town
All Saints,Marple,Greater Manchester,1,15017,high,,Unique tower in Marple; dedication 'All Saints' matches 'All Saints'
,Quorn,,1,10703,high,,Unique tower in Quorn (Leicestershire); building unspecified in source
,Colerne,,1,13586,high,,Unique tower in Colerne (Wiltshire); building unspecified in source
St Mary,North Mimms,Hertfordshire,1,12392,high,,Unique tower in North Mymms; dedication 'S Mary' matches 'St Mary'
,Pinxton,,1,13062,high,,Unique tower in Pinxton (Derbyshire); building unspecified in source
,Cliffe-at-Hoo,,1,10867,high,,Unique tower in Cliffe at Hoo (Kent); building unspecified in source
American School,Bushey,Herts,1,,none,13627;18871,Unresolved: 'American School' did not match any of the 2 towers in Bushey
,Wombourn,,1,,none,,No matching tower found for 'Wombourn' in Dove register
,Galleywood,,1,11347,high,,Unique tower in Galleywood (Essex); building unspecified in source
Dedication Unknown,Chiddingly,East Sussex,1,14881,high,,Unique tower in Chiddingly; dedication 'dedication unknown' matches 'Dedication Unknown'
Holy Cross & St Mary,Quainton,Buckinghamshire,1,17009,high,,Unique tower in Quainton; dedication 'Holy Cross & S Mary' matches 'Holy Cross & St Mary'
St Peter,Conisbrough,Yorkshire,1,12310,high,,Unique tower in Conisbrough; dedication 'S Peter' matches 'St Peter'
,Papanui,,1,10077,high,,Unique tower in Christchurch (South Island); building unspecified in source
,Sawston,,1,10013,high,,Unique tower in Sawston (Cambridgeshire); building unspecified in source
Brambles,Brimpton,,1,11416,medium,,"Sole ringing tower in Brimpton, but dedication 'S Peter' differs from source 'Brambles'"
,Writtle,,1,17092,high,,Unique tower in Writtle (Essex); building unspecified in source
,Radcliffe-on-Trent,,1,13814,high,,Unique tower in Radcliffe on Trent (Nottinghamshire); building unspecified in source
All Saints,Sedgley,W Midlands,1,,none,,No matching tower found for 'Sedgley' in Dove register
St James,Husborne Crawley,Bedfordshire,1,13235,high,,Unique tower in Husborne Crawley; dedication 'S James' matches 'St James'
Indian-Pacific Train,Mannahill,South Australia,1,,none,,No matching tower found for 'Mannahill' in Dove register
,Cottesloe,,1,,none,,No matching tower found for 'Cottesloe' in Dove register
St Michael and All Angels,Lambourn,Berkshire,1,14437,high,,Unique tower in Lambourn; dedication 'S Michael & All Angels' matches 'St Michael and All Angels'
Holy Trinity,Privett,Hampshire,1,15390,high,,Unique tower in Privett; dedication 'Holy Trinity' matches 'Holy Trinity'
St Mary,Lancaster,,1,14459,high,14567;21435;21436;21437;21438;25545,Resolved dedication 'Priory Ch of S Mary' (Lancaster) among 7 towers in town
St Michael and All Angels,Haselbech,Northamptonshire,1,15424,high,,Unique tower in Haselbech; dedication 'S Michael' matches 'St Michael and All Angels'
"Great Hockham, Glasgow, Wetton & Moseley",Ringing Room,Uk,1,,none,,Virtual ringing platform or dispersed locations
St Andrew,Earls Colne,Essex,1,10099,high,,Unique tower in Earls Colne; dedication 'S Andrew' matches 'St Andrew'
St Mary the Virgin,Salehurst,East Sussex,1,10938,high,,Unique tower in Salehurst; dedication 'S Mary V' matches 'St Mary the Virgin'
St Mary,Peterborough,,1,16442,high,16247;16041;22741;22742;17210;22743;22744,Resolved dedication 'S Mary' (Peterborough) among 8 towers in town
SS Mary & Michael,Trumpington,Cambridgeshire,1,10245,high,,Unique tower in Trumpington; dedication 'S Mary & S Michael' matches 'SS Mary & Michael'
Annunciation of The Blessed Virgin Mary,Chislehurst,Greater London,1,10438,high,14258;19163,Resolved dedication 'Annunciation BVM' (Chislehurst) among 3 towers in town
St Mary,Clifton,Notts,1,15190,high,16048;12048,Resolved dedication 'S Mary V' (Clifton) among 3 towers in town
St Botolph,Carlton in Cleveland,North Yorkshire,1,11830,high,,Unique tower in Carlton in Cleveland; dedication 'S Botolph' matches 'St Botolph'
St Edith,Monks Kirby,Warwickshire,1,14737,high,,Unique tower in Monks Kirby; dedication 'S Editha' matches 'St Edith'
Brickyard Cottage,Ticknall,Derbyshire,1,,none,,Private residence name (handbell ring)
"Vernet-les-Bains, Norwich, Oldham & Reach",Ringing Room,UK & France,1,,none,,Virtual ringing platform or dispersed locations
St Chad,"Leeds, Headingley",West Yorkshire,1,,none,,"No matching tower found for 'Leeds, Headingley' in Dove register"
St Mary,East Raynham,Norfolk,1,11607,high,,Unique tower in East Raynham; dedication 'S Mary V' matches 'St Mary'
Holy Trinity,Meole Brace,Shropshire,1,16732,high,,Unique tower in Meole Brace; dedication 'Holy Trinity' matches 'Holy Trinity'
St Mary Magdalene,Albrighton,Shropshire,1,13575,high,,Unique tower in Albrighton; dedication 'S Mary Magd' matches 'St Mary Magdalene'
Saint Leonard,Turners Hill,Sussex,1,16948,high,,Unique tower in Turners Hill; dedication 'S Leonard' matches 'Saint Leonard'
St Tudor,Mynyddislwyn,Caerphilly,1,13414,high,,Unique tower in Mynyddislwyn; dedication 'S Tudor' matches 'St Tudor'
Christ Church,Radyr,Cardiff,1,13964,high,,Unique tower in Radyr; dedication 'Christ Church' matches 'Christ Church'
St Mary the Virgin,Thornbury,Gloucestershire,1,12858,high,,Unique tower in Thornbury; dedication 'S Mary V' matches 'St Mary the Virgin'
St John,Barmouth,Gwynedd,1,14343,high,,Unique tower in Barmouth; dedication 'S John' matches 'St John'
St Andrew,Stoke Dameral,Devon,1,,none,,No matching tower found for 'Stoke Dameral' in Dove register
St James the Greater,Oaks in Charnwood,Leicestershire,1,11164,high,,Unique tower in Oaks in Charnwood; dedication 'S James Greater' matches 'St James the Greater'
St Mary,Welshpool,Powys,1,12037,high,,Unique tower in Welshpool; dedication 'S Mary' matches 'St Mary'
St Michael,Bray,Berkshire,1,11267,high,,Unique tower in Bray; dedication 'S Michael' matches 'St Michael'
St Peter,Machynlleth,Powys,1,12052,high,,Unique tower in Machynlleth; dedication 'S Peter' matches 'St Peter'
St Mary,Kingswinford,West Midlands,1,16378,high,,Unique tower in Kingswinford; dedication 'S Mary' matches 'St Mary'
,Sibsey,,1,12327,high,,Unique tower in Sibsey (Lincolnshire); building unspecified in source
"SS Peter, Paul & Thomas of Canterbury",Bovey Tracey,Devon,1,14690,high,25196;18545,"Resolved dedication 'S Peter, S Paul, & S Thomas of Canterbury' (Bovey Tracey) among 3 towers in town"
Cathedral of St Marie (RC),Sheffield,South Yorkshire,1,10439,high,13787;23300;22121,Resolved dedication 'Cath Ch of S Marie' (Sheffield) among 4 towers in town
Holy Trinity,Skipton,North Yorkshire,1,23418,medium,,"Sole ringing tower in Skipton, but dedication 'Christ Church' differs from source 'Holy Trinity'"
,Longstanton,,1,11562,high,,Unique tower in Longstanton (Cambridgeshire); building unspecified in source
42 Westminster Road,Malvern,Worcestershire,1,,none,,Private residence address (handbell ring)
St John the Baptist,Stanford on Soar,Nottinghamshire,1,15756,high,,Unique tower in Stanford on Soar; dedication 'S John Bapt' matches 'St John the Baptist'
"St Martin le Grand, Coney Street",York,North Yorkshire,1,15985,high,11340;13714;16004;11426;16125;13479;12165;10509;11836;17575,Resolved dedication 'S Martin le Grand' (York) among 23 towers in town
Our Lady of Bloxham,Bloxham,Oxfordshire,1,11534,high,25740,Resolved dedication 'Our Lady of Bloxham' (Bloxham) among 2 towers in town
St James the Great,Winscombe,Somerset,1,13531,high,,Unique tower in Winscombe; dedication 'S James Gt' matches 'St James the Great'
St Michael,Michaelston-y-Fedw,Monmouthshire,1,11046,high,,Unique tower in Michaelston-y-Fedw; dedication 'S Michael' matches 'St Michael'
,Badsey,,1,16045,high,,Unique tower in Badsey (Worcestershire); building unspecified in source
,Hackington,,1,13702,high,,Unique tower in Canterbury (Kent); building unspecified in source
St Peter and St Paul,Steeple Aston,Oxfordshire,1,11353,high,,Unique tower in Steeple Aston; dedication 'S Peter & S Paul' matches 'St Peter and St Paul'
"Pinhoe, St Michael & All Angels",Exeter,Devon,1,20016,high,13963;14687;16135;15779;16959;14227;20007;20008;25133;20009,Resolved dedication 'S Michael & All Angels' (Exeter) among 16 towers in town
St Mary Magdalene,Woodstock,Oxfordshire,1,11202,high,,Unique tower in Woodstock; dedication 'S Mary Magd' matches 'St Mary Magdalene'
"All Saints, Weston",Bath,Somerset,1,13248,high,,"Resolved via parish in building 'Weston' (Weston, All Saints)"
St Mary,Tadcaster,North Yorkshire,1,16039,high,,Unique tower in Tadcaster; dedication 'S Mary' matches 'St Mary'
Assumption of Blessed Virgin Mary,Bradford Peverell,Dorset,1,15752,medium,,"Sole ringing tower in Bradford Peverell, but dedication 'The Assumption' differs from source 'Assumption of Blessed Virgin Mary'"
,Fordingbridge,,1,15403,high,,Unique tower in Fordingbridge (Hampshire); building unspecified in source
,Guilden Morden,,1,16109,high,,Unique tower in Guilden Morden (Cambridgeshire); building unspecified in source
St Editha,Monks Kirby,Warwickshire,1,14737,high,,Unique tower in Monks Kirby; dedication 'S Editha' matches 'St Editha'
4 Spencer Street,Eastwood,,1,,none,,Private residence address (handbell ring)
"Great Hockham, Vernet-les-Bains, Norwich & Wetton",Ringing Room,UK & France,1,,none,,Virtual ringing platform or dispersed locations
St Matthew,Overseal,Derbyshire,1,16729,high,,Unique tower in Overseal; dedication 'S Matthew' matches 'St Matthew'
,Tottenham,,1,11991,medium,24190;24191,Partial dedication match for 'All Hallows' among 3 towers in town
St Chad,Rochdale,Greater Manchester,1,16976,high,23036;25546,Resolved dedication 'S Chad' (Rochdale) among 3 towers in town
St Mary the Virgin,Coleorton,Leicestershire,1,14699,high,,Unique tower in Coleorton; dedication 'S Mary V' matches 'St Mary the Virgin'
,Adlington,,1,14168,medium,17834,Partial dedication match for 'S Paul' among 2 towers in town
St George,Beckington,Somerset,1,12455,high,,Unique tower in Beckington; dedication 'S George' matches 'St George'
"Minet House, Prescot Street",Whitechapel,Middlesex,1,,none,,Private residence name (handbell ring)
,Pattingham,,1,10158,high,,Unique tower in Pattingham (Staffordshire); building unspecified in source
,Welford,Northants,1,14851,high,,Unique tower in Welford (Northamptonshire); building unspecified in source
St Andrew,Curry Rivel,Somerset,1,15298,high,,Unique tower in Curry Rivel; dedication 'S Andrew' matches 'St Andrew'
,Wellingborough,,1,16966,medium,24512;24513;24514;25163,Partial dedication match for 'All Hallows' among 5 towers in town
St Mary`,Wedmore,Somerset,1,12933,high,,Unique tower in Wedmore; dedication 'S Mary' matches 'St Mary`'
St Anne,Bagshot,Surrey,1,15001,high,,Unique tower in Bagshot; dedication 'S Anne' matches 'St Anne'
,Haddington,,1,11648,high,,Unique tower in Haddington (East Lothian); building unspecified in source
,Harraby,,1,12435,high,,Unique tower in Carlisle (Cumbria); building unspecified in source
Rindge Field,"Cambridge, MA",USA,1,,none,,"No matching tower found for 'Cambridge, MA' in Dove register"
,Stoke,Warks,1,13274,high,,Unique tower in Coventry (West Midlands); building unspecified in source
,Bloxham,,1,11534,medium,25740,Partial dedication match for 'Our Lady of Bloxham' among 2 towers in town
,Bampton,Oxon,1,12367,high,,Unique tower in Bampton (Oxfordshire); building unspecified in source
St John the Baptist,Whitwick,Leicestershire,1,11676,high,,Unique tower in Whitwick; dedication 'S John Bapt' matches 'St John the Baptist'
St Mary the Virgin,Henley on Thames,Oxfordshire,1,14999,high,25743,Resolved dedication 'S Mary V' (Henley on Thames) among 2 towers in town
All Hallows,St Kea,Cornwall,1,13851,high,,Unique tower in St Kea; dedication 'All Hallows' matches 'All Hallows'
,Byfield,,1,15633,high,,Unique tower in Byfield (Northamptonshire); building unspecified in source
,Irton,,1,10969,high,,Unique tower in Irton (Cumbria); building unspecified in source
St John,Peterborough,,1,16041,high,16247;16442;22741;22742;17210;22743;22744,Resolved dedication 'S John Bapt' (Peterborough) among 8 towers in town
,West Malling,,1,15003,high,,Unique tower in West Malling (Kent); building unspecified in source
,South Anston,,1,13045,high,,Unique tower in South Anston (South Yorkshire); building unspecified in source
,Goulburn,,1,15655,high,,Unique tower in Goulburn (New South Wales); building unspecified in source
,Bishops Cleeve,,1,,none,,No matching tower found for 'Bishops Cleeve' in Dove register
,Framlingham,,1,11728,high,,Unique tower in Framlingham (Suffolk); building unspecified in source
St Martin,New Buckenham,Norfolk,1,16308,high,,Unique tower in New Buckenham; dedication 'S Martin' matches 'St Martin'
"Plympton St Mary, St Mary the Blessed Virgin",Plymouth,Devon,1,,none,15940;22798;22799;22800;22801,"Unresolved: 'Plympton St Mary, St Mary the Blessed Virgin' did not match any of the 5 towers in Plymouth"
"Head Brewer's Office, Whitbread Brewery",Magor,Gwent,1,14698,medium,,"Sole ringing tower in Magor, but dedication 'S Mary V' differs from source 'Head Brewer's Office, Whitbread Brewery'"
St Peter,Conisbrough,South Yorks,1,12310,high,,Unique tower in Conisbrough; dedication 'S Peter' matches 'St Peter'
,Crewkerne,,1,11044,high,,Unique tower in Crewkerne (Somerset); building unspecified in source
St Helen,Cliffe at Hoo,Kent,1,10867,high,,Unique tower in Cliffe at Hoo; dedication 'S Helen' matches 'St Helen'
St Mary the Virgin,Stoke by Nayland,Suffolk,1,13144,high,,Unique tower in Stoke by Nayland; dedication 'S Mary V' matches 'St Mary the Virgin'
St John the Baptist,Erith,Greater London,1,16332,high,15370;19978,Resolved dedication 'S John Bapt' (Erith) among 3 towers in town
The Lair of the Snow Tiger,Ringing Room,UK,1,,none,,Virtual ringing platform or dispersed locations
"Bosham, Eastergate & Pagham",Ringing Room,West Sussex,1,,none,,Virtual ringing platform or dispersed locations
St Paul,Chippenham,,1,12210,high,16234;10837;19159,Resolved dedication 'S Paul' (Chippenham) among 4 towers in town
St Patrick,Coleraine,Derry,1,12545,high,,Unique tower in Coleraine; dedication 'S Patrick' matches 'St Patrick'
4 Liberia Road,Islington,Middlesex,1,,none,,Private residence address (handbell ring)
,Swineshead,Lincs,1,14385,high,,Unique tower in Swineshead (Lincolnshire); building unspecified in source
St Mary,Whickham,Tyne & Wear,1,,none,,No matching tower found for 'Whickham' in Dove register
St John the Baptist,Wonersh,Surrey,1,13986,high,,Unique tower in Wonersh; dedication 'S John Bapt' matches 'St John the Baptist'
,Crick,,1,11484,high,,Unique tower in Crick (Northamptonshire); building unspecified in source
,Milton Abbey,,1,14844,high,,Unique tower in Milton Abbey (Dorset); building unspecified in source
"SS Peter, Paul and Thomas the Becket",Bovey Tracey,Devon,1,14690,medium,25196;18545,"Partial dedication match for 'S Peter, S Paul, & S Thomas of Canterbury' among 3 towers in town"
St Leonard,Clent,Worcestershire,1,11092,high,,Unique tower in Clent; dedication 'S Leonard' matches 'St Leonard'
St James the Great,Shirley,West Midlands,1,11396,high,,Unique tower in Shirley; dedication 'S James Gt' matches 'St James the Great'
St John the Baptist,Barnet,Hertfordshire,1,,none,,No matching tower found for 'Barnet' in Dove register
St Andrew,Heckington,Lincolnshire,1,16516,high,,Unique tower in Heckington; dedication 'S Andrew' matches 'St Andrew'
Bellfoundry Campanile,Loughborough,Leicestershire,1,10191,high,16752;21820;21821;21822;17781,Resolved dedication 'Bell Foundry Tower' (Loughborough) among 6 towers in town
St Andrew,Uxbridge,,1,12550,high,14402,Resolved dedication 'S Andrew' (Uxbridge) among 2 towers in town
,Epping,,1,14745,high,,Unique tower in Epping (Essex); building unspecified in source
,Urchfont,,1,12207,high,,Unique tower in Urchfont (Wiltshire); building unspecified in source
,Charlton Horethorne,,1,13570,high,,Unique tower in Charlton Horethorne (Somerset); building unspecified in source
,Godmanchester,,1,13769,high,,Unique tower in Godmanchester (Cambridgeshire); building unspecified in source
,Almondsbury,,1,13610,high,,Unique tower in Almondsbury (Gloucestershire); building unspecified in source
St Mary the Virgin,Over,Cambridgeshire,1,10652,high,,Unique tower in Over; dedication 'S Mary' matches 'St Mary the Virgin'
,Ely,,1,12859,medium,19958;19957,Partial dedication match for 'S Mary' among 3 towers in town
,Norton,Herts,1,13040,medium,22480,Partial dedication match for 'S Nicholas' among 2 towers in town
"St Lawrence Jewry, Gresham Street",City of London,,1,16020,high,15228;11081;13868;12429;13028;11914;16634;16578;10471;13189,Resolved dedication 'S Lawrence Jewry' (London) among 42 towers in town
,Appledore,Kent,1,13579,high,,Unique tower in Appledore (Kent); building unspecified in source
"Wickford, Great Hockham, Oldham & Bury St Edmunds",Ringing Room,UK,1,,none,,Virtual ringing platform or dispersed locations
,Barking,Essex,1,,none,,No matching tower found for 'Barking' in Dove register
308 Marlyn Lodge,London,Middx,1,,none,,Private residence address (handbell ring)
,Upton St Leonards,,1,12413,high,,Unique tower in Upton St Leonards (Gloucestershire); building unspecified in source
St Wifrid,Kirkby in Ashfield,Nottinghamshire,1,13587,medium,21364,Partial dedication match for 'S Wilfrid' among 2 towers in town
"Plympton St Maurice, St Maurice",Plymouth,Devon,1,,none,15940;22798;22799;22800;22801,"Unresolved: 'Plympton St Maurice, St Maurice' did not match any of the 5 towers in Plymouth"
,Winchcombe,,1,10105,high,,Unique tower in Winchcombe (Gloucestershire); building unspecified in source
,Washingborough,,1,16208,high,,Unique tower in Washingborough (Lincolnshire); building unspecified in source
,Harmston,,1,12433,high,,Unique tower in Harmston (Lincolnshire); building unspecified in source
109 Newtown Road,Malvern,Worcestershire,1,,none,,Private residence address (handbell ring)
St Andrew,Halstead,Essex,1,13172,high,20559,Resolved dedication 'S Andrew' (Halstead) among 2 towers in town
,Ashchurch,,1,14753,high,,Unique tower in Ashchurch (Gloucestershire); building unspecified in source
St James the Great,South Leigh,Oxfordshire,1,11878,high,,Unique tower in South Leigh; dedication 'S James Gt' matches 'St James the Great'
St Wilfrid,Kibworth Beauchamp,Leicestershire,1,14116,high,,Unique tower in Kibworth Beauchamp; dedication 'S Wilfrid' matches 'St Wilfrid'
St Peter,Glasbury on Wye,Powys,1,11650,high,,Unique tower in Glasbury on Wye; dedication 'S Peter' matches 'St Peter'
St Barnabas,Erdington,West Midlands,1,15824,high,12089;19976,Resolved dedication 'S Barnabas' (Erdington) among 3 towers in town
Holy Trinity,Horwich,Greater Manchester,1,10582,high,21046,Resolved dedication 'Holy Trinity' (Horwich) among 2 towers in town
St Peter and St Paul,Olney,Buckinghamshire,1,14941,high,,Unique tower in Olney; dedication 'S Peter & S Paul' matches 'St Peter and St Paul'
St Mary Magdalene,Torquay,Devon,1,10488,high,24177;24178;24179;16112;14123;15054;24180;19098;26006;24181,Resolved dedication 'S Mary Magd' (Upton) among 14 towers in town
All Saints,Terling,ESSEX,1,13514,high,,Unique tower in Terling; dedication 'All Saints' matches 'All Saints'
,Long Melford,,1,12666,medium,21784,Partial dedication match for 'Holy Trinity' among 2 towers in town
Ruined Church of the Holy Trinity,Buckfastleigh,Devon,1,11599,high,18770,Resolved dedication 'Ruined ch of Holy Trinity' (Buckfastleigh) among 2 towers in town
St Mary's Basilica,Sydney NSW,Australia,1,,none,,No matching tower found for 'Sydney NSW' in Dove register
St Mary the Virgin,Chipping Norton,Oxfordshire,1,12606,high,,Unique tower in Chipping Norton; dedication 'S Mary V' matches 'St Mary the Virgin'
,Bulwell,,1,14775,medium,18788,Partial dedication match for 'S Mary V & All Souls' among 2 towers in town
St Edmund,Northampton,Northamptonshire,1,13785,medium,12689;13195;15709;22461;22462;22463;17615;22465;12544;15899,Partial dedication match for 'S Giles' among 15 towers in town
St Mary,Bitton,Gloucestershire,1,14376,high,,Unique tower in Bitton; dedication 'S Mary' matches 'St Mary'
,Whilton,,1,12138,high,,Unique tower in Whilton (Northamptonshire); building unspecified in source
Weston House,Manchester,Lancs,1,,none,,Private residence name (handbell ring)
St John the Evangelist,Ranmoor,Yorkshire,1,16286,high,,Unique tower in Ranmoor; dedication 'S John Ev' matches 'St John the Evangelist'
41 Sherbrooke Avenue,Wilnecote,Staffordshire,1,,none,,Private residence address (handbell ring)
"Thorrington, Great Hockham, Chelmsford & Wickford",Ringing Room,UK,1,,none,,Virtual ringing platform or dispersed locations
,Wye,,1,14113,high,,Unique tower in Wye (Kent); building unspecified in source
Christ Church,Bradford on Avon,Wiltshire,1,10502,high,14630;13522,Resolved dedication 'Christ Church' (Bradford on Avon) among 3 towers in town
,Lyme Regis,,1,14094,high,,Unique tower in Lyme Regis (Dorset); building unspecified in source
,Rolleston-on-Dove,,1,14612,high,,Unique tower in Rolleston on Dove (Staffordshire); building unspecified in source
,Knowle,Bristol,1,15548,medium,21407;21409,Partial dedication match for 'Holy Nativity' among 3 towers in town
,Shildon,,1,16101,high,,Unique tower in Shildon (Durham); building unspecified in source
,Biddenden,,1,13123,high,,Unique tower in Biddenden (Kent); building unspecified in source
,Syston,,1,10340,medium,17089;14323,Partial dedication match for 'S Peter & S Paul' among 3 towers in town
St Leonards Tower,Newton Abbot,Devon,1,16043,medium,12315;22366,Partial dedication match for 'S Leonard's Tower' among 3 towers in town
St John the Baptist,East Markham,Nottinghamshire,1,15784,high,,Unique tower in East Markham; dedication 'S John Bapt' matches 'St John the Baptist'
St Bridget,Bridstow,Herefordshire,1,14193,high,,Unique tower in Bridstow; dedication 'S Bridget' matches 'St Bridget'
106 Beaumont Road,Barrow upon Soar,Leicestershire,1,,none,,Private residence address (handbell ring)
,Market Bosworth,,1,13763,high,,Unique tower in Market Bosworth (Leicestershire); building unspecified in source
,Stow,,1,10399,high,,Unique tower in Stow (Lincolnshire); building unspecified in source
St Peter and St Paul,Warsop,Nottinghamshire,1,11117,high,,Unique tower in Warsop; dedication 'S Peter & S Paul' matches 'St Peter and St Paul'
"Sabarat, Oldham, Bury St Edmunds & Paignton",Ringing Room,UK & France,1,,none,,Virtual ringing platform or dispersed locations
"Oldham, Norwich, Eaton Socon & Great Hockham",Ringing Room,UK,1,,none,,Virtual ringing platform or dispersed locations
,Kelsale,,1,13882,high,,Unique tower in Kelsale (Suffolk); building unspecified in source
,Ruardean,,1,11792,high,,Unique tower in Ruardean (Gloucestershire); building unspecified in source
St Patrick,Patrington,East Riding of Yorkshire,1,15427,high,,Unique tower in Patrington; dedication 'S Patrick' matches 'St Patrick'
St Nicolas,Nuneaton,Warwickshire,1,11805,high,13950;22505,Resolved dedication 'S Nicolas' (Nuneaton) among 3 towers in town
"Vernet-les-Bains, Cambridge, Great Hockham & Godmanchester",Ringing Room,,1,,none,,Virtual ringing platform or dispersed locations
,Battle,,1,13501,high,,Unique tower in Battle (East Sussex); building unspecified in source
Cathedral,Washington,,1,14848,high,15305;14820;24462,Resolved dedication 'Cath Ch of S Peter & S Paul' (Washington) among 4 towers in town
,Allesley,,1,13782,high,,Unique tower in Allesley (West Midlands); building unspecified in source
St Mary,Wedmore,Somerset,1,12933,high,,Unique tower in Wedmore; dedication 'S Mary' matches 'St Mary'
Dedication unknown,Chiddingly,East Sussex,1,14881,high,,Unique tower in Chiddingly; dedication 'dedication unknown' matches 'Dedication unknown'
,Dorking,,1,16625,medium,19668,Partial dedication match for 'S Martin' among 2 towers in town
St Olave,London,Middx,1,12986,high,15228;11081;13868;12429;13028;11914;16634;16578;10471;16020,Resolved dedication 'S Olave' (London) among 41 towers in town
,Huish Episcopi,,1,12467,high,,Unique tower in Huish Episcopi (Somerset); building unspecified in source
All Saints,Eastbourne,East Sussex,1,11160,high,10836;11691;10018;19831;19832;19833;19835;19837,Resolved dedication 'All Saints' (Eastbourne) among 9 towers in town
St Mary the Virgin,Hampton,Greater London,1,10110,high,,Unique tower in Hampton; dedication 'S Mary V' matches 'St Mary the Virgin'
St Margaret,Crick,Northamptonshire,1,11484,high,,Unique tower in Crick; dedication 'S Margaret' matches 'St Margaret'
,Highclere,Hants,1,12671,medium,25413,Partial dedication match for 'S Michael & All Angels' among 2 towers in town
St Laurence,York,North Yorkshire,1,16125,high,11340;13714;16004;11426;15985;13479;12165;10509;11836;17575,Resolved dedication 'S Lawrence' (York) among 23 towers in town
St Mary,Barnsley,S.Yorks,1,,none,,No matching tower found for 'Barnsley' in Dove register
,Bottesford,Leics,1,14195,high,,Unique tower in Bottesford (Leicestershire); building unspecified in source
St Peter and St Paul,Checkendon,Oxfordshire,1,11262,high,,Unique tower in Checkendon; dedication 'S Peter & S Paul' matches 'St Peter and St Paul'
The Hillbrow Campanile,Liss,Hampshire,1,,none,25916;13966;10378,Unresolved: 'The Hillbrow Campanile' did not match any of the 3 towers in Liss
St Michael and All Angels,Great Tew,Oxfordshire,1,10028,high,,Unique tower in Great Tew; dedication 'S Michael & All Angels' matches 'St Michael and All Angels'
St Margaret,Toppesfield,Essex,1,10568,high,,Unique tower in Toppesfield; dedication 'S Margaret of Antioch' matches 'St Margaret'
"Fallowfield, Holy Innocents",Manchester,Greater Manchester,1,,none,12311;16363;21935,"Unresolved: 'Fallowfield, Holy Innocents' did not match any of the 3 towers in Manchester"
Holy Innocents,Fallowfield,Greater Manchester,1,16503,high,,Unique tower in Fallowfield; dedication 'Holy Innocents' matches 'Holy Innocents'
,Market Harborough,,1,12627,high,,Unique tower in Market Harborough (Leicestershire); building unspecified in source
"Oldham, Great Hockham, Paignton & Bury St Edmunds",Ringing Room,UK,1,,none,,Virtual ringing platform or dispersed locations
St Helen,Pinxton,Derbyshire,1,13062,high,,Unique tower in Pinxton; dedication 'S Helen' matches 'St Helen'
,Checkendon,,1,11262,high,,Unique tower in Checkendon (Oxfordshire); building unspecified in source
St Petroc,Timberscombe,Somerset,1,14637,high,,Unique tower in Timberscombe; dedication 'S Petroc' matches 'St Petroc'
,Hardington Mandeville,,1,12507,high,,Unique tower in Hardington Mandeville (Somerset); building unspecified in source
,Mickleton,,1,16821,high,,Unique tower in Mickleton (Gloucestershire); building unspecified in source
St Philip and St James,Ratby,Leicestershire,1,15154,high,25840,Resolved dedication 'S Philip & S James' (Ratby) among 2 towers in town
All Saints,Sherburn in Elmet,North Yorkshire,1,10803,high,,Unique tower in Sherburn in Elmet; dedication 'All Saints' matches 'All Saints'
St Paul,Whitley Bay,Tyne and Wear,1,17001,high,,Unique tower in Whitley Bay; dedication 'S Paul' matches 'St Paul'
St John Bapt,Newcastle Upon Tyne,Tyne and Wear,1,12945,high,10887;10353;25928;17782;22337;22343,Resolved dedication 'S John Bapt' (Newcastle upon Tyne) among 7 towers in town
,Penkridge,,1,11298,high,,Unique tower in Penkridge (Staffordshire); building unspecified in source
"St George, Jesmond",Newcastle Upon Tyne,Tyne and Wear,1,14507,high,,"Resolved via parish in building 'Jesmond' (Jesmond, S George)"
,Wedmore,,1,12933,high,,Unique tower in Wedmore (Somerset); building unspecified in source
,Leyton,,1,12384,medium,21589,Partial dedication match for 'S Mary V' among 2 towers in town
St Bartholomew and All Saints,Wootton Bassett,Wiltshire,1,16050,high,,Unique tower in Royal Wootton Bassett; dedication 'S Bartholomew & All Saints' matches 'St Bartholomew and All Saints'
St George,Barkingside,Greater London,1,16995,high,18111;25143;25144,Resolved dedication 'S George' (Barkingside) among 4 towers in town
,St Briavels,,1,10426,high,,Unique tower in St Briavels (Gloucestershire); building unspecified in source
St Mary,Staines,,1,,none,,No matching tower found for 'Staines' in Dove register
Priory,Worksop,,1,10021,high,11077;25004,Resolved dedication 'Priory Ch of S Mary & S Cuthbert' (Worksop) among 3 towers in town
St John the Baptist,Chipping Sodbury,Gloucestershire,1,15563,high,,Unique tower in Chipping Sodbury; dedication 'S John Bapt' matches 'St John the Baptist'
St John,Devizes,Wiltshire,1,16561,high,12466;14906;19618,Resolved dedication 'S John' (Devizes) among 4 towers in town
,Elland,,1,14590,high,,Unique tower in Elland (West Yorkshire); building unspecified in source
,Ault Hucknall,,1,11391,high,,Unique tower in Ault Hucknall (Derbyshire); building unspecified in source
St Mary,Hayes,,1,11254,high,16366;20727;20728,Resolved dedication 'S Mary' (Hayes) among 4 towers in town
,Alrewas,,1,15616,high,,Unique tower in Alrewas (Staffordshire); building unspecified in source
St Mary,Easebourne,West Sussex,1,16972,high,,Unique tower in Easebourne; dedication 'S Mary' matches 'St Mary'
,Kirk Ella,,1,15090,high,,Unique tower in Kirk Ella (East Riding of Yorkshire); building unspecified in source
St Mary Magdalene,Enfield,Middlesex,1,12186,high,14416;19967;19969;19968,Resolved dedication 'S Mary Magd' (Enfield) among 5 towers in town
St Paul,Houston,"Texas, United States of America",1,11879,high,13288;12900,Resolved dedication 'S Paul (Methodist)' (Houston) among 3 towers in town
,Hornchurch,,1,14513,medium,21023,Partial dedication match for 'S Andrew' among 2 towers in town
St Mary,Newent,Gloucestershire,1,14943,high,,Unique tower in Newent; dedication 'S Mary V' matches 'St Mary'
Saints Peter & Paul,Mansfield,Nottinghamshire,1,11387,medium,21945;21946;21947;21948,Partial dedication match for 'S Peter & S Paul' among 5 towers in town
,Ardleigh,,1,13251,high,,Unique tower in Ardleigh (Essex); building unspecified in source
St Mary the Virgin,Longcot,Berkshire,1,,none,,No matching tower found for 'Longcot' in Dove register
St John the Baptist,Coln St Aldwyns,Gloucestershire,1,13281,high,,Unique tower in Coln St Aldwyns; dedication 'S John Bapt' matches 'St John the Baptist'
St John the Baptist,Loughton,Essex,1,14090,high,21824,Resolved dedication 'S John Bapt' (Loughton) among 2 towers in town
1 Preedys Close,Abbots Bromley,Staffordshire,1,,none,,Private residence address (handbell ring)
St James,Somerton,Oxfordshire,1,11413,high,,Unique tower in Somerton; dedication 'S James Ap' matches 'St James'
St Mary Magdalene,Whiston,South Yorkshire,1,16775,high,,Unique tower in Whiston; dedication 'S Mary Magd' matches 'St Mary Magdalene'
,Albrighton,,1,13575,high,,Unique tower in Albrighton (Shropshire); building unspecified in source
St Mary D Castro,Leicester,Leicestershire,1,13828,medium,12250;10495;21538;21539;21540;21541;21542;21544;21545;21546,Partial dedication match for 'S Mary de Castro' among 15 towers in town
St Mary,East Ilsley,Oxfordshire,1,,none,,No matching tower found for 'East Ilsley' in Dove register
,Sandhurst,Glos,1,13452,high,,Unique tower in Sandhurst (Gloucestershire); building unspecified in source
,South Shields,,1,12219,medium,23527;23528;25560,Partial dedication match for 'S Hilda' among 4 towers in town
St Mary Magdalene,Bridgnorth,Shropshire,1,12332,high,12875,Resolved dedication 'S Mary Magd' (Bridgnorth) among 2 towers in town
St Mary,Longcot,Berkshire,1,,none,,No matching tower found for 'Longcot' in Dove register
St Leonard,Blunsdon,Wiltshire,1,18458,high,,"Fuzzy place match (Blunsdon -> Blunsdon St Andrew, Wiltshire)"
,Pebworth,,1,14179,high,,Unique tower in Pebworth (Worcestershire); building unspecified in source
St Andrew,Pershore,,1,11394,high,14267,Resolved dedication 'S Andrew's Centre' (Pershore) among 2 towers in town
St Mary the Virgin,Henbury,Bristol,1,15198,high,,Unique tower in Henbury; dedication 'S Mary V' matches 'St Mary the Virgin'
St Nicolas,Ashchurch,Gloucestershire,1,14753,high,,Unique tower in Ashchurch; dedication 'S Nicholas' matches 'St Nicolas'
Christ Church,Ebbw Vale,Blaenau Gwent,1,11978,high,,Unique tower in Ebbw Vale; dedication 'Christ Church' matches 'Christ Church'
St Michael and All Angels,Penkridge,Staffordshire,1,11298,high,,Unique tower in Penkridge; dedication 'S Michael & All Angels' matches 'St Michael and All Angels'
St George,Jesmond,Tyne & Wear,1,,none,,No matching tower found for 'Jesmond' in Dove register
,Long Ashton,,1,10965,high,,Unique tower in Long Ashton (Somerset); building unspecified in source
St Michael and All Angels,Tettenhall,West Midlands,1,13117,high,,Unique tower in Tettenhall; dedication 'S Michael & All Angels' matches 'St Michael and All Angels'
,Bradpole,,1,11115,high,,Unique tower in Bradpole (Dorset); building unspecified in source
"Reach, Norwich, Oldham & Great Hockham",Ringing Room,Uk,1,,none,,Virtual ringing platform or dispersed locations
,Tettenhall,,1,13117,high,,Unique tower in Tettenhall (West Midlands); building unspecified in source
St Mary,Marlborough,Wiltshire,1,14009,high,13550,Resolved dedication 'S Mary V' (Marlborough) among 2 towers in town
St Mary,Sandbach,Cheshire,1,12771,high,,Unique tower in Sandbach; dedication 'S Mary' matches 'St Mary'
St John the Baptist,Royston,South Yorkshire,1,15270,high,,Unique tower in Royston; dedication 'S John Bapt' matches 'St John the Baptist'
53 Fearon Road,Portsmouth,Hampshire,1,,none,,Private residence address (handbell ring)
St Mary,Folkestone,,1,17037,high,20156;20157;20160;20158;20159,Resolved dedication 'S Mary & S Eanswythe' (Folkestone) among 6 towers in town
,Barrow-upon-Soar,,1,14755,high,,Unique tower in Barrow upon Soar (Leicestershire); building unspecified in source
St John the Baptist,Colerne,Wiltshire,1,13586,high,,Unique tower in Colerne; dedication 'S John Bapt' matches 'St John the Baptist'
,Tonbridge,,1,11378,medium,24168;17491,Partial dedication match for 'S Peter & S Paul' among 3 towers in town
,Pitminster,,1,14926,high,,Unique tower in Pitminster (Somerset); building unspecified in source
,Sittingbourne,,1,10011,medium,23399;25113,Partial dedication match for 'S Michael' among 3 towers in town
,Cottesbrooke,,1,13783,high,,Unique tower in Cottesbrooke (Northamptonshire); building unspecified in source
,Earls Barton,,1,13546,high,,Unique tower in Earls Barton (Northamptonshire); building unspecified in source
St Peter,Irthlingborough,Northamptonshire,1,13376,high,,Unique tower in Irthlingborough; dedication 'S Peter' matches 'St Peter'
St Nicholas,Carrickfergus,Antrim,1,16838,high,,Unique tower in Carrickfergus; dedication 'S Nicholas' matches 'St Nicholas'
St Mary,"Leeds, Hunslet",West Yorkshire,1,15244,high,,"Resolved via suburb/parish 'Hunslet' in town name (Hunslet, S Mary V)"
,Westbourne,,1,11270,medium,24633,Partial dedication match for 'S John Bapt' among 2 towers in town
,Fen Ditton,,1,17028,high,,Unique tower in Fen Ditton (Cambridgeshire); building unspecified in source
,Welwyn,,1,14639,high,,Unique tower in Welwyn (Hertfordshire); building unspecified in source
,Amesbury,,1,13162,high,,Unique tower in Amesbury (Wiltshire); building unspecified in source
St Andrew's Cathedral,Sydney,"New South Wales, Australia",1,16969,high,15468;13849;14777;13677;11518;10621;12983;13900;11755;16839,Resolved dedication 'Cath Ch of S Andrew' (Sydney) among 20 towers in town
St Helen,Ashby de la Zouch,Leicestershire,1,10461,high,17965,Resolved dedication 'S Helen' (Ashby de la Zouch) among 2 towers in town
SS Peter & Paul,Aldeburgh,Suffolk,1,17039,high,,Unique tower in Aldeburgh; dedication 'S Peter & S Paul' matches 'SS Peter & Paul'
St Mark's,Darling Point,New South Wales,1,11755,high,,Unique tower in Darling Point; dedication 'S Mark' matches 'St Mark's'
St Michael and All Angels,Blewbury,Oxfordshire,1,15534,high,,Unique tower in Blewbury; dedication 'S Michael & All Angels' matches 'St Michael and All Angels'
,Bengeo,,1,11823,medium,18271,Partial dedication match for 'Holy Trinity' among 2 towers in town
"55d, Cologne Road",Clapham,Surrey,1,,none,,Private residence name (handbell ring)
The Rector's Ring,Clenchwarton,Norfolk,1,12505,medium,,"Sole ringing tower in Clenchwarton, but dedication 'S Margaret' differs from source 'The Rector's Ring'"
The Millcroft Campanile,Willingham,Cambridgeshire,1,25261,high,16597,Resolved dedication 'Millcroft Campanile' (Willingham) among 2 towers in town
St Mary,Bluntisham,Cambridgeshire,1,13004,high,,Unique tower in Bluntisham; dedication 'S Mary' matches 'St Mary'
,Frome,,1,11276,medium,20236;20237;20238,Partial dedication match for 'S John Bapt' among 4 towers in town
St Gulval,Gulval,Cornwall,1,14280,high,,Unique tower in Gulval; dedication 'S Gulval' matches 'St Gulval'
,Palgrave,,1,13582,high,,Unique tower in Palgrave (Suffolk); building unspecified in source
"St Michael, Lower Machen",Machen,Newport,1,16120,high,,"Unique tower in Machen; dedication 'S Michael' matches 'St Michael, Lower Machen'"
St Peter,Brighton,East Sussex,1,10532,high,16546;10859;14297;14589;18660;18670;18662;18663;18664;18665,Resolved dedication 'S Peter' (Brighton) among 16 towers in town
St Andrew,Enfield,Middlesex,1,14416,high,12186;19967;19969;19968,Resolved dedication 'S Andrew' (Enfield) among 5 towers in town
St Nicolas & All Saints,Witham,Essex,1,14581,high,,Unique tower in Witham; dedication 'S Nicolas' matches 'St Nicolas & All Saints'
St Mary,Attenborough,Nottinghamshire,1,14213,high,,Unique tower in Attenborough; dedication 'S Mary V' matches 'St Mary'
St John the Baptist,Finchingfield,Essex,1,10918,high,,Unique tower in Finchingfield; dedication 'S John Bapt' matches 'St John the Baptist'
St Peter,Blaenavon,Torfaen,1,14334,high,,Unique tower in Blaenavon; dedication 'S Peter' matches 'St Peter'
4 Bannutree Cottages garden,Bridstow,Herefordshire,1,,none,,Private residence address (handbell ring)
St Mary the Virgin,Great Bardfield,Essex,1,11079,high,,Unique tower in Great Bardfield; dedication 'S Mary V' matches 'St Mary the Virgin'
Beecroft,Amersham,Bucks,1,14913,medium,,"Sole ringing tower in Amersham, but dedication 'S Mary V' differs from source 'Beecroft'"
,St Ives,,1,14667,medium,23633;25419,Partial dedication match for 'All Saints' among 3 towers in town
,Newnham-on-Severn,,1,14696,high,,Unique tower in Newnham on Severn (Gloucestershire); building unspecified in source
St Brannock,Braunton,Devon,1,14299,high,,Unique tower in Braunton; dedication 'S Brannock' matches 'St Brannock'
St Peter ad Vincula,Combe Martin,Devon,1,12316,high,,Unique tower in Combe Martin; dedication 'S Peter ad Vincula' matches 'St Peter ad Vincula'
,Bendigo,,1,15059,high,,Unique tower in Bendigo (Victoria); building unspecified in source
St Michael,Kingsteignton,,1,12105,high,25666,Resolved dedication 'S Michael' (Kingsteignton) among 2 towers in town
,Chatham,,1,19083,high,,Unique tower in Chatham (Kent); building unspecified in source
St Crewenna,Crowan,Cornwall,1,11727,high,,Unique tower in Crowan; dedication 'S Crewenna' matches 'St Crewenna'
,Tilehurst,,1,16254,medium,25654;25637;25689,Partial dedication match for 'S Michael' among 4 towers in town
,Barkway,,1,16879,high,,Unique tower in Barkway (Hertfordshire); building unspecified in source
All Hallows,Tottenham,Greater London,1,11991,high,24190;24191,Resolved dedication 'All Hallows' (Tottenham) among 3 towers in town
St Matthew,Newcastle-upon-Tyne,,1,10353,high,10887;12945;25928;17782;22337;22343,Resolved dedication 'S Matthew' (Newcastle upon Tyne) among 7 towers in town
St Peter,Hersham,Surrey,1,16481,high,,Unique tower in Hersham; dedication 'S Peter' matches 'St Peter'
St Denys,St Dennis,Cornwall,1,12874,high,,Unique tower in St Dennis; dedication 'S Denys' matches 'St Denys'
Millcroft Campanile,Willingham,Cambridgeshire,1,25261,high,16597,Resolved dedication 'Millcroft Campanile' (Willingham) among 2 towers in town
St Wilfrid,Harrogate,North Yorkshire,1,16205,high,11630;20658,Resolved dedication 'S Wilfrid' (Harrogate) among 3 towers in town
St Peter's Cathedral,Adelaide,South Australia,1,16198,high,15785;17138;15246;16422,Resolved dedication 'Cath Ch of S Peter' (Adelaide) among 5 towers in town
St Cuthbert,Prospect,South Australia,1,15246,high,,Unique tower in Adelaide; dedication 'S Cuthbert' matches 'St Cuthbert'
"St Cuthbert, Prospect",Adelaide,South Australia,1,15246,high,15785;16198;17138;16422,Resolved dedication 'S Cuthbert' (Adelaide) among 5 towers in town
,Charlton Kings,,1,15388,medium,19074,Partial dedication match for 'S Mary' among 2 towers in town
,Horley,Surrey,1,13647,high,,Unique tower in Horley (Surrey); building unspecified in source
"Klecanska 24, Praha & Kobylisy",Prague,Czech Republic,1,,none,,No matching tower found for 'Prague' in Dove register
,Westerham,,1,10644,high,,Unique tower in Westerham (Kent); building unspecified in source
St Martin,Salisbury,,1,13094,high,11574;12908;13300;23153,Resolved dedication 'S Martin' (Salisbury) among 5 towers in town
St Maurice,"Plympton, Plymouth",Devon,1,22798,high,,"Resolved via suburb/parish 'Plymouth' in town name (Plymouth, S Gabriel)"
,Little Baddow,,1,10147,high,,Unique tower in Little Baddow (Essex); building unspecified in source
,Rotherfield,,1,14253,high,,Unique tower in Rotherfield (East Sussex); building unspecified in source
49 King Street,Royston,Hertfordshire,1,,none,,Private residence address (handbell ring)
,Metheringham,,1,16973,high,,Unique tower in Metheringham (Lincolnshire); building unspecified in source
Lyndhurst,Robin Hood,Yorks,1,,none,,No matching tower found for 'Robin Hood' in Dove register
,Twyford,Berks,1,17111,high,,Unique tower in Twyford (Berkshire); building unspecified in source
St Francis,Holbeck,,1,20934,high,,Unique tower in Holbeck; dedication 'S Winifred' matches 'St Francis'
St Mary the Virgin,Eccles,Greater Manchester,1,16108,high,19868,Resolved dedication 'S Mary V' (Eccles) among 2 towers in town
,Whittle-le-Woods,,1,13837,high,,Unique tower in Whittle le Woods (Lancashire); building unspecified in source
"St Paul (MN), Naperville (IL), Vancouver (WA), Coon Rapids (MN)",Ringing Room,USA,1,,none,,Virtual ringing platform or dispersed locations
,East Ardsley,,1,11891,medium,19772,Partial dedication match for 'S Michael' among 2 towers in town
,Hope,Derbys,1,14000,high,,Unique tower in Hope (Derbyshire); building unspecified in source
,Salehurst,Sussex,1,10938,high,,Unique tower in Salehurst (East Sussex); building unspecified in source
All Saints & St Bartholomew,Waldron,East Sussex,1,13864,high,,Unique tower in Waldron; dedication 'All Saints' matches 'All Saints & St Bartholomew'
St Mary,Frittenden,Kent,1,16185,high,,Unique tower in Frittenden; dedication 'S Mary' matches 'St Mary'
St Mary de Haura,Shoreham by Sea,West Sussex,1,13667,high,,Unique tower in Shoreham by Sea; dedication 'S Mary de Haura' matches 'St Mary de Haura'
Cathedral Church of St Peter,Adelaide,South Australia,1,16198,high,15785;17138;15246;16422,Resolved dedication 'Cath Ch of S Peter' (Adelaide) among 5 towers in town
,South Leigh,,1,11878,high,,Unique tower in South Leigh (Oxfordshire); building unspecified in source
Chateau de Saint Martial,Senouillac,France,1,,none,,No matching tower found for 'Senouillac' in Dove register
,Ditcheat,,1,14440,high,,Unique tower in Ditcheat (Somerset); building unspecified in source
St Catherine,Drayton,Somerset,1,10321,high,,Unique tower in Drayton; dedication 'S Catherine' matches 'St Catherine'
St James the Apostle,Birstwith,North Yorkshire,1,14536,high,,Unique tower in Birstwith; dedication 'S James Ap' matches 'St James the Apostle'
St John the Baptist,Royston,Hertfordshire,1,11703,high,,Unique tower in Royston; dedication 'S John Bapt' matches 'St John the Baptist'
All Saints,Harrow Weald,MIddlesex,1,14329,high,20659,Resolved dedication 'All Saints' (Harrow Weald) among 2 towers in town
,Cholsey,,1,10717,high,,Unique tower in Cholsey (Oxfordshire); building unspecified in source
Lé Petit Beffroi,Soucé,France,1,,none,,No matching tower found for 'Soucé' in Dove register
,Higher Walton,,1,11808,medium,20876,Partial dedication match for 'All Saints' among 2 towers in town
Christ Church,Ealing,Middlesex,1,13776,medium,14868;19749;19750;19751;19752;10279,Partial dedication match for 'Christ the Saviour' among 7 towers in town
St Martin-le-Grand,York,,1,15985,high,11340;13714;16004;11426;16125;13479;12165;10509;11836;10444,Resolved dedication 'S Martin le Grand' (York) among 24 towers in town
St Matthew,Oxhey,Hertfordshire,1,13572,high,22641,Resolved dedication 'S Matthew' (Oxhey) among 2 towers in town
2 Adelaide Road,High Wycombe,Buckinghamshire,1,,none,,Private residence address (handbell ring)
All Saints,Bloxwich,Staffordshire,1,15802,high,,Unique tower in Bloxwich; dedication 'All Saints' matches 'All Saints'
Town Hall,Adelaide,South Australia,1,16422,high,15785;16198;17138;15246,Resolved dedication 'Town Hall' (Adelaide) among 5 towers in town
St Mary the Virgin,Andover,Hampshire,1,15738,high,25409,Resolved dedication 'S Mary V' (Andover) among 2 towers in town
,Aspenden,,1,10505,high,,Unique tower in Aspenden (Hertfordshire); building unspecified in source
S John Bapt,New Arlesford,Hampshire,1,,none,,No matching tower found for 'New Arlesford' in Dove register
,Carisbrooke,,1,12444,medium,25429,Partial dedication match for 'S Mary V' among 2 towers in town
,Rocester,,1,15229,high,,Unique tower in Rocester (Staffordshire); building unspecified in source
,Melksham,,1,10928,medium,25338,Partial dedication match for 'S Michael & All Angels' among 2 towers in town
Decollation of St John the Baptist,Coln St Aldwyns,Gloucestershire,1,13281,high,,Unique tower in Coln St Aldwyns; dedication 'S John Bapt' matches 'Decollation of St John the Baptist'
St Laurence,Chorley,,1,12122,high,14921;19173;19174;19175,Resolved dedication 'S Laurence' (Chorley) among 5 towers in town
,Arksey,,1,15794,high,,Unique tower in Arksey (South Yorkshire); building unspecified in source
All Saints,Okehampton,Devon,1,15635,high,22539,Resolved dedication 'All Saints' (Okehampton) among 2 towers in town
"Cheltenham, Naperville (IL), Vancouver (WA), Vernet-les-Bains",Ringing Room,UK & USA & France,1,,none,,Virtual ringing platform or dispersed locations
"North Leigh, Naperville (IL), Foxborough (MA), Vancouver (WA)",Ringing Room,UK & USA,1,,none,,Virtual ringing platform or dispersed locations
Blessed Virgin Mary & S Edward K&M,Barrow Gurney,Somerset,1,13023,high,,Unique tower in Barrow Gurney; dedication 'Blessed Virgin Mary & S Edward K&M' matches 'Blessed Virgin Mary & S Edward K&M'
Castle Keep South,Lundy Island,Bristol Channel,1,,none,,No matching tower found for 'Lundy Island' in Dove register
St John the Evangelist,Stanmore,Greater London,1,10079,high,,Unique tower in Great Stanmore; dedication 'S John Ev' matches 'St John the Evangelist'
Collegiate Church of St Mary de Castro,Leicester,,1,13828,high,12250;10495;21538;21539;21540;21541;21542;21544;21545;21546,Resolved dedication 'S Mary de Castro' (Leicester) among 15 towers in town
St Mark,Philadelphia,"Pennsylvania, United States of America",1,16003,high,10173;13478;12483,Resolved dedication 'S Mark' (Philadelphia) among 4 towers in town
Church of Christ and St John,"Poplar, Isle of Dogs",Middlesex,1,,none,,"No matching tower found for 'Poplar, Isle of Dogs' in Dove register"
,Hendersonville,,1,12823,high,,Unique tower in Hendersonville (North Carolina); building unspecified in source
Cathedral Church of Holy Trinity,Little Rock,Arkansas,1,11263,high,,Unique tower in Little Rock; dedication 'Trinity Episcopal Cathedral' matches 'Cathedral Church of Holy Trinity'
Christ Chuirch,"Sheffield, Dore",South Yorkshire,1,15539,high,,"Resolved via suburb/parish 'Dore' in town name (Dore, Christ Church)"
,New Romney,,1,15817,high,,Unique tower in New Romney (Kent); building unspecified in source
St Peter and St Paul,Dagenham,Greater London,1,12409,high,,Unique tower in Dagenham; dedication 'S Peter & S Paul' matches 'St Peter and St Paul'
St Mary,Brecon,Powys,1,12492,high,10499,Resolved dedication 'S Mary' (Brecon) among 2 towers in town
St Mary the Virgin,Petworth,West Sussex,1,14727,high,,Unique tower in Petworth; dedication 'S Mary' matches 'St Mary the Virgin'
All Saints,Lydd,Kent,1,15000,high,,Unique tower in Lydd; dedication 'All Saints' matches 'All Saints'
Cathedral Church of the Holy and Undivided Trinity,Bristol,,1,10300,high,10331;15455;14342;11615;14422;12166;15180;12993;12039;16354,Resolved dedication 'Cath Ch of Holy & Undivided Trinity' (Bristol) among 17 towers in town
St Remigius,Long Clawson,Leicestershire,1,12481,high,,Unique tower in Long Clawson; dedication 'S Remigius' matches 'St Remigius'
"""Beckington""",Hereford,,1,,none,,Private domestic mini-ring or residence (handbell ring)
St Thomas,Houston,"Texas, United States of America",1,12900,high,13288;11879,Resolved dedication 'S Thomas' (Houston) among 3 towers in town
St Mary the Virgin,Great Dunmow,Essex,1,16355,high,,Unique tower in Great Dunmow; dedication 'S Mary V' matches 'St Mary the Virgin'
,Dalham,,1,16339,high,,Unique tower in Dalham (Suffolk); building unspecified in source
St Mary,Oatlands Park,Surrey,1,14186,high,,Unique tower in Oatlands Park; dedication 'S Mary' matches 'St Mary'
,Ruddington,,1,13405,high,,Unique tower in Ruddington (Nottinghamshire); building unspecified in source
Holy Cross,Cowbridge,Vale of Glamorgan,1,17087,high,,Unique tower in Cowbridge; dedication 'Holy Cross' matches 'Holy Cross'
St Mark,Exeter,,1,16135,high,13963;14687;15779;16959;14227;15236;20007;20008;25133;20009,Resolved dedication 'S Mark' (Exeter) among 17 towers in town
St Peter,Henfield,West Sussex,1,11797,high,,Unique tower in Henfield; dedication 'S Peter' matches 'St Peter'
St John Ev,Farnworth-with-Kearsley,Lancashire,1,16563,high,,"Fuzzy place match (Farnworth-with-Kearsley -> Farnworth, Greater Manchester)"
St Peter and St Paul,Wincanton,Somerset,1,12189,high,,Unique tower in Wincanton; dedication 'S Peter & S Paul' matches 'St Peter and St Paul'
,Dursley,,1,11104,high,,Unique tower in Dursley (Gloucestershire); building unspecified in source
,Kersey,,1,13910,high,,Unique tower in Kersey (Suffolk); building unspecified in source
"Hitchin, Norwich, Wetton & Great Hockham",Ringing Room,UK,1,,none,,Virtual ringing platform or dispersed locations
Brambles,Brimpton,Berks,1,11416,medium,,"Sole ringing tower in Brimpton, but dedication 'S Peter' differs from source 'Brambles'"
Klingenweg 5,Modautal-Brandau,Germany,1,,none,,No matching tower found for 'Modautal-Brandau' in Dove register
34 Bereweeke Road,Winchester,Hampshire,1,,none,,Private residence address (handbell ring)
,Bamburgh,,1,12148,high,,Unique tower in Bamburgh (Northumberland); building unspecified in source
St Mary Magdalene,Holloway,Greater London,1,15569,high,,Unique tower in Holloway; dedication 'S Mary Magd' matches 'St Mary Magdalene'
,Staindrop,,1,11192,high,,Unique tower in Staindrop (Durham); building unspecified in source
St Cadoc,Caerleon,Newport,1,13521,high,,Unique tower in Caerleon; dedication 'S Cadoc' matches 'St Cadoc'
Blessed Virgin Mary,Thorncombe,Dorset,1,14401,high,,Unique tower in Thorncombe; dedication 'Blessed Virgin Mary' matches 'Blessed Virgin Mary'
St Mary the Virgin,Marshfield,Newport,1,11255,high,,Unique tower in Marshfield; dedication 'S Mary V' matches 'St Mary the Virgin'
St Michael,Charleston,,1,14807,high,15062;16377;14830,Resolved dedication 'S Michael' (Charleston) among 4 towers in town
,Beetley,,1,14067,high,,Unique tower in Beetley (Norfolk); building unspecified in source
St Margaret-of-Antioch,Uxbridge,,1,14402,high,12550,Resolved dedication 'S Margaret' (Uxbridge) among 2 towers in town
St Peter,Brighton,Sussex,1,10532,high,16546;10859;14297;14589;18660;18670;18662;18663;18664;18665,Resolved dedication 'S Peter' (Brighton) among 16 towers in town
"St Edward's church, belfry",Romford,Essex,1,,none,,No matching tower found for 'Romford' in Dove register
5 Kings Head Street,Harwich,Essex,1,,none,,Private residence address (handbell ring)
"Great Hockham, Norwich, Oldham & Wetton",Ringing Room,UK,1,,none,,Virtual ringing platform or dispersed locations
,Skelton in Cleveland,,1,17118,medium,25124,Partial dedication match for 'All Saints' among 2 towers in town
,Ewhurst,,1,15341,high,,Unique tower in Ewhurst (Surrey); building unspecified in source
St Mary,Putney,Surrey,1,,none,,No matching tower found for 'Putney' in Dove register
,Brenchley,,1,10940,high,,Unique tower in Brenchley (Kent); building unspecified in source
,North Mymms,,1,12392,high,,Unique tower in North Mymms (Hertfordshire); building unspecified in source
Cathedral Church of St David and St Andrew,St Davids,Pembrokeshire,1,14312,high,,Unique tower in St Davids; dedication 'Cath Ch of S David & S Andrew' matches 'Cathedral Church of St David and St Andrew'
St George the Martyr,Southwark,Greater London,1,12588,medium,16296;23574,Partial dedication match for 'S George M' among 3 towers in town
Die Glöckli,Modautal-Brandau,Germany,1,,none,,No matching tower found for 'Modautal-Brandau' in Dove register
St Mary,Cardington,Bedfordshire,1,15847,high,,Unique tower in Cardington; dedication 'S Mary' matches 'St Mary'
"Quex Park, Waterloo Tower",Birchington,Kent,1,14108,high,11371,Resolved dedication 'Waterloo Tower' (Birchington) among 2 towers in town
St Mary the Virgin,Deane,Lancashire,1,11462,high,,Unique tower in Deane; dedication 'S Mary V' matches 'St Mary the Virgin'
St Saviour,Arklow,Wicklow,1,13336,high,,Unique tower in Arklow; dedication 'S Saviour' matches 'St Saviour'
,Bishopstone,,1,14680,medium,14956;18398;18399,Partial dedication match for 'S John Bapt' among 4 towers in town
,Seasalter,,1,16712,medium,23243,Partial dedication match for 'S Alphege' among 2 towers in town
,Tenterden,,1,15377,medium,17236,Partial dedication match for 'S Mildred' among 2 towers in town
,Selly Oak,,1,10553,high,,Unique tower in Selly Oak (West Midlands); building unspecified in source
,Bletchingley,,1,14118,high,,Unique tower in Bletchingley (Surrey); building unspecified in source
St Mary,Eling,Hampshire,1,12025,high,,Unique tower in Eling; dedication 'S Mary' matches 'St Mary'
,Downton,,1,15953,high,,Unique tower in Downton (Wiltshire); building unspecified in source
Holy Trinity,Amblecote,West Midlands,1,14839,high,,Unique tower in Amblecote; dedication 'Holy Trinity' matches 'Holy Trinity'
Metropolitan Cathedral Church of St Chad (RC),Birmingham,West Midlands,1,13032,high,15513;14891;12955;25526;25540;25808,Resolved dedication 'Metropolitan Cath Ch of S Chad' (Birmingham) among 7 towers in town
St George,Gravesend,Kent,1,15494,high,20384,Resolved dedication 'S George' (Gravesend) among 2 towers in town
,Limehouse,,1,14318,high,,Unique tower in Limehouse (Greater London); building unspecified in source
,Clent,,1,11092,high,,Unique tower in Clent (Worcestershire); building unspecified in source
St Mary the Virgin,Buckland,Berkshire,1,,none,,No matching tower found for 'Buckland' in Dove register
St Mary the Virgin,St Briavels,Gloucestershire,1,10426,high,,Unique tower in St Briavels; dedication 'S Mary V' matches 'St Mary the Virgin'
St Leonard,Walton le Dale,Lancashire,1,12668,high,,Unique tower in Walton le Dale; dedication 'S Leonard' matches 'St Leonard'
,Billesdon,,1,11926,high,,Unique tower in Billesdon (Leicestershire); building unspecified in source
,Kingsclere,,1,10522,high,,Unique tower in Kingsclere (Hampshire); building unspecified in source
St Mary,Ross-on-Wye,Herefordshire,1,13705,high,,Unique tower in Ross on Wye; dedication 'S Mary V' matches 'St Mary'
St Mary the Virgin,Hatfield Broad Oak,Essex,1,15063,high,,Unique tower in Hatfield Broad Oak; dedication 'S Mary V' matches 'St Mary the Virgin'
Parish Centre,Pershore,Worcestershire,1,,none,14267;11394,Unresolved: 'Parish Centre' did not match any of the 2 towers in Pershore
All Saints,Church Lawton,Cheshire,1,12825,high,,Unique tower in Church Lawton; dedication 'All Saints' matches 'All Saints'
,Stewkley,,1,14732,high,,Unique tower in Stewkley (Buckinghamshire); building unspecified in source
,Sleaford,,1,10240,high,,Unique tower in Sleaford (Lincolnshire); building unspecified in source
,Ilminster,,1,11813,high,,Unique tower in Ilminster (Somerset); building unspecified in source
Dun a Bhuilg,Kilmory Knap,Argyll,1,,none,,No matching tower found for 'Kilmory Knap' in Dove register
"Reach, Norwich, Wetton & Great Hockham",Ringing Room,UK,1,,none,,Virtual ringing platform or dispersed locations
St Mary,Old Swinford,West Midlands,1,15874,high,,Unique tower in Old Swinford; dedication 'S Mary' matches 'St Mary'
St Mary,Old Swinford,Worcestershire,1,15874,high,,Unique tower in Old Swinford; dedication 'S Mary' matches 'St Mary'
St Cadoc,Caerleon,Monmouthshire,1,13521,high,,Unique tower in Caerleon; dedication 'S Cadoc' matches 'St Cadoc'
St Dunstan,Cranbrook,Kent,1,13879,high,,Unique tower in Cranbrook; dedication 'S Dunstan' matches 'St Dunstan'
,Kidlington,,1,10826,medium,25744,Partial dedication match for 'S Mary V' among 2 towers in town
St Mary,Adderbury,Oxfordshire,1,17072,high,,Unique tower in Adderbury; dedication 'S Mary' matches 'St Mary'
,Birling,,1,13955,high,,Unique tower in Birling (Kent); building unspecified in source
,"Ringing Room (Vernet-les-Bains, Reach, Norwich, Wetton)",,1,,none,,"No matching tower found for 'Ringing Room (Vernet-les-Bains, Reach, Norwich, Wetton)' in Dove register"
St Mary the Virgin,Elland,West Yorkshire,1,14590,high,,Unique tower in Elland; dedication 'S Mary V' matches 'St Mary the Virgin'
St Oswald,Guiseley,West Yorkshire,1,13608,high,,Unique tower in Guiseley; dedication 'S Oswald K&M' matches 'St Oswald'
St Nicholas,Chislehurst,Greater London,1,14258,high,10438;19163,Resolved dedication 'S Nicholas' (Chislehurst) among 3 towers in town
8 Holbreck Place,Woking,Surrey,1,,none,,Private residence address (handbell ring)
"Great Hockham, Oldham, Vancouver (WA) & South Walsham",Ringing Room,UK & USA,1,,none,,Virtual ringing platform or dispersed locations
St Laurence,Heanor,Derbyshire,1,15653,high,,Unique tower in Heanor; dedication 'S Laurence' matches 'St Laurence'
,Callington,,1,16627,high,,Unique tower in Callington (Cornwall); building unspecified in source
St Mary,Swineshead,Lincolnshire,1,14385,high,,Unique tower in Swineshead; dedication 'S Mary' matches 'St Mary'
"St Mathias, Burley",Leeds,West Yorkshire,1,14977,high,,"Resolved via parish in building 'Burley' (Burley, S Matthias)"
St Mary the Blessed Virgin,Sutterton,Lincolnshire,1,14739,high,,Unique tower in Sutterton; dedication 'S Mary BV' matches 'St Mary the Blessed Virgin'
St Andrew's Cathedral,Sydney,New South Wales,1,16969,high,15468;13849;14777;13677;11518;10621;12983;13900;11755;16839,Resolved dedication 'Cath Ch of S Andrew' (Sydney) among 20 towers in town
St Michael and All Angels,Urchfont,Wiltshire,1,12207,high,,Unique tower in Urchfont; dedication 'S Michael & All Angels' matches 'St Michael and All Angels'
St Peter and St Paul,Aldeburgh,Suffolk,1,17039,high,,Unique tower in Aldeburgh; dedication 'S Peter & S Paul' matches 'St Peter and St Paul'
St Michael,Garston,Merseyside,1,14155,high,,Unique tower in Garston; dedication 'S Michael' matches 'St Michael'
,Stevenage,,1,11994,medium,23771;23773;23772,Partial dedication match for 'S Nicholas' among 4 towers in town
,Sharow,,1,15960,high,,Unique tower in Sharow (North Yorkshire); building unspecified in source
,Hersham,,1,16481,high,,Unique tower in Hersham (Surrey); building unspecified in source
St Mary,Lewisham,Kent,1,,none,,No matching tower found for 'Lewisham' in Dove register
,Ringing Room,Herts and Essex,1,,none,,Virtual ringing platform or dispersed locations
,Packwood,,1,12988,high,,Unique tower in Packwood (Warwickshire); building unspecified in source
,Chipping Norton,,1,12606,high,,Unique tower in Chipping Norton (Oxfordshire); building unspecified in source
St Peter and St Paul,Weedon Bec,Northamptonshire,1,10134,high,,Unique tower in Weedon Bec; dedication 'S Peter & S Paul' matches 'St Peter and St Paul'
,Geelong,,1,16837,high,,Unique tower in Geelong (Victoria); building unspecified in source
,Eynsford,,1,16796,high,,Unique tower in Eynsford (Kent); building unspecified in source
,Clanfield,,1,10023,medium,19191,Partial dedication match for 'S Stephen' among 2 towers in town
St Mary atte,Bow,Greater London,1,13996,high,18547,Resolved dedication 'S Mary' (Bow) among 2 towers in town
,Hemingford Grey,,1,12009,high,,Unique tower in Hemingford Grey (Cambridgeshire); building unspecified in source
"Vernet-les-Bains, Norwich, Great Hockham & Wetton",Ringing Room,UK & France,1,,none,,Virtual ringing platform or dispersed locations
Cathedral Church of SS Luke & Paul,Charleston,South Carolina,1,15062,medium,16377;14807;14830,Partial dedication match for 'Cath Ch of S Luke & S Paul' among 4 towers in town
Chez Jon,Bishops Frome,Herefords,1,16886,medium,,"Sole ringing tower in Bishops Frome, but dedication 'S Mary V' differs from source 'Chez Jon'"
St Martin le Grand (Coney Street),York,North Yorkshire,1,15985,high,11340;13714;16004;11426;16125;13479;12165;10509;11836;17575,Resolved dedication 'S Martin le Grand' (York) among 23 towers in town
SS Philip and James,Holywood,County Down,1,13444,high,,Unique tower in Holywood; dedication 'S Philip & S James' matches 'SS Philip and James'
,Collingham,,1,14920,medium,11611,Partial dedication match for 'S Oswald' among 2 towers in town
"Thorrington, Bury St Edmunds, Great Hockham & Wickford",Ringing Room,UK,1,,none,,Virtual ringing platform or dispersed locations
Emmanuel,Southport,,1,12232,high,10014;23568;23569;23570,Resolved dedication 'Emmanuel' (Southport) among 5 towers in town
,Bingley,,1,16353,medium,18357,Partial dedication match for 'All Saints' among 2 towers in town
St George,Hyde,Greater Manchester,1,12128,high,21140,Resolved dedication 'S George' (Hyde) among 2 towers in town
,Burgh-le-Marsh,,1,16014,high,,Unique tower in Burgh le Marsh (Lincolnshire); building unspecified in source
,Hucknall Torkard,,1,11776,high,,Unique tower in Hucknall (Nottinghamshire); building unspecified in source
All Saints,Kings Langley,Hertfordshire,1,16532,high,,Unique tower in Kings Langley; dedication 'All Saints' matches 'All Saints'
,Farnham,Surrey,1,11301,medium,25460;25465,Partial dedication match for 'S Andrew' among 3 towers in town
Cathedral Church of SS Luke and Paul,Charleston,"South Carolina, United States of America",1,15062,medium,16377;14807;14830,Partial dedication match for 'Cath Ch of S Luke & S Paul' among 4 towers in town
,Howden,,1,12555,high,,Unique tower in Howden (East Riding of Yorkshire); building unspecified in source
,Giggleswick,,1,10788,high,,"Fuzzy place match (Giggleswick -> Giggleswick in Craven, North Yorkshire)"
"Christ Church, Epsom Common",Epsom,Surrey,1,11051,high,11827;25700;25719;25461,Resolved dedication 'Christ Church' (Epsom) among 5 towers in town
,Ambleside,,1,12386,high,,Unique tower in Ambleside (Cumbria); building unspecified in source
St Andrew,Chippenham,Wiltshire,1,10837,high,12210;19159,Resolved dedication 'S Andrew' (Chippenham) among 3 towers in town
"Holy Trinity, West Hill",Wandsworth,Greater London,1,16214,high,14071;24416;24418;24419;24417;25572,Resolved dedication 'Holy Trinity' (Wandsworth) among 7 towers in town
"St Botolph Without, Aldgate",Aldgate,Middlesex,1,12429,high,,"Unique tower in London; dedication 'S Botolph without Aldgate' matches 'St Botolph Without, Aldgate'"
,Idle,,1,10686,high,,Unique tower in Idle (West Yorkshire); building unspecified in source
,Mitcheldean,,1,11359,high,,Unique tower in Mitcheldean (Gloucestershire); building unspecified in source
St Matthew in the City,Auckland,New Zealand,1,16624,high,,Unique tower in Auckland; dedication 'S Matthew in the City' matches 'St Matthew in the City'
St Cuthbert,Darlington,,1,15226,high,14923;16686;19559;19560,Resolved dedication 'S Cuthbert' (Darlington) among 5 towers in town
St Marks,Swindon,Wiltshire,1,14500,high,10478;23947;23949;23950;10808,Resolved dedication 'S Mark' (Swindon) among 6 towers in town
St Michael and All Angels,Middlewich,Cheshire,1,15159,high,,Unique tower in Middlewich; dedication 'S Michael & All Angels' matches 'St Michael and All Angels'
St Martin,Cheriton,Kent,1,15395,high,,Unique tower in Cheriton; dedication 'S Martin' matches 'St Martin'
,Ilford,,1,10308,high,,Unique tower in Ilford (Greater London); building unspecified in source
,Hedon,,1,15753,high,,Unique tower in Hedon (East Riding of Yorkshire); building unspecified in source
"St , Mary the Virgin",Hanbury,Worcestershire,1,15060,high,,"Unique tower in Hanbury; dedication 'S Mary V' matches 'St , Mary the Virgin'"
St Mary,Harrow on the Hill,Middlesex,1,15206,high,,Unique tower in Harrow on the Hill; dedication 'S Mary' matches 'St Mary'
Art Centre,Salisbury,,1,,none,11574;13094;12908;13300;23153,Unresolved: 'Art Centre' did not match any of the 5 towers in Salisbury
Cathedral of SSPeter and Paul,Sheffield,South Yorkshire,1,,none,10439;13787;23300;22121,Unresolved: 'Cathedral of SSPeter and Paul' did not match any of the 4 towers in Sheffield
Cathedral Church of St Machar,Aberdeen,Grampian,1,,none,,No matching tower found for 'Aberdeen' in Dove register
St George,Doncaster,South Yorkshire,1,12184,high,19661;19662,Resolved dedication 'Minster Ch of S George' (Doncaster) among 3 towers in town
,Northowram,,1,16999,high,,Unique tower in Northowram (West Yorkshire); building unspecified in source
SS Philip & James,Holywood,County Down,1,13444,high,,Unique tower in Holywood; dedication 'S Philip & S James' matches 'SS Philip & James'
Holy Trinity,Wandsworth,Greater London,1,16214,high,14071;24416;24418;24419;24417;25572,Resolved dedication 'Holy Trinity' (Wandsworth) among 7 towers in town
St John,Farnworth,Lancashire,1,16563,high,,Unique tower in Farnworth; dedication 'S John' matches 'St John'
Holy Trinity,Skipton-in-Craven,North Yorkshire,1,13655,high,,Unique tower in Skipton in Craven; dedication 'Holy Trinity' matches 'Holy Trinity'
St James the Great,Audley,Staffordshire,1,15909,high,,Unique tower in Audley; dedication 'S James Gt' matches 'St James the Great'
St Thomas,Kidsgrove,Staffordshire,1,11162,high,,Unique tower in Kidsgrove; dedication 'S Thomas' matches 'St Thomas'
Church of the Good Shepherd,Augusta,"Georgia, United States of America",1,16381,high,,Unique tower in Augusta; dedication 'The Good Shepherd' matches 'Church of the Good Shepherd'
,Dodderhill,,1,16012,high,,Unique tower in Dodderhill (Worcestershire); building unspecified in source
"Hart Street, St Olave",London,Greater London,1,12986,high,15228;11081;13868;12429;13028;11914;16634;16578;10471;16020,Resolved dedication 'S Olave' (London) among 41 towers in town
St John of Jerusalem,South Hackney,Middlesex,1,16835,high,,Unique tower in South Hackney; dedication 'S John of Jerusalem' matches 'St John of Jerusalem'
St Michael and All Angels,Lyndhurst,Hampshire,1,16704,high,,Unique tower in Lyndhurst; dedication 'S Michael & All Angels' matches 'St Michael and All Angels'
St Andrew,Aylestone,Leicestershire,1,11503,high,,Unique tower in Aylestone; dedication 'S Andrew' matches 'St Andrew'
,Headcorn,,1,13670,high,,Unique tower in Headcorn (Kent); building unspecified in source
St Andrew,Norwich,Norfolk,1,10164,high,13262;14724;13293;15574;15668;15623;11970;10466;22493;25547,Resolved dedication 'S Andrew' (Norwich) among 20 towers in town
The Residence of Mr C Mee,Sproughton,Suffolk,1,12907,medium,,"Sole ringing tower in Sproughton, but dedication 'All Saints' differs from source 'The Residence of Mr C Mee'"
"Eaton Socon, Glasgow, Norwich & Great Hockham",Ringing Room,,1,,none,,Virtual ringing platform or dispersed locations
,Backwell,,1,11245,high,,Unique tower in Backwell (Somerset); building unspecified in source
,Sherborne,Dorset,1,12382,high,,Unique tower in Sherborne (Dorset); building unspecified in source
St Paul's Tower,Malmesbury,Wiltshire,1,14788,high,,Unique tower in Malmesbury; dedication 'S Paul's Tower' matches 'St Paul's Tower'
,Combe Martin,,1,12316,high,,Unique tower in Combe Martin (Devon); building unspecified in source
St Oswald K&M,Guiseley,West Yorkshire,1,13608,high,,Unique tower in Guiseley; dedication 'S Oswald K&M' matches 'St Oswald K&M'
St Martin in the Fields,Philadelphia,"Pennsylvania, United States of America",1,13478,high,10173;16003;12483,Resolved dedication 'S Martin in the Fields' (Philadelphia) among 4 towers in town
St Nicholas,Hereford,Herefordshire,1,11693,high,16543;12843;15881;20819;20820;20821;20822,Resolved dedication 'S Nicholas' (Hereford) among 8 towers in town
,Wanstead,,1,12782,medium,24422,Partial dedication match for 'Christ Church' among 2 towers in town
"St John, St John at Hackney",Hackney,Greater London,1,16961,high,,"Unique tower in Hackney; dedication 'S John at Hackney' matches 'St John, St John at Hackney'"
"St Olave, Hart Street",London,,1,12986,high,15228;11081;13868;12429;13028;11914;16634;16578;10471;16020,Resolved dedication 'S Olave' (London) among 42 towers in town
St Peter and St Paul,Fressingfield,Suffolk,1,16460,high,,Unique tower in Fressingfield; dedication 'S Peter & S Paul' matches 'St Peter and St Paul'
Ss. Mary & Michael,Trumpington,Cambridgeshire,1,10245,high,,Unique tower in Trumpington; dedication 'S Mary & S Michael' matches 'Ss. Mary & Michael'
,Sullivans Island,,1,,none,,No matching tower found for 'Sullivans Island' in Dove register
,Dagenham,,1,12409,high,,Unique tower in Dagenham (Greater London); building unspecified in source
St Michael and AA,Pinhoe,Devon,1,13926,high,,Unique tower in Pinhoe; dedication 'S Michael & All Angels' matches 'St Michael and AA'
St Paul (Methodist),Houston,Texas,1,11879,high,13288;12900,Resolved dedication 'S Paul (Methodist)' (Houston) among 3 towers in town
,Ringing Room,"(Reach, Oldham, Norwich, Wetton)",1,,none,,Virtual ringing platform or dispersed locations
Cathedral Church of Holy Trinity,Little Rock,"Arkansas, United States of America",1,11263,high,,Unique tower in Little Rock; dedication 'Trinity Episcopal Cathedral' matches 'Cathedral Church of Holy Trinity'
St Mary,Bexley,Kent,1,,none,,No matching tower found for 'Bexley' in Dove register
,Wethersfield,,1,16257,high,,Unique tower in Wethersfield (Essex); building unspecified in source
St Margaret,Barking,Essex,1,,none,,No matching tower found for 'Barking' in Dove register
Cathedral Church of St George,Perth,Western Australia,1,12085,high,16028;11687;12726,Resolved dedication 'Cath Ch of S George' (Perth) among 4 towers in town
St Michael and All Angels,Houghton le Spring,Durham,1,15992,high,,Unique tower in Houghton le Spring; dedication 'S Michael & All Angels' matches 'St Michael and All Angels'
St Augustine,Hedon,East Riding of Yorkshire,1,15753,high,,Unique tower in Hedon; dedication 'S Augustine' matches 'St Augustine'
Cape Town,Woodstock,,1,,none,11202;12079,Unresolved: 'Cape Town' did not match any of the 2 towers in Woodstock
,North Wingfield,,1,11171,high,,Unique tower in North Wingfield (Derbyshire); building unspecified in source
"Great Hockham, Oldham, Reach & Norwich",Ringing Room,Uk,1,,none,,Virtual ringing platform or dispersed locations
,Allendale,,1,15435,high,,Unique tower in Allendale (Northumberland); building unspecified in source
All Hallows,Tottenham,Middlesex,1,11991,high,24190;24191,Resolved dedication 'All Hallows' (Tottenham) among 3 towers in town
All Saints,Hessle,East Riding of Yorkshire,1,11671,high,,Unique tower in Hessle; dedication 'All Saints' matches 'All Saints'
,Guiseley,Yorks,1,13608,high,,Unique tower in Guiseley (West Yorkshire); building unspecified in source
St Mary the Virgin,Wotton under Edge,Gloucestershire,1,11667,high,25263,Resolved dedication 'S Mary V' (Wotton under Edge) among 2 towers in town
St Mary,Ilford,Greater London,1,10308,high,,Unique tower in Ilford; dedication 'S Mary' matches 'St Mary'
"St John the Baptist, St Lawrence, and St Anne",Knowle,West Midlands,1,14833,high,,"Unique tower in Knowle; dedication 'S John Bapt, S Lawrence, & S Anne' matches 'St John the Baptist, St Lawrence, and St Anne'"
St Martin le Grand,York,,1,15985,high,11340;13714;16004;11426;16125;13479;12165;10509;11836;10444,Resolved dedication 'S Martin le Grand' (York) among 24 towers in town
Cathedral Church of SS Peter & Paul,Sheffield,South Yorkshire,1,13787,medium,10439;23300;22121,Partial dedication match for 'Cath Ch of S Peter & S Paul' among 4 towers in town
,Waldron,,1,13864,high,,Unique tower in Waldron (East Sussex); building unspecified in source
St Mary and St Michael,Egremont,Cumbria,1,14878,high,,Unique tower in Egremont; dedication 'S Mary & S Michael' matches 'St Mary and St Michael'
Holy Trinity,Hobart,,1,16075,high,11547,Resolved dedication 'Holy Trinity' (Hobart) among 2 towers in town
Bell Meadow,Warnham,Sussex,1,,none,25269;15727;25663,Unresolved: 'Bell Meadow' did not match any of the 3 towers in Warnham
St Mary,Whitchurch,South Glamorgan,1,13704,high,,Unique tower in Whitchurch; dedication 'S Mary' matches 'St Mary'
St James,South Anston,South Yorkshire,1,13045,high,,Unique tower in South Anston; dedication 'S James' matches 'St James'
Holy Trinity,"Bradford, Idle",West Yorkshire,1,10686,high,,"Resolved via suburb/parish 'Idle' in town name (Idle, Holy Trinity)"
St Mary,Whitchurch,Cardiff,1,13704,high,,Unique tower in Whitchurch; dedication 'S Mary' matches 'St Mary'
Minster Church of St John the Baptist,Halifax,West Yorkshire,1,11592,high,10914;20548;20549;25542,Resolved dedication 'Minster Ch of S John Bapt' (Halifax) among 5 towers in town
"St Peter, Walsden",Todmorden,West Yorkshire,1,12829,high,,"Resolved via parish in building 'Walsden' (Walsden, S Peter)"
St George,New Mills,Derbyshire,1,12362,high,,Unique tower in New Mills; dedication 'S George' matches 'St George'
9G Highbury Crescent,Highbury,Middlesex,1,,none,,Private residence address (handbell ring)
St Leonard,Butleigh,Somerset,1,16689,high,,Unique tower in Butleigh; dedication 'S Leonard' matches 'St Leonard'
St Bartholomew,Whitworth,Lancashire,1,15835,high,,Unique tower in Whitworth; dedication 'S Bartholomew' matches 'St Bartholomew'
St Peter,"Leeds, Bramley",West Yorkshire,1,11857,high,,"Resolved via suburb/parish 'Bramley' in town name (Bramley, S James)"
Town Hall,Berwick-upon-Tweed,Northumberland,1,16444,high,18290,Resolved dedication 'Town Hall' (Berwick upon Tweed) among 2 towers in town
"Islington, 9G Highbury Crescent",London,,1,,none,,Private residence name (handbell ring)
St Kentigern,Aspatria,Cumbria,1,12093,high,,Unique tower in Aspatria; dedication 'S Kentigern' matches 'St Kentigern'
Dewbys Bells,Hooe,Sussex,1,12517,medium,,"Sole ringing tower in Hooe, but dedication 'S Oswald' differs from source 'Dewbys Bells'"
St Mary,Battersea,Greater London,1,13027,high,18182;18183;18184;18185,Resolved dedication 'S Mary' (Battersea) among 5 towers in town
SS Philip and James,Ratby,Leicestershire,1,15154,medium,25840,Partial dedication match for 'S Philip & S James' among 2 towers in town
St Clement,Hastings,East Sussex,1,12891,high,15800;13212;20692;20691,Resolved dedication 'S Clement' (Hastings) among 5 towers in town
SS Michael and All Angels,Newburn on Tyne,Tyne & Wear,1,,none,,No matching tower found for 'Newburn on Tyne' in Dove register
St Paul's Cathedral (RC),Birmingham,Alabama,1,16786,high,,Unique tower in Birmingham; dedication 'Cath Ch of S Paul' matches 'St Paul's Cathedral (RC)'
All Saints,Arksey,South Yorkshire,1,15794,high,,Unique tower in Arksey; dedication 'All Saints' matches 'All Saints'
St Luke,Thurnby,Leicestershire,1,13393,high,,Unique tower in Thurnby; dedication 'S Luke' matches 'St Luke'
St James Episcopal Church,Marietta,"Georgia, USA",1,14694,high,,Unique tower in Marietta; dedication 'S James' matches 'St James Episcopal Church'
St Gregory,Seaton,Devon,1,16846,high,,Unique tower in Seaton; dedication 'S Gregory' matches 'St Gregory'
St Mary,Finchley,Middlesex,1,13494,high,20106,Resolved dedication 'S Mary' (Finchley) among 2 towers in town
"Holy Trinity, Drumbo",Ballylesson,Co. Down,1,11938,high,,"Unique tower in Ballylesson; dedication 'Holy Trinity' matches 'Holy Trinity, Drumbo'"
Emmanuel,"Compton Gifford, Plymouth",Devon,1,10242,high,,"Fuzzy place match (Compton Gifford, Plymouth -> Compton Gifford, Devon)"
St Oswald K and M,Durham,County Durham,1,12379,high,16115;10063;19742;19743;19744;25876;25517,Resolved dedication 'S Oswald' (Durham) among 8 towers in town
Cathedral Church of the Holy Trinity,Little Rock,"Arkansas, USA",1,11263,high,,Unique tower in Little Rock; dedication 'Trinity Episcopal Cathedral' matches 'Cathedral Church of the Holy Trinity'
"St Agatha, Landport",Portsmouth,Hampshire,1,17042,high,13220;25238;16279;25536,Resolved dedication 'S Agatha' (Portsmouth) among 5 towers in town
St John Bapt,"Liverpool, Tuebrook",Merseyside,1,14177,high,,"Resolved via suburb/parish 'Tuebrook' in town name (Tuebrook, S John Bapt)"
St Michael,Milverton,Somerset,1,15344,high,,Unique tower in Milverton; dedication 'S Michael' matches 'St Michael'
St George in the East,Stepney,London,1,17069,high,14988;23768;25672,Resolved dedication 'S George in the East' (Stepney) among 4 towers in town
St Teilo,Llantilio Crossenny,Monmouthshire,1,13934,high,,Unique tower in Llantilio Crossenny; dedication 'S Teilo' matches 'St Teilo'
St Mary,Alverstoke,Hampshire,1,10747,high,25492;25493,Resolved dedication 'S Mary' (Alverstoke) among 3 towers in town
SS Peter and Paul,Cromer,Norfolk,1,10713,high,,Unique tower in Cromer; dedication 'S Peter & S Paul' matches 'SS Peter and Paul'
SS Mary and Giles,Stony Stratford,Buckinghamshire,1,15594,high,,Unique tower in Stony Stratford; dedication 'S Mary & S Giles' matches 'SS Mary and Giles'
St Andrew,Penrith,Cumbria,1,16502,high,,Unique tower in Penrith; dedication 'S Andrew' matches 'St Andrew'
All Saints,Heathfield,sussex,1,10785,high,20760,Resolved dedication 'All Saints' (Heathfield) among 2 towers in town
St Mary,Ashby Folville,Leicestershire,1,10350,high,,Unique tower in Ashby Folville; dedication 'S Mary' matches 'St Mary'
SS Philip and James,Holywood,Down,1,13444,high,,Unique tower in Holywood; dedication 'S Philip & S James' matches 'SS Philip and James'
St Giles,Oxford,,1,10578,high,14542;10172;11850;12299;11203;16203;13271;13903;10326;14239,Resolved dedication 'S Giles' (Oxford) among 26 towers in town
St Margaret the Queen,Buxted,Sussex,1,15622,medium,18883,Partial dedication match for 'S Margaret Q' among 2 towers in town
St Peter,"Berkhamsted, Great",Hertfordshire,1,12786,high,,"Unique tower in Berkhamsted, Great; dedication 'S Peter' matches 'St Peter'"
St Hilda,Bilsborrow,Lancashire,1,10924,high,,Unique tower in Bilsborrow; dedication 'S Hilda' matches 'St Hilda'
St Paul,Geelong,Victoria,1,16837,high,,Unique tower in Geelong; dedication 'S Paul' matches 'St Paul'
St Bartholomew,Orford,Suffolk,1,13331,high,,Unique tower in Orford; dedication 'S Bartholomew' matches 'St Bartholomew'
St Michael,Highworth,Wiltshire,1,10272,high,,Unique tower in Highworth; dedication 'S Michael' matches 'St Michael'
St Mark,Cheltenham,Gloucestershire,1,15682,high,15204;12704;25201;19100;19101;19102;19103;25110;19104;19105,Resolved dedication 'S Mark' (Cheltenham) among 15 towers in town
St Stephen,Worcester,Barbourne,1,,none,,No matching tower found for 'Worcester' in Dove register
"St Thomas, Pendleton",Salford,Greater Manchester,1,16797,high,,"Resolved via parish in building 'Pendleton' (Pendleton, S Thomas)"
,Weybridge,Surrey,1,11314,high,,Unique tower in Weybridge (Surrey); building unspecified in source
St Mary Magdalene,Ickleton,Cambridgeshire,1,15773,high,,Unique tower in Ickleton; dedication 'S Mary Magd' matches 'St Mary Magdalene'
SS Peter and Paul,Shiplake,Oxfordshire,1,16036,high,,Unique tower in Shiplake; dedication 'S Peter & S Paul' matches 'SS Peter and Paul'
St Chad,"Far Headingley, Leeds",West Yorkshire,1,16351,high,,"Resolved via suburb/parish 'Leeds' in town name (Leeds, S Nicholas)"
St Peter,Cradley,West Midlands,1,15263,high,,Unique tower in Cradley; dedication 'S Peter' matches 'St Peter'
SS Peter and Paul,Bromley,Greater London,1,14144,medium,18727;18728,Partial dedication match for 'S Peter & S Paul' among 3 towers in town
St Mary Magdalene,Campsall,South Yorkshire,1,17041,high,,Unique tower in Campsall; dedication 'S Mary Magd' matches 'St Mary Magdalene'
St Bartholomew,Burwash,Sussex,1,15663,high,,Unique tower in Burwash; dedication 'S Bartholomew' matches 'St Bartholomew'
,Ringing Room (Great Bookham),,1,,none,,No matching tower found for 'Ringing Room (Great Bookham)' in Dove register
Holy Trinity,Coleman's Hatch,East Sussex,1,15808,high,,Unique tower in Coleman's Hatch; dedication 'Holy Trinity' matches 'Holy Trinity'
First Church of Otago,Dunedin,New Zealand,1,10869,high,,Unique tower in Dunedin; dedication 'First Church of Otago' matches 'First Church of Otago'
St Giles-in-the-Fields,Holborn,Greater London,1,12506,high,20937;20935;20936;20261;11081,Resolved dedication 'S Giles in the Fields' (Holborn) among 6 towers in town
,"Stone House Hotel, Stone",Staffordshire,1,16577,high,,"Resolved via suburb/parish 'Stone' in town name (Stone, S John Bapt)"
St Leonard,Ryton on Dunsmore,Warwickshire,1,10794,high,,Unique tower in Ryton on Dunsmore; dedication 'S Leonard' matches 'St Leonard'
St Martin,Ruislip,Greater London,1,16993,high,,Unique tower in Ruislip; dedication 'S Martin' matches 'St Martin'
Cathedral,Newcastle upon Tyne,,1,10887,high,12945;10353;25928;17782;22337;22343,Resolved dedication 'Cath Ch of S Nicholas' (Newcastle upon Tyne) among 7 towers in town
St John the Baptist,Weston-Super-Mare,Somerset,1,12821,high,24672;24673;24674;24675;24676;12495,Resolved dedication 'S John Bapt' (Weston super Mare) among 7 towers in town
St John the Baptist,Ruardean,Gloucestershire,1,11792,high,,Unique tower in Ruardean; dedication 'S John Bapt' matches 'St John the Baptist'
"Great Hockham, Wetton, Glasgow & Moseley",Ringing Room,UK,1,,none,,Virtual ringing platform or dispersed locations
"Reach, Oldham, Norwich & Great Hockham",Ringing Room,UK,1,,none,,Virtual ringing platform or dispersed locations
St Peter,Wrockwardine,Shrops.,1,16250,high,,Unique tower in Wrockwardine; dedication 'S Peter' matches 'St Peter'
"Vernet-les-Bains, Reach, Wetton & Great Hockham",Ringing Room,UK & France,1,,none,,Virtual ringing platform or dispersed locations
"Vernet-les-Bains, Reach, Oldham & Great Hockham",Ringing Room,UK & France,1,,none,,Virtual ringing platform or dispersed locations
4 Bannutree Cottages (Garden),Bridstow,Herefordshire,1,,none,,Private residence address (handbell ring)
St Mary,Barton upon Humber,Lincolnshire,1,16222,high,10183,Resolved dedication 'S Mary' (Barton upon Humber) among 2 towers in town
St Peter,Harrogate,North Yorkshire,1,11630,high,16205;20658,Resolved dedication 'S Peter' (Harrogate) among 3 towers in town
Highbury St (Dumbbell),Peterborough,Ciry of Peterborough,1,,none,,No matching tower found for 'Peterborough' in Dove register
St Peter and St Paul,Wem,Shropshire,1,11491,high,,Unique tower in Wem; dedication 'S Peter & S Paul' matches 'St Peter and St Paul'
St Peter and St Paul,Aylesford,Kent,1,16726,high,,Unique tower in Aylesford; dedication 'S Peter & S Paul' matches 'St Peter and St Paul'
"St Mary, Portsea",Portsmouth,Hampshire,1,25505,high,,"Resolved via parish in building 'Portsea' (Portsea, S Alban)"
Cathedral Church of the Blessed Virgin Mary and St Chad,Lichfield,Staffordshire,1,15562,high,13701;12669;11065;21592,Resolved dedication 'S Chad' (Lichfield) among 5 towers in town
Blessed Virgin Mary,Chard,Somerset,1,16751,high,19059,Resolved dedication 'Blessed Virgin Mary' (Chard) among 2 towers in town
Holy Trinity,Street,Somerset,1,12635,high,23866,Resolved dedication 'Holy Trinity' (Street) among 2 towers in town
St Mary,Walton on the Hill,Merseyside,1,12572,high,24413,Resolved dedication 'S Mary' (Walton on the Hill) among 2 towers in town
St Peter and St Paul,Northleach,Gloucestershire,1,14152,high,,Unique tower in Northleach; dedication 'S Peter & S Paul' matches 'St Peter and St Paul'
St Andrew,Kemberton,Shropshire,1,15757,high,,Unique tower in Kemberton; dedication 'S Andrew' matches 'St Andrew'
St Peter,Welford on Avon,Warwickshire,1,14403,high,,Unique tower in Welford on Avon; dedication 'S Peter' matches 'St Peter'
St Nicholas,Thorne,South Yorkshire,1,10104,high,,Unique tower in Thorne; dedication 'S Nicholas' matches 'St Nicholas'
St Stephen,Worcester,Worcestershire,1,12050,high,11299;11249;13277;10704;12921;12643;24996;24997;24998;24999,Resolved dedication 'S Stephen' (Worcester) among 14 towers in town
St Andrew,Cheddar,Somerset,1,10434,high,25811,Resolved dedication 'S Andrew' (Cheddar) among 2 towers in town
All Saints,Martock,Somerset,1,16707,high,,Unique tower in Martock; dedication 'All Saints' matches 'All Saints'
St Mary the Virgin,Braughing,Hertfordshire,1,16813,high,,Unique tower in Braughing; dedication 'S Mary V' matches 'St Mary the Virgin'
St Andrew and St Mary,Watton at Stone,Hertfordshire,1,15696,high,,Unique tower in Watton at Stone; dedication 'S Andrew & S Mary' matches 'St Andrew and St Mary'
St Mary,North Mymms,Hertfordshire,1,12392,high,,Unique tower in North Mymms; dedication 'S Mary' matches 'St Mary'
St Andrew,Histon,Cambridgeshire,1,15629,high,,Unique tower in Histon; dedication 'S Andrew' matches 'St Andrew'
St Peter,Drogheda,Louth,1,15123,high,25549,Resolved dedication 'S Peter' (Drogheda) among 2 towers in town
St Mary,Hadleigh,Suffolk,1,12712,high,,Unique tower in Hadleigh; dedication 'S Mary' matches 'St Mary'
Cathedral Church of St Patrick,Parramatta,New South Wales,1,17590,high,15020,Resolved dedication 'Cath Ch of S Patrick' (Parramatta) among 2 towers in town
St Peter,Ruddington,Nottinghamshire,1,13405,high,,Unique tower in Ruddington; dedication 'S Peter' matches 'St Peter'
St John the Baptist,Shenstone,Staffordshire,1,15251,high,,Unique tower in Shenstone; dedication 'S John Bapt' matches 'St John the Baptist'
St Peter and St Paul,North Curry,Somerset,1,10365,high,,Unique tower in North Curry; dedication 'S Peter & S Paul' matches 'St Peter and St Paul'
St Giles-in-the-Fields,Holborn,Middlesex,1,12506,high,20937;20935;20936;20261;11081,Resolved dedication 'S Giles in the Fields' (Holborn) among 6 towers in town
All Saints,Longhope,Gloucestershire,1,14122,high,,Unique tower in Longhope; dedication 'All Saints' matches 'All Saints'
All Saints,Ripley,Derbyshire,1,13534,high,23019,Resolved dedication 'All Saints' (Ripley) among 2 towers in town
Cathedral Church of St Luke and St Paul,Charleston,South Carolina,1,15062,high,16377;14807;14830,Resolved dedication 'Cath Ch of S Luke & S Paul' (Charleston) among 4 towers in town
Ingoldisthorpe Hall,Ingoldisthorpe,Norfolk,1,21175,medium,,"Sole ringing tower in Ingoldisthorpe, but dedication 'S Michael' differs from source 'Ingoldisthorpe Hall'"
"Reedham, St Paul (MN), Coon Rapids (MN), Vancouver (WA)",Ringing Room,USA & UK,1,,none,,Virtual ringing platform or dispersed locations
St James,Cradley,Herefordshire,1,10667,high,,Unique tower in Cradley; dedication 'S James' matches 'St James'
St John the Baptist,Eltham,Greater London,1,10497,high,19947;19948;19949,Resolved dedication 'S John Bapt' (Eltham) among 4 towers in town
St Maurice,Plympton St Maurice,Devon,1,15584,high,,Unique tower in Plympton St Maurice; dedication 'S Maurice' matches 'St Maurice'
St Mary the Virgin,Gillingham,Dorset,1,15645,high,,Unique tower in Gillingham; dedication 'S Mary V' matches 'St Mary the Virgin'
"St Anthony (Coptic Orthodox), Eastwood",Rotherham,South Yorkshire,1,15197,high,11336,Resolved dedication 'S Anthony' (Rotherham) among 2 towers in town
St John's Cathedral,Brisbane,Queensland,1,11567,high,15860,Resolved dedication 'Cath Ch of S John' (Brisbane) among 2 towers in town
Christ Church,The Lye,West Midlands,1,16069,high,,"Unique tower in Lye, The; dedication 'Christ Church' matches 'Christ Church'"
St Germanus,St Germans,Cornwall,1,12629,high,,Unique tower in St Germans; dedication 'S Germanus' matches 'St Germanus'
Cathedral Church of All Saints,Bathurst,New South Wales,1,16249,high,,Unique tower in Bathurst; dedication 'Cath Ch of All Saints' matches 'Cathedral Church of All Saints'
St Euny,Redruth,Cornwall,1,12707,high,,Unique tower in Redruth; dedication 'S Euny' matches 'St Euny'
"Great Hockham, Reach, Oldham & Wetton",Ringing Room,UK,1,,none,,Virtual ringing platform or dispersed locations
New Town Church,Edinburgh,Midlothian,1,12029,high,13737;12430;15076,Resolved dedication 'New Town Church' (Edinburgh) among 4 towers in town
RC Cathedral of St Marie,Sheffield,,1,10439,high,13787;23300;22121,Resolved dedication 'Cath Ch of S Marie' (Sheffield) among 4 towers in town
St Andrew,Shifnal,Shropshire,1,12608,high,,Unique tower in Shifnal; dedication 'S Andrew' matches 'St Andrew'
St Peter and St Paul,Kingsbury,Warwicks,1,13225,high,,Unique tower in Kingsbury; dedication 'S Peter & S Paul' matches 'St Peter and St Paul'
St Mark,Pensnett,West Midlands,1,15638,high,,Unique tower in Pensnett; dedication 'S Mark' matches 'St Mark'
St Chad,Over,Cheshire,1,14754,high,24870,Resolved dedication 'S Chad' (Over) among 2 towers in town
St Chad,Norton in Hales,Shropshire,1,11076,high,,Unique tower in Norton in Hales; dedication 'S Chad' matches 'St Chad'
St James',Sydney,New South Wales,1,13677,high,16969;15468;13849;14777;11518;10621;12983;13900;11755;16839,Resolved dedication 'S James' (Sydney) among 20 towers in town
St Peter & St Paul,Kingsbury,Warwicks,1,13225,high,,Unique tower in Kingsbury; dedication 'S Peter & S Paul' matches 'St Peter & St Paul'
St Peter,Edgmond,Shropshire,1,14164,high,,Unique tower in Edgmond; dedication 'S Peter' matches 'St Peter'
St Paul,Wood Green,West Midlands,1,10517,high,,Unique tower in Wood Green; dedication 'S Paul' matches 'St Paul'
The Holy Trinity,Hurstpierpoint,West Sussex,1,14449,high,25498,Resolved dedication 'Holy Trinity' (Hurstpierpoint) among 2 towers in town
,Higham Ferrers,Northants,1,13375,high,,Unique tower in Higham Ferrers (Northamptonshire); building unspecified in source
,Glossop,,1,11294,medium,13628,Partial dedication match for 'All Saints' among 2 towers in town
,Denholme Gate,,1,,none,,No matching tower found for 'Denholme Gate' in Dove register
"21 Cornwall House, NW1",London,,1,,none,,Private residence address (handbell ring)
St Peter,Sowerby,,1,14448,high,,Unique tower in Sowerby; dedication 'S Peter' matches 'St Peter'
St Stephen,Westminster,Greater London,1,12465,high,13512;13657;15153;14872;25551;25523;25538;24658;24660;24654,Resolved dedication 'S Stephen' (Westminster) among 16 towers in town
St John the Evangelist,Whittle le Woods,Lancashire,1,13837,high,,Unique tower in Whittle le Woods; dedication 'S John Ev' matches 'St John the Evangelist'
,Whickham,,1,14984,high,,Unique tower in Whickham (Tyne and Wear); building unspecified in source
St Michael & All Angels,Buckland Dinham,Somerset,1,13471,high,,Unique tower in Buckland Dinham; dedication 'S Michael & All Angels' matches 'St Michael & All Angels'
Christchurch,"Sheffield, Dore",South Yorkshire,1,15539,high,,"Resolved via suburb/parish 'Dore' in town name (Dore, Christ Church)"
All Saints,Witley,Surrey,1,15394,high,,Unique tower in Witley; dedication 'All Saints' matches 'All Saints'
St Helena and St Mary,Bourn,Cambridgeshire,1,12090,high,,Unique tower in Bourn; dedication 'S Helena & S Mary' matches 'St Helena and St Mary'
St Mary,Tetbury,Gloucestershire,1,15266,high,24020,Resolved dedication 'S Mary V & S Mary Magdalen' (Tetbury) among 2 towers in town
St Sannan,Bedwellty,Caerphilly,1,16905,high,,Unique tower in Bedwellty; dedication 'S Sannan' matches 'St Sannan'
,Bledlow,,1,16778,high,,Unique tower in Bledlow (Buckinghamshire); building unspecified in source
,Stratfield Mortimer,,1,14457,medium,13995,Partial dedication match for 'S Mary V' among 2 towers in town
Old Church,Smethwick,West Midlands,1,16757,high,23445;23446;23447,Resolved dedication 'Old Church' (Smethwick) among 4 towers in town
,Scunthorpe,,1,10603,medium,23231;23232;16547,Partial dedication match for '20-21 Visual Arts Centre' among 4 towers in town
St James Ap,Birstwith,North Yorks,1,14536,high,,Unique tower in Birstwith; dedication 'S James Ap' matches 'St James Ap'
St Saviour,Dartmouth,,1,13012,high,13041;15077,Resolved dedication 'S Saviour' (Dartmouth) among 3 towers in town
,Northfield,,1,10555,high,,Unique tower in Northfield (West Midlands); building unspecified in source
R.C. Cathedral of St Paul,Birmingham,Alabama,1,16786,high,,Unique tower in Birmingham; dedication 'Cath Ch of S Paul' matches 'R.C. Cathedral of St Paul'
Minster of St John the Baptist,Halifax,West Yorkshire,1,11592,high,10914;20548;20549;25542,Resolved dedication 'Minster Ch of S John Bapt' (Halifax) among 5 towers in town
,Melbourn,,1,15521,high,,Unique tower in Melbourn (Cambridgeshire); building unspecified in source
St John Bapt,Paignton,Devon,1,15737,high,22654;22655;20355,Resolved dedication 'S John Bapt' (Paignton) among 4 towers in town
St Paulinus,Crayford,Greater London,1,12837,high,,Unique tower in Crayford; dedication 'S Paulinus' matches 'St Paulinus'
St Mary V,Longcot,Oxfordshire,1,15804,high,,Unique tower in Longcot; dedication 'S Mary V' matches 'St Mary V'
"St Laurence, Hull Road",York,North Yorkshire,1,16125,high,11340;13714;16004;11426;15985;13479;12165;10509;11836;17575,Resolved dedication 'S Lawrence' (York) among 23 towers in town
The Collegiate Church of St Mary de Castro,Leicester,,1,13828,high,12250;10495;21538;21539;21540;21541;21542;21544;21545;21546,Resolved dedication 'S Mary de Castro' (Leicester) among 15 towers in town
"Eaton Socon, Great Hockham, Oldham & Gex",Ringing Room,UK & France,1,,none,,Virtual ringing platform or dispersed locations
St John in Bedwardine,Worcester,Worcestershire,1,13277,high,11299;11249;10704;12050;12921;12643;24996;24997;24998;24999,Resolved dedication 'S John in Bedwardine' (Worcester) among 14 towers in town
Little Creed Cottage,Bosham,Sussex,1,,none,,Private residence name (handbell ring)
St Peter,"Buxton, Fairfield",Derbyshire,1,11560,high,,"Resolved via suburb/parish 'Fairfield' in town name (Fairfield, S Peter)"
"Vernet-les-Bains, Norwich, Wetton & Great Hockham",Ringing Room,UK & France,1,,none,,Virtual ringing platform or dispersed locations
St James,"Sheffield, Norton",South Yorkshire,1,13662,high,,"Resolved via suburb/parish 'Norton' in town name (Norton, S Mary)"
The Romanby Green Campanile,Romanby,North Yorkshire,1,25241,high,23061,Resolved dedication 'Romanby Green Campanile' (Romanby) among 2 towers in town
,Lye,,1,16069,high,,"Fuzzy place match (Lye -> Lye, The, West Midlands)"
,Gilmorton,,1,17131,high,,Unique tower in Gilmorton (Leicestershire); building unspecified in source
,East Budleigh,,1,12007,high,,Unique tower in East Budleigh (Devon); building unspecified in source
,Halesowen,,1,16876,high,,Unique tower in Halesowen (West Midlands); building unspecified in source
St George,Hyde,Cheshire,1,12128,high,21140,Resolved dedication 'S George' (Hyde) among 2 towers in town
St Andrew's,Pershore Parish Centre,Worcestershire,1,,none,,No matching tower found for 'Pershore Parish Centre' in Dove register
St Gregory the Great,Morville,Shropshire,1,15945,high,,Unique tower in Morville; dedication 'S Gregory' matches 'St Gregory the Great'
,Crowle,,1,11843,medium,10863,Partial dedication match for 'S Oswald' among 2 towers in town
,Buckfastleigh,,1,11599,medium,18770,Partial dedication match for 'Ruined ch of Holy Trinity' among 2 towers in town
St Andrew,Orwell,Cambridgeshire,1,11133,high,,Unique tower in Orwell; dedication 'S Andrew' matches 'St Andrew'
,Broughton,Staffs,1,11521,high,,Unique tower in Broughton (Staffordshire); building unspecified in source
St Mary,Aldridge,West Midlands,1,15282,high,,Unique tower in Aldridge; dedication 'S Mary V' matches 'St Mary'
St John the Baptist,Shedfield,Hampshire,1,10875,high,,Unique tower in Shedfield; dedication 'S John Bapt' matches 'St John the Baptist'
St Michael AA,Haselbech,Northamptonshire,1,15424,high,,Unique tower in Haselbech; dedication 'S Michael' matches 'St Michael AA'
Holy Cross,Ryton,Tyne & Wear,1,,none,,No matching tower found for 'Ryton' in Dove register
St Chad,Burton-upon-Trent,,1,17100,high,17025;11225;15964;12886;11605;25377,Resolved dedication 'S Chad' (Burton upon Trent) among 7 towers in town
St Michael & All Angels,Headingley,West Yorkshire,1,16033,high,,Unique tower in Headingley; dedication 'S Michael & All Angels' matches 'St Michael & All Angels'
,Hadlow,,1,10073,high,,Unique tower in Hadlow (Kent); building unspecified in source
"Brighton, Norwich, Oldham & Wetton",Ringing Room,UK,1,,none,,Virtual ringing platform or dispersed locations
St Mary,Bampton,Oxfordshire,1,12367,high,,Unique tower in Bampton; dedication 'S Mary' matches 'St Mary'
St John the Baptist,Weston Super Mare,North Somerset,1,12821,high,24672;24673;24674;24675;24676;12495,Resolved dedication 'S John Bapt' (Weston super Mare) among 7 towers in town
,Castle Cary,,1,14540,high,,Unique tower in Castle Cary (Somerset); building unspecified in source
St Peter and St Paul,Harlington,Middlesex,1,10679,high,,Unique tower in Harlington; dedication 'S Peter & S Paul' matches 'St Peter and St Paul'
,Luppitt,,1,16554,high,,Unique tower in Luppitt (Devon); building unspecified in source
,Wellington,Somerset,1,10049,medium,15613,Partial dedication match for 'All Saints' among 2 towers in town
St James,East Crompton,Greater Manchester,1,14199,high,,Unique tower in East Crompton; dedication 'S James' matches 'St James'
St Michael,Kirby-le-Soken,Essex,1,16560,high,,Unique tower in Kirby le Soken; dedication 'S Michael' matches 'St Michael'
St Mark,Englefield,Berkshire,1,10325,high,,Unique tower in Englefield; dedication 'S Mark' matches 'St Mark'
,Kenwyn,,1,11209,high,,Unique tower in Kenwyn (Cornwall); building unspecified in source
,Towednack,,1,14661,high,,Unique tower in Towednack (Cornwall); building unspecified in source
St Mary the Virgin,Ringmer,East Sussex,1,10594,high,,Unique tower in Ringmer; dedication 'S Mary V' matches 'St Mary the Virgin'
St Thomas,Moorside (Oldham),Lancashire,1,,none,,No matching tower found for 'Moorside (Oldham)' in Dove register
St Thomas,"Oldham, Moorside",Lancashire,1,,none,,"No matching tower found for 'Oldham, Moorside' in Dove register"
St Thomas of Canterbury,Salisbury,Wiltshire,1,13300,high,11574;13094;12908;23153,Resolved dedication 'S Thomas of Canterbury' (Salisbury) among 5 towers in town
,Aldeburgh,,1,17039,high,,Unique tower in Aldeburgh (Suffolk); building unspecified in source
,Gaddesby,,1,14998,high,,Unique tower in Gaddesby (Leicestershire); building unspecified in source
St Mary,Broughton Astley,Leicestershire,1,13152,high,,Unique tower in Broughton Astley; dedication 'S Mary' matches 'St Mary'
St Peter,North Tawton,Devon,1,11109,high,,Unique tower in North Tawton; dedication 'S Peter' matches 'St Peter'
St Mark,Philadelphia,Pennsylvania,1,16003,high,10173;13478;12483,Resolved dedication 'S Mark' (Philadelphia) among 4 towers in town
SS Mary the Virgin and Mary Magdalen,Tetbury,Gloucestershire,1,15266,medium,24020,Partial dedication match for 'S Mary V & S Mary Magdalen' among 2 towers in town
The Good Shepherd,Augusta,Georgia,1,16381,high,,Unique tower in Augusta; dedication 'The Good Shepherd' matches 'The Good Shepherd'
"Holy Trinity, West Hill",Wandsworth,SW 15,1,,none,,No matching tower found for 'Wandsworth' in Dove register
St Peter,West Bridgford,Nottinghamshire,1,11771,medium,24556,Partial dedication match for 'S Giles' among 2 towers in town
SS Philip & James,Holywood,"County Down, Northern Ireland",1,13444,high,,Unique tower in Holywood; dedication 'S Philip & S James' matches 'SS Philip & James'
St John the Baptist,Tunstall,Kent,1,12317,high,,Unique tower in Tunstall; dedication 'S John Bapt' matches 'St John the Baptist'
The Victoria Tower ( formerly St Mary the Virgin),Chatham,Kent,1,19083,medium,,"Sole ringing tower in Chatham, but dedication 'S John Div' differs from source 'The Victoria Tower ( formerly St Mary the Virgin)'"
St Mary the Virgin,Bishop's Lydeard,Somerset,1,,none,,No matching tower found for 'Bishop's Lydeard' in Dove register
St Mary,Silverton,Devon,1,13709,high,,Unique tower in Silverton; dedication 'S Mary' matches 'St Mary'
All Saints,Darfield,South Yorkshire,1,12218,high,,Unique tower in Darfield; dedication 'All Saints' matches 'All Saints'
St John the Evangelist,Scunthorpe,Lincolnshire,1,,none,10603;23231;23232;16547,Unresolved: 'St John the Evangelist' did not match any of the 4 towers in Scunthorpe
St Michael,Whichford,Warwickshire,1,16949,high,,Unique tower in Whichford; dedication 'S Michael' matches 'St Michael'
St Nicholas,Warwick,Warwicks,1,15025,high,11519;24458,Resolved dedication 'S Nicholas' (Warwick) among 3 towers in town
Cathedral of the Holy and Undivided Trinity,Bristol,Bristol,1,10300,high,10331;15455;14342;11615;14422;12166;15180;12993;12039;16354,Resolved dedication 'Cath Ch of Holy & Undivided Trinity' (Bristol) among 17 towers in town
BVM & St Peter,Winford,Somerset,1,16520,high,,Unique tower in Winford; dedication 'BVM & S Peter' matches 'BVM & St Peter'
St Thomas,Pendleton,Lancashire,1,16797,high,23148;22708,Resolved dedication 'S Thomas' (Pendleton) among 3 towers in town
St Lawrence,Church Stretton,Shropshire,1,15184,high,,Unique tower in Church Stretton; dedication 'S Laurence' matches 'St Lawrence'
,Frensham,,1,10379,high,,Unique tower in Frensham (Surrey); building unspecified in source
St Mary & All Saints,Beaconsfield,Buckinghamshire,1,13441,high,18204,Resolved dedication 'S Mary & All Saints' (Beaconsfield) among 2 towers in town
All Saints,Sutton Courtenay,Oxfordshire,1,15735,high,,Unique tower in Sutton Courtenay; dedication 'All Saints' matches 'All Saints'
Harper Avenue,Radlett,"Hertfordshire, Ashmere",1,,none,,Private residence name (handbell ring)
St Michael,Stoney Stanton,Leicestershire,1,14037,high,,Unique tower in Stoney Stanton; dedication 'S Michael' matches 'St Michael'
,Netherseale,,1,,none,,No matching tower found for 'Netherseale' in Dove register
St Margaret,Rainham,Kent,1,16735,high,,Unique tower in Rainham; dedication 'S Margaret' matches 'St Margaret'
St Peter,Old Woking,Surrey,1,15923,high,,Unique tower in Old Woking; dedication 'S Peter' matches 'St Peter'
All Saints,Clifton,Bedfordshire,1,14960,high,,Unique tower in Clifton; dedication 'All Saints' matches 'All Saints'
St John the Baptist,Danbury,Essex,1,16524,high,,Unique tower in Danbury; dedication 'S John Bapt' matches 'St John the Baptist'
St Andrew,"Dudley, Netherton",West Midlands,1,15501,high,,"Resolved via suburb/parish 'Netherton' in town name (Netherton, S Andrew)"
St James,Turramurra,New South Wales,1,15074,high,,Unique tower in Turramurra; dedication 'S James' matches 'St James'
,Newton St Cyres,,1,13353,high,,Unique tower in Newton St Cyres (Devon); building unspecified in source
St Lawrence,Downton,Wiltshire,1,15953,high,,Unique tower in Downton; dedication 'S Lawrence' matches 'St Lawrence'
,Skipton,,1,23418,high,,Unique tower in Skipton (North Yorkshire); building unspecified in source
,Kirton in Lindsey,,1,13723,high,,Unique tower in Kirton in Lindsey (Lincolnshire); building unspecified in source
St Anne's Cathedral (RC),Leeds,West Yorkshire,1,11425,high,15978;13165;21524;21525;21526;21527;21531;25533;10218;14977,Resolved dedication 'Cath Ch of S Anne' (Leeds) among 27 towers in town
St Michael and All Angels,Headingley,West Yorkshire,1,16033,high,,Unique tower in Headingley; dedication 'S Michael & All Angels' matches 'St Michael and All Angels'
,Rudgwick,,1,15186,high,,Unique tower in Rudgwick (West Sussex); building unspecified in source
"Campana Lodge, 96 Baxter Run Road",Clarington,Pennsylvania,1,,none,,Private residence name (handbell ring)
St Cybi,Llangybi,Gwent,1,12355,high,,Unique tower in Llangybi; dedication 'S Cybi' matches 'St Cybi'
Blessed Virgin Mary & St Peter,Winford,Somerset,1,16520,high,,Unique tower in Winford; dedication 'BVM & S Peter' matches 'Blessed Virgin Mary & St Peter'
St Mary,Charlton Kings,Gloucestershire,1,15388,high,19074,Resolved dedication 'S Mary' (Charlton Kings) among 2 towers in town
St Tudor,Mynyddislwyn,Gwent,1,13414,high,,Unique tower in Mynyddislwyn; dedication 'S Tudor' matches 'St Tudor'
"Knowle, Holy Trinity",Bristol,Bristol,1,,none,10300;10331;15455;14342;11615;14422;12166;15180;12993;12039,"Unresolved: 'Knowle, Holy Trinity' did not match any of the 17 towers in Bristol"
All Saints & St Bartholomew,Wootton Bassett,Wiltshire,1,16050,high,,Unique tower in Royal Wootton Bassett; dedication 'S Bartholomew & All Saints' matches 'All Saints & St Bartholomew'
St Andrew,Congresbury,Somerset,1,10693,high,,Unique tower in Congresbury; dedication 'S Andrew' matches 'St Andrew'
St Michael,Twerton on Avon,Somerset,1,12082,high,25825,Resolved dedication 'S Michael' (Twerton on Avon) among 2 towers in town
St Leonard,Sherfield English,Hampshire,1,11604,high,,Unique tower in Sherfield English; dedication 'S Leonard' matches 'St Leonard'
Buttery Wells Farm,Potterton,Aberdeenshire,1,,none,,Private residence name (handbell ring)
"St Mary, Bow Road",Bow,Greater London,1,13996,high,18547,Resolved dedication 'S Mary' (Bow) among 2 towers in town
St James the Apostle,Somerton,Oxfordshire,1,11413,high,,Unique tower in Somerton; dedication 'S James Ap' matches 'St James the Apostle'
Cathedral of St Canice,Kilkenny,Kilkenny,1,11778,high,,Unique tower in Kilkenny; dedication 'Cath Ch of S Canice' matches 'Cathedral of St Canice'
Bell Meadow Peal,Warnham,West Sussex,1,,none,25269;15727;25663,Unresolved: 'Bell Meadow Peal' did not match any of the 3 towers in Warnham
Christ Church (Old North),Boston,"Massachusetts, United States of America",1,12291,high,11198,Resolved dedication 'Christ Church' (Boston) among 2 towers in town
St Wilfrid,Standish,Lancashire,1,14666,high,,Unique tower in Standish; dedication 'S Wilfrid' matches 'St Wilfrid'
At the Parish Church of St Nicholas,New Romney,Kent,1,15817,high,,Unique tower in New Romney; dedication 'S Nicholas' matches 'At the Parish Church of St Nicholas'
,Headingley,,1,16033,high,,Unique tower in Headingley (West Yorkshire); building unspecified in source
"Christ Church, Douglas",Parbold,Lancashire,1,14091,high,,"Unique tower in Parbold; dedication 'Christ Church' matches 'Christ Church, Douglas'"
,Kildwick,,1,17034,high,,Unique tower in Kildwick (North Yorkshire); building unspecified in source
St Faith,Newton Longville,Buckinghamshire,1,14085,high,,Unique tower in Newton Longville; dedication 'S Faith' matches 'St Faith'
Priory Church of St Mary and St Bega,St Bees,Cumbria,1,10489,high,,Unique tower in St Bees; dedication 'Priory Ch of S Mary & S Bega' matches 'Priory Church of St Mary and St Bega'
St James Gt,Audley,Staffordshire,1,15909,high,,Unique tower in Audley; dedication 'S James Gt' matches 'St James Gt'
All Saints,West Bromwich,West Midlands,1,13138,high,24557;24558;24560;24559,Resolved dedication 'All Saints' (West Bromwich) among 5 towers in town
St James the Great,Dursley,Glos.,1,11104,high,,Unique tower in Dursley; dedication 'S James Gt' matches 'St James the Great'
,Baldock,,1,12185,high,,Unique tower in Baldock (Hertfordshire); building unspecified in source
,Rock,,1,16741,medium,23041;23040,Partial dedication match for 'S Peter & S Paul' among 3 towers in town
St Andrew,Cambridge,Cambridgeshire,1,15139,high,12645;16664;14964;17550;13803;13748;18933;18934;25479;18935,Resolved dedication 'S Andrew Gt' (Cambridge) among 27 towers in town
St Martin's,Ruislip,Greater London,1,16993,high,,Unique tower in Ruislip; dedication 'S Martin' matches 'St Martin's'
St John,Weston-super-Mare,North Somerset,1,12821,high,24672;24673;24674;24675;24676;12495,Resolved dedication 'S John Bapt' (Weston super Mare) among 7 towers in town
St Leonard,Streatham,Surrey,1,,none,,No matching tower found for 'Streatham' in Dove register
St Michael,Sunderland,,1,15838,high,12002;25534,Resolved dedication 'Minster Ch of S Michael & All Angels & S Benedict Biscop' (Sunderland) among 3 towers in town
"Chapel of St Hilda's School , Mosman Park",Perth,Western Australia,1,12726,high,,"Resolved via parish in building 'Mosman Park' (Mosman Park, S Hilda's School Chapel)"
St James Queens Square,Sydney,New South Wales,1,13677,high,16969;15468;13849;14777;11518;10621;12983;13900;11755;16839,Resolved dedication 'S James' (Sydney) among 20 towers in town
"St Mary the Virgin, Deane",Bolton,Greater Manchester,1,11462,high,,"Resolved via parish in building 'Deane' (Deane, S Mary V)"
St Andrew,Kildwick,North Yorkshire,1,17034,high,,Unique tower in Kildwick; dedication 'S Andrew' matches 'St Andrew'
11 St Chad's Drive,"Leeds, Headingley",West Yorkshire,1,,none,,Private residence address (handbell ring)
,Ringing Room,Scotland,1,,none,,Virtual ringing platform or dispersed locations
"Stetson Chapel, Kalamazoo College",Kalamazoo,"Michigan, United States of America",1,11102,high,,"Unique tower in Kalamazoo; dedication 'Stetson Chapel' matches 'Stetson Chapel, Kalamazoo College'"
,Uckfield,,1,13406,high,,Unique tower in Uckfield (East Sussex); building unspecified in source
"Vernet-les-Bains, Wetton, Norwich & Great Hockham",Ringing Room,UK & France,1,,none,,Virtual ringing platform or dispersed locations
Holy Trinity,"Wandsworth, West Hill",Surrey,1,,none,,"No matching tower found for 'Wandsworth, West Hill' in Dove register"
,Walton-le-Dale,,1,12668,high,,Unique tower in Walton le Dale (Lancashire); building unspecified in source
SS Mary and Paul,Rotherhithe,London,1,,none,11431;23072,Unresolved: 'SS Mary and Paul' did not match any of the 2 towers in Rotherhithe
,Romford,,1,15620,medium,23062,Partial dedication match for 'S Edward Conf' among 2 towers in town
St Thomas,"Norbury, Hazel Grove",Greater Manchester,1,11240,high,,"Fuzzy place match (Norbury, Hazel Grove -> Norbury, Greater Manchester)"
St Michael and All Angels,"Headingley, Leeds",West Yorkshire,1,16033,high,,"Fuzzy place match (Headingley, Leeds -> Headingley, West Yorkshire)"
St Nicholas,Chislehurst,Kent,1,,none,,No matching tower found for 'Chislehurst' in Dove register
,Hazel Grove,,1,11240,high,,Unique tower in Norbury (Greater Manchester); building unspecified in source
,Raleigh,,1,10203,high,,Unique tower in Raleigh (North Carolina); building unspecified in source
,Brewster,,1,10265,high,,Unique tower in Brewster (New York); building unspecified in source
St Mary the Virgin,Stratfield Mortimer,Berkshire,1,14457,high,13995,Resolved dedication 'S Mary V' (Stratfield Mortimer) among 2 towers in town
Holy Cross and St Lawrence,Waltham Abbey,Essex,1,10053,high,,Unique tower in Waltham Abbey; dedication 'Holy Cross' matches 'Holy Cross and St Lawrence'
SS Peter & Paul,Sheffield Cathedral,South Yorkshire,1,,none,,No matching tower found for 'Sheffield Cathedral' in Dove register
St Mary,Bletchley,Buckinghamshire,1,12576,high,,Unique tower in Bletchley; dedication 'S Mary' matches 'St Mary'
Cathedral,Vancouver,,1,15376,high,,Unique tower in Vancouver; dedication 'Cath Ch of The Holy Rosary' matches 'Cathedral'
St Mary,"Portsea, Portsmouth",Hampshire,1,17042,high,,"Resolved via suburb/parish 'Portsmouth' in town name (Portsmouth, S Agatha)"
St Lawrence,West Wycombe,Buckinghamshire,1,12842,high,25801,Resolved dedication 'S Lawrence' (West Wycombe) among 2 towers in town
,Belper,,1,16536,medium,18259;18260;18261,Partial dedication match for 'S Peter' among 4 towers in town
,Warborough,,1,13177,high,,Unique tower in Warborough (Oxfordshire); building unspecified in source
St Bartholomew & All Saints,Royal Wootton Bassett,Wiltshire,1,16050,high,,Unique tower in Royal Wootton Bassett; dedication 'S Bartholomew & All Saints' matches 'St Bartholomew & All Saints'
,Drumbo,,1,11938,high,,Unique tower in Ballylesson (Down); building unspecified in source
St Andrew,Enfield,Greater London,1,14416,high,12186;19967;19969;19968,Resolved dedication 'S Andrew' (Enfield) among 5 towers in town
,Buckland-in-the-Moor,,1,15861,high,,Unique tower in Buckland in the Moor (Devon); building unspecified in source
St Mary,Aylesbury,Buckinghamshire,1,15375,high,18054,Resolved dedication 'S Mary' (Aylesbury) among 2 towers in town
St Mary the Virgin,Bampton,Oxfordshire,1,12367,high,,Unique tower in Bampton; dedication 'S Mary' matches 'St Mary the Virgin'
St James Gt,Hanslope,Buckinghamshire,1,11622,high,,Unique tower in Hanslope; dedication 'S James Gt' matches 'St James Gt'
St Mary the Virgin,Godmanchester,Huntingdonshire,1,,none,,No matching tower found for 'Godmanchester' in Dove register
Guy's Hospital (Guy's Tower),Southwark,London,1,,none,16296;12588;23574,Unresolved: 'Guy's Hospital (Guy's Tower)' did not match any of the 3 towers in Southwark
,Pershore Parish Centre,Worcestershire,1,,none,,No matching tower found for 'Pershore Parish Centre' in Dove register
Holy Nativity,"Bristol, Knowle",Bristol,1,15548,high,,"Resolved via suburb/parish 'Knowle' in town name (Knowle, Holy Nativity)"
All SS,Terling,Essex,1,13514,high,,Unique tower in Terling; dedication 'All Saints' matches 'All SS'
St Helen,Benson,Oxfordshire,1,13576,high,,Unique tower in Benson; dedication 'S Helen' matches 'St Helen'
Holy Trinity,Hurstpierpoint,West Sussex,1,14449,high,25498,Resolved dedication 'Holy Trinity' (Hurstpierpoint) among 2 towers in town
St Peter,Portishead,Somerset,1,10069,high,,Unique tower in Portishead; dedication 'S Peter' matches 'St Peter'
St John the Baptist,Fladbury,Worcestershire,1,10084,high,,Unique tower in Fladbury; dedication 'S John Bapt' matches 'St John the Baptist'
St Michael and All Angels,Melksham,Wiltshire,1,10928,high,25338,Resolved dedication 'S Michael & All Angels' (Melksham) among 2 towers in town
St Mary,Eastbourne,East Sussex,1,11691,high,11160;10836;10018;19831;19832;19833;19835;19837,Resolved dedication 'S Mary' (Eastbourne) among 9 towers in town
"Old Woking, St Peter",Woking,Surrey,1,,none,25731;24912;25732;25478;24913,"Unresolved: 'Old Woking, St Peter' did not match any of the 5 towers in Woking"
All saints,Highweek,Devon,1,11556,high,,Unique tower in Highweek; dedication 'All Saints' matches 'All saints'
St Andrew and St George West,Edinburgh,Lothian,1,,none,,No matching tower found for 'Edinburgh' in Dove register
St Andrew,Mells,Somerset,1,16026,high,,Unique tower in Mells; dedication 'S Andrew' matches 'St Andrew'
Cathedral Church of St Mary,Limerick,County Limerick,1,15110,high,16216,Resolved dedication 'Cath Ch of S Mary' (Limerick) among 2 towers in town
St James Garlickhythe,City of London,London,1,16578,high,15228;11081;13868;12429;13028;11914;16634;10471;16020;13189,Resolved dedication 'S James Garlickhythe' (London) among 41 towers in town
Cathedral of St Mark,Shreveport,"Louisiana, USA",1,10716,high,,Unique tower in Shreveport; dedication 'Cath Ch of S Mark' matches 'Cathedral of St Mark'
St Martin,Horsley,Gloucestershire,1,15337,high,,Unique tower in Horsley; dedication 'S Martin' matches 'St Martin'
St Mary,Woodford,Northamptonshire,1,17015,high,,Unique tower in Woodford; dedication 'S Mary V' matches 'St Mary'
Cathedral Church of St German,Peel,Isle of Man,1,15911,high,,Unique tower in Peel; dedication 'Cath Ch of S German' matches 'Cathedral Church of St German'
St Laurence,Frodsham,Cheshire,1,15988,high,,Unique tower in Frodsham; dedication 'S Lawrence' matches 'St Laurence'
Cathedral Church of Holy Trinity,Chichester,West Sussex,1,10237,high,19131;19132;19133;25521,Resolved dedication 'Cath Ch of Holy Trinity' (Chichester) among 5 towers in town
St Mary,Portsmouth,Hampshire,1,16279,high,13220;25238;17042;25536,Resolved dedication 'S Mary' (Portsmouth) among 5 towers in town
St Mary the Virgin,Tewkesbury Abbey,Gloucestershire,1,,none,,No matching tower found for 'Tewkesbury Abbey' in Dove register
All Saints,Waldron,Sussex,1,13864,high,,Unique tower in Waldron; dedication 'All Saints' matches 'All Saints'
Cathedral Church of St Mary the Virgin,Glasgow,,1,13026,high,25544,Resolved dedication 'Cath Ch of S Mary V' (Glasgow) among 2 towers in town
St Leonard,Seaford,Sussex,1,11538,high,,Unique tower in Seaford; dedication 'S Leonard' matches 'St Leonard'
St Mary the Virgin,Childrey,Oxfordshire,1,14183,high,,Unique tower in Childrey; dedication 'S Mary V' matches 'St Mary the Virgin'
St George-in-the-East,Stepney,Greater London,1,17069,high,14988;23768;25672,Resolved dedication 'S George in the East' (Stepney) among 4 towers in town
St Mary,Hadlow,Kent,1,10073,high,,Unique tower in Hadlow; dedication 'S Mary' matches 'St Mary'
St Clement's,Cambridge,Cambridgeshire,1,17550,high,12645;15139;16664;14964;13803;13748;18933;18934;25479;18935,Resolved dedication 'S Clement' (Cambridge) among 27 towers in town
St Hilda's School Chapel,"Mosman Park, Perth",Western Australia,1,12726,high,,"Fuzzy place match (Mosman Park, Perth -> Mosman Park, Western Australia)"
The Pig Sty,Timsbury,Somerset,1,25256,high,16538,Resolved dedication 'Pig Sty' (Timsbury) among 2 towers in town
St Nicholas,King's Lynn,Norfolk,1,10477,high,15688;21313;25298,Resolved dedication 'S Nicholas' (King's Lynn) among 4 towers in town
St Bartholomew,Maresfield,East Sussex,1,13095,high,,Unique tower in Maresfield; dedication 'S Bartholomew' matches 'St Bartholomew'
All Saints,St Ives,Cambridgeshire,1,14667,high,,Unique tower in St Ives; dedication 'All Saints' matches 'All Saints'
St Michael,Brierley Hill,West Midlands,1,10071,high,18722,Resolved dedication 'S Michael' (Brierley Hill) among 2 towers in town
All Saints,East Budleigh,Devon,1,12007,high,,Unique tower in East Budleigh; dedication 'All Saints' matches 'All Saints'
SS Peter and Paul,Cattistock,Dorset,1,12314,high,,Unique tower in Cattistock; dedication 'S Peter & S Paul' matches 'SS Peter and Paul'
St Peter,Harborne,West Midlands,1,11706,high,17468,Resolved dedication 'S Peter' (Harborne) among 2 towers in town
St Martin in the Cornmarket,Worcester,,1,10704,high,11299;11249;13277;12050;12921;12643;24996;24997;24998;24999,Resolved dedication 'S Martin in the Cornmarket' (Worcester) among 14 towers in town
St Nicholas,Ashill,Norfolk,1,15024,high,,Unique tower in Ashill; dedication 'S Nicholas' matches 'St Nicholas'
St Gregory,Morville,Shropshire,1,15945,high,,Unique tower in Morville; dedication 'S Gregory' matches 'St Gregory'
Christ Church,Hampstead,Greater London,1,13829,high,20581;20582;20583;20584,Resolved dedication 'Christ Church' (Hampstead) among 5 towers in town
Kent School Chapel,Kent,Connecticut,1,13580,high,,Unique tower in Kent; dedication 'Kent School Chapel' matches 'Kent School Chapel'
"Christ Church, Walcot",Bath,Somerset,1,14089,high,12547;13019;15243;15431;11365;14458;12686;18173;18177;18174,Resolved dedication 'Christ Church' (Bath) among 19 towers in town
,"Ringing Room (Reach, Norwich, Wetton, Great Hockham)",,1,,none,,"No matching tower found for 'Ringing Room (Reach, Norwich, Wetton, Great Hockham)' in Dove register"
Uk,"Ringing Room (Reach, Reach, Norwich, Wetton)",,1,,none,,"No matching tower found for 'Ringing Room (Reach, Reach, Norwich, Wetton)' in Dove register"
Christ Church,"Dore, Sheffield",South Yorkshire,1,15539,high,,"Fuzzy place match (Dore, Sheffield -> Dore, South Yorkshire)"
"St Peter, St Paul, and St Thomas of Canterbury",Bovey Tracey,Devon,1,14690,high,25196;18545,"Resolved dedication 'S Peter, S Paul, & S Thomas of Canterbury' (Bovey Tracey) among 3 towers in town"
St Mary Magdalene,Leintwardine,Herefordshire,1,10054,high,,Unique tower in Leintwardine; dedication 'S Mary Magd' matches 'St Mary Magdalene'
St Michael,Framlingham,Suffolk,1,11728,high,,Unique tower in Framlingham; dedication 'S Michael' matches 'St Michael'
St Mary the Virgin,Kelvedon,Essex,1,11766,high,,Unique tower in Kelvedon; dedication 'S Mary V' matches 'St Mary the Virgin'
St Edward,Stow on the Wold,Gloucestershire,1,16443,high,,Unique tower in Stow on the Wold; dedication 'S Edward' matches 'St Edward'
All Hallows,Gedling,Nottinghamshire,1,11286,high,,Unique tower in Gedling; dedication 'All Hallows' matches 'All Hallows'
St James,Bulkington,Warwickshire,1,16952,high,,Unique tower in Bulkington; dedication 'S James' matches 'St James'
St Mary,Petworth,West Sussex,1,14727,high,,Unique tower in Petworth; dedication 'S Mary' matches 'St Mary'
Wobbly Bob's Campanile,Bovey Tracy,Devon,1,,none,,No matching tower found for 'Bovey Tracy' in Dove register
St Peter and St Paul,Ringwood,Hampshire,1,16719,high,,Unique tower in Ringwood; dedication 'S Peter & S Paul' matches 'St Peter and St Paul'
St Jude,Blackburn,Lancashire,1,13874,high,10297;11152;18413;18414;18415;18416,Resolved dedication 'S Jude' (Blackburn) among 7 towers in town
St Swithun,Woodbury,Devon,1,11884,high,,Unique tower in Woodbury; dedication 'S Swithun' matches 'St Swithun'
St Andrew,Bebington,Merseyside,1,11241,high,,Unique tower in Bebington; dedication 'S Andrew' matches 'St Andrew'
All Saints,Gilmorton,Leicestershire,1,17131,high,,Unique tower in Gilmorton; dedication 'All Saints' matches 'All Saints'
St Paul,Daybrook,Nottinghamshire,1,15411,high,,Unique tower in Daybrook; dedication 'S Paul' matches 'St Paul'
Holy Ascension,Settle,North Yorkshire,1,14793,high,,Unique tower in Settle; dedication 'Holy Ascension' matches 'Holy Ascension'
St Silas,Blackburn,Lancashire,1,11152,high,10297;13874;18413;18414;18415;18416,Resolved dedication 'S Silas' (Blackburn) among 7 towers in town
St Mary the Virgin,Monken Hadley,Middlesex,1,11674,high,,Unique tower in Monken Hadley; dedication 'S Mary V' matches 'St Mary the Virgin'
"Great Hockham, Oldham,  Bury St Edmunds & Chelmsford",Ringing Room,UK,1,,none,,Virtual ringing platform or dispersed locations
St Mary the Virgin,Ware,Hertfordshire,1,14966,high,24432,Resolved dedication 'S Mary V' (Ware) among 2 towers in town
St Andrew and St Mary,Condover,Shropshire,1,13075,high,,Unique tower in Condover; dedication 'S Andrew & S Mary' matches 'St Andrew and St Mary'
St Mary,Prior's Norton,Gloucestershire,1,13662,high,,Unique tower in Norton; dedication 'S Mary' matches 'St Mary'
St Dunstan-in-the-East,London,,1,11914,medium,15228;11081;13868;12429;13028;16634;16578;10471;16020;13189,Partial dedication match for 'S Dunstan-in-the-West' among 42 towers in town
St John,Hackney,Greater London,1,16961,high,,Unique tower in Hackney; dedication 'S John at Hackney' matches 'St John'
,Tideswell,,1,16875,high,,Unique tower in Tideswell (Derbyshire); building unspecified in source
St Mary,Liss,Hampshire,1,13966,high,25916;10378,Resolved dedication 'S Mary' (Liss) among 3 towers in town
,Orwell,,1,11133,high,,Unique tower in Orwell (Cambridgeshire); building unspecified in source
"The Rose Inn, St Laurence",Ramsgate,Kent,1,16943,high,22930;22931;22932;25114,Resolved dedication 'S Laurence' (St Laurence in Thanet) among 5 towers in town
St Augustine,Thorpe Bay,Essex,1,16408,high,,Unique tower in Thorpe Bay; dedication 'S Augustine' matches 'St Augustine'
SS Peter and Paul,Aldeburgh,Suffolk,1,17039,high,,Unique tower in Aldeburgh; dedication 'S Peter & S Paul' matches 'SS Peter and Paul'
,South Hackney,,1,16835,high,,Unique tower in South Hackney (Greater London); building unspecified in source
,Bray,Berks,1,11267,high,,Unique tower in Bray (Berkshire); building unspecified in source
St Peter,Hook Norton,Oxfordshire,1,10393,high,,Unique tower in Hook Norton; dedication 'S Peter' matches 'St Peter'
St Martin-in-the-Fields,Philadelphia,Pennsylvania,1,13478,high,10173;16003;12483,Resolved dedication 'S Martin in the Fields' (Philadelphia) among 4 towers in town
Annunciation,Chislehurst,,1,10438,high,14258;19163,Resolved dedication 'Annunciation BVM' (Chislehurst) among 3 towers in town
St Mary and All Saints,Fillongley,Warwickshire,1,11875,high,,Unique tower in Fillongley; dedication 'S Mary & All Saints' matches 'St Mary and All Saints'
St Mary Magdalene,Wethersfield,Essex,1,16257,high,,Unique tower in Wethersfield; dedication 'S Mary Magd' matches 'St Mary Magdalene'
St Margaret,Ditchling,East Sussex,1,14374,high,,Unique tower in Ditchling; dedication 'S Margaret' matches 'St Margaret'
Holy Cross,Uckfield,East Sussex,1,13406,high,,Unique tower in Uckfield; dedication 'Holy Cross' matches 'Holy Cross'
St Mary,Bridport,Dorset,1,14762,high,,Unique tower in Bridport; dedication 'S Mary' matches 'St Mary'
St Mary's Cathedral,Sydney NSW,Australia,1,,none,,No matching tower found for 'Sydney NSW' in Dove register
St Mary the Virgin,Burwell,Cambridgeshire,1,13607,high,,Unique tower in Burwell; dedication 'S Mary BV' matches 'St Mary the Virgin'
Chedburgh Campanile,Lincoln,Lincolnshire,1,25226,high,12153;12159;13659;10782;21599;11493;17791;21600;21601;21602,Resolved dedication 'Chedburgh Campanile' (Lincoln) among 14 towers in town
Woodside Campanile,Branston,Lincolnshire,1,25264,high,15716,Resolved dedication 'Woodside Campanile' (Branston) among 2 towers in town
All Saints,Harmston,Lincolnshire,1,12433,high,,Unique tower in Harmston; dedication 'All Saints' matches 'All Saints'
St Andrew,Whittlesey,Cambridgeshire,1,14725,high,12160,Resolved dedication 'S Andrew' (Whittlesey) among 2 towers in town
SS Margaret and Andrew,Littleham,Devon,1,,none,15338;15227,Unresolved: 'SS Margaret and Andrew' did not match any of the 2 towers in Littleham
"St Mary the Blessed Virgin, Plympton St Mary",Plymouth,Devon,1,12741,high,,"Resolved via parish in building 'Plympton St Mary' (Plympton St Mary, S Mary BV)"
St Andrew,Much Hadham,Hertfordshire,1,14194,high,,Unique tower in Much Hadham; dedication 'S Andrew' matches 'St Andrew'
Holy Trinity,Hoghton,Lancashire,1,11022,high,,Unique tower in Hoghton; dedication 'Holy Trinity' matches 'Holy Trinity'
St Andrew,Dowlish Wake,Somerset,1,13853,high,,Unique tower in Dowlish Wake; dedication 'S Andrew' matches 'St Andrew'
SS Peter & Paul,Newport Pagnell,Buckinghamshire,1,10854,medium,25789,Partial dedication match for 'S Peter & S Paul' among 2 towers in town
St Mary's Centre,Chester,Cheshire,1,14876,medium,15972;13678;15763;19117;25905;19118,Partial dedication match for 'Old St Mary's' among 7 towers in town
Priory Church of SS Mary and Cuthbert,Worksop,Nottinghamshire,1,10021,medium,11077;25004,Partial dedication match for 'Priory Ch of S Mary & S Cuthbert' among 3 towers in town
The Little Orchard Tower,East Huntspill,Somerset,1,17459,high,19799,Resolved dedication 'Little Orchard Tower' (East Huntspill) among 2 towers in town
St Michael and All Angels,Clyst Honiton,Devon,1,11114,high,,Unique tower in Clyst Honiton; dedication 'S Michael & All Angels' matches 'St Michael and All Angels'
"St Michael and All Angels, Pinhoe",Exeter,Devon,1,13926,high,,"Resolved via parish in building 'Pinhoe' (Pinhoe, S Michael & All Angels)"
The Midways Campanile,Stubbington,Hampshire,1,25255,medium,25509;25510,Partial dedication match for 'Narnia Campanile' among 3 towers in town
Cathedral Church of St Peter and St Paul,Washington,District of Columbia,1,14848,high,15305,Resolved dedication 'Cath Ch of S Peter & S Paul' (Washington) among 2 towers in town
All Saints,Dewsbury,West Yorkshire,1,10877,high,,Unique tower in Dewsbury; dedication 'Minster Ch of All Saints' matches 'All Saints'
"Reedham, Roseville (MN), St Paul (MN), Coon Rapids (MN), Vancouver (WA)",Ringing Room,UK & USA,1,,none,,Virtual ringing platform or dispersed locations
St George the Martyr,Southwark,Surrey,1,,none,,No matching tower found for 'Southwark' in Dove register
,Poplar,Middx,1,14021,medium,25592,Partial dedication match for 'All Saints' among 2 towers in town
,Ringing Room UK,"Bearsden, Cambridge, Cambridge, Eaton Socon",1,,none,,No matching tower found for 'Ringing Room UK' in Dove register
St Mary the Blessed Virgin,Olveston,Gloucestershire,1,14742,high,,Unique tower in Olveston; dedication 'S Mary V' matches 'St Mary the Blessed Virgin'
St John the Baptist,Mersham,Kent,1,15356,high,,Unique tower in Mersham; dedication 'S John Bapt' matches 'St John the Baptist'
Our Lady and the English Martyrs,Cambridge,Cambridgeshire,1,12645,medium,15139;16664;14964;17550;13803;13748;18933;18934;25479;18935,Partial dedication match for 'Our Lady & Eng Martyrs' among 27 towers in town
St Michael and all Angels,Mottram-in-Longdendale,Cheshire,1,12605,high,,Unique tower in Mottram in Longdendale; dedication 'S Michael' matches 'St Michael and all Angels'
60 Liverpool Street,Southampton,Hampshire,1,,none,,Private residence address (handbell ring)
"Cheltenham, Napierville (IL), Oldham, Vernet-les-Bains",Ringing Room,"UK, USA & France",1,,none,,Virtual ringing platform or dispersed locations
MTB,Hopton Heath,Shropshire,1,13820,medium,,"Sole ringing tower in Hopton Heath, but dedication 'nan' differs from source 'MTB'"
Christ Church,North Shields,Northumberland,1,,none,,No matching tower found for 'North Shields' in Dove register
,Great Hampton,Worcs,1,12445,high,,Unique tower in Great Hampton (Worcestershire); building unspecified in source
St Bartholomew,Haslemere,Surrey,1,13219,high,20687,Resolved dedication 'S Bartholomew' (Haslemere) among 2 towers in town
St John Horsleydown,Southwark,Surrey,1,,none,,No matching tower found for 'Southwark' in Dove register
Unknown,Norwich,Norfolk,1,,none,13262;10164;14724;13293;15574;15668;15623;11970;10466;22493,Unresolved: 'Unknown' did not match any of the 20 towers in Norwich
"The Osborn Arms, Heneage Street",Spitalfields,Greater London,1,,none,,Private residence name (handbell ring)
St John the Evangelist,Groton,Massachusetts,1,15745,medium,,"Sole ringing tower in Groton, but dedication 'Groton School Chapel' differs from source 'St John the Evangelist'"
St Mary and St Thomas,Wymondham,Norfolk,1,16892,medium,,"Sole ringing tower in Wymondham, but dedication 'Abbey Ch of S Mary V & S Thomas a Becket' differs from source 'St Mary and St Thomas'"
,Cambridge (MIT),Massachusetts,1,,none,,No matching tower found for 'Cambridge (MIT)' in Dove register
SS. Peter & Paul,Coleshill,Warwickshire,1,10412,high,,Unique tower in Coleshill; dedication 'S Peter & S Paul' matches 'SS. Peter & Paul'
Cathedral,Derby,,1,16607,high,16699;10354;19605;19606;19609;19610;19611;19613,Resolved dedication 'Cath Ch of All Saints' (Derby) among 9 towers in town
St Mary,Kidderminster,,1,13561,high,21284;21288;21285;21286;21287,Resolved dedication 'S Mary & All Saints' (Kidderminster) among 6 towers in town
St John the Baptist,Cardiff,South Glamorgan,1,12372,high,25554,Resolved dedication 'S John Bapt' (Cardiff) among 2 towers in town
St James,kingston,Dorset,1,14840,high,,Unique tower in Kingston; dedication 'S James' matches 'St James'
Wells Cathedral,Wells,,1,,none,13876;17150;24518,Unresolved: 'Wells Cathedral' did not match any of the 3 towers in Wells
Barstable School,Barstable,Essex,1,,none,,No matching tower found for 'Barstable' in Dove register
St Mark,Worsley,Gtr. Man,1,,none,,No matching tower found for 'Worsley' in Dove register
St Peter,Bexhill on Sea,East Sussex,1,12863,high,,Unique tower in Bexhill on Sea; dedication 'S Peter' matches 'St Peter'
St Peter and St Paul,Blockley,Gloucestershire,1,12356,high,,Unique tower in Blockley; dedication 'S Peter & S Paul' matches 'St Peter and St Paul'
"Holy Sepulchre without Newgate, Holborn Viaduct",City of London,,1,11081,high,15228;13868;12429;13028;11914;16634;16578;10471;16020;13189,Resolved dedication 'S Andrew Holborn' (London) among 42 towers in town
76 Ashlawn Road,Rugby,Warwickshire,1,,none,,Private residence address (handbell ring)
,Reigate,Surrey,1,14463,medium,12939;25440;25441,Partial dedication match for 'S Mark' among 4 towers in town
Abbey Church of St Mary the Virgin and St Thomas a Becket,Wymondham,Norfolk,1,16892,high,,Unique tower in Wymondham; dedication 'Abbey Ch of S Mary V & S Thomas a Becket' matches 'Abbey Church of St Mary the Virgin and St Thomas a Becket'
"Ship and Sailor, Effingham Place",Deptford,Greater London,1,,none,12533;19603;19604;16313,"Unresolved: 'Ship and Sailor, Effingham Place' did not match any of the 4 towers in Deptford"
St Mary the Virgin,Saffron Walden,Essex,1,12985,high,,Unique tower in Saffron Walden; dedication 'S Mary V' matches 'St Mary the Virgin'
St Philip,Birmingham,,1,15513,high,16786;13032;14891;12955;25526;25540;25808,Resolved dedication 'Cath Ch of S Philip' (Birmingham) among 8 towers in town
23 Park Road,Rugby,,1,,none,,Private residence address (handbell ring)
,St Marychurch,Devon,1,15054,high,,Unique tower in St Marychurch (Devon); building unspecified in source
St Laurence,Stroud,Gloucestershire,1,14747,high,23878,Resolved dedication 'S Laurence' (Stroud) among 2 towers in town
Christ Church,West Bromwich,Staffordshire,1,,none,13138;24557;24558;24560;24559,Unresolved: 'Christ Church' did not match any of the 5 towers in West Bromwich
St Peter and St Paul,Cudham,Greater London,1,11480,high,,Unique tower in Cudham; dedication 'S Peter & S Paul' matches 'St Peter and St Paul'
All Saints,Gosforth,Northumb,1,,none,,No matching tower found for 'Gosforth' in Dove register
"Great Hockham,Oldham, Norwich, South Walsham & Wymondham",Ringing Room,Uk,1,,none,,Virtual ringing platform or dispersed locations
1 Totland Grove,Chester,Cheshire,1,,none,,Private residence address (handbell ring)
,Malvern Link,Worcs,1,16823,medium,21932,Partial dedication match for 'S Matthias' among 2 towers in town
St Sidwell,Exeter,Devon,1,20013,high,13963;14687;16135;15779;16959;14227;20007;20008;25133;20009,Resolved dedication 'S Sidwell' (Exeter) among 16 towers in town
Lavenham,Gravesend,Kent,1,,none,15494;20384,Unresolved: 'Lavenham' did not match any of the 2 towers in Gravesend
St George,Stockport,,1,14137,high,14733;23798;23799;23800;25653;22535,Resolved dedication 'S George' (Stockport) among 7 towers in town
St Mary and St Lambert,Stonham Aspal,Suffolk,1,15781,high,,Unique tower in Stonham Aspal; dedication 'S Mary & S Lambert' matches 'St Mary and St Lambert'
S Michael Archangel,Lyme Regis,Dorset,1,14094,high,,Unique tower in Lyme Regis; dedication 'S Michael Archangel' matches 'S Michael Archangel'
St Peter Mancroft,Norwich,,1,11970,high,13262;10164;14724;13293;15574;15668;15623;10466;22493;25547,Resolved dedication 'S Peter Mancroft' (Norwich) among 20 towers in town
All Saints,Leighton Buzzard,Bedfordshire,1,10931,high,,Unique tower in Leighton Buzzard; dedication 'All Saints' matches 'All Saints'
Unknown,Abingdon,Oxfordshire,1,,none,15023;10628;17803,Unresolved: 'Unknown' did not match any of the 3 towers in Abingdon
12 Greville Place,St John's Wood,Middlesex,1,,none,,Private residence address (handbell ring)
St Giles Belfry,Newcastle,Staffordshire,1,,none,,No matching tower found for 'Newcastle' in Dove register
St John the Baptist,Yeovil,Somerset,1,15997,high,25084;25085;25086,Resolved dedication 'S John Bapt' (Yeovil) among 4 towers in town
,Bromsgrove,,1,10080,medium,18734;18735,Partial dedication match for 'S John Bapt' among 3 towers in town
St John the Baptist,Bromsgrove,Worcestershire,1,10080,high,18734;18735,Resolved dedication 'S John Bapt' (Bromsgrove) among 3 towers in town
St Michael,Aylsham,Norfolk,1,16792,high,,Unique tower in Aylsham; dedication 'S Michael' matches 'St Michael'
St Nicholas,Brighton,,1,10859,high,16546;10532;14297;14589;18660;18670;18662;18663;18664;18665,Resolved dedication 'S Nicholas' (Brighton) among 17 towers in town
,Reigate,,1,14463,medium,12939;25440;25441,Partial dedication match for 'S Mark' among 4 towers in town
"Eaton Socon,Wetton, Cambridge, Oldham & Great Hockham",Ringing Room,UK,1,,none,,Virtual ringing platform or dispersed locations
,Banbury,,1,14105,medium,13990;25738;18096;18097,Partial dedication match for 'S John Ev' among 5 towers in town
Blessed Virgin Mary,Bathwick,Somerset,1,13019,high,18180,Resolved dedication 'Blessed Virgin Mary' (Bath) among 2 towers in town
Priory Church of SS Mary and Michael,Great Malvern,Worcestershire,1,13083,medium,17682;20417,Partial dedication match for 'Priory Ch of S Mary & S Michael' among 3 towers in town
Cathedral Church of the Blessed Virgin Mary and St Ethelbert,Hereford,Herefordshire,1,16543,high,12843;11693;15881;20819;20820;20821;20822,Resolved dedication 'Cath Ch of BVM & S Ethelbert' (Hereford) among 8 towers in town
St Michael & All Angels,Aston Clinton,Buckinghamshire,1,17117,high,,Unique tower in Aston Clinton; dedication 'S Michael & All Angels' matches 'St Michael & All Angels'
St Mary,Bocking,Essex,1,14707,high,18464,Resolved dedication 'S Mary' (Bocking) among 2 towers in town
Cathedral,Hereford,,1,16543,high,12843;11693;15881;20819;20820;20821;20822,Resolved dedication 'Cath Ch of BVM & S Ethelbert' (Hereford) among 8 towers in town
St Andrew,Hornchurch,Greater London,1,14513,high,21023,Resolved dedication 'S Andrew' (Hornchurch) among 2 towers in town
All Saints,Nottingham,,1,16412,high,10637;16058;25524;22500;22501;22502;22503,Resolved dedication 'All Saints' (Nottingham) among 8 towers in town
The Bell Meadow Peal,Warnham,,1,,none,25269;15727;25663,Unresolved: 'The Bell Meadow Peal' did not match any of the 3 towers in Warnham
St Botolph,Newbold on Avon,Warwickshire,1,13231,high,,Unique tower in Newbold on Avon; dedication 'S Botolph' matches 'St Botolph'
Cathedral,Portsmouth,Hampshire,1,13220,high,25238;17042;16279;25536,Resolved dedication 'Cath Ch of S Thomas of Canterbury' (Portsmouth) among 5 towers in town
St James,Whitehaven,Cumbria,1,11872,high,,Unique tower in Whitehaven; dedication 'S James' matches 'St James'
"Strand, St Clement Danes",Westminster,Greater London,1,13512,high,13657;15153;14872;12465;25551;25523;25538;24658;24660;24654,Resolved dedication 'S Clement Danes' (Westminster) among 16 towers in town
33 Osborne Road,Palmers Green,Greater London,1,,none,,Private residence address (handbell ring)
St Mary,Stafford,Staffordshire,1,16829,high,12094;23679;23680;19687,Resolved dedication 'S Mary' (Stafford) among 5 towers in town
Cathedral Church of St Thomas of Canturbury,Portsmouth,Hampshire,1,13220,medium,25238;17042;16279;25536,Partial dedication match for 'Cath Ch of S Thomas of Canterbury' among 5 towers in town
34 Hammelton Road,Bromley,Kent,1,,none,,Private residence address (handbell ring)
,Roker,,1,11440,medium,23057,Partial dedication match for 'S Andrew' among 2 towers in town
"Vernet-le-Bains, Cambridge, Glasgow, Wetton & Great Hockham",Ringing Room,UK & France,1,,none,,Virtual ringing platform or dispersed locations
St Mary,St. Neots,Cambridgeshire,1,12275,high,25247,Resolved dedication 'S Mary' (St Neots) among 2 towers in town
St Thomas a Becket,Stockton on Tees,Cleveland,1,,none,,No matching tower found for 'Stockton on Tees' in Dove register
,Hillingdon,,1,15193,medium,20897,Partial dedication match for 'S John Bapt' among 2 towers in town
Lady S Mary,Wareham,Dorset,1,11178,high,24433,Resolved dedication 'Lady S Mary' (Wareham) among 2 towers in town
"St Mary, St Katharine, and All Saints",Edington,Wiltshire,1,15138,high,,"Unique tower in Edington; dedication 'S Mary, S Katharine, & All Saints' matches 'St Mary, St Katharine, and All Saints'"
Basilica of St Mary,Sydney,New South Wales,1,15468,high,16969;13849;14777;13677;11518;10621;12983;13900;11755;16839,Resolved dedication 'Cath Ch of S Mary' (Sydney) among 20 towers in town
The Wayside,Leicester,Leicestershire,1,,none,12250;10495;13828;21538;21539;21540;21541;21542;21544;21545,Unresolved: 'The Wayside' did not match any of the 15 towers in Leicester
"Norwich,Great Hockham, Reach & Godmanchester",Ringing Room,,1,,none,,Virtual ringing platform or dispersed locations
,Whitby,,1,10263,medium,24726;24727;24728,Partial dedication match for 'S Mary' among 4 towers in town
All Saints',Nottingham,Nottinghamshire,1,16412,high,10637;16058;25524;22500;22501;22502;22503,Resolved dedication 'All Saints' (Nottingham) among 8 towers in town
SS Peter & Paul,Wisbech,Cambridgeshire,1,11719,medium,24886,Partial dedication match for 'S Peter & S Paul' among 2 towers in town
,Carbis Bay,,1,14778,high,,Unique tower in Carbis Bay (Cornwall); building unspecified in source
St Nicolas,Guildford,,1,12695,high,14593;14592;11502;25706;20505;25586,Resolved dedication 'S Nicolas' (Guildford) among 7 towers in town
St Mary,Dalton-in-Furness,Cumbria,1,14596,high,19551,Resolved dedication 'S Mary' (Dalton in Furness) among 2 towers in town
,Coleshill,Warks,1,10412,high,,Unique tower in Coleshill (Warwickshire); building unspecified in source
The Cathedral of St. Thomas of Canterbury,Portsmouth,Hampshire,1,13220,high,25238;17042;16279;25536,Resolved dedication 'Cath Ch of S Thomas of Canterbury' (Portsmouth) among 5 towers in town
"Withycombe Raleigh, St John the Evangelist",Withycombe Raleigh,Devon,1,16183,high,24899;21079,Resolved dedication 'S John Ev' (Withycombe Raleigh) among 3 towers in town
"West Pines, Dale Brow",Prestbury,Cheshire,1,16364,medium,,"Sole ringing tower in Prestbury, but dedication 'S Peter' differs from source 'West Pines, Dale Brow'"
"Cambridge, Wetton, Norwich, Great Hockham & Godmanchester",Ringing Room,,1,,none,,Virtual ringing platform or dispersed locations
St Mary,Long Crendon,Buckinghamshire,1,12735,high,,Unique tower in Long Crendon; dedication 'S Mary V' matches 'St Mary'
St Mary,Stockport,Greater Manchester,1,14733,high,14137;23798;23799;23800;25653;22535,Resolved dedication 'S Mary' (Stockport) among 7 towers in town
St.Peter,Saltby,Leicestershire,1,12864,high,,Unique tower in Saltby; dedication 'S Peter' matches 'St.Peter'
Cathedral Church of SS Peter and Paul,Washington,"District of Columbia, United States of America",1,14848,medium,15305,Partial dedication match for 'Cath Ch of S Peter & S Paul' among 2 towers in town
,Wrington,,1,16110,high,,Unique tower in Wrington (Somerset); building unspecified in source
St Mary,Dalton in Furness,Cumbria,1,14596,high,19551,Resolved dedication 'S Mary' (Dalton in Furness) among 2 towers in town
St Margaret,Warnham,Sussex,1,15727,high,25269;25663,Resolved dedication 'S Margaret' (Warnham) among 3 towers in town
The Brambles,Brimpton,Berkshire,1,11416,medium,,"Sole ringing tower in Brimpton, but dedication 'S Peter' differs from source 'The Brambles'"
St Mary,Melton Mowbray,Leicestershire,1,14990,high,,Unique tower in Melton Mowbray; dedication 'S Mary' matches 'St Mary'
Priory Church of St James,Bristol,Bristol,1,14342,high,10300;10331;15455;11615;14422;12166;15180;12993;12039;16354,Resolved dedication 'Priory Ch of S James' (Bristol) among 17 towers in town
Cathedral,Lichfield,,1,13701,high,15562;12669;11065;21592,Resolved dedication 'Cath Ch of BVM & S Chad' (Lichfield) among 5 towers in town
"Eaton Socon, Wetton, Glasgow, Great Hockham, Godmanchester",Ringing Room,,1,,none,,Virtual ringing platform or dispersed locations
,Richmond,Surrey,1,,none,,No matching tower found for 'Richmond' in Dove register
"Vernet-les-Bains, Reach, Glasgow, Great Hockham & Cambridge",Ringing Room,UK,1,,none,,Virtual ringing platform or dispersed locations
Holy Trinity,Coalbrookdale,Shropshire,1,10966,high,,Unique tower in Coalbrookdale; dedication 'Holy Trinity' matches 'Holy Trinity'
St Andrew,Ewerby,Lincolnshire,1,10801,high,,Unique tower in Ewerby; dedication 'S Andrew' matches 'St Andrew'
All Hallows,Twickenham,London,1,12600,high,13698;25941;24266;24267,Resolved dedication 'All Hallows' (Twickenham) among 5 towers in town
,Hursley,,1,17077,high,,Unique tower in Hursley (Hampshire); building unspecified in source
,Boston,Lincs,1,15592,medium,18510;18509;18511,Partial dedication match for 'S Botolph' among 4 towers in town
Christ Church,Crewe,Cheshire,1,13114,high,19452;19453;19454,Resolved dedication 'Christ Church' (Crewe) among 4 towers in town
St Saviour,Oxton,Wirral,1,,none,,No matching tower found for 'Oxton' in Dove register
"Vernet-les-Bains, Hitchin, Oldham, Wetton & Great Hockham",Ringing Room,UK & France,1,,none,,Virtual ringing platform or dispersed locations
,Fulham,,1,12421,medium,20247;20248;20249,Partial dedication match for 'All Saints' among 4 towers in town
St Peter,Croydon,Surrey,1,,none,,No matching tower found for 'Croydon' in Dove register
,Hatfield,Herts,1,16620,medium,20699;20700,Partial dedication match for 'S Etheldreda' among 3 towers in town
,Southover,,1,15805,high,,Unique tower in Lewes (East Sussex); building unspecified in source
St Mary,Beddington,Greater London,1,16391,high,,Unique tower in Beddington; dedication 'S Mary' matches 'St Mary'
St Clement Danes,London,WC,1,,none,,No matching tower found for 'London' in Dove register
Cathedral of St Macartan,Enniskillen,Fermanagh,1,13372,high,,Unique tower in Enniskillen; dedication 'Cath Ch of S Macartin' matches 'Cathedral of St Macartan'
"Penrith, Oldham, Glasgow, Wetton & Great Hockham",Ringing Room,UK,1,,none,,Virtual ringing platform or dispersed locations
,Edington,,1,15138,medium,19894,"Partial dedication match for 'S Mary, S Katharine, & All Saints' among 2 towers in town"
,Stratford-upon-Avon,,1,10264,high,,Unique tower in Stratford upon Avon (Warwickshire); building unspecified in source
Abbey of St Mary,Tewkesbury,Gloucestershire,1,15657,medium,25268;24023,Partial dedication match for 'Abbey Ch of S Mary V' among 3 towers in town
,Wareham,,1,11178,medium,24433,Partial dedication match for 'Lady S Mary' among 2 towers in town
Cathedral,Rochester,,1,16583,high,15454;11539;23038,Resolved dedication 'Cath Ch of Christ & BVM' (Rochester) among 4 towers in town
"Cheltenham, Vancouver (WA), Naperville (IL), Foxborough (MA), Vernet-les-Bains",Ringing Room,"UK, USA, France",1,,none,,Virtual ringing platform or dispersed locations
45 St Mary's Walk,Fowlmere,Cambridgeshire,1,,none,,Private residence address (handbell ring)
"Cheltenham, Vancouver (WA), Naperville (IL), Glasgow, Vernet-les-Bains",Sonneur,,1,,none,,No matching tower found for 'Sonneur' in Dove register
St Mary,Slough,Buckinghamshire,1,,none,,No matching tower found for 'Slough' in Dove register
St Mary,Hitchin,Hertfordshire,1,11700,high,20918;20919;20920,Resolved dedication 'S Mary' (Hitchin) among 4 towers in town
"Penrith, Oldham, Great Hockham, Glasgow & Wetton",Ringing Room,Uk,1,,none,,Virtual ringing platform or dispersed locations
All Saints,Northallerton,N Yorkshire,1,,none,,No matching tower found for 'Northallerton' in Dove register
St Mary Magdalene,Reigate,Surrey,1,12939,high,14463;25440;25441,Resolved dedication 'S Mary Magd' (Reigate) among 4 towers in town
,Bathwick,,1,13019,medium,18180,Partial dedication match for 'Blessed Virgin Mary' among 2 towers in town
St Bartholomew,Marsden,West Yorkshire,1,10194,high,,Unique tower in Marsden; dedication 'S Bartholomew' matches 'St Bartholomew'
St Cuthbert,Edinburgh,Edinburgh,1,15076,high,13737;12430;12029,Resolved dedication 'S Cuthbert' (Edinburgh) among 4 towers in town
Cathedral of St Peter,Bradford,West Yorkshire,1,10691,high,17449;18579;18580;18581,Resolved dedication 'Cath Ch of S Peter' (Bradford) among 5 towers in town
All Saints,Inveraray,Argyll & Bute,1,,none,,No matching tower found for 'Inveraray' in Dove register
"Eaton Socon, Reach, Oldham, Glasgow & Wetton",Ringing Room,UK,1,,none,,Virtual ringing platform or dispersed locations
St Michael & All Angels,Edenham,Lincolnshire,1,13380,high,,Unique tower in Edenham; dedication 'S Michael' matches 'St Michael & All Angels'
10 Eden Drive,Macclesfield,Cheshire,1,,none,,Private residence address (handbell ring)
St Dunstan,Stepney,,1,14988,high,17069;23768;25672,Resolved dedication 'S Dunstan & All Saints' (Stepney) among 4 towers in town
St Mary Magdalene,Broughton in Furness,Lancashire,1,12615,medium,,"Fuzzy place match (Broughton in Furness -> Broughton, Lancashire)"
Christ Church,Southgate,Middlesex,1,12730,high,23565,Resolved dedication 'Christ Church' (Southgate) among 2 towers in town
"Ranmoor, St John the Evangelist",Sheffield,South Yorkshire,1,,none,10439;13787;23300;22121,"Unresolved: 'Ranmoor, St John the Evangelist' did not match any of the 4 towers in Sheffield"
,Tamworth,,1,11411,high,,Unique tower in Tamworth (Staffordshire); building unspecified in source
,Dalton-in-Furness,,1,14596,medium,19551,Partial dedication match for 'S Mary' among 2 towers in town
Holy Cross,Daventry,Northants,1,14260,high,,Unique tower in Daventry; dedication 'Holy Cross' matches 'Holy Cross'
Abbey of St Mary the Virgin and St Thomas a Becket,Wymondham,Norfolk,1,16892,high,,Unique tower in Wymondham; dedication 'Abbey Ch of S Mary V & S Thomas a Becket' matches 'Abbey of St Mary the Virgin and St Thomas a Becket'
St James,Bristol,Bristol,1,14342,high,10300;10331;15455;11615;14422;12166;15180;12993;12039;16354,Resolved dedication 'Priory Ch of S James' (Bristol) among 17 towers in town
St Edward Conf,Leek,Staffordshire,1,11585,high,21533;21532,Resolved dedication 'S Edward Conf' (Leek) among 3 towers in town
St Giles,Willenhall,West Midlands,1,16436,high,24807;24809,Resolved dedication 'S Giles' (Willenhall) among 3 towers in town
,Marsden,,1,10194,high,,Unique tower in Marsden (West Yorkshire); building unspecified in source
Holy Trinity,Kendal,Westmorland,1,14976,high,21246;25565,Resolved dedication 'Holy Trinity' (Kendal) among 3 towers in town
The Priory Church of SS Peter and Paul,Leominster,Herefordshire,1,13718,medium,25823,Partial dedication match for 'S Peter & S Paul' among 2 towers in town
St Martin,Epsom,Surrey,1,11827,high,11051;25700;25719;25461,Resolved dedication 'S Martin' (Epsom) among 5 towers in town
"Vernet-les-Bains, Oldham, Glasgow, Wetton & Great Hockham",Ringing Room,UK & France,1,,none,,Virtual ringing platform or dispersed locations
At the Parish Church of St Dunstan,Stepney Green,Greater London,1,,none,,No matching tower found for 'Stepney Green' in Dove register
Cathedral of SS Peter and Wilfrid,Ripon,North Yorkshire,1,16628,medium,23020;23822,Partial dedication match for 'Cath Ch of S Peter & S Wilfrid' among 3 towers in town
All Saints,Poplar,Middlesex,1,14021,high,25592,Resolved dedication 'All Saints' (Poplar) among 2 towers in town
All Saints,Northallerton,North Yorks,1,12067,high,,Unique tower in Northallerton; dedication 'All Saints' matches 'All Saints'
All Saints,Youlgreave,Derbyshire,1,11474,high,,Unique tower in Youlgreave; dedication 'All Saints' matches 'All Saints'
,Egham,,1,13581,high,,Unique tower in Egham (Surrey); building unspecified in source
St Mary the Virgin,Masham,North Yorkshire,1,12583,high,,Unique tower in Masham; dedication 'S Mary V' matches 'St Mary the Virgin'
Cathedral Church of St Columb,Londonderry,Derry,1,12649,high,25555;25562,Resolved dedication 'Cath Ch of S Columb' (Londonderry) among 3 towers in town
Church of the Advent,Boston,,1,11198,high,15592;12291;18510;18509;18511,Resolved dedication 'The Advent' (Boston) among 6 towers in town
SS Gregory and Martin,Wye,Kent,1,14113,high,,Unique tower in Wye; dedication 'S Gregory & S Martin' matches 'SS Gregory and Martin'
"Cheltenham, Naperville (IL), Glasgow, Vancouver (WA), Vernet-les-Bains",Sonneur,UK & USA & France,1,,none,,No matching tower found for 'Sonneur' in Dove register
"St Dunstan-in-the-West, Fleet St",City of London,,1,11914,high,15228;11081;13868;12429;13028;16634;16578;10471;16020;13189,Resolved dedication 'S Dunstan-in-the-West' (London) among 42 towers in town
St Mary the Virgin,Brixham,Devon,1,14146,high,20264,Resolved dedication 'S Mary' (Brixham) among 2 towers in town
Cathedral of St David,St Davids,Pembrokeshire,1,14312,high,,Unique tower in St Davids; dedication 'Cath Ch of S David & S Andrew' matches 'Cathedral of St David'
All Saints,East Meon,Hampshire,1,11030,high,,Unique tower in East Meon; dedication 'All Saints' matches 'All Saints'
,Doulting Beacon (Knapps Farm Campanile),Somerset,1,14595,high,,"Fuzzy place match (Doulting Beacon (Knapps Farm Campanile) -> Doulting, Somerset)"
"Cathedral Church of St James and St Edmund, King and Martyr (Norman Tower)",Bury St Edmunds,Suffolk,1,12587,high,18865;17434;18866,Resolved dedication 'Cath Ch of S James & S Edmund' (Bury St Edmunds) among 4 towers in town
"Cathedral Church of  St James & St Edmund, King & Martyr",Bury St Edmunds,Suffolk,1,12587,high,18865;17434;18866,Resolved dedication 'Cath Ch of S James & S Edmund' (Bury St Edmunds) among 4 towers in town
Cathedral Church of All Saints,Wakefield,West Yorkshire,1,14172,high,24365;24366;24367;25548,Resolved dedication 'Cath Ch of All Saints' (Wakefield) among 5 towers in town
,"Ringing Room (Eaton Socon, Oldham, Norwich, Glasgow & Glasgow)",UK,1,,none,,"No matching tower found for 'Ringing Room (Eaton Socon, Oldham, Norwich, Glasgow & Glasgow)' in Dove register"
Cathedral Church of St Macartan,Enniskillen,Fermanagh,1,13372,high,,Unique tower in Enniskillen; dedication 'Cath Ch of S Macartin' matches 'Cathedral Church of St Macartan'
Denmisch Ring,Exeter Cathedral School,Devon,1,,none,,No matching tower found for 'Exeter Cathedral School' in Dove register
St Alfege,Greenwich,Greater London,1,12672,high,25497,Resolved dedication 'S Alfege' (Greenwich) among 2 towers in town
St Saviour's Cathedral,Goulburn,"New South Wales, Australia",1,15655,high,,Unique tower in Goulburn; dedication 'Cath Ch of S Saviour' matches 'St Saviour's Cathedral'
Minster Church of St John and St Martin,Beverley,East Riding of Yorkshire,1,15335,high,10618;18305,Resolved dedication 'Minster Ch of S John & S Martin' (Beverley) among 3 towers in town
All Saints,Hawton,Nottinghamshire,1,12556,high,,Unique tower in Hawton; dedication 'All Saints' matches 'All Saints'
St Mary of Charity,Faversham,Kent,1,14488,high,,Unique tower in Faversham; dedication 'S Mary of Charity' matches 'St Mary of Charity'
St Swithun,Retford,Nottinghamshire,1,16540,high,22989,Resolved dedication 'S Swithun' (Retford) among 2 towers in town
Little Creed Cottage,Bosham,West Sussex,1,,none,,Private residence name (handbell ring)
St Mary Abbots,Kensington,,1,12662,high,21258;21259,Resolved dedication 'S Mary Abbots' (Kensington) among 3 towers in town
,Dronfield Woodhouse,Derbys,1,16535,high,,"Fuzzy place match (Dronfield Woodhouse -> Dronfield, Derbyshire)"
St Mary the Virgin,Berkeley,Gloucestershire,1,12607,high,,Unique tower in Berkeley; dedication 'S Mary V' matches 'St Mary the Virgin'
"The Six Bells, Mill Pond Bridge",Rotherhithe,Greater London,1,,none,11431;23072,"Unresolved: 'The Six Bells, Mill Pond Bridge' did not match any of the 2 towers in Rotherhithe"
,Charminster,,1,10352,medium,18531,Partial dedication match for 'S Mary V' among 2 towers in town
,Wilton,,1,17133,medium,24835;24836;11145;15920,Partial dedication match for 'S Mary & S Nicholas' among 5 towers in town
62 Manor Park South,Knutsford,Cheshire,1,,none,,Private residence address (handbell ring)
,Braintree,,1,16457,high,,Unique tower in Braintree (Essex); building unspecified in source
St Mary Magdalen,Oxford,Oxon.,1,14239,high,14542;10172;11850;12299;11203;16203;13271;13903;10326;10578,Resolved dedication 'S Mary Magdalen' (Oxford) among 26 towers in town
St Thomas of Thorverton,Thorverton,Devon,1,16860,high,,Unique tower in Thorverton; dedication 'S Thomas of Canterbury' matches 'St Thomas of Thorverton'
"St Laurence, Northfield",Birmingham,W Midlands,1,10555,high,,"Resolved via parish in building 'Northfield' (Northfield, S Laurence)"
St Thomas,Thorverton,Devon,1,16860,high,,Unique tower in Thorverton; dedication 'S Thomas of Canterbury' matches 'St Thomas'
"St Mary the Virgin, St Marychurch",Torquay,Devon,1,15054,high,,"Resolved via parish in building 'St Marychurch' (St Marychurch, S Mary V)"
"St Margaret, Altrincham",Dunham Massey,Greater Manchester,1,17902,high,,"Resolved via parish in building 'Altrincham' (Altrincham, S George)"
St Wulfram,Grantham,Lincolnshire,1,15759,high,20378;20377;20379;20380,Resolved dedication 'S Wulfram' (Grantham) among 5 towers in town
"Trafalgar Square, Liberties of St Martin in the Fields",Westminster,Greater London,1,15153,high,13512;13657;14872;12465;25551;25523;25538;24658;24660;24654,Resolved dedication 'S Martin in the Fields' (Westminster) among 16 towers in town
St Michael and All Angels,Ashton Under Lyne,Greater Manchester,1,10838,high,15994;17995;17996;17997;17998,Resolved dedication 'S Michael & All Angels' (Ashton under Lyne) among 6 towers in town
St Mary the Virgin,Shrewsbury,Salop,1,13234,high,10593;23368;17405;23369;17690;23370;23371;17283,Resolved dedication 'S Mary V' (Shrewsbury) among 9 towers in town
Cath Ch of St John the Evangelist,Brecon,Powys,1,10499,high,12492,Resolved dedication 'Cath Ch of S John Ev' (Brecon) among 2 towers in town
St Padarn,Llanbadarn Fawr,Ceredigion,1,12789,high,10847,Resolved dedication 'S Padarn' (Llanbadarn Fawr) among 2 towers in town
St Ambrose,"Bristol, Whitehall",Bristol,1,15775,high,,"Resolved via suburb/parish 'Whitehall' in town name (Whitehall, S Ambrose)"
Cathedral Church of St Mary the Virgin,Glasgow,Strathclyde,1,,none,,No matching tower found for 'Glasgow' in Dove register
St Wilfrid (RC),York,North Yorkshire,1,12165,high,11340;13714;16004;11426;16125;15985;13479;10509;11836;17575,Resolved dedication 'Oratory Ch of S Wilfrid' (York) among 23 towers in town
16 College Road,Maidenhead,Berkshire,1,,none,,Private residence address (handbell ring)
St Malachi,Hillsborough,Down,1,16595,high,,Unique tower in Royal Hillsborough; dedication 'S Malachi' matches 'St Malachi'
Minster church of St John the Evangelist,Beverley,East Yorkshire,1,,none,,No matching tower found for 'Beverley' in Dove register
St Luke,Atlanta,"Georgia, United States of America",1,14361,high,,Unique tower in Atlanta; dedication 'S Luke' matches 'St Luke'
St Andrew,Roker,Tyne and Wear,1,11440,high,23057,Resolved dedication 'S Andrew' (Roker) among 2 towers in town
St Mary,Beverley,East Yorkshire,1,,none,,No matching tower found for 'Beverley' in Dove register
Grace Church Cathedral,Charleston,South Carolina,1,16377,high,15062;14807;14830,Resolved dedication 'Grace Church Cathedral' (Charleston) among 4 towers in town
"St Paul, Jewellery Quarter",Birmingham,West Mids,1,,none,,No matching tower found for 'Birmingham' in Dove register
,Greenwich,,1,12672,medium,25497,Partial dedication match for 'S Alfege' among 2 towers in town
,Hingham,,1,16018,medium,10650,Partial dedication match for 'Memorial Bell Tower' among 2 towers in town
St Wilfrid,York,.,1,12165,high,11340;13714;16004;11426;16125;15985;13479;10509;11836;10444,Resolved dedication 'Oratory Ch of S Wilfrid' (York) among 24 towers in town
Spark Bottom Farm,Chapel en le Frith,Derbyshire,1,,none,,Private residence name (handbell ring)
St Ambrose,Bristol,,1,11859,medium,10300;10331;15455;14342;11615;14422;12166;15180;12993;12039,Partial dedication match for 'S Matthew' among 17 towers in town
"All Saints, Cathedral",Derby,Derbyshire,1,16607,high,16699;10354;19605;19606;19609;19610;19611;19613,Resolved dedication 'Cath Ch of All Saints' (Derby) among 9 towers in town
St Mary the Virgin,"Sheffield, Ecclesfield",South Yorkshire,1,15876,high,,"Resolved via suburb/parish 'Ecclesfield' in town name (Ecclesfield, S Mary V)"
St John Evan,Withycombe Raleigh,Devon,1,16183,high,24899;21079,Resolved dedication 'S John Ev' (Withycombe Raleigh) among 3 towers in town
St Mary-de-Castro,Leicester,Leicestershire,1,13828,high,12250;10495;21538;21539;21540;21541;21542;21544;21545;21546,Resolved dedication 'S Mary de Castro' (Leicester) among 15 towers in town
Cathedral Church of St David,St David's,Pembrokeshire,1,,none,,No matching tower found for 'St David's' in Dove register
St Michael Archangel,Lyme Regis,Dorset,1,14094,high,,Unique tower in Lyme Regis; dedication 'S Michael Archangel' matches 'St Michael Archangel'
St Goranus,Gorran,Cornwall,1,14529,high,,Unique tower in Gorran; dedication 'S Goranus' matches 'St Goranus'
St Margaret,Westminster,Greater London,1,13657,high,13512;15153;14872;12465;25551;25523;25538;24658;24660;24654,Resolved dedication 'S Margaret' (Westminster) among 16 towers in town
St Peter,Newton le Willows,Merseyside,1,16550,high,22378,Resolved dedication 'S Peter' (Newton le Willows) among 2 towers in town
St Swithun,East Retford,Nottinghamshire,1,16540,high,22989,Resolved dedication 'S Swithun' (Retford) among 2 towers in town
Ancient monastic site,Glenkeen,Co Tipperary,1,,none,,No matching tower found for 'Glenkeen' in Dove register
"Vernet-les-Bains, Reach, Norwich, Wetton & Great Hockham",Ringing Room,UK & France,1,,none,,Virtual ringing platform or dispersed locations
St Brynach,Nevern,Pembrokeshire,1,16666,high,,Unique tower in Nevern; dedication 'S Brynach' matches 'St Brynach'
19b College Road,Bromley,Kent,1,,none,,Private residence address (handbell ring)
Cathedral Church of Christ and the Blessed Virgin Mary,Worcester,Worcestershire,1,11299,high,11249;13277;10704;12050;12921;12643;24996;24997;24998;24999,Resolved dedication 'Cath Ch of Christ & BVM' (Worcester) among 14 towers in town
St Michael and All Angels,Ledbury,Herefordshire,1,14435,high,25223;21515,Resolved dedication 'S Michael & All Angels' (Ledbury) among 3 towers in town
Christ Church,Southgate,Greater London,1,12730,high,23565,Resolved dedication 'Christ Church' (Southgate) among 2 towers in town
St John,Hackney,London,1,16961,high,,Unique tower in Hackney; dedication 'S John at Hackney' matches 'St John'
St Martin,Birmingham,WM,1,,none,,No matching tower found for 'Birmingham' in Dove register
St John the Divine,Merton,Greater London,1,16805,medium,12509;22065,Partial dedication match for 'S John Div' among 3 towers in town
All Saints,Fulham,Greater London,1,12421,high,20247;20248;20249,Resolved dedication 'All Saints' (Fulham) among 4 towers in town
,Birmingham,Warks,1,13032,medium,15513;14891;12955;25526;25540;25808,Partial dedication match for 'Metropolitan Cath Ch of S Chad' among 7 towers in town
Clare College,Cambridge,Cambridgeshire,1,,none,12645;15139;16664;14964;17550;13803;13748;18933;18934;25479,Unresolved: 'Clare College' did not match any of the 27 towers in Cambridge
St John the Baptist,Hackney,Greater London,1,16961,high,,Unique tower in Hackney; dedication 'S John at Hackney' matches 'St John the Baptist'
"Cheltenham, Naperville (IL), Glasgow, Vancouver (WA), Vernet-les-Bains",Ringing Room,UK & USA & France,1,,none,,Virtual ringing platform or dispersed locations
,Washington,,1,14848,medium,15305;14820;24462,Partial dedication match for 'Cath Ch of S Peter & S Paul' among 4 towers in town
St James' Cathedral,Toronto,Ontario,1,12812,high,,Unique tower in Toronto; dedication 'Cath Ch of S James' matches 'St James' Cathedral'
"Residence of Mr Roberts, the Union Tavern, Jamaica Row",Birmingham,,1,,none,16786;13032;15513;14891;12955;25526;25540;25808,"Unresolved: 'Residence of Mr Roberts, the Union Tavern, Jamaica Row' did not match any of the 8 towers in Birmingham"
,Ringing Room,Oxford,1,,none,,Virtual ringing platform or dispersed locations
"Our Lady and St Nicholas, Pier Head",Liverpool,Merseyside,1,13309,high,13402;10744;11694;25529;25564;13925;14155;11800;14177;12572,Resolved dedication 'Our Lady & S Nicholas' (Liverpool) among 15 towers in town
The Most Holy and Undivided Trinity,Hull,East Riding of Yorkshire,1,10627,medium,14938;25355;21095;21096;21336;21337,Partial dedication match for 'Minster Ch of the Most Holy & Undivided Trinity' among 7 towers in town
St Martin in the Fields,Westminster,Greater London,1,15153,high,13512;13657;14872;12465;25551;25523;25538;24658;24660;24654,Resolved dedication 'S Martin in the Fields' (Westminster) among 16 towers in town
Cathedral Church of St Paul,City of London,,1,15228,high,11081;13868;12429;13028;11914;16634;16578;10471;16020;13189,Resolved dedication 'Cath Ch of S Paul' (London) among 42 towers in town
St Magnus the Martyr,London,,1,13189,high,15228;11081;13868;12429;13028;11914;16634;16578;10471;16020,Resolved dedication 'S Magnus the Martyr' (London) among 42 towers in town
Minster Church of the Most Holy and Undivided Trinity,Hull,East Riding of Yorkshire,1,10627,high,14938;25355;21095;21096;21336;21337,Resolved dedication 'Minster Ch of the Most Holy & Undivided Trinity' (Kingston upon Hull) among 7 towers in town
"Handel's Head, Burgess-Street",Sheffield,South Yorkshire,1,,none,10439;13787;23300;22121,"Unresolved: 'Handel's Head, Burgess-Street' did not match any of the 4 towers in Sheffield"
Ss Peter & Paul,Aston,West Midlands,1,10927,medium,18017,Partial dedication match for 'S Peter & S Paul' among 2 towers in town
30 Ann's Road,Cambridge,Cambridgeshire,1,,none,,Private residence address (handbell ring)
St Chad,Shrewsbury,Shropshire,1,10593,high,13234;23368;17405;23369;17690;23370;23371;17283,Resolved dedication 'S Chad' (Shrewsbury) among 9 towers in town
Cathedral Church of St Nicholas,Newcastle upon Tyne,Northumberland,1,,none,,No matching tower found for 'Newcastle upon Tyne' in Dove register
Cleatham House Farm,Cleatham,Lincs,1,,none,,Private residence name (handbell ring)
"Vernet-les-Bains, Wetton, Cambridge, Sabarat, Glasgow",Ringing Room,UK & France,1,,none,,Virtual ringing platform or dispersed locations
Loughrigg,Tollerton,Nottinghamshire,1,11010,medium,,"Sole ringing tower in Tollerton, but dedication 'S Peter' differs from source 'Loughrigg'"
St Sepulchre without Newgate,London,,1,17135,high,15228;11081;13868;12429;13028;11914;16634;16578;10471;16020,Resolved dedication 'S Sepulchre without Newgate' (London) among 42 towers in town
St Magnus the Martyr,City of London,London,1,13189,high,15228;11081;13868;12429;13028;11914;16634;16578;10471;16020,Resolved dedication 'S Magnus the Martyr' (London) among 41 towers in town
18 Heyford Hill Lane,"Littlemore, Oxford",,1,,none,,Private residence address (handbell ring)
Cathedral,Wakefield,,1,14172,high,24365;24366;24367;25548,Resolved dedication 'Cath Ch of All Saints' (Wakefield) among 5 towers in town
,49 St John Street,York,1,,none,,No matching tower found for '49 St John Street' in Dove register
St.Mary and St. Germanus,Selby,North Yorkshire,1,,none,14413;17362,Unresolved: 'St.Mary and St. Germanus' did not match any of the 2 towers in Selby
Cathedral Church of The Holy Spirit,Guildford,Surrey,1,14593,high,14592;11502;12695;25706;20505;25586,Resolved dedication 'Cath Ch of Holy Spirit' (Guildford) among 7 towers in town
"The White Horse, Boughton Street",Boughton under Blean,Kent,1,,none,,Private residence name (handbell ring)
"Vernet-les-Bains, Great Hockham, Oldham, Huningue, Vancouver (WA) & South Walsham",Ringing Room,"UK, France & USA",1,,none,,Virtual ringing platform or dispersed locations
St Saviour,Southwark,,1,16296,high,12588;23574,Resolved dedication 'Cath Ch of S Saviour' (Southwark) among 3 towers in town
St Mary The Virgin,Grundisburgh,Suffolk,1,11974,high,,Unique tower in Grundisburgh; dedication 'S Mary V' matches 'St Mary The Virgin'
Cathedral Church of St Saviour and St Mary Overie,Southwark,Surrey,1,,none,,No matching tower found for 'Southwark' in Dove register
St Michael and All Angels,Ashton under Lyne,Lancashire,1,10838,high,15994;17995;17996;17997;17998,Resolved dedication 'S Michael & All Angels' (Ashton under Lyne) among 6 towers in town
Holy Spirit,Guildford,Surrey,1,14593,high,14592;11502;12695;25706;20505;25586,Resolved dedication 'Cath Ch of Holy Spirit' (Guildford) among 7 towers in town
CATHEDRAL OF ST PHILIP,Birmingham,West Midlands,1,15513,high,13032;14891;12955;25526;25540;25808,Resolved dedication 'Cath Ch of S Philip' (Birmingham) among 7 towers in town
All Saints,Kingston upon Thames,Greater London,1,12227,high,21334;21335,Resolved dedication 'All Saints' (Kingston upon Thames) among 3 towers in town
Cathedral and Metropolitical Church of St Peter,York,North Yorkshire,1,11340,high,13714;16004;11426;16125;15985;13479;12165;10509;11836;17575,Resolved dedication 'Cath & Metropolitical Ch of S Peter' (York) among 23 towers in town
"CSE/204, Ian Wand Building",York,,1,,none,11340;13714;16004;11426;16125;15985;13479;12165;10509;11836,"Unresolved: 'CSE/204, Ian Wand Building' did not match any of the 24 towers in York"
St Mary Redcliffe,Bristol,,1,12166,high,10300;10331;15455;14342;11615;14422;15180;12993;12039;16354,Resolved dedication 'S Mary V' (Bristol) among 17 towers in town
The Dog and Bear,Lenham,Kent,1,14571,medium,,"Sole ringing tower in Lenham, but dedication 'S Mary' differs from source 'The Dog and Bear'"
USA,Ringing Room,,1,,none,,Virtual ringing platform or dispersed locations
Near St Martin's Church,Birmingham,West Midlands,1,14891,high,13032;15513;12955;25526;25540;25808,Resolved dedication 'S Martin' (Birmingham) among 7 towers in town
St Mary the Virgin,Painswick,Gloucestershire,1,14196,high,,Unique tower in Painswick; dedication 'S Mary V' matches 'St Mary the Virgin'
St Peter and St Paul,Aston,West Midlands,1,10927,high,18017,Resolved dedication 'S Peter & S Paul' (Aston) among 2 towers in town
"Vernet-les-Bains, Oldham, Norwich, Glasgow, Orwell & Great Hockham",Ringing Room,UK & France,1,,none,,Virtual ringing platform or dispersed locations
Priory Church of the Holy Trinity,Christchurch,Dorset,1,10415,high,,Unique tower in Christchurch; dedication 'Priory Ch of Holy Trinity' matches 'Priory Church of the Holy Trinity'
St Mary and All Saints,Kidderminster,Worcestershire,1,13561,high,21284;21288;21285;21286;21287,Resolved dedication 'S Mary & All Saints' (Kidderminster) among 6 towers in town
150 Narborough Road South,Leicester,Leicestershire,1,,none,,Private residence address (handbell ring)
"Vernet-les-Bains, Glasgow, Norwich, Cambridge, Wetton & Great Hockham",Ringing Room,,1,,none,,Virtual ringing platform or dispersed locations
Cathedral,Coventry,,1,15631,high,13274;19411;19400;19410;18923;19408;19402;19403;19404;19406,Resolved dedication 'Ruined Cath Ch of S Michael' (Coventry) among 18 towers in town
7 Laburnham Drive,Maidenhead,Berkshire,1,,none,,Private residence address (handbell ring)
Cathedral Church of St Michael,Coventry,West Midlands,1,13274,high,15631;19411;19400;19410;18923;19408;19402;19403;19404;19406,Resolved dedication 'S Michael' (Coventry) among 18 towers in town
St Alphege,Solihull,Warwickshire,1,11354,high,,Unique tower in Solihull; dedication 'S Alphege' matches 'St Alphege'
"Vernet-les-Bains, Reach, Oldham, Glasgow, Reach & Sabarat",Ringing Room,UK & France,1,,none,,Virtual ringing platform or dispersed locations
"Bitterne Park, The Ascension",Southampton,Hampshire,1,11712,high,13796;10453;13354;20881;25539;23552;25687;23549;23550;25418,Resolved dedication 'The Ascension' (Southampton) among 12 towers in town
,Stockton on Tees,,1,13790,medium,23803;23804;23805;23806,Partial dedication match for 'Parish Church' among 5 towers in town
St Nicholas,Great Yarmouth,Norfolk,1,13794,high,25207;25209;25210;20448;20449;25300,Resolved dedication 'Minster Ch of S Nicholas' (Great Yarmouth) among 7 towers in town
St Swithun,East Grinstead,Sussex,1,15810,high,19792,Resolved dedication 'S Swithun' (East Grinstead) among 2 towers in town
,Benenden,Kent,1,10534,high,,Unique tower in Benenden (Kent); building unspecified in source
112 Hartington Grove,Cambridge,,1,,none,,Private residence address (handbell ring)
St Nicholas,Liverpool,,1,13309,high,13402;10744;11694;25529;25564;13925;14155;11800;14177;12572,Resolved dedication 'Our Lady & S Nicholas' (Liverpool) among 15 towers in town
"Cathedral Church of SS Peter, Paul and Andrew",Peterborough,Cambridgeshire,1,16247,medium,16041;16442;22741;22742;17210;22743;22744,"Partial dedication match for 'Cath Ch of S Peter, S Paul, & S Andrew' among 8 towers in town"
Cathedral,Peterborough,,1,16247,high,16041;16442;22741;22742;17210;22743;22744,"Resolved dedication 'Cath Ch of S Peter, S Paul, & S Andrew' (Peterborough) among 8 towers in town"
St Matthew,Walsall,Staffordshire,1,15867,high,24394;24395,Resolved dedication 'S Matthew' (Walsall) among 3 towers in town
"Vernet-les-Bains, Wetton, Norwich, Cambridge, Great Hockham & Glasgow",Ringing Room,UK & France,1,,none,,Virtual ringing platform or dispersed locations
St Peter,Leeds,West Yorkshire,1,13165,high,11425;15978;21524;21525;21526;21527;21531;25533;10218;14977,Resolved dedication 'Minster Ch of S Peter' (Leeds) among 27 towers in town
St Mary the Virgin,Nottingham,,1,10637,high,16412;16058;25524;22500;22501;22502;22503,Resolved dedication 'S Mary V' (Nottingham) among 8 towers in town
St Mary Magdalene,Taunton,Somerset,1,10956,high,14604;10514;11145;15646;23992;23993,Resolved dedication 'Minster Ch of S Mary Magd' (Taunton) among 7 towers in town
Cathedral,Exeter,,1,13963,high,14687;16135;15779;16959;14227;15236;20007;20008;25133;20009,Resolved dedication 'Cath Ch of S Peter' (Exeter) among 17 towers in town
Minster Church of St Thomas of Canterbury and St Thomas the Apostle,Newport,Hampshire,1,16960,high,,Unique tower in Newport; dedication 'Minster Ch of S Thomas of Canterbury & S Thomas Ap' matches 'Minster Church of St Thomas of Canterbury and St Thomas the Apostle'
St Swithun,East Grinstead,West Sussex,1,15810,high,19792,Resolved dedication 'S Swithun' (East Grinstead) among 2 towers in town
8 Halkingcroft,Langley,Berkshire,1,,none,,Private residence address (handbell ring)
St Stephen the Martyr,Bristol,Avon,1,,none,,No matching tower found for 'Bristol' in Dove register
Church House,Melbourne,Derbys,1,,none,,Private domestic mini-ring or residence (handbell ring)
"80 Lambourne Drive, Cox Green",Maidenhead,,1,,none,,Private residence address (handbell ring)
,Kingston-upon-Thames,,1,12227,medium,21334;21335,Partial dedication match for 'All Saints' among 3 towers in town
St Mary le Bow,London,Greater London,1,10588,high,15228;11081;13868;12429;13028;11914;16634;16578;10471;16020,Resolved dedication 'S Mary le Bow' (London) among 41 towers in town
,Kidderminster,,1,13561,medium,21284;21288;21285;21286;21287,Partial dedication match for 'S Mary & All Saints' among 6 towers in town
,Marlow,Bucks,1,11718,high,,"Fuzzy place match (Marlow -> Marlow, Great, Buckinghamshire)"
St Peter and St Paul,Aston,Warwickshire,1,10927,high,,Unique tower in Aston; dedication 'S Peter & S Paul' matches 'St Peter and St Paul'
St Sepulchre without Newgate,City Of London,London,1,17135,high,15228;11081;13868;12429;13028;11914;16634;16578;10471;16020,Resolved dedication 'S Sepulchre without Newgate' (London) among 41 towers in town
,Newport,Isle of Wight,1,16960,high,,Unique tower in Newport (Isle of Wight); building unspecified in source
,Oldham,,1,12889,medium,15726;22563;22564;22566;22565,Partial dedication match for 'S Mary' among 6 towers in town
St Mary-le-Tower,Ipswich,Suffolk,1,11217,high,13614;13091;13121;10964;13732;12441;10057;16122;17735;21183,Resolved dedication 'Minster Ch of S Mary le Tower' (Ipswich) among 20 towers in town
3 Prospect Row,Cambridge,,1,,none,,Private residence address (handbell ring)
Collegiate Church of St Peter,Wolverhampton,West Midlands,1,14874,high,24922;24923,Resolved dedication 'Collegiate Ch of S Peter' (Wolverhampton) among 3 towers in town
Cathedral of SS Peter and Paul,Sheffield,South Yorkshire,1,13787,medium,10439;23300;22121,Partial dedication match for 'Cath Ch of S Peter & S Paul' among 4 towers in town
"Cathedral Church of Holy Trinity, St Peter, St Paul and St Swithun",Winchester,Hampshire,1,24847,high,14349;11660;11985;11942;24845;24846;24854;24853;24848;24849,Resolved dedication 'Holy Trinity' (Winchester) among 15 towers in town
St Mary-le-Bow,City of London,,1,10588,high,15228;11081;13868;12429;13028;11914;16634;16578;10471;16020,Resolved dedication 'S Mary le Bow' (London) among 42 towers in town
Priory Church of Holy Trinity,Christchurch,Dorset,1,10415,high,,Unique tower in Christchurch; dedication 'Priory Ch of Holy Trinity' matches 'Priory Church of Holy Trinity'
27 Lynn Road,Ely,Cambridgeshire,1,,none,,Private residence address (handbell ring)
SS Peter and Paul,Aston,West Midlands,1,10927,medium,18017,Partial dedication match for 'S Peter & S Paul' among 2 towers in town
1 Hargrave Road,Maidenhead,Berkshire,1,,none,,Private residence address (handbell ring)
Cathedral church of the Blessed Virgin Mary,Lincoln,Lincolnshire,1,12153,high,25226;12159;13659;10782;21599;11493;17791;21600;21601;21602,Resolved dedication 'Cath Ch of BVM' (Lincoln) among 14 towers in town
Cath Ch of Blessed Virgin Mary,Lincoln,,1,12153,high,25226;12159;13659;10782;21599;11493;17791;21600;21601;21602,Resolved dedication 'Cath Ch of BVM' (Lincoln) among 14 towers in town
Cathedral Church of Christ and the Blessed Virgin Mary,Chester,Cheshire,1,15972,high,14876;13678;15763;19117;25905;19118,Resolved dedication 'Cath Ch of Christ & BVM' (Chester) among 7 towers in town
St Chad,Shrewsbury,,1,10593,high,13234;23368;17405;23369;17690;23370;23371;17283,Resolved dedication 'S Chad' (Shrewsbury) among 9 towers in town
5 The Croft,Marlow,Buckinghamshire,1,,none,,Private residence address (handbell ring)
St Peter,South Croydon,Surrey,1,,none,,No matching tower found for 'South Croydon' in Dove register
All Saints',Worcester,Worcestershire,1,11249,high,11299;13277;10704;12050;12921;12643;24996;24997;24998;24999,Resolved dedication 'All Saints' (Worcester) among 14 towers in town
9G Highbury Crescent,Islington,Greater London,1,,none,,Private residence address (handbell ring)
The Minster Church of All Saints,Rotherham,South Yorkshire,1,11336,high,15197,Resolved dedication 'Minster Ch of All Saints' (Rotherham) among 2 towers in town
SS Peter and Paul,Aston,Birmingham,1,10927,high,,Unique tower in Aston; dedication 'S Peter & S Paul' matches 'SS Peter and Paul'
SS Saviour and Mary Overie,Southwark,Surrey,1,,none,,No matching tower found for 'Southwark' in Dove register
"Myrtle Tree Inn, Thomas Street",Bristol,Bristol,1,,none,,Private residence name (handbell ring)
Neuadd,Llangorse,Brecon,1,,none,,No matching tower found for 'Llangorse' in Dove register
"Holborn Viaduct, St Sepulchre without Newgate",London,Greater London,1,17135,high,15228;11081;13868;12429;13028;11914;16634;16578;10471;16020,Resolved dedication 'S Sepulchre without Newgate' (London) among 41 towers in town
Cathedral Church of Christ,Oxford,Oxfordshire,1,14542,high,10172;11850;12299;11203;16203;13271;13903;10326;10578;14239,Resolved dedication 'Cath Ch of Christ' (Oxford) among 26 towers in town
St Sepulchre without Newgate,Holborn Viaduct,City of London,1,17135,high,,Unique tower in London; dedication 'S Sepulchre without Newgate' matches 'St Sepulchre without Newgate'
Stargazer,River Severn near Hampstall Inn,Worcestershire,1,,none,,No matching tower found for 'River Severn near Hampstall Inn' in Dove register
14 Latham Road,Cambridge,Cambridgeshire,1,,none,,Private residence address (handbell ring)
,Painswick,Gloucestershire,1,14196,high,,Unique tower in Painswick (Gloucestershire); building unspecified in source
St Martin's Belfry,Birmingham,,1,14891,high,16786;13032;15513;12955;25526;25540;25808,Resolved dedication 'S Martin' (Birmingham) among 8 towers in town
,Glenfield,Leics,1,20324,high,,Unique tower in Glenfield (Leicestershire); building unspecified in source
Aldenham School,Aldenham,Hertfordshire,1,15828,medium,,"Sole ringing tower in Aldenham, but dedication 'S John Bapt' differs from source 'Aldenham School'"
12 Hertford Street,Cambridge,,1,,none,,Private residence address (handbell ring)
"Vernet-les-Bains, Oldham, Cambridge, Reach, Eaton Socon, Wetton & Great Hockham",Ringing Room,UK & France,1,,none,,Virtual ringing platform or dispersed locations
,Southampton,Hants,1,13796,medium,10453;13354;11712;20881;25539;23552;25687;23549;23550;25418,Partial dedication match for 'S Barnabas' among 12 towers in town
"24, Suffolk Road",Enfield,Middlesex,1,,none,,Private residence name (handbell ring)
"Cathedral Church of Holy Trinity, SS Peter, Paul & Swithun",Winchester,Hampshire,1,24847,high,14349;11660;11985;11942;24845;24846;24854;24853;24848;24849,Resolved dedication 'Holy Trinity' (Winchester) among 15 towers in town
22 Groby Road,Glenfield,Leicestershire,1,,none,,Private residence address (handbell ring)
Cathedral,Winchester,Hampshire,1,14349,high,11660;11985;11942;24845;24846;24847;24854;24853;24848;24849,"Resolved dedication 'Cath Ch of Holy Trinity, S Peter, S Paul, & S Swithun' (Winchester) among 15 towers in town"
Zermatt,Crowthorne,Berks,1,25623,medium,,"Sole ringing tower in Crowthorne, but dedication 'S John Bapt' differs from source 'Zermatt'"
"Cathedral Church of the Holy Trinity, SS Peter, Paul and Swithun",Winchester,Hampshire,1,24847,high,14349;11660;11985;11942;24845;24846;24854;24853;24848;24849,Resolved dedication 'Holy Trinity' (Winchester) among 15 towers in town
19 Trumpington St,Cambridge,Cambridgeshire,1,,none,,Private residence address (handbell ring)
St Martin-in-the-Bullring,Birmingham,West Midlands,1,14891,high,13032;15513;12955;25526;25540;25808,Resolved dedication 'S Martin' (Birmingham) among 7 towers in town
Christ Church Diocesan Cathedral,Dublin,Eire,1,,none,,No matching tower found for 'Dublin' in Dove register
Christ's College,Cambridge,,1,25482,medium,12645;15139;16664;14964;17550;13803;13748;10395;18933;18934,Partial dedication match for 'King's College Chapel' among 28 towers in town
"Vernet-les-Bains, Reach, Norwich, Reach, Oldham, Glasgow, Wetton & Great Hockham",Ringing Room,UK & France,1,,none,,Virtual ringing platform or dispersed locations
The Swan Tower,Perth,Western Australia,1,16028,medium,12085;11687;12726,Partial dedication match for 'Bell Tower' among 4 towers in town
St Martin in the Bullring,Birmingham,West Mids,1,,none,,No matching tower found for 'Birmingham' in Dove register
St Martin-in-the-Bullring,Birmingham,West Mids,1,,none,,No matching tower found for 'Birmingham' in Dove register
,Towcester,Northants,1,12719,high,,Unique tower in Towcester (Northamptonshire); building unspecified in source
12 Hertford Street,Cambridge,Cambridgeshire,1,,none,,Private residence address (handbell ring)
170 Murray Road,Ealing,,1,,none,,Private residence address (handbell ring)
